3ds	Pokemon	Battle-_Wild_Pokemon_v2_-_ShinkoNetCavy.mid
3ds	Zelda: SS	Code_of_Princess_Turn_it_up_Boss_Battle_Theme.mid
3ds	Chrono Trigger	PKMN_X_Y_Victory_Road_By_Incinium_Ver_2.mid
3ds	Pokemon	Pokemon_ORAS_-_VS_Zinna.mid
3ds	Pokemon	Pokemon_Sun-Moon_Wild_Battle_MIDI.mid
3ds	Pokemon	Pokemon_XY_Wild_Pokemon.mid
3ds	Pokemon	Pokemon_X_and_Y_-_Wild_Battle_Music.mid
3ds	Super Mario Bros	SMBattleEliteFourInciniumRemix.mid
3ds	Chrono Trigger	mk7_select_menu.mid
3ds	Mother	mother_beast_-_ShinkoNetCavy.mid
3ds	Street Fighter	pkm_RumbleWorld_CavesFight.mid
dreamcast	Zelda: SS	%28Jessica_Chen%29_Sonic_Adventure_Tikal.mid
dreamcast	Secret of Mana	1-05_Air_Pirate_Secret_Base_GM.mid
dreamcast	Secret of Mana	1-05_Air_Pirate_Secret_Base_XG.mid
dreamcast	Street Fighter	Asfords_Music_Box.mid
dreamcast	Chrono Trigger	Code-Veronica_Destruct.mid
dreamcast	Ecco	DC_EccoDoF_Epilogue.mid
dreamcast	Chrono Trigger	Dc_sa_ct02.mid
dreamcast	Sonic Adventure	LiveNLearn_SA2MainTheme.mid
dreamcast	Zelda: SS	Mission_Street.mid
dreamcast	Puyo Puyo	PUYODA01.mid
dreamcast	Puyo Puyo	PUYODA02.mid
dreamcast	Puyo Puyo	PUYODA03.mid
dreamcast	Puyo Puyo	PUYODA04.mid
dreamcast	Zelda: MM	RedRum-JimmyQTEChase.mid
dreamcast	Sonic Adventure	SA2-Aquatic.mid
dreamcast	Sonic Adventure	SA2-Base.mid
dreamcast	Zelda: SS	SA2-Boss2.mid
dreamcast	Zelda: SS	SA2-Boss2a.mid
dreamcast	Sonic Adventure	SA2-Canyon.mid
dreamcast	Sonic Adventure	SA2-Death.mid
dreamcast	Sonic Adventure	SA2-Lagoon.mid
dreamcast	Sonic Adventure	SA2-Meteor.mid
dreamcast	Zelda: SS	SA2B_Boss_1-KM.mid
dreamcast	Zelda: SS	SA2B_Boss_3-KM.mid
dreamcast	Sonic Adventure	SA2B_Cosmic_Wall-KMv1-2.mid
dreamcast	Sonic Adventure	SA2B_Meteor_Herd-KM.mid
dreamcast	Sonic Adventure	SA2ExtraStage.mid
dreamcast	Sonic Adventure	SA2_Final_Rush.mid
dreamcast	Sonic Adventure	SA2_MetalHarborP2.mid
dreamcast	Sonic Adventure	SA2_OST_SpeedUpAgain.mid
dreamcast	Sonic	SA2_SonicTheme.mid
dreamcast	Sonic Adventure	Sa2metal.mid
dreamcast	Sonic Adventure	Sa2soari.mid
dreamcast	Zelda: SS	Sakura_Wars_3_-_Is_Paris_Burning_-_Declaration_Imperial_Floral_Assault_Group_III_Opening_2_DW.mid
dreamcast	Sonic	SonicAIR.mid
dreamcast	Sonic	Sonic_Adventure-Sky_Deck.mid
dreamcast	Sonic	Sonic_Adventure_2_Chao_Kindergarten_Remix_dw.mid
dreamcast	Sonic	Sonic_Adventure_Twinkle_Park_Pleasure_Castle_Orchestrated_dw.mid
dreamcast	Sonic	Sonic_VS_Shadow_at_Green_Forest.mid
dreamcast	Sonic	Sonicadv2title.mid
dreamcast	Chrono Trigger	T_ProjectJustice_DiscLoad.mid
dreamcast	Chrono Trigger	T_ProjectJustice_DiscLoad_XG.mid
dreamcast	Chrono Trigger	T_ProjectJustice_GameSelect.mid
dreamcast	Chrono Trigger	T_ProjectJustice_GameSelect_XG.mid
dreamcast	Zelda: MM	TommyDreamer.mid
dreamcast	Zelda: SS	VirtuaTennisSelect.mid
dreamcast	Chrono Trigger	beneaththesanctche.mid
dreamcast	Mother	bman_dc_pso_motherearthofdishonesty1.mid
dreamcast	Sonic Adventure	dc_sa2_sm02.mid
dreamcast	Sonic Adventure	dc_sa2_sm02_v1_1.mid
dreamcast	Sonic Adventure	dc_sadv_rdmtn.mid
dreamcast	Zelda: SS	duo_sa2_missionst.mid
dreamcast	Final Fantasy	generaloffensive.mid
dreamcast	Zelda: SS	gss.mid
dreamcast	EarthBound	luckyleebar.mid
dreamcast	Chrono Trigger	practice_on_tree.mid
dreamcast	Chrono Trigger	psocreatecharacter.mid
dreamcast	Sonic	radhighwaygs2.mid
dreamcast	Castlevania	recvx_ashford.mid
dreamcast	Sonic Adventure	sa2_dc_01.mid
dreamcast	Sonic Adventure	sa2_dc_02.mid
dreamcast	Sonic Adventure	sa2_dc_03.mid
dreamcast	Sonic Adventure	sa2_dc_031.mid
dreamcast	Sonic Adventure	sa2_dc_04.mid
dreamcast	Sonic Adventure	sa2_dc_05.mid
dreamcast	Sonic Adventure	sa2_dc_06.mid
dreamcast	Sonic Adventure	sa2_dc_061.mid
dreamcast	Sonic Adventure	sa2_dc_07.mid
dreamcast	Sonic Adventure	sa2gh11.mid
dreamcast	Chrono Trigger	shenmue_select_screen_PG.mid
dreamcast	Chrono Trigger	soa_reflection.mid
dreamcast	Sonic	sonicA1.mid
dreamcast	Zelda: SS	ss_dc_01.mid
dreamcast	Zelda: SS	ss_dc_02.mid
ds	Zelda: SS	11_After_Confession_GM.mid
ds	Zelda: SS	11_After_Confession_XG.mid
ds	EarthBound	5thGameBoy.mid
ds	Zelda: WW	ACWW_Save_Room_Song-1.mid
ds	Castlevania	Ace_Castlevania_DoS-Cursed_Clock_Tower.mid
ds	Zelda: SS	BOSS_A.mid
ds	Zelda: SS	Big_Boss_Battle.mid
ds	Castlevania	CASTLEVANIA.mid
ds	Zelda: SS	COoE_Boss2.mid
ds	Castlevania	CVOoELamenttotheMasterGM.mid
ds	Castlevania	CVOoELamenttotheMasterXG.mid
ds	Castlevania	CVOoE_wandering_the_crystal_blue.mid
ds	Castlevania	CVPoRBloodlinesBequethed.mid
ds	Castlevania	CVPoRCrucifixHeldClose.mid
ds	Zelda: SS	CVPoRGazeUpattheDarknessv1_1.mid
ds	Castlevania	CVPoRInvitationofCrazedMoon.mid
ds	Castlevania	CVPoRIronBlueIntention.mid
ds	Castlevania	CVPoR_name_entry.mid
ds	Castlevania	CvPoR_GearsGoAwry_1_2.mid
ds	Castlevania	CvPoR_VictorianFear_1.mid
ds	Zelda: SS	DANCE_SADNESS.mid
ds	Pokemon	DS__Pokemon_Diamond_Pearl__Caverns__2.mid
ds	Zelda: SS	Dance_of_Sadness.mid
ds	Zelda: SS	Dress_UpINSTR-ByDJ.mid
ds	Chrono Trigger	EBA_FinalStageIntroductionA.mid
ds	Chrono Trigger	EBA_FinalStageIntroductionB.mid
ds	Chrono Trigger	EBA_StageIntroduction.mid
ds	EarthBound	EBONY.mid
ds	Zelda: SS	FF3DSBOSS1.mid
ds	Final Fantasy	FF3DSDjinnsCurse.mid
ds	Final Fantasy	FF3DS_DjinnsCurse.mid
ds	Final Fantasy	FF3DS_noob_ver.mid
ds	Final Fantasy	FF3Final_v2.mid
ds	Final Fantasy	FF3_caveofcrystals.mid
ds	FF4	FF4-finalbattle.mid
ds	FF4	FF4_I_LOVE_YOU_THEME.mid
ds	FF4	FF4_Main_Theme_DS.mid
ds	Final Fantasy	FFCCEoT_Road.mid
ds	Final Fantasy	FFCCRoF_town.mid
ds	Zelda: SS	FFIII_Boss.mid
ds	FF6	FFIII_Eternal-Wind.mid
ds	FF6	FFIII_The-Huge-Battleship-Invincible.mid
ds	FF6	FFIII_Town-of-Amur.mid
ds	EarthBound	FaiDFluritebattle.mid
ds	Zelda: SS	Final_Boss.mid
ds	Zelda: SS	Friend_Areas_six_Darkness_Ridge_Theme.mid
ds	Sonic	GS3-DetentionCenter.mid
ds	Sonic	GS3Godot.mid
ds	Chrono Trigger	GSDD_Victory.mid
ds	Chrono Trigger	GalacticGrunt.mid
ds	Zelda: SS	Geijissu.mid
ds	Zelda: SS	HGSS_Cianwood_City.mid
ds	Zelda: SS	HGSS_Dragon_Den.mid
ds	Zelda: SS	HGSS_Entei_Battle.mid
ds	Zelda: SS	HGSS_Goldenrod_City.mid
ds	Pokemon	HGSS_Pokemon_Center.mid
ds	Zelda: SS	HGSS_Raikou_Battle.mid
ds	Zelda: SS	HGSS_Trainer_Remix.mid
ds	Zelda: SS	KOLLOSS.mid
ds	Zelda: SS	KSSD_Dedede-MK.mid
ds	Zelda: SS	KSSD_Last_Boss.mid
ds	Zelda: SS	KSSU_Boss.mid
ds	Zelda: SS	KSSU_King_Dedede.mid
ds	Zelda: SS	KSSU_SB_OP.mid
ds	Kirby	KirbyGreenGreens.mid
ds	Zelda: SS	KirbyMiniboss.mid
ds	EarthBound	Linebeck.mid
ds	Chrono Trigger	LoopLogicTrick.mid
ds	Zelda: SS	MKDS-Mission_Theme.mid
ds	Zelda: SS	MKDSStarman.mid
ds	Zelda: SS	MKDSStart.mid
ds	Zelda: SS	ML2_BossBattle1_5.mid
ds	Chrono Trigger	MLBIS_File_select.mid
ds	EarthBound	MLFTChateaudeBowser.mid
ds	Zelda: SS	MLFTCombatBoss.mid
ds	Final Fantasy	MLFTProfKTastroff.mid
ds	Zelda: SS	MLFTTristesse.mid
ds	Chrono Trigger	MLFTVictoire.mid
ds	Yoshi's Island	MLFTYoshisIsland.mid
ds	Zelda: MM	MMBN5DSBattle45RealOpXG.mid
ds	Zelda: MM	MMBN5DSBattleBN1XG.mid
ds	Zelda: MM	MMBN5DSBattleBN3XG.mid
ds	Zelda: MM	MMBN5DSHeroThemeXG.mid
ds	Zelda: MM	MMSFLibraBalanceGM.mid
ds	Zelda: MM	MMSFLibraBalanceXGv1_1.mid
ds	Zelda: MM	MMZXASubVolcano.mid
ds	Zelda: MM	MMZXA_Divine_Hammer-KM-GS.mid
ds	Zelda: MM	MMZXA_Divine_Hammer-KM.mid
ds	Zelda: MM	MMZXA_In_The_Wind-KM.mid
ds	Zelda: MM	MMZXA_Soul_Ablaze-KM.mid
ds	Zelda: MM	MMZXA_Trap_Phantasm-KM.mid
ds	Zelda: MM	MMZXAreaJGM.mid
ds	Zelda: MM	MMZXAreaJXG.mid
ds	Zelda: MM	MMZXCrisis.mid
ds	Zelda: MM	MMZX_Area_A-KM.mid
ds	Zelda: MM	MMZX_Area_F-KM.mid
ds	Zelda: MM	MMZX_Area_I-KM.mid
ds	Zelda: MM	MMZX_Area_MN-KM.mid
ds	Zelda: MM	MMZX_Area_O-KM.mid
ds	Zelda: MM	MMZX_Area_X-KM.mid
ds	Zelda: MM	MMZX_Onslaught-KM.mid
ds	Zelda: MM	MMZX_Snake_Eyes-KM.mid
ds	Zelda: MM	MMZX_Trap_Factory-KM.mid
ds	Zelda: SS	MYSTERYBOSSa.mid
ds	Zelda: SS	Mega_Man_ZX_-_Area_A_-_Green_Grass_Radiation.mid
ds	Zelda: SS	Mega_Man_ZX_-_Final_Boss_-_Pallida_Mors.mid
ds	Chrono Cross	Mega_Man_ZX_Advent_-_Mysterious_Lab_-_Whisper_of_Relics.mid
ds	Super Mario Bros	NSMB-GB2.mid
ds	Super Mario Bros	NSMB_-_Underground.mid
ds	Super Mario Bros	NSMB_-_Underwater.mid
ds	Super Mario Bros	NSMB_ATHLETICFINAL.mid
ds	Chrono Trigger	Objection.mid
ds	Zelda: SS	PHboss_ship.mid
ds	Final Fantasy	PKMD2_Wigglytuffs_Guild.mid
ds	Zelda: MM	PKMN-D_P-GalaticCommanderMetal.mid
ds	Zelda: SS	PKMNHGSS_-_DarkCaveSilverCaveXG.mid
ds	Zelda: SS	PKMNHGSS_-_EvilChampionXG.mid
ds	Zelda: SS	PKMNHGSS_-_GlobalTerminalXG.mid
ds	Zelda: SS	PKMNHGSS_-_ShintoRuins.mid
ds	Zelda: SS	PKMNHGSS_-_ShintoRuinsRemixXG.mid
ds	Zelda: SS	PKMN_HGSS_RSE_BATTLE.mid
ds	Zelda: SS	PKM_HGSS_Champion_Battle_Theme_V2.mid
ds	Zelda: SS	PW2_Success_v3.mid
ds	Chrono Trigger	PWAA_-_Objection.mid
ds	CV: Aria	PWAA_Cornered_Variation_v3.mid
ds	Chrono Trigger	PWAA_Objection_v2.mid
ds	Zelda: SS	PWTAT_Cross-examination.mid
ds	Zelda: SS	PWTAT_Cross-examination_Variation.mid
ds	Zelda: SS	PW_Success.mid
ds	Chrono Trigger	Phoenix_Wright-Objection.mid
ds	Chrono Trigger	Phoenix_Wright_JFA-Objection_2002.mid
ds	Pokemon	PokemonBWtwo_NsCastle.mid
ds	Pokemon	Pokemon_DP_Azelf_Uxie_Mesprit.mid
ds	Pokemon	Pokemon_Diamond_Pearl_Route205.mid
ds	Pokemon	Pokemon_Diamond_Pearl_Wild_Pokemon_Battle.mid
ds	Pokemon	Pokemon_HGSS_Kanto_Trainer_Battle.mid
ds	Pokemon	Pokemon_HeartGold-SoulSilver_-_Rival_Battle_MIDI_002.mid
ds	Pokemon	Pokemon_HeartGold_SoulSilver_-_Global_Terminal.mid
ds	Pokemon	Pokemon_HeartGold_SoulSilver_-_Victory_Road.mid
ds	Pokemon	Pokemon_Mystery_Dungeon_Blue_Credits.mid
ds	Pokemon	Pokemon_Mystery_Dungeon_Blue_Rescue_Team-menuscreen.mid
ds	Pokemon	Pokemon_Pearl_Diamond_Route_228.mid
ds	Pokemon	Pokemon_Trainer_Battle.mid
ds	Pokemon	Pokemon_black_and_white_low_hp_midi_version.mid
ds	Zelda: SS	ProfessorLaytonPuzzle.mid
ds	Chrono Trigger	RMZX-TRAP_FACTORY_V2.mid
ds	Zelda: SS	RMZX_BOSS_V2.mid
ds	Pokemon	Rare_Wild_Pokemon_BW.mid
ds	Zelda: SS	Rival_Battle_HGSS.mid
ds	Mega Man	RockmanZXAGreysOpeningStageFix.mid
ds	Mega Man	Rockman_ZX_-_Area_A.mid
ds	Mega Man	Rockman_ZX_-_Girouettes_Theme.mid
ds	Zelda: WW	Roost-ACWW.mid
ds	Chrono Trigger	Route_38_Midi_Correct.mid
ds	Chrono Trigger	Rune_Factory_Field_v2.mid
ds	Super Mario 64	SM64DS_BingoBall_SlotsShot_LakituLaunch.mid
ds	Super Mario 64	SM64DS_Luigi_Flower_V1_1.mid
ds	Super Mario 64	SM64DS_Mario_Flower_V1_1.mid
ds	Super Mario 64	SM64DS_RecRoom.mid
ds	Super Mario 64	SM64DS_SortOrSplode_Bob-ombSquad.mid
ds	Super Mario 64	SM64DS_Wario_Flower_V1_1.mid
ds	Super Mario 64	SM64DS_Yoshi_Flower_V1_1.mid
ds	Sonic	SonicRu_-_VelaNova2.mid
ds	Chrono Trigger	Team_Galactic_Battle.mid
ds	Final Fantasy	TheKudoOfficersInspectionWarSong.mid
ds	Zelda: SS	The_boundless_ocean.mid
ds	Sonic	TimeHollow-DistantMemories1.mid
ds	Sonic	TimeHollow-DistantMemories2.mid
ds	CV: Aria	VGCorneredVariation.mid
ds	Chrono Trigger	VGMObjection.mid
ds	Chrono Trigger	VGMYCTheme.mid
ds	Chrono Trigger	Victory_v2.mid
ds	Chrono Trigger	VimFactory.mid
ds	Zelda: WW	WWE__SmackDown_vs_RAW_2008_Main.mid
ds	Yoshi's Island	YoshiTNG_Challenge_Course.mid
ds	Yoshi's Island	YoshiTouch_Go-Title.mid
ds	Yoshi's Island	YoshiTouchandGo-TitleScreen-RayZa.mid
ds	Yoshi's Island	YoshiVillage.mid
ds	Chrono Trigger	ZX_-_TrapFactory.mid
ds	Zelda	Zelda-1.mid
ds	Zelda	ZeldaPhLinebackLeMarin.mid
ds	Zelda	ZeldaPhVillageDuDebut.mid
ds	Zelda	ZeldaST_Cole.mid
ds	Zelda: MM	Zenkusa_-_MMZX_AreaD_seq.mid
ds	Zelda: MM	Zenkusa_-_MMZX_AreaG_seq.mid
ds	Zelda: WW	acww_2pm.mid
ds	Yoshi's Island	behindyoshivillage.mid
ds	Zelda: SS	bigbadboss.mid
ds	Final Fantasy	coffeshop.mid
ds	Chrono Trigger	construction-green-v11.mid
ds	Chrono Trigger	construction-red.mid
ds	Chrono Cross	crystalrecs.mid
ds	Castlevania	cvdos_darknight.mid
ds	Donkey Kong	dkr-ds_treasure_caves.mid
ds	Zelda: SS	doopliss-pkmndp-championbattle.mid
ds	Zelda: SS	dooplissheartgoldfrontierbrainform1.mid
ds	Zelda: SS	dooplissheartgoldjhototrainer.mid
ds	Super Mario Bros	ds_nsmb_sm01.mid
ds	Super Mario Bros	ds_nsmb_sm02.mid
ds	Super Mario Bros	ds_nsmb_sm03.mid
ds	Super Mario Bros	ds_nsmb_sm04.mid
ds	Zelda: MM	ff3-road-to-the-summit.mid
ds	Zelda: SS	ff3boss.mid
ds	Zelda: SS	fossilroom.mid
ds	Chrono Trigger	galactic_admin_battle.mid
ds	Chrono Trigger	gyakutensaiban3-Objection2004.mid
ds	Zelda: SS	hgss_game_corner_sting.mid
ds	Pokemon	hgss_pokemon_wild_battle_kanto.mid
ds	Zelda: SS	hgssroute47.mid
ds	Street Fighter	irisfix.mid
ds	Kirby	kirbysqueaksquad-menu.mid
ds	Zelda: SS	kirbyss-fileselect.mid
ds	Zelda: SS	kirbyss-title.mid
ds	EarthBound	linebeck3.mid
ds	Zelda	lozst_keymaster.mid
ds	Zelda	lozst_rocktitephytopsintro.mid
ds	Zelda	lozst_temple1.mid
ds	Yoshi's Island	mariokart-ds_yoshifalls.mid
ds	Tetris	masterhandtetris.mid
ds	Zelda: SS	melissa.mid
ds	Zelda: SS	mlpit_bossfight.mid
ds	Zelda: MM	mmzx_areaf_v1_1.mid
ds	Zelda: MM	mmzx_areao_v1_0.mid
ds	Zelda: MM	mmzx_areax_v1_0.mid
ds	Zelda: MM	mmzx_finalarea_v1_0.mid
ds	Zelda: MM	mmzx_finalarea_v1_0_xg.mid
ds	Zelda: MM	mmzx_omega_v1_0.mid
ds	Zelda: MM	mmzx_prometheuspandora_v1_1.mid
ds	Zelda: MM	mmzxa_doublemegamerge_v1_0.mid
ds	Zelda: MM	mmzxa_finalboss1_v1_0.mid
ds	Zelda: MM	mmzxa_finalboss2.mid
ds	Zelda: MM	mmzxa_floatingruins_v1_0.mid
ds	Zelda: MM	mmzxa_highway_v1_0.mid
ds	Zelda: MM	mmzxa_legionhq_v1_0.mid
ds	Zelda: MM	mmzxa_prometheuspandora.mid
ds	Zelda: MM	mmzxa_raiderpursuit_v1_0.mid
ds	Zelda: WW	nds-acww-0600.mid
ds	Zelda: WW	nds-acww-steephill-live.mid
ds	Zelda: WW	nds-acww-towngate.mid
ds	Zelda: WW	nds-acww-townhall-day.mid
ds	Zelda: SS	nds-mkds-dkpass.mid
ds	Yoshi's Island	nds-mkds-gcnluigicircuit-gcnyoshicircuit.mid
ds	Super Mario Bros	nds-newsmb-titlescreen.mid
ds	Super Mario Bros	nds-newsmb-tower.mid
ds	Super Mario Bros	nsmb-athletic.mid
ds	Super Mario Bros	nsmb-battle_plains.mid
ds	Super Mario Bros	nsmb-castle.mid
ds	Super Mario Bros	nsmb-finalbattle.mid
ds	Super Mario Bros	nsmb-overworld.mid
ds	Super Mario Bros	nsmb-star.mid
ds	Chrono Trigger	pacpixlevelselect2.mid
ds	Zelda: SS	pkmonmstrydungnboss.mid
ds	Pokemon	pokecenter.mid
ds	Pokemon	pokemon_diamond_pearl-wild_pokemon_fainted_v2.mid
ds	Pokemon	pokemon_friends.mid
ds	Final Fantasy	s4_staffroll2.mid
ds	Super Mario 64	sm64DSflsv.mid
ds	Super Mario 64	sm64ds-bobombsquad.mid
ds	Super Mario 64	sm64ds-rabbit.mid
ds	Super Mario 64	sm64ds-recroom.mid
ds	Zelda: MM	starfoxcommand_amanda.mid
ds	Zelda: MM	starfoxcommand_krystal.mid
ds	Chrono Trigger	suprinpeachfileselct.mid
ds	Tetris	tetrisdsgameover.mid
ds	Chrono Trigger	victofear.mid
ds	Yoshi's Island	yoshidsunderground.mid
gameboy	Zelda: MM	01-MM2TitleScreen.mid
gameboy	Zelda: MM	01-Mm3TitleScreen.mid
gameboy	Zelda: MM	01-Mm4TitleScreen.mid
gameboy	Zelda: MM	02-MM2Password.mid
gameboy	Zelda: MM	02-MM3Password.mid
gameboy	Zelda: MM	02-Mm4Password.mid
gameboy	Zelda: SS	02-Password.mid
gameboy	Zelda: MM	03-MM2StageSelect.mid
gameboy	Zelda: MM	03-MM3StageSelect.mid
gameboy	Chrono Trigger	03-StageSelect.mid
gameboy	Zelda: MM	04-MM2StageIntro.mid
gameboy	Zelda: MM	04-MM3StageIntro.mid
gameboy	Chrono Trigger	05-Dragon_warrior_select.mid
gameboy	Chrono Trigger	05-StageSelect.mid
gameboy	Crash Bandicoot	08-Crashman.mid
gameboy	Zelda: SS	09-Boss.mid
gameboy	Zelda: SS	13-Boss.mid
gameboy	Zelda: MM	13-MM3Boss.mid
gameboy	Zelda: SS	14-BossTheme2.mid
gameboy	Zelda: SS	15-Boss.mid
gameboy	Zelda: SS	16-BossTheme2.mid
gameboy	Zelda: SS	2boss.mid
gameboy	Zelda: SS	2missile.mid
gameboy	Zelda: SS	A-boss.mid
gameboy	Zelda: MM	A-symm1.mid
gameboy	Zelda: SS	AHopelessLand.mid
gameboy	Tetris	ATetris.mid
gameboy	Chrono Cross	Animaniacs_-_Song_Test_0.mid
gameboy	Chrono Cross	Animaniacs_-_Song_Test_11.mid
gameboy	Chrono Cross	Animaniacs_-_Song_Test_13.mid
gameboy	Chrono Cross	Animaniacs_-_Song_Test_5.mid
gameboy	Chrono Cross	Animaniacs_-_Song_Test_8.mid
gameboy	Chrono Cross	Animaniacs_-_Song_Test_9.mid
gameboy	Zelda: SS	BCEF_BossRoom.mid
gameboy	Zelda: SS	BKGB_Boss_Kio_10.mid
gameboy	Zelda: SS	BKGB_FinalBoss_Kio_4.mid
gameboy	Zelda: SS	Balloon_Kid_Stage_2_Boss.mid
gameboy	Battletoads	Battletoads.mid
gameboy	Battletoads	BattletoadsGB-level_complete.mid
gameboy	Battletoads	BattletoadsLev3.mid
gameboy	Zelda: SS	Boss.mid
gameboy	Zelda: SS	Boss_Battle_%28Ver._X.X%29.mid
gameboy	Castlevania	CB_CVBoth.mid
gameboy	Zelda: SS	CB_WBBoss.mid
gameboy	Castlevania	CV2BR_-_BGM_5_Castle_part1.mid
gameboy	Castlevania	CVA-Stage2.mid
gameboy	Castlevania	CVA-_Battle_of_the_Holy.mid
gameboy	Castlevania	CVA2-Crystal_remix.mid
gameboy	Zelda: SS	CVA2_NewMessiah.mid
gameboy	Castlevania	CVA2_PrayingHands.mid
gameboy	Castlevania	CVA2_PsychoWarrior.mid
gameboy	Castlevania	CVA2_PsychoWarrior_FaFa.mid
gameboy	Castlevania	CVA2_RipeSeeds.mid
gameboy	Castlevania	CVA_-_Battle_of_the_Holy.mid
gameboy	Zelda: SS	CVA_-_Darkness_-Remix-.mid
gameboy	Castlevania	CVA_-_Death_Fair.mid
gameboy	Castlevania	CVA_-_Revenge.mid
gameboy	Castlevania	CVBR-_BGM6.mid
gameboy	Castlevania	CVBR-_Chromatische_Phantasie.mid
gameboy	Castlevania	CVBR-_Praying_Hands.mid
gameboy	Castlevania	CVBR_-_Evil_Gods.mid
gameboy	Zelda: SS	CVBR_-_New_Messiah.mid
gameboy	Castlevania	CVBR_-_Original_Sin.mid
gameboy	Castlevania	CVBR_-_Praying_Hands.mid
gameboy	Castlevania	CVBR_-_Psycho_Warrior.mid
gameboy	Castlevania	CVBR_-_Ripe_Seeds.mid
gameboy	Castlevania	CVBR_-_Road_to_Enemy.mid
gameboy	Castlevania	CVL-Beloved.mid
gameboy	Zelda: SS	CVL-Boss5.mid
gameboy	Castlevania	CVL-GrandFinale.mid
gameboy	Castlevania	CVL-Prologue.mid
gameboy	Castlevania	CVL-_Bloody_Tears.mid
gameboy	Zelda: SS	CVL_Boss.mid
gameboy	Castlevania	CVL_Gears_and_Chains.mid
gameboy	Castlevania	CVL_Stage2_v3.mid
gameboy	Castlevania	CVL_Stage3_v2.mid
gameboy	Castlevania	CVL_Stage4_v3.mid
gameboy	Castlevania	CVL_Stage6.mid
gameboy	Zelda: SS	CVL_SubBoss.mid
gameboy	Castlevania	CVlegends_Final_stage.mid
gameboy	Castlevania	Castlevania_Legend-ps_ms.mid
gameboy	Zelda: SS	ColossalHoleWarioLand3.mid
gameboy	Castlevania	Cva2-CloudCastle.mid
gameboy	Castlevania	Cva2-RockCastle.mid
gameboy	Donkey Kong	DK-01-BigCity.mid
gameboy	Donkey Kong	DK-02-Forest.mid
gameboy	Donkey Kong	DK-03-Ship.mid
gameboy	Donkey Kong	DK-04-Jungle.mid
gameboy	Donkey Kong	DK-05-Desert.mid
gameboy	Donkey Kong	DK-06-Airplane.mid
gameboy	Donkey Kong	DK-07-Iceberg.mid
gameboy	Donkey Kong	DK-08-RockyValley.mid
gameboy	Donkey Kong	DK-09-Tower.mid
gameboy	Zelda: SS	DK-Boss.mid
gameboy	Zelda: SS	DK-FinalBoss.mid
gameboy	Donkey Kong	DK-FinalStages.mid
gameboy	Zelda: SS	DK-MiniBoss.mid
gameboy	Zelda: SS	DK-MiniBoss2.mid
gameboy	Donkey Kong	DK-Stage01.mid
gameboy	Donkey Kong	DK-Stage02.mid
gameboy	Donkey Kong	DK-Stage03.mid
gameboy	Donkey Kong	DK-Stage04.mid
gameboy	Donkey Kong	DK-Stage05.mid
gameboy	Donkey Kong	DK-Stage06.mid
gameboy	Donkey Kong	DK-Stage07.mid
gameboy	Donkey Kong	DK-Stage08.mid
gameboy	Donkey Kong	DKDesert.mid
gameboy	Zelda: SS	DKLBoss.mid
gameboy	Donkey Kong	DKLTemple.mid
gameboy	Donkey Kong	DKL_-_Cavern.mid
gameboy	Donkey Kong	DKL_-_Flooded_Ruins.mid
gameboy	Donkey Kong	DKL_-_Temple_Ruins.mid
gameboy	Donkey Kong	DKL_-_Zepplin_-Remix-.mid
gameboy	Zelda: SS	DKL_Boss-Arr-KM.mid
gameboy	Zelda: SS	DKL_Boss_kio_1.mid
gameboy	Zelda: SS	DKL_Boss_kio_2_Arranged_remix.mid
gameboy	Donkey Kong	DKL_SiteXG_Final.mid
gameboy	Final Fantasy	DKL_Temple_Stage-different-instruments.mid
gameboy	DKC	DKchase.mid
gameboy	DKC	DKcinema.mid
gameboy	Donkey Kong	DKending.mid
gameboy	Donkey Kong	DKenter.mid
gameboy	Donkey Kong	DKenterb.mid
gameboy	Zelda: MM	DKhammer.mid
gameboy	Donkey Kong	DKitem-t.mid
gameboy	Donkey Kong	DKlastst.mid
gameboy	Donkey Kong	DKmice.mid
gameboy	Zelda: SS	DKmiss1.mid
gameboy	Zelda: SS	DKmiss2.mid
gameboy	Zelda: SS	DKmiss3.mid
gameboy	Donkey Kong	DKmonkey.mid
gameboy	Donkey Kong	DKp-item.mid
gameboy	Donkey Kong	DKsave1.mid
gameboy	Chrono Trigger	DKvctory.mid
gameboy	Donkey Kong	DKwin.mid
gameboy	Donkey Kong	DKwld-01.mid
gameboy	Donkey Kong	DKwld-02.mid
gameboy	Donkey Kong	DKworld1.mid
gameboy	Donkey Kong	DKworld5.mid
gameboy	Donkey Kong	DKworld6.mid
gameboy	Donkey Kong	DKworld7.mid
gameboy	Donkey Kong	DKworld8.mid
gameboy	Donkey Kong	DKworld9-%282%29.mid
gameboy	Zelda	DL_B1_NeonZelda.mid
gameboy	Zelda: SS	DQ1_2_-_Endless_Journey.mid
gameboy	Sonic	DYTetris100.mid
gameboy	Donkey Kong	Dklandb2.mid
gameboy	Donkey Kong	Dkljngle.mid
gameboy	Donkey Kong	Dklpirte.mid
gameboy	Zelda: SS	DonkeyKongLand_Boss.mid
gameboy	Chrono Trigger	Dragon_warrior3_select.mid
gameboy	Zelda: SS	Ectruteak_City_classic_quartet.mid
gameboy	Final Fantasy	FFA-escape.mid
gameboy	Zelda: SS	FFA_MissionOfMana.mid
gameboy	Final Fantasy	FFAworldmap1.mid
gameboy	Final Fantasy	FFAworldmap2.mid
gameboy	Final Fantasy	FFL2BurningBlood.mid
gameboy	Final Fantasy	FFL2HTLR.mid
gameboy	Final Fantasy	FFL2STW.mid
gameboy	Final Fantasy	FFL3BAT.mid
gameboy	Zelda: SS	FFL3Finalboss.mid
gameboy	Final Fantasy	FFL3Underwater.mid
gameboy	Final Fantasy	FFL3_-_Temple.mid
gameboy	Final Fantasy	FFLCloud.mid
gameboy	Final Fantasy	FFLSad.mid
gameboy	Zelda: SS	FFL_Boss.mid
gameboy	Final Fantasy	FFL_Main_Theme_%28FFL3%29.mid
gameboy	Zelda: SS	FFl2_Boss_GB.mid
gameboy	Zelda: SS	FFl2_Boss_GB_guit_rem.mid
gameboy	Final Fantasy	Ffatitle.mid
gameboy	Final Fantasy	Ffl2batt.mid
gameboy	Final Fantasy	Ffl2bloo.mid
gameboy	Final Fantasy	Ffl2erth.mid
gameboy	Final Fantasy	Ffl2wrld.mid
gameboy	Chrono Trigger	File_Select_Screen__Tf.mid
gameboy	Chrono Trigger	Final_Victory.mid
gameboy	Zelda: SS	GBC-Boss.mid
gameboy	Castlevania	GB_Castlevania_2_Belmonts_Revenge_Final_Battle.mid
gameboy	Zelda	GB__Legend_of_Zelda_Oracle_of_Ages__Trouble_on_the_Raft.mid
gameboy	Chrono Trigger	GBvict4.mid
gameboy	Zelda: SS	GCVA_-_Boss.mid
gameboy	Zelda: SS	GCVA_-_Boss_Dracula_phase_1.mid
gameboy	Zelda: SS	GCVA_-_Boss_Dracula_phase_2.mid
gameboy	Castlevania	GCVA_-_Death.mid
gameboy	Castlevania	GCVA_-_Stage_2_.mid
gameboy	Castlevania	GCVA_-_Stage_Clear.mid
gameboy	Zelda: SS	GCVBR_-_Boss_3_dracula.mid
gameboy	Zelda: SS	GCVBR_-_Boss_level_Theme_2_.mid
gameboy	Castlevania	GCVBR_-_Demo_2.mid
gameboy	Zelda: SS	GQPassw.mid
gameboy	Pokemon	GSCPokemonCenter.mid
gameboy	Chrono Trigger	GSCSelection.mid
gameboy	Chrono Cross	GSCSuicuneBattle.mid
gameboy	Chrono Trigger	GSCTitle.mid
gameboy	Chrono Trigger	GSCTrainerBattle.mid
gameboy	Pokemon	GSCWildPokemonBattle.mid
gameboy	Zelda: SS	G_GBMegaman1_PasswordScreen.mid
gameboy	EarthBound	GameBoyCamera-DJ1.mid
gameboy	EarthBound	GameBoyCamera-DJ2.mid
gameboy	EarthBound	GameboyCamera-Face.mid
gameboy	EarthBound	Gameboy_Tetris_MusicC.mid
gameboy	EarthBound	Gameboy__Grandia_Parallel_Trippers__Regular_Battle.mid
gameboy	Zelda: SS	Gb1pass.mid
gameboy	Zelda: SS	Gb2pass.mid
gameboy	Zelda: SS	Gbboss.mid
gameboy	Zelda: SS	Gdklandboss.mid
gameboy	Sonic	Greengreens2.mid
gameboy	Sonic	Greengreens3.mid
gameboy	Zelda	HVillage_GBC_ZELDAOOS.mid
gameboy	Final Fantasy	HallOfFame.mid
gameboy	Zelda: SS	HarryPotterandthePhilosophersStoneGameboyStartScreenIntro.mid
gameboy	Zelda: SS	Harry_Potter_SS_GBC_-_Main_Menu.mid
gameboy	Tetris	IP_Tetris_Title.mid
gameboy	Zelda: SS	JDC_RW2Pass.mid
gameboy	Zelda: SS	JDC_SSArea1.mid
gameboy	Zelda: SS	JDC_SSArea4_120.mid
gameboy	Chrono Trigger	JDC_SelectW2.mid
gameboy	Zelda: SS	JILost_-_Gameboy_-_Zelda_4_-_Last_Boss.mid
gameboy	Zelda: SS	Jurassic_Park_GB_song_4_v10.mid
gameboy	Zelda: SS	KBBBoss.mid
gameboy	Zelda: SS	KI_Fortress.mid
gameboy	Kirby	KirbyBB_-_Stage10.mid
gameboy	Kirby	KirbyBlockBall.mid
gameboy	Kirby	KirbyCoo1.mid
gameboy	Kirby	KirbyDL_-_FloatIslandRmx.mid
gameboy	Zelda: SS	KirbyDreamLand-Boss_Battle.mid
gameboy	Kirby	KirbyDreamLand-BubblyClouds.mid
gameboy	Kirby	KirbyDreamLand-CastleLololo.mid
gameboy	Kirby	KirbyDreamLand-Final_Battle.mid
gameboy	Kirby	KirbyDreamLand-FloatIslands.mid
gameboy	Kirby	KirbyDreamLand-GreenGreens.mid
gameboy	Kirby	KirbyDreamland_-_LololoArranged.mid
gameboy	Kirby	KirbyTNT_Underground.mid
gameboy	Kirby	Kirby_2_Sad_End.mid
gameboy	Kirby	Kirbykine1.mid
gameboy	Zelda: SS	Ksstitle.mid
gameboy	Street Fighter	LASFShrn.mid
gameboy	Zelda	LOZ--OverworldTechno.mid
gameboy	Zelda	LOZLAEND.mid
gameboy	Zelda	LOZOoS_-_D2A.mid
gameboy	Zelda: SS	Lastboss.mid
gameboy	Zelda: SS	Legend_of_Zelda-Oracle_of_Ages-Boss_Battle-Tense_Buildup_Remix.mid
gameboy	Kirby	LinksAwakening_Level6.mid
gameboy	Kirby	LinksAwakening_Overworld.mid
gameboy	Chrono Trigger	Lufia3_DwellingOfDestruction.mid
gameboy	Zelda: SS	MKR_Missing_Colors_Battle_Arr_Xg.mid
gameboy	Zelda: MM	MM5GB_Jet_Stage_%28V1.1%29.mid
gameboy	Zelda: MM	MMPR_Level_2.mid
gameboy	Zelda: MM	MMVJetStageXG.mid
gameboy	Zelda: MM	MMV_-_NeptuneXG.mid
gameboy	Zelda: MM	MMV_-_UranusXG.mid
gameboy	Zelda: MM	MManiaLevel2_6.mid
gameboy	Zelda: MM	MManiaLevel4.mid
gameboy	Zelda: SS	Magi_Boss_Battle.mid
gameboy	Zelda: SS	MariosPicrossSelectAProblem.mid
gameboy	Zelda: SS	MariosPicrossTimeTrial.mid
gameboy	Metroid	Metroid2.mid
gameboy	Metroid	Metroid2Theme.mid
gameboy	Metroid	Metroid2Title.mid
gameboy	Metroid	Metroid_2_-_Main_Tunnel_-Remix-.mid
gameboy	Metroid	Metroid_2_Dome_String_Quartet_dw.mid
gameboy	Metroid	Metroid_2_Metroid_Encounter_Orchestrated_dw.mid
gameboy	Metroid	Metroid_II_-_SR388.mid
gameboy	Metroid	Metroid_II_Credits_v3.mid
gameboy	Metroid	Metroid_II_Sub-Theme.mid
gameboy	Chrono Trigger	Micro_Machines_1_and_2_Twin_Turbo_-_Course_Select.mid
gameboy	Zelda: SS	Ml2boss.mid
gameboy	Mother	Mother_Earth.mid
gameboy	Zelda: SS	Nemesis_Boss.mid
gameboy	Chrono Trigger	OOS_Select_File_Screen.mid
gameboy	Chrono Trigger	Octopus.mid
gameboy	Street Fighter	PGSFNLRM.mid
gameboy	EarthBound	PKMNC_-_RSEBattleRemix.mid
gameboy	Zelda: SS	PKMNGS_Professor_Elm%27s_Lab.mid
gameboy	Pokemon	PRB_-_Wild_Pokemon_Battle_-Remix-.mid
gameboy	Zelda: SS	Password.mid
gameboy	Zelda: SS	PitfallWilderness.mid
gameboy	Metal Gear Solid	PkmGS-1.mid
gameboy	Metal Gear Solid	PkmGS-10.mid
gameboy	Metal Gear Solid	PkmGS-12.mid
gameboy	Metal Gear Solid	PkmGS-27.mid
gameboy	Metal Gear Solid	PkmGS-29.mid
gameboy	Metal Gear Solid	PkmGS-30.mid
gameboy	Metal Gear Solid	PkmGS-36.mid
gameboy	Metal Gear Solid	PkmGS-38.mid
gameboy	Metal Gear Solid	PkmGS-42.mid
gameboy	Metal Gear Solid	PkmGS-Around.mid
gameboy	Metal Gear Solid	PkmGS-Azalea.mid
gameboy	Metal Gear Solid	PkmGS-Badge.mid
gameboy	Metal Gear Solid	PkmGS-Battle1.mid
gameboy	Metal Gear Solid	PkmGS-Battle2.mid
gameboy	Metal Gear Solid	PkmGS-Battle3.mid
gameboy	Metal Gear Solid	PkmGS-Battle4.mid
gameboy	Metal Gear Solid	PkmGS-Battle5.mid
gameboy	Metal Gear Solid	PkmGS-Battle6.mid
gameboy	Metal Gear Solid	PkmGS-Battle7.mid
gameboy	Metal Gear Solid	PkmGS-Battle8.mid
gameboy	Metal Gear Solid	PkmGS-Battle9.mid
gameboy	Metal Gear Solid	PkmGS-Bike.mid
gameboy	Metal Gear Solid	PkmGS-Caught.mid
gameboy	Metal Gear Solid	PkmGS-Cave1.mid
gameboy	Metal Gear Solid	PkmGS-Cave2.mid
gameboy	Metal Gear Solid	PkmGS-Celadon.mid
gameboy	Metal Gear Solid	PkmGS-Center.mid
gameboy	Metal Gear Solid	PkmGS-Cherrygrove.mid
gameboy	Metal Gear Solid	PkmGS-Contest.mid
gameboy	Metal Gear Solid	PkmGS-Corner.mid
gameboy	Metal Gear Solid	PkmGS-CornerLeave.mid
gameboy	Metal Gear Solid	PkmGS-Credits.mid
gameboy	Metal Gear Solid	PkmGS-Dance.mid
gameboy	Metal Gear Solid	PkmGS-Delete.mid
gameboy	Metal Gear Solid	PkmGS-Den.mid
gameboy	Metal Gear Solid	PkmGS-Ecruteak.mid
gameboy	Metal Gear Solid	PkmGS-Egg.mid
gameboy	Metal Gear Solid	PkmGS-Enc1.mid
gameboy	Metal Gear Solid	PkmGS-Enc2.mid
gameboy	Metal Gear Solid	PkmGS-Enc3.mid
gameboy	Metal Gear Solid	PkmGS-Enc4.mid
gameboy	Metal Gear Solid	PkmGS-Enc5.mid
gameboy	Metal Gear Solid	PkmGS-Enc6.mid
gameboy	Metal Gear Solid	PkmGS-Enc7.mid
gameboy	Metal Gear Solid	PkmGS-Enc8.mid
gameboy	Metal Gear Solid	PkmGS-Enc9.mid
gameboy	Metal Gear Solid	PkmGS-Entrance.mid
gameboy	Metal Gear Solid	PkmGS-Evolving.mid
gameboy	Metal Gear Solid	PkmGS-Forest.mid
gameboy	Metal Gear Solid	PkmGS-Goldenrod.mid
gameboy	Metal Gear Solid	PkmGS-Gym.mid
gameboy	Metal Gear Solid	PkmGS-HMTM.mid
gameboy	Metal Gear Solid	PkmGS-Hall.mid
gameboy	Metal Gear Solid	PkmGS-Heal.mid
gameboy	Metal Gear Solid	PkmGS-Hideout.mid
gameboy	Metal Gear Solid	PkmGS-Indigo.mid
gameboy	Metal Gear Solid	PkmGS-Intro1.mid
gameboy	Metal Gear Solid	PkmGS-Intro2.mid
gameboy	Metal Gear Solid	PkmGS-Item.mid
gameboy	Metal Gear Solid	PkmGS-Item2.mid
gameboy	Metal Gear Solid	PkmGS-Lab.mid
gameboy	Metal Gear Solid	PkmGS-Lavender.mid
gameboy	Metal Gear Solid	PkmGS-LevelUp.mid
gameboy	Metal Gear Solid	PkmGS-Lighthouse.mid
gameboy	Metal Gear Solid	PkmGS-Magnet.mid
gameboy	Metal Gear Solid	PkmGS-Menu.mid
gameboy	Metal Gear Solid	PkmGS-Mom.mid
gameboy	Metal Gear Solid	PkmGS-MtMoon.mid
gameboy	Metal Gear Solid	PkmGS-NewBark.mid
gameboy	Metal Gear Solid	PkmGS-Oak.mid
gameboy	Metal Gear Solid	PkmGS-Pallet.mid
gameboy	Metal Gear Solid	PkmGS-Park.mid
gameboy	Metal Gear Solid	PkmGS-Phone.mid
gameboy	Pokemon	PkmGS-Pokedex.mid
gameboy	Pokemon	PkmGS-Pokedex2.mid
gameboy	Metal Gear Solid	PkmGS-Radio.mid
gameboy	Metal Gear Solid	PkmGS-RadioFlute.mid
gameboy	Metal Gear Solid	PkmGS-RadioLullaby.mid
gameboy	Metal Gear Solid	PkmGS-RadioMarch.mid
gameboy	Metal Gear Solid	PkmGS-RadioOak.mid
gameboy	Sonic	PkmGS-Results1.mid
gameboy	Sonic	PkmGS-Results2.mid
gameboy	Sonic	PkmGS-Results3.mid
gameboy	Metal Gear Solid	PkmGS-Rival.mid
gameboy	Metal Gear Solid	PkmGS-Rocket.mid
gameboy	Metal Gear Solid	PkmGS-Ruins.mid
gameboy	Final Fantasy	PkmGS-Saffron.mid
gameboy	Metal Gear Solid	PkmGS-Ship.mid
gameboy	Metal Gear Solid	PkmGS-Surfing.mid
gameboy	Metal Gear Solid	PkmGS-TheEnd.mid
gameboy	Metal Gear Solid	PkmGS-Title.mid
gameboy	Metal Gear Solid	PkmGS-Tower1.mid
gameboy	Metal Gear Solid	PkmGS-Tower2.mid
gameboy	Metal Gear Solid	PkmGS-Tower3.mid
gameboy	Metal Gear Solid	PkmGS-Trade.mid
gameboy	Metal Gear Solid	PkmGS-VRoad.mid
gameboy	Metal Gear Solid	PkmGS-Vermilion.mid
gameboy	Chrono Trigger	PkmGS-Victory1.mid
gameboy	Chrono Trigger	PkmGS-Victory2.mid
gameboy	Chrono Trigger	PkmGS-Victory3.mid
gameboy	Metal Gear Solid	PkmGS-Violet.mid
gameboy	Pokemon	PkmRB-Pokedex.mid
gameboy	Chrono Trigger	PkmRB-Victory1.mid
gameboy	Chrono Trigger	PkmRB-Victory2.mid
gameboy	Chrono Trigger	PkmRB-Victory3.mid
gameboy	Chrono Cross	PkmnCrystal_Raikou%2CEntei%2CSuicune.mid
gameboy	Zelda: SS	Pkmnboss.mid
gameboy	Zelda: SS	Pktcboss.mid
gameboy	Chrono Trigger	Pktctitl.mid
gameboy	Pokemon	PokeBattle7.mid
gameboy	Pokemon	PokeBattleRBY.mid
gameboy	Pokemon	PokeMon_Gym_Leader_Battle.mid
gameboy	Pokemon	Pokegol1.mid
gameboy	Pokemon	PokemonBlue_IndigoPlateau_Arranged.mid
gameboy	Pokemon	PokemonGS-Gym.mid
gameboy	Pokemon	PokemonGS-MainMenu.mid
gameboy	Pokemon	PokemonPinballPokedex.mid
gameboy	Pokemon	Pokemon_42.mid
gameboy	Pokemon	Pokemon_GS.mid
gameboy	Pokemon	Pokemon_GSC-_National_Park.mid
gameboy	Pokemon	Pokemon_GSC_Goldenrod_City_Play_2_Times.mid
gameboy	Pokemon	Pokemon_Game.mid
gameboy	Pokemon	Pokemon_Gold_Champion_SSBB_Remix.mid
gameboy	Pokemon	Pokemon_Gold_Champion_SSBB_Remix_GS.mid
gameboy	Pokemon	Pokemon_Lullaby.mid
gameboy	Pokemon	Pokemon_Pinball_Blue_Field.mid
gameboy	Pokemon	Pokemon_Red_and_Blue_Credits.mid
gameboy	Pokemon	Pokemon_Route_12.mid
gameboy	Pokemon	Pokemon_Tower_%28Remix%29.mid
gameboy	Pokemon	Pokemon_centerV1.1.mid
gameboy	Pokemon	Pokemon_trainer_battle.mid
gameboy	Pokemon	Pokesurf.mid
gameboy	Pokemon	Poketheme.mid
gameboy	Pokemon	Poketrainer.mid
gameboy	Chrono Trigger	PuyoPractise.mid
gameboy	Street Fighter	SFS.mid
gameboy	Zelda: SS	SR388_SSBB_Remix.mid
gameboy	Sonic	S_subros2.mid
gameboy	Super Mario Bros	Smboverworld.mid
gameboy	Zelda: SS	Sml2PumpkPercussion.mid
gameboy	Donkey Kong	Snow_dkl.mid
gameboy	Castlevania	Sonia%27s_Theme-_CVL_Prologue.mid
gameboy	Chrono Trigger	StageSelect.mid
gameboy	Super Mario World	Super_Mario_Land_1-1_SMW_Arrangement_dw.mid
gameboy	Sonic	TETRIS2a.mid
gameboy	Tetris	TETRIS_BGM_Type_B.mid
gameboy	Tetris	TETRISmine.mid
gameboy	Zelda	TLoZ-LA-Overworld.mid
gameboy	Zelda: MM	T_BionicCommandoGB_Area2.mid
gameboy	Zelda: MM	T_BionicCommandoGB_AreaCleared.mid
gameboy	Zelda: MM	T_BionicCommandoGB_Introduction1.mid
gameboy	Zelda: MM	T_BionicCommandoGB_Introduction2.mid
gameboy	Zelda: MM	T_BionicCommando_EnemyMapBattle.mid
gameboy	Zelda: MM	T_BionicCommando_GameOver.mid
gameboy	1942/19XX	T_CapcomQuiz_1943Theme.mid
gameboy	1942/19XX	T_CapcomQuiz_1943Theme_Remix.mid
gameboy	Zelda: SS	T_CastleVania2Revenge_BossLevel.mid
gameboy	Castlevania	T_CastleVania2Revenge_FinalRondo.mid
gameboy	Castlevania	T_CastleVania2Revenge_Select.mid
gameboy	Tetris	Tetris-Song_A%28Remix%29.mid
gameboy	Tetris	Tetris.mid
gameboy	Sonic	Tetris2.mid
gameboy	Sonic	Tetris2_GB_SongA.mid
gameboy	Sonic	Tetris2_ThemeA2018.mid
gameboy	Tetris	TetrisB2.mid
gameboy	Tetris	TetrisBRemix.mid
gameboy	Zelda: SS	TetrisClassical.mid
gameboy	Tetris	TetrisDX-Danger.mid
gameboy	Tetris	TetrisDX-Menu_XG.mid
gameboy	Tetris	TetrisDX-MusicB.mid
gameboy	Tetris	TetrisDX-VSCOMWin.mid
gameboy	Tetris	TetrisPlus_AngkorWat.mid
gameboy	Tetris	TetrisPlus_Map.mid
gameboy	Tetris	Tetris_3.mid
gameboy	Tetris	Tetris_A.mid
gameboy	Tetris	Tetris_GB_C.mid
gameboy	Tetris	Tetris_HighScore2018.mid
gameboy	Tetris	Tetris_Rock_remix.mid
gameboy	Tetris	Tetris_String_Arrangement.mid
gameboy	Tetris	Tetrisb.mid
gameboy	Tetris	Tetrisc.mid
gameboy	Zelda: SS	Tetrissc.mid
gameboy	Tetris	Tetristh.mid
gameboy	Chrono Trigger	Victory2.mid
gameboy	Zelda: SS	WL2-BballBoss.mid
gameboy	Zelda: SS	WL3-Boss.mid
gameboy	Zelda: SS	WL3-FinalBoss2.mid
gameboy	Zelda: SS	WL3endboss.mid
gameboy	Zelda: SS	WarioLand-BossTheme.mid
gameboy	Chrono Trigger	WarioLand2-Factory.mid
gameboy	Zelda: SS	Wario_Blast_-_Final_Boss.mid
gameboy	Zelda: OoT	Wl3-Ootw-Night.mid
gameboy	Zelda: SS	Z4BOSS1.mid
gameboy	Zelda: SS	Z4boss.mid
gameboy	Zelda: SS	Z4boss2.mid
gameboy	Zelda	Zelda-_Windmill_2.mid
gameboy	Zelda	Zelda-gmeovr.mid
gameboy	Zelda: SS	ZeldaOOSSwordShield.mid
gameboy	Zelda	ZeldaOoSeasons_Level2.mid
gameboy	Zelda	ZeldaOoSeasons_Level4.mid
gameboy	Zelda	ZeldaOoSeasons_Level5.mid
gameboy	Zelda	ZeldaOoSeasons_Level6_2.mid
gameboy	Zelda	Zelda_Ages_Maple_Theme.mid
gameboy	Zelda	Zelda_IV_-_Bottle_Grotto.mid
gameboy	Zelda	Zelda_IV_-_Catfishs_Maw.mid
gameboy	Zelda	Zelda_IV_-_Cavern.mid
gameboy	Zelda	Zelda_IV_-_Eagles_Tower.mid
gameboy	Zelda	Zelda_IV_-_Face_Shrine.mid
gameboy	Zelda	Zelda_IV_-_Key_Cavern.mid
gameboy	Zelda	Zelda_IV_-_Tail_Cave.mid
gameboy	Zelda	Zelda_IV_DX_-_Color_Dungeon.mid
gameboy	Zelda	Zelda_LA_Overture.mid
gameboy	Zelda	Zelda_gameboy_mountain_long_version.mid
gameboy	Zelda	Zeldacha.mid
gameboy	Zelda	ZeldasRescuer.mid
gameboy	Zelda: SS	batman-Brass.mid
gameboy	Zelda: SS	bossbatt-V1.1.mid
gameboy	Sonic	caesars2gb.mid
gameboy	Chrono Cross	csgstg1.mid
gameboy	Castlevania	cva-st1.mid
gameboy	Castlevania	cva-st4.mid
gameboy	Castlevania	cva2-crs.mid
gameboy	Castlevania	cvl-Meeting_with_Dracula.mid
gameboy	Castlevania	cvl-st1.mid
gameboy	Chrono Trigger	darkselection.mid
gameboy	Zelda: SS	dhgbboss.mid
gameboy	Donkey Kong	dkairplane.mid
gameboy	DKC	dkc_dkhouse.mid
gameboy	DKC	dkc_hoard.mid
gameboy	Donkey Kong	dkl-blimp-bcremix.mid
gameboy	Donkey Kong	dkl-blimp.mid
gameboy	Donkey Kong	dkl-city.mid
gameboy	Donkey Kong	dkl-clouds.mid
gameboy	Donkey Kong	dkl-krool.mid
gameboy	Donkey Kong	dkl-mountain.mid
gameboy	Donkey Kong	dkl-ruins.mid
gameboy	Chrono Trigger	dkl-select.mid
gameboy	Donkey Kong	dkl-temple.mid
gameboy	Donkey Kong	dkl2-wasphive.mid
gameboy	Donkey Kong	dkl2_barrel_bayou.mid
gameboy	Donkey Kong	dkl2_lockjaw.mid
gameboy	Zelda: SS	dkl2boss.mid
gameboy	Donkey Kong	dkl2end.mid
gameboy	Donkey Kong	dkl2hive.mid
gameboy	Donkey Kong	dkl2ice.mid
gameboy	Donkey Kong	dkl2screech.mid
gameboy	Donkey Kong	dkl3_bonusgame_1.1.mid
gameboy	Donkey Kong	dkl3bltz.mid
gameboy	Donkey Kong	dkl3clfm.mid
gameboy	Donkey Kong	dkl3map.mid
gameboy	Donkey Kong	dkl3mnts.mid
gameboy	Donkey Kong	dkl3tree.mid
gameboy	Chrono Trigger	dkl_constructionsite.mid
gameboy	Donkey Kong	dklblimp.mid
gameboy	Zelda: SS	dklboss1.mid
gameboy	Zelda: SS	dklbossr.mid
gameboy	Donkey Kong	dklcave.mid
gameboy	Donkey Kong	dklcloud.mid
gameboy	Donkey Kong	dklcoral.mid
gameboy	Castlevania	dklcvrns.mid
gameboy	Donkey Kong	dklice.mid
gameboy	Donkey Kong	dkljungl.mid
gameboy	Donkey Kong	dklkremlantis.mid
gameboy	Donkey Kong	dklmap.mid
gameboy	Donkey Kong	dklmountains.mid
gameboy	Donkey Kong	dklship.mid
gameboy	Donkey Kong	dklsnow.mid
gameboy	Donkey Kong	dkltitle.mid
gameboy	Donkey Kong	dklwin.mid
gameboy	Chrono Cross	dlrrcs.mid
gameboy	Tetris	drbtetris.mid
gameboy	Zelda: SS	dwm_battle_percussion.mid
gameboy	Chrono Trigger	e-action.mid
gameboy	EarthBound	faceball2000.mid
gameboy	Zelda: SS	ff2_final_boss.mid
gameboy	Final Fantasy	ffa-eavesdropping.mid
gameboy	Final Fantasy	ffa2ndoverworld.mid
gameboy	Final Fantasy	ffa_bt2.mid
gameboy	Zelda: SS	ffaboss.mid
gameboy	Zelda: SS	ffaboss2.mid
gameboy	Final Fantasy	ffadvmenu.mid
gameboy	Final Fantasy	ffadwa.mid
gameboy	Final Fantasy	ffafiel2.mid
gameboy	Final Fantasy	ffafield.mid
gameboy	Final Fantasy	ffalb.mid
gameboy	Final Fantasy	ffalb2.mid
gameboy	Final Fantasy	ffalest.mid
gameboy	Zelda: SS	ffamissn.mid
gameboy	Final Fantasy	ffaoverworld2.mid
gameboy	Final Fantasy	ffapart.mid
gameboy	Final Fantasy	ffatempl.mid
gameboy	Final Fantasy	ffatwn1.mid
gameboy	Final Fantasy	ffl1_bt.mid
gameboy	Final Fantasy	ffl1_bt1.mid
gameboy	Final Fantasy	ffl1_hurry.mid
gameboy	Final Fantasy	ffl1_op.mid
gameboy	Final Fantasy	ffl1bat.mid
gameboy	Zelda: SS	ffl2_boss.mid
gameboy	Final Fantasy	ffl2_bt1.mid
gameboy	Final Fantasy	ffl2_bt2.mid
gameboy	Final Fantasy	ffl2_lbt.mid
gameboy	Final Fantasy	ffl2anot.mid
gameboy	Final Fantasy	ffl2apol.mid
gameboy	Final Fantasy	ffl2aspire.mid
gameboy	Final Fantasy	ffl2blo2.mid
gameboy	Final Fantasy	ffl2end.mid
gameboy	Final Fantasy	ffl2mai2.mid
gameboy	Final Fantasy	ffl2mai3.mid
gameboy	Final Fantasy	ffl2mai4.mid
gameboy	Final Fantasy	ffl2main.mid
gameboy	Final Fantasy	ffl2meat.mid
gameboy	Final Fantasy	ffl2overworld.mid
gameboy	Final Fantasy	ffl2wand.mid
gameboy	Final Fantasy	ffl2watc.mid
gameboy	Final Fantasy	ffl3Title01.mid
gameboy	Final Fantasy	ffl3_another.mid
gameboy	Final Fantasy	ffl3_bt1.mid
gameboy	Final Fantasy	ffl3_bt1remix.mid
gameboy	Final Fantasy	ffl3_bt2.mid
gameboy	Final Fantasy	ffl3_bt2r.mid
gameboy	Final Fantasy	ffl3_deep.mid
gameboy	Final Fantasy	ffl3_dungeon1.mid
gameboy	Final Fantasy	ffl3_field.mid
gameboy	Final Fantasy	ffl3_lbt.mid
gameboy	Final Fantasy	ffl3_op.mid
gameboy	Final Fantasy	ffl3_palace.mid
gameboy	Final Fantasy	ffl3_talon.mid
gameboy	Final Fantasy	ffl3_town1.mid
gameboy	Final Fantasy	ffl3_town2.mid
gameboy	Final Fantasy	ffl3begn.mid
gameboy	Final Fantasy	ffl3dngn.mid
gameboy	Final Fantasy	ffl3enty.mid
gameboy	Final Fantasy	ffl3palace.mid
gameboy	Final Fantasy	ffl3talon.mid
gameboy	Final Fantasy	ffl3tylonmachine.mid
gameboy	Final Fantasy	ffl3tylonremix.mid
gameboy	Final Fantasy	ffl3xago.mid
gameboy	Final Fantasy	ffl_perished.mid
gameboy	Final Fantasy	ffl_sadtheme.mid
gameboy	Final Fantasy	ffl_tower.mid
gameboy	Final Fantasy	fflband.mid
gameboy	Final Fantasy	fflcrea2.mid
gameboy	Final Fantasy	fflcreat.mid
gameboy	Zelda: SS	fortress.mid
gameboy	Metroid Prime	gbc_samp1.mid
gameboy	Metroid Prime	gbc_samp3.mid
gameboy	Super Mario Bros	gbc_smbd_sm01.mid
gameboy	Castlevania	gbcv3.mid
gameboy	Zelda: MM	gbmm5_jupiter.mid
gameboy	Zelda: MM	gbmm5_mars.mid
gameboy	Zelda: MM	gbmm5_mercury.mid
gameboy	Zelda: MM	gbmm5_neptune.mid
gameboy	Zelda: MM	gbmm5_pluto.mid
gameboy	Zelda: MM	gbmm5_saturn.mid
gameboy	Zelda: MM	gbmm5_stage_select.mid
gameboy	Zelda: MM	gbmm5_uranus.mid
gameboy	Zelda: MM	gbmm5_venus.mid
gameboy	Tetris	gbtetris-Atheme.mid
gameboy	Final Fantasy	halloffame_remix.mid
gameboy	Zelda: SS	hm-vfboss.mid
gameboy	Final Fantasy	hm-vffinal.mid
gameboy	Chrono Trigger	hm-vfselect.mid
gameboy	Zelda: SS	kbb-boss.mid
gameboy	Chrono Trigger	kbb-select.mid
gameboy	Zelda: SS	kdlboss.mid
gameboy	Zelda: SS	kidicboss1.mid
gameboy	Kirby	kirbyadventure-greengreens.mid
gameboy	Kirby	kirbyr.mid
gameboy	Tetris	ks_gbtetris-title.mid
gameboy	Zelda: SS	ks_sml_last-boss.mid
gameboy	Zelda: SS	kssrules.mid
gameboy	Zelda: SS	ksstdmns.mid
gameboy	Chrono Trigger	laselect.mid
gameboy	Zelda	loz_ooa_level3.mid
gameboy	Zelda	loz_ooa_level4_11.mid
gameboy	Zelda	lozla-AnimalVillage.mid
gameboy	Zelda: SS	lozla-Boss.mid
gameboy	Zelda	lozla-FaceShrine.mid
gameboy	Zelda	lozla-Fishing.mid
gameboy	Zelda	lozla-HenHouse.mid
gameboy	Zelda	lozla-HouseByTheBay.mid
gameboy	Zelda	lozla-Introduction.mid
gameboy	Zelda	lozla-KanaletCastle.mid
gameboy	Zelda	lozla-Level1TailCave.mid
gameboy	Zelda	lozla-Mamu.mid
gameboy	Zelda	lozla-Manbo.mid
gameboy	Zelda	lozla-Marin.mid
gameboy	Zelda: SS	lozla-MiniBoss.mid
gameboy	Zelda	lozla-MrWrite.mid
gameboy	Zelda	lozla-Owl.mid
gameboy	Zelda: OoT	lozla-PhoneBooth.mid
gameboy	Zelda	lozla-RapidsRide.mid
gameboy	Zelda	lozla-RichardsVilla.mid
gameboy	Zelda	lozla-WakeUp.mid
gameboy	Zelda	lozlaworld.mid
gameboy	Street Fighter	lvl2bsfx.mid
gameboy	Tetris	masterhandtetris.mid
gameboy	Sonic	mdcs2-2.mid
gameboy	Chrono Trigger	mdctheme.mid
gameboy	Zelda: SS	megapass.mid
gameboy	Metroid	metroid2_encounter.mid
gameboy	Metroid	metroid_2_title_theme_rock_remix.mid
gameboy	Chrono Trigger	mgDictionary.mid
gameboy	Chrono Trigger	mggbcTraining.mid
gameboy	Chrono Trigger	mggbcTrophy.mid
gameboy	Chrono Trigger	mggbcdirectorsroom.mid
gameboy	Zelda: MM	mggbcmm.mid
gameboy	Chrono Trigger	mggbcts.mid
gameboy	Chrono Trigger	mk3_zb_character_gb.mid
gameboy	Zelda: SS	ml1boss1.mid
gameboy	Zelda: SS	ml1miss.mid
gameboy	Zelda: MM	mm1gbend.mid
gameboy	Zelda: MM	mm3gbend.mid
gameboy	Zelda: MM	mm4gbint.mid
gameboy	Zelda: MM	mm4gbpas.mid
gameboy	Zelda: MM	mm5_fly_infinity.mid
gameboy	Zelda: MM	mm5_pluto.mid
gameboy	Zelda: MM	mm5saturn.mid
gameboy	Zelda: SS	pbossv32.mid
gameboy	Final Fantasy	pgs-saff-gm.mid
gameboy	Chrono Trigger	pgs_gymvictory.mid
gameboy	Pokemon	pkgsc_pokemaniac.mid
gameboy	Pokemon	poke1.mid
gameboy	Pokemon	pokedance.mid
gameboy	Pokemon	pokegsgymleader.mid
gameboy	Pokemon	pokegymlorch.mid
gameboy	Pokemon	pokemon_gold_intro.mid
gameboy	Pokemon	pokeorch.mid
gameboy	Sonic	ppggbcs1b.mid
gameboy	Sonic	ppggbcs2b.mid
gameboy	Sonic	ppggbcs3b.mid
gameboy	Chrono Cross	ppggbcs4b.mid
gameboy	Chrono Cross	ppggbcs5b.mid
gameboy	Chrono Cross	ppggbcst1.mid
gameboy	Chrono Cross	ppggbcst2.mid
gameboy	Chrono Cross	ppggbcst3.mid
gameboy	Chrono Cross	ppggbcst4.mid
gameboy	Chrono Cross	ppggbcst5.mid
gameboy	Zelda: SS	prb_route1_boss.mid
gameboy	Zelda: SS	rbywildrsstyle.mid
gameboy	EarthBound	ricebeachgb.mid
gameboy	Zelda: OoT	rocketshootsoff.mid
gameboy	Chrono Trigger	select_game.mid
gameboy	Super Mario Bros	smbdalbum.mid
gameboy	Super Mario Bros	smbdvscourses.mid
gameboy	Zelda: SS	smlboss.mid
gameboy	Sonic	smlruins2.mid
gameboy	Zelda: SS	ss_teacup.mid
gameboy	Zelda: MM	strife_pluto_mmx.mid
gameboy	EarthBound	tdxtypeb.mid
gameboy	Tetris	tetris-music_a_11.mid
gameboy	Sonic	tetris1remix.mid
gameboy	Tetris	tetris_2.mid
gameboy	Tetris	tetris_Mozart.mid
gameboy	Tetris	tetris_b.mid
gameboy	Tetris	tetris_blast_ingame.mid
gameboy	Tetris	tetris_ma.mid
gameboy	Tetris	tetris_themeA_gb_remix.mid
gameboy	Tetris	tetrisgbtitleoraclestreetmix.mid
gameboy	Tetris	tetrisgo.mid
gameboy	Tetris	tetriskb.mid
gameboy	Tetris	tetrisremix.mid
gameboy	Tetris	tetrisuberrock.mid
gameboy	Final Fantasy	the_powerpuff_girls.mid
gameboy	TMNT	tmnt2gbstg3bV11.mid
gameboy	Sonic	tta2s1.mid
gameboy	Sonic	tta2s2.mid
gameboy	Sonic	tta2s3.mid
gameboy	Zelda: MM	ttagbmmsn.mid
gameboy	Chrono Trigger	victory-V1.2.mid
gameboy	Chrono Trigger	wariowoodsact1.mid
gameboy	Sonic	windfis2.mid
gameboy	Zelda: SS	wl-bossdefeation.mid
gameboy	Zelda: SS	wl-ss_teacup.mid
gameboy	Sonic	wl2-ruins1.mid
gameboy	Zelda: SS	wl2fboss.mid
gameboy	Chrono Trigger	wl2fctry.mid
gameboy	Zelda: SS	wlbosslevels.mid
gameboy	Zelda: SS	z_OofAnayru%27ssong.mid
gameboy	Zelda: OoT	z_OofSgnarledroot.mid
gameboy	Zelda: SS	z_OofSsamasadesert.mid
gameboy	Zelda: SS	z_OofSselection.mid
gameboy	Zelda: SS	z_OofSsnakesremains.mid
gameboy	Zelda: SS	z_OofSswordandsheildmaze.mid
gamecube	Zelda: SS	4Swords_CaveDarkness_zb.mid
gamecube	Chrono Trigger	ACTownBGM.mid
gamecube	Zelda: SS	AnimalCrossing_Title.mid
gamecube	Zelda: SS	AnimalCrossing_Title2.mid
gamecube	Zelda: SS	Animal_Crossing_8_AM.mid
gamecube	Chrono Trigger	BillysRecollection.mid
gamecube	Zelda: SS	Brat_ssbm_nesswin.mid
gamecube	Chrono Trigger	BustAMove_3000_Character_Select.mid
gamecube	Zelda: OoT	Chibi-Robo_-_Scrubbing_With_The_Toothbrush_-_Hirofumi_Taniguchi.mid
gamecube	Chrono Trigger	ChozoArtifactFanfare.mid
gamecube	Zelda: MM	Common_Room.mid
gamecube	Chrono Trigger	DDRMario_-_MoonlightDestruction.mid
gamecube	Zelda: SS	DKJB_Aerie_Fortress.mid
gamecube	Street Fighter	DarkiceMinesFull2.mid
gamecube	Zelda: SS	Doopliss_Battle.mid
gamecube	Super Mario Bros	Dr_SMB_Type1.mid
gamecube	Super Mario Bros	Dr_SMB_Type2.mid
gamecube	Zelda: SS	EX_boss.mid
gamecube	Zelda	Earthgodzelda.mid
gamecube	Chrono Trigger	Egg_Factory.mid
gamecube	Chrono Trigger	Electronical.mid
gamecube	Zelda: SS	Eternal_Darkness_-_Black_Rose.mid
gamecube	Zelda: SS	Eternal_Darkness_Final_Boss.mid
gamecube	Zelda: BotW	F-Zero_GX_-_Enperor_Breath.mid
gamecube	Final Fantasy	FFCCWindv12.mid
gamecube	Chrono Trigger	Fencing_Instruction.mid
gamecube	Zelda: SS	Forsaken_Fortress_Invasion.mid
gamecube	Zelda: SS	Forsaken_Fortress_Invasion_2.mid
gamecube	Chrono Trigger	GCN_AC_KKCTRY.mid
gamecube	Zelda: SS	GCN_SSBM_Mushroom_Kingdom_II_Finale_V3.mid
gamecube	Metroid Prime	GCN__Metroid_Prime_2_Echoes__Dark_Federation_Trooper_Battle__v2.mid
gamecube	Zelda	GCZeldaIntro.mid
gamecube	Zelda: WW	Graaandma_WW.mid
gamecube	Kirby	KIRBYBOX.mid
gamecube	Kirby	KirbyAngelValley.mid
gamecube	Kirby	Kirby_-_airride_-_box.mid
gamecube	Kirby	Kirby_Air_Ride_-_City_Trial_-_Flying_Meteor.mid
gamecube	Sonic	Kirby_Wins1.mid
gamecube	Zelda: SS	Kirbys_Air_Ride-----Grass.mid
gamecube	Kirby	Kirbys_Air_Ride-----RoudyChargeTank.mid
gamecube	Kirby	Kirbys_Air_Ride-----Sky_Sands.mid
gamecube	Kirby	Kirbys_Air_Ride-----Tutorials.mid
gamecube	Zelda	KondoZeldaWindIndoorsConstant.mid
gamecube	Zelda: SS	LM_Main_Theme_%28Boss_Remix%29.mid
gamecube	Zelda: WW	LOZWWGreatdekutree.mid
gamecube	Zelda	Legend_of_Zelda_Wind_Waker_Forest_Haven.mid
gamecube	Zelda: WW	LoZWW_Outset_Island.mid
gamecube	Zelda: MM	MMNT_PharaohManEXE.mid
gamecube	Zelda: MM	MMX-CM_Cadre_Battle-KM.mid
gamecube	Zelda: MM	MMX-CM_Epsilon_1-KM.mid
gamecube	Zelda: MM	MMX-CM_Epsilon_2-KM.mid
gamecube	Zelda: MM	MMX-CM_Giga_City_Memories-KM.mid
gamecube	Zelda: MM	MMX-CM_Standby_Zero-KM.mid
gamecube	Zelda: MM	MMXCM_FinalBattle.mid
gamecube	Metroid Prime	MP2_-_Echoes_Chykka_Larva_XG_V2.mid
gamecube	EarthBound	MPT__Peach_Dome_Court_Tiebreaker.mid
gamecube	Zelda: SS	MP_Mission_Final.mid
gamecube	Chrono Trigger	MQGameSelect.mid
gamecube	Metroid Prime	Metroid-Prime-2-Echoes-Hydrodynamo-Station.mid
gamecube	Metroid Prime	MetroidPrime-MagmoorCaverns-Entrance.mid
gamecube	Metroid Prime	MetroidPrime-MainMenu2.mid
gamecube	Sonic	MetroidPrime-PhendranaDrifts2-DanceMix.mid
gamecube	Metroid Prime	MetroidPrime-Theme.mid
gamecube	Metroid Prime	MetroidPrime_OptionsRemix.mid
gamecube	Metroid Prime	MetroidPrime_Title.mid
gamecube	Metroid Prime	Metroid_Prime_-_Vs_Hive_Totem.mid
gamecube	Metroid Prime	Metroid_Prime_2_-_Emperor_Ing_2.mid
gamecube	Metroid Prime	Metroid_Prime_2_-_Menu_Theme.mid
gamecube	Metroid Prime	Metroid_Prime_Main_Menu_Big_Band_Arrangement_dw.mid
gamecube	Zelda: SS	Metroid_Prime_Main_Menu_possibly_Spanish_and-or_Pirates_Arrange_dw.mid
gamecube	Metroid Prime	Metroid_Prime_Main_Theme_60s_film_soundtrack_remix_dw.mid
gamecube	Metroid Prime	Metroid_Prime_Title_Theme_Latin_Remix_dw.mid
gamecube	Metroid Prime	Metroid_prime_2_echoes_title_theme.mid
gamecube	Zelda: SS	Mini-boss.mid
gamecube	Zelda: SS	MissionStreet.mid
gamecube	Zelda: OoT	Molgera1_with_a_dash_of_zelda_and_Oot.mid
gamecube	Zelda: SS	Ness-win.mid
gamecube	Zelda: SS	PMTTYD-Mini_Boss.mid
gamecube	Zelda: SS	PMTTYD-chap3boss.mid
gamecube	Zelda: SS	PMTTYD-doopliss_v1-3.mid
gamecube	Street Fighter	PMTTYD_CrumpsFinalSpeech.mid
gamecube	Zelda: SS	PMTTYD_DooplissBattleArranged.mid
gamecube	Pokemon	POKEMON_XD_CIPHER_ADMIN_BATTLE.mid
gamecube	Sonic	Piano_Duet_Sonic_Heroes_Opening.mid
gamecube	Zelda: SS	Pikmin2-BossBattle.mid
gamecube	Zelda: SS	PrincessPeach_PM2.mid
gamecube	EarthBound	REBeginning.mid
gamecube	Zelda: SS	RachelFeltham_HT_SSBM_v2.mid
gamecube	Zelda: SS	RachelFeltham_HT_alt_FE_SSBM.mid
gamecube	Zelda: SS	RachelFeltham_HT_alt_FE_SSBM_v3.mid
gamecube	Zelda: SS	S-ANB-CynderBoss-GM.mid
gamecube	Zelda: SS	S-ANB-CynderBoss-XG.mid
gamecube	Sonic Adventure	SA2BMHJR.mid
gamecube	Sonic Adventure	SA2B_Snowboardv11.mid
gamecube	Sonic Adventure	SA2GreenHill.mid
gamecube	Zelda	SC2_-_The_Legend_of_Zelda_V1_1.mid
gamecube	Street Fighter	SFA-Starwolfbattle-MilitaryOrch.mid
gamecube	Street Fighter	SFA-Thorntail-Night.mid
gamecube	Street Fighter	SFAdv-Fox-n-Krystal_ver2.mid
gamecube	Street Fighter	SFAs_Breifing_2-KM.mid
gamecube	Zelda: MM	SH_WhatImMadeOf_Instrumental.mid
gamecube	Super Mario Bros	SMB-select-game-menu.mid
gamecube	Chrono Trigger	SMS-Introduction.mid
gamecube	Zelda: SS	SMSBossBttle.mid
gamecube	Zelda: SS	SSBM-BigBlue.mid
gamecube	Zelda: SS	SSBM-DrMarioXG-2.mid
gamecube	Zelda: SS	SSBM-Intro-Arranged.mid
gamecube	Zelda: SS	SSBMASIN.mid
gamecube	Zelda: SS	SSBMAlloy_Warrior.mid
gamecube	Zelda: SS	SSBMBRIN2.mid
gamecube	Zelda: SS	SSBMCORN.mid
gamecube	Zelda: SS	SSBMFOUN2.mid
gamecube	Zelda: SS	SSBMGBAY.mid
gamecube	Zelda: MM	SSBMMenu1.mid
gamecube	Zelda: SS	SSBMNessWins%21V1.3.mid
gamecube	Zelda: SS	SSBMPFLT.mid
gamecube	Zelda: SS	SSBMPSAL.mid
gamecube	Zelda: SS	SSBM_All_Star_Intro.mid
gamecube	Zelda: SS	SSBM_Balloon_Fight-KM.mid
gamecube	Zelda: SS	SSBM_Brinstar_Depths-KM.mid
gamecube	Zelda: SS	SSBM_Brinstar_Depths.mid
gamecube	Zelda: SS	SSBM_Classic_Mode_Fighting_Intro.mid
gamecube	Zelda: SS	SSBM_DKWins.mid
gamecube	Zelda: SS	SSBM_Fire_Emblem-KM.mid
gamecube	Zelda: SS	SSBM_Flat_Zone-KM-GS.mid
gamecube	Zelda: SS	SSBM_Flat_Zone-KM.mid
gamecube	Zelda: SS	SSBM_Flat_Zone.mid
gamecube	Zelda: SS	SSBM_Fountain_of_Dreams.mid
gamecube	Zelda: SS	SSBM_Foxwin.mid
gamecube	Zelda: MM	SSBM_Hammer_V2.mid
gamecube	Zelda: SS	SSBM_HyruleTemple_Alt_FireEmblem.mid
gamecube	Zelda: SS	SSBM_Hyrule_Temple.mid
gamecube	Zelda: SS	SSBM_Hyrule_Temple_Remix_V2.mid
gamecube	Zelda: SS	SSBM_Icewin.mid
gamecube	Zelda: SS	SSBM_Icicle_Mountain_DW.mid
gamecube	Zelda: SS	SSBM_Linkwin.mid
gamecube	Zelda: SS	SSBM_Mario_Win.mid
gamecube	Zelda: SS	SSBM_Marthwins.mid
gamecube	Zelda: SS	SSBM_Master_Hand_%28V2%29.mid
gamecube	Zelda: SS	SSBM_Multi-Man_Melee_2.mid
gamecube	Pokemon	SSBM_Pokemon_Stadium.mid
gamecube	Zelda: SS	SSBM_Rainbow_Cruise.mid
gamecube	Yoshi's Island	SSBM_Yoshis_Island_V1.mid
gamecube	Zelda: SS	SSBM_opening.mid
gamecube	Zelda: SS	SSBMcorneria.mid
gamecube	Zelda: SS	Sadness.mid
gamecube	Zelda: SS	Sanctuary_Fortress.mid
gamecube	Zelda: SS	Sanctuary_Fortress_extended.mid
gamecube	Secret of Mana	Secret_Cauldron.mid
gamecube	Street Fighter	Sfa_dark.mid
gamecube	DOOM	ShTH_Black_Doom-KM.mid
gamecube	Sonic	SonicH-Rail_Canyon.mid
gamecube	Sonic	SonicHeroes_TeamDark_ThisMachine.mid
gamecube	Sonic	SonicMCvideo1_2.mid
gamecube	Sonic	SonicRi_-_DigiDimension-J.mid
gamecube	Sonic	Sonic_Adventure_2_-_Vs_GUN_Mech.mid
gamecube	Sonic	Sonic_Heroes_-_Main_Theme_Arrangement_DW.mid
gamecube	Sonic	Sonic_Heroes_Hang_Castle.mid
gamecube	Sonic	Sonic_Heroes_Hang_CastleXG.mid
gamecube	Sonic	Sonic_Riders_-_Babylon_Garden.mid
gamecube	Sonic	Sonic_Riders_-_Egg_Factory.mid
gamecube	Sonic	Sonic_Riders_-_Metal_City.mid
gamecube	Sonic	Sonic_Riders_-_Start_Up_Your_Ex_Gear.mid
gamecube	Donkey Kong	Spiel_Mit_DK.mid
gamecube	Final Fantasy	StaffCredits.mid
gamecube	Chrono Trigger	SuperMarioSunshine-UserInstructions.mid
gamecube	Zelda: SS	TK_GCN_SSBM_DrMario.mid
gamecube	Zelda	TLOZFSA.mid
gamecube	Zelda: SS	TOS_Ossa_Trail.mid
gamecube	Sonic	TS2_Training_Ground.mid
gamecube	Zelda: WW	TWW_Inside_the_Pirate_Ship.mid
gamecube	Zelda: OoT	TalesofSymphonia_LloydsTheme-ocarinaver-.mid
gamecube	Street Fighter	ToSFatalize.mid
gamecube	Zelda: SS	WW-BeedlesShop.mid
gamecube	Zelda: WW	WW-GrandpasHouse.mid
gamecube	Zelda: WW	WW-House.mid
gamecube	Zelda: MM	WW_Command_Melody_V1_1.mid
gamecube	Zelda: WW	WW_Dark_Curse_V3_2.mid
gamecube	Zelda: WW	WW_Earth_God_V1_1.mid
gamecube	Zelda: WW	WW_Forbidden_Woods.mid
gamecube	Zelda: WW	WW_Gale_Ballad_V1_1.mid
gamecube	Zelda: WW	WW_Ganon_Molgera_V3_3.mid
gamecube	Zelda: WW	WW_Ganon_Molgera_V3_GM.mid
gamecube	Zelda: WW	WW_Hyrule_Castle_V2_5.mid
gamecube	Zelda: SS	WW_Passing_Song_V1_1.mid
gamecube	Zelda: WW	WW_Wind_God_V1_1.mid
gamecube	Zelda: WW	WW_Wind_Requiem_V1_1.mid
gamecube	Zelda: WW	WWintro.mid
gamecube	Zelda: WW	WWtitle.mid
gamecube	Zelda: OoT	WarioWare-FruitShoot.mid
gamecube	Final Fantasy	Wind_Waker_-_Staff_Credits.mid
gamecube	Zelda	Wind_Waker_-_Zeldas_Awakening.mid
gamecube	Zelda: WW	Z-WWGanondorfBattle.mid
gamecube	Final Fantasy	ZFSA_TowerofFlames.mid
gamecube	Zelda: WW	ZeldaWW-Dragon_roost_island.mid
gamecube	Zelda: WW	ZeldaWW_molgera.mid
gamecube	Zelda	ZeldaWindWaker-IntroStory.mid
gamecube	Zelda: SS	Zelda_HelmarocBoss.mid
gamecube	Zelda	Zelda_Tetras_Ship_XG_v1_2.mid
gamecube	Zelda	Zelda_Transformation.mid
gamecube	Zelda: WW	Zelda_WW_Inside_Disco_Remix.mid
gamecube	Zelda: WW	Zwwts.mid
gamecube	Kirby	_kirby_arbright_gm.mid
gamecube	Sonic	anmlcrs1.mid
gamecube	Pac-Man	bdoingwoodspacmanworld2.mid
gamecube	Street Fighter	cheapblimpsfadeout.mid
gamecube	Crash Bandicoot	crash.mid
gamecube	Zelda: SS	crossingwinter.mid
gamecube	Chrono Trigger	data_selection_screen.mid
gamecube	Donkey Kong	dk_junglebeat-stormhill.mid
gamecube	Zelda: SS	donkeykongwinsssbmV1.0.mid
gamecube	Zelda: SS	doopliss-pkmncolosseum-friendlybat-2.mid
gamecube	Zelda: SS	doopliss-pkmncolosseum-normalbat.mid
gamecube	Zelda: SS	doopliss-pkmncolosseum-vsbat.mid
gamecube	Zelda: SS	doopliss-pkmncolosseum-vsbat2.mid
gamecube	Zelda: SS	doopliss-pkmncolosseum-vsbat3.mid
gamecube	Street Fighter	dstarisfunbattle%5B1%5D.mid
gamecube	Final Fantasy	ffcc_to_ride.mid
gamecube	Zelda: SS	forsaken_fortress.mid
gamecube	Sonic	fountaindreams2.mid
gamecube	Sonic Adventure	fsadv_mapscreen.mid
gamecube	Sonic Adventure	fsadv_rainfield.mid
gamecube	Sonic Adventure	fsadv_swamp3.mid
gamecube	Chrono Trigger	fsaselectfile.mid
gamecube	Zelda: OoT	hyrulecastleocarina.mid
gamecube	Yoshi's Island	islandyoshis2ssbm.mid
gamecube	Yoshi's Island	islandyoshisssbm.mid
gamecube	Zelda: SS	jrlepage_-_XG_-_ssbm_-_drmario.mid
gamecube	Zelda: SS	jrlepage_-_ssbm_-_corneria.mid
gamecube	Zelda: SS	jrlepage_-_ssbm_-_final_destination.mid
gamecube	Castlevania	kar-cvrock.mid
gamecube	Zelda: SS	kargrassv2.mid
gamecube	CV: Aria	kk_aria_aircheck.mid
gamecube	Kirby	ksa_hikari_xg.mid
gamecube	Zelda: OoT	lightfootVillage.mid
gamecube	Super Mario Bros	lm_smb_conservatory.mid
gamecube	Zelda: WW	lozww-jb.mid
gamecube	Zelda: WW	lozww.mid
gamecube	Zelda: SS	mission_street_kitmix.mid
gamecube	Zelda: SS	missionaccomplishedSFA.mid
gamecube	Zelda: OoT	monkeyballadventurezootopia.mid
gamecube	Metroid Prime	mp2d_ChozoArtifact.mid
gamecube	Metroid Prime	mp2d_ChozoRuins.mid
gamecube	Zelda: SS	mp2d_DistressSignal.mid
gamecube	Metroid Prime	mp2d_Escape.mid
gamecube	Metroid Prime	mp2d_Mecha.mid
gamecube	Metroid Prime	mp2d_Parasite.mid
gamecube	Sonic	mp2d_PhazonMines1.mid
gamecube	Metroid Prime	mp2d_SamusAppearance2.mid
gamecube	Metroid Prime	mp2d_SamusAppearanceFixed.mid
gamecube	Metroid Prime	mp2d_TallonOverworld1.mid
gamecube	Metroid Prime	mp2d_TallonOverworld2D.mid
gamecube	Metroid Prime	mp2d_Title.mid
gamecube	Metroid Prime	mp2e-echoestitle.mid
gamecube	Zelda: SS	mpt_mario_classic_exhibition.mid
gamecube	Metroid Prime	my_mp2.mid
gamecube	Zelda: SS	ness.mid
gamecube	Zelda: SS	ngc-animalcrossing-0700.mid
gamecube	Zelda: SS	ngc-animalcrossing-1000.mid
gamecube	Zelda: SS	ngc-animalcrossing-1100.mid
gamecube	Zelda: SS	ngc-animalcrossing-1200.mid
gamecube	Zelda: SS	ngc-animalcrossing-1800.mid
gamecube	Zelda: SS	ngc-animalcrossing-kkcondor-live.mid
gamecube	Zelda: SS	ngc-animalcrossing-loadgame.mid
gamecube	Zelda: SS	ngc-animalcrossing-nookingtons.mid
gamecube	Zelda: SS	ngc-animalcrossing-nookngo.mid
gamecube	Zelda: SS	ngc-animalcrossing-nookscranny.mid
gamecube	Zelda: SS	ngc-animalcrossing-nookway.mid
gamecube	Zelda: SS	ngc-animalcrossing-rainyday.mid
gamecube	Zelda: SS	ngc-animalcrossing-totakekeintro.mid
gamecube	EarthBound	ngc-fireemblem9-decisivebattle.mid
gamecube	Pac-Man	pacmanx.mid
gamecube	Zelda: SS	pkmn_colosseum_firstbat_doopliss.mid
gamecube	Final Fantasy	pmrpg_staffroll.mid
gamecube	Pokemon	pokemon_stadium-1.mid
gamecube	Pokemon	pokemonvictory.mid
gamecube	Sonic Adventure	sa2b-it_doesnt_matter_remix.mid
gamecube	Zelda: SS	sfa_cloudrunnerfortress_gm.mid
gamecube	Zelda: SS	sfa_cloudrunnerfortress_xg.mid
gamecube	Chrono Trigger	sfa_darkice_action.mid
gamecube	Street Fighter	sfa_krozoapalace.mid
gamecube	Zelda: OoT	sfa_lightfoottrack.mid
gamecube	Zelda: MM	sfa_mammoth.mid
gamecube	Street Fighter	sfa_menu.mid
gamecube	Street Fighter	sfa_testofobservation.mid
gamecube	Street Fighter	sfa_thorntail.mid
gamecube	Street Fighter	sfa_thorntail_reggae.mid
gamecube	Street Fighter	sfa_thorntail_well.mid
gamecube	Super Mario Bros	smb.mid
gamecube	Chrono Trigger	smsdolphictown.mid
gamecube	Super Mario Bros	smsmb2b.mid
gamecube	Zelda: SS	smsminiboss.mid
gamecube	Zelda: MM	sonicHeroes_WhatImMadeOf_1_1.mid
gamecube	Zelda: SS	ssbm2menu.mid
gamecube	Zelda: SS	ssbm_docmario.mid
gamecube	Zelda: SS	ssbm_dreamlandpast.mid
gamecube	Zelda: SS	ssbm_drmario.mid
gamecube	Zelda: SS	ssbm_drmario_jazz_1_2.mid
gamecube	Zelda: SS	ssbm_drmarioarranged.mid
gamecube	Zelda: SS	ssbm_fireemblem.mid
gamecube	Zelda: SS	ssbm_flatzone.mid
gamecube	Zelda: SS	ssbm_fountainofdreams.mid
gamecube	Zelda: MM	ssbm_hammer.mid
gamecube	Zelda: SS	ssbm_hitthetargets.mid
gamecube	Zelda: SS	ssbm_japes_remix.mid
gamecube	Zelda: SS	ssbm_menu_1.1.mid
gamecube	Zelda: SS	ssbm_mother.mid
gamecube	Zelda: SS	ssbm_mushroomkingdom2.mid
gamecube	Zelda: SS	ssbm_mutecity.mid
gamecube	Zelda: SS	ssbm_onett_orch.mid
gamecube	Zelda: SS	ssbm_onett_v_4.mid
gamecube	Zelda: SS	ssbm_peachcastle.mid
gamecube	Zelda: SS	ssbm_sariasongv_2.mid
gamecube	Zelda: SS	ssbm_trophy_tussle.mid
gamecube	Zelda: SS	ssbm_winner_ness_1.1.mid
gamecube	Zelda: SS	ssbmnessvict.mid
gamecube	Metroid Prime	swamp2.mid
gamecube	Sonic	ts2_anaconda.mid
gamecube	Zelda: WW	ww_sail.mid
gamecube	Yoshi's Island	yoshis.mid
gamecube	Zelda: WW	zWW_Kalle_Demos.mid
gamecube	Zelda: WW	zeldatww_ganontowerseals.mid
gamecube	Zelda: WW	zeldatww_roomillusion.mid
gamecube	Zelda: WW	zww_belowdeck_remix.mid
gamecube	Zelda: WW	zww_dawn.mid
gamecube	Zelda: WW	zww_ocean.mid
gamecube	Zelda: WW	zww_title.mid
gba	Zelda: LttP	ALttP-FSGameSelect.mid
gba	Sonic	Adv_Wars2_Intro.mid
gba	Donkey Kong	AgatioAndKarst.mid
gba	CV: Aria	AriaofSorrow_ClockTower.mid
gba	Zelda: SS	BN3boss.mid
gba	Zelda: SS	BN4boss2.mid
gba	Chrono Trigger	Barren_Factory.mid
gba	Zelda: SS	BlueStone_MLSS_ChucolaReserve2.mid
gba	Zelda: SS	BlueStone_MLSS_MenuScreen.mid
gba	Zelda: SS	Blue_Moon_Mission.mid
gba	Crash Bandicoot	CB_Ntrncd_Fake_Crash.mid
gba	Castlevania	CVAoS-CastleCorridor.mid
gba	Castlevania	CVAoS-Chapel.mid
gba	Castlevania	CVAoS-ClockTower.mid
gba	Castlevania	CVAoS-DanceHall.mid
gba	Castlevania	CVAoS-DraculasFate.mid
gba	Castlevania	CVAoS-FloatingGarden.mid
gba	Final Fantasy	CVAoS-HeartofFire.mid
gba	Castlevania	CVAoS-InnerQuarters.mid
gba	Castlevania	CVAoS-Study.mid
gba	Castlevania	CVAoS-TheArena.mid
gba	Castlevania	CVAoS-TopFloor.mid
gba	Castlevania	CVAoS-UndergroundReservoir.mid
gba	Castlevania	CVCotM-Awakening.mid
gba	Castlevania	CVHoD-Luminous_Cavern.mid
gba	Castlevania	CVHoD-SkeletonCave.mid
gba	Zelda: SS	CVHoD-_Boss_Battle.mid
gba	Castlevania	CVHoD-_Castle_Theme.mid
gba	Zelda: SS	CVHoD-_Chapel_of_Dissonnance.mid
gba	Castlevania	CVHoD-_Clock_Tower.mid
gba	Castlevania	CVHoD-_Entrance.mid
gba	Castlevania	CVHoD-_Marble_Corridor.mid
gba	Castlevania	CV_CotM-_Chapel_Tower.mid
gba	Zelda: SS	CacklettasSoul.mid
gba	Castlevania	Castlevania-AoS_-_Black_Sun.mid
gba	Castlevania	Castlevania-Inner_Quarters.mid
gba	Zelda: SS	Castlevania_HoD__Successor_of_fate.mid
gba	Castlevania	Castlevania_intro.mid
gba	Chrono Trigger	CyberTrack_Act1.mid
gba	Chrono Trigger	CyberTrack_Act2.mid
gba	DKC	DKC-GBA_ForestFrenzy.mid
gba	DKC	DKC-GBA_TreetopRock.mid
gba	DKC	DKC2-Overworld.mid
gba	DKC	DKC3-GBA_BonusLose.mid
gba	DKC	DKC3-GBA_BonusTime.mid
gba	DKC	DKC3-GBA_BonusWin.mid
gba	DKC	DKC3-GBA_BrothersBear.mid
gba	DKC	DKC3-GBA_CascadeCapers.mid
gba	DKC	DKC3-GBA_CavernCaprice.mid
gba	DKC	DKC3-GBA_Chase.mid
gba	DKC	DKC3-GBA_CrankysDojo.mid
gba	DKC	DKC3-GBA_CrankysDojoMinigame.mid
gba	DKC	DKC3-GBA_EnchantedRiverbank.mid
gba	DKC	DKC3-GBA_EnchantedRiverbankUnderwater.mid
gba	Chrono Cross	DKC3-GBA_FrostyFrolics.mid
gba	DKC	DKC3-GBA_HotPursuit.mid
gba	DKC	DKC3-GBA_JungleJitter.mid
gba	DKC	DKC3-GBA_LevelClear.mid
gba	DKC	DKC3-GBA_MillFever.mid
gba	DKC	DKC3-GBA_NorthernKremisphere.mid
gba	DKC	DKC3-GBA_NutsAndBolts.mid
gba	Pokemon	DKC3-GBA_PokeyPipes.mid
gba	DKC	DKC3-GBA_RockfaceRumble_v1-1.mid
gba	DKC	DKC3-GBA_StiltVillage.mid
gba	DKC	DKC3-GBA_TitleScreen1.mid
gba	DKC	DKC3-GBA_TitleScreen2.mid
gba	DKC	DKC3-GBA_TreetopTumble.mid
gba	DKC	DKC3-GBA_Underwater-KM.mid
gba	DKC	DKCGBA-WarpZoneIntrov12.mid
gba	DKC	DKCGBAWarpZonev2.mid
gba	Sonic	DR_GS2_Caves.mid
gba	Sonic	DR_GS2_DehkanPlateau.mid
gba	Sonic	DR_GS2_DoomDragonV2.mid
gba	Sonic	DR_GS2_FelixBattle.mid
gba	Sonic	DR_GS2_Lemuria.mid
gba	Sonic	DR_GS2_Overworld1.mid
gba	Sonic	DR_GS2_TropicalParadise.mid
gba	Zelda: SS	DR_GS_BossBattle_V1_5.mid
gba	Zelda: SS	Dark_Arena_-_Intermission.mid
gba	Kirby	Darkforestkirby.mid
gba	Zelda: WW	EXE1WWWAttack.mid
gba	Zelda: WW	EXE1WWWNavi.mid
gba	CV: Aria	El_Mariachi.mid
gba	EarthBound	Escape_Zebes_ZM_Reg.mid
gba	EarthBound	Escape_Zebes_ZM_Remix.mid
gba	Zelda: SS	FESS_Main_Theme.mid
gba	Zelda: SS	FETSS-PF.mid
gba	Zelda: SS	FETSS-TDH.mid
gba	Final Fantasy	FF1_-_Battle_Scene.mid
gba	Zelda: SS	FF1_-_Inside_a_Boss_Battle.mid
gba	Final Fantasy	FF1_-_Main_Theme.mid
gba	Final Fantasy	FF2Final.mid
gba	Final Fantasy	FF2_-_Battle_Scene_1.mid
gba	Final Fantasy	FF2_-_Dungeon.mid
gba	Final Fantasy	FF2_-_Main_Theme.mid
gba	Final Fantasy	FF2p.mid
gba	FF5	FF5_Battle.mid
gba	FF5	FF5_HOM2.mid
gba	FF6	FF6_Cyan.mid
gba	Final Fantasy	FFDOS_Intro.mid
gba	Final Fantasy	FFGBAstage1.mid
gba	Final Fantasy	FFGBAv2.mid
gba	Final Fantasy	FFIV-Creepy_Doll_Battle.mid
gba	Zelda: MM	FFIV-LandofSummons.mid
gba	Final Fantasy	FFIV-Rosastheme.mid
gba	Final Fantasy	FFIV-tragedy.mid
gba	Final Fantasy	FFRuinedCastle.mid
gba	FF Tactics	FFTA-BattlleofHopev2.mid
gba	FF Tactics	FFTA-The_Road_We_Both_Aim_For.mid
gba	FF Tactics	FFTA_Amber_Valley.mid
gba	FF Tactics	FFTA_Incarnation.mid
gba	FF Tactics	FFTA_Mysterious_Shop.mid
gba	FF Tactics	FFTA_Sleep_of_Defeat.mid
gba	Zelda: SS	FFTA_Surpassing_the_Wall.mid
gba	FF Tactics	FFTA_Unavoidable_Destiny.mid
gba	FF Tactics	FFTA_Vanishing_World.mid
gba	FF Tactics	FFTA_intro.mid
gba	FF Tactics	FFTacticsAdvance-Pub_theme.mid
gba	Final Fantasy	FFVI-TerraOverworld.mid
gba	Final Fantasy	FF_Overworld_v2.mid
gba	Chrono Trigger	Final_Fantasy_Tactics_Advance-Snow_Battle.mid
gba	Final Fantasy	ForestofFlamesv1.mid
gba	Zelda: SS	GBA__Metroid_Zero_Mission__Reflections_of_the_Past.mid
gba	Mother	GBA__Mother_3_Japan__Isnt_This_Such_a_Utopia__v1.1.mid
gba	Mother	GBA__Mother_3_Japan__Mr._Saturn_Theme_Z__v1.1.mid
gba	Spyro	GBA__Spyro_2__Moon_Fondue__v1.0.mid
gba	Sonic	GS2-IzumoSerpent.mid
gba	Sonic	GS2-SuperLuckyDice.mid
gba	Sonic	GS2-VillageOTheme.mid
gba	Sonic	GS2-Villian.mid
gba	Sonic	GS2Jenna.mid
gba	Sonic	GS2_Airs_Rock.mid
gba	Zelda: SS	GS2_Boss.mid
gba	Sonic	GS2_MarsLighthouse.mid
gba	Chrono Trigger	GS_Sanctum.mid
gba	Chrono Trigger	GS_VICTORY.mid
gba	Castlevania	G_Castlevania_AoS_TopFloor.mid
gba	Chrono Trigger	Game_and_Watch_Gallery_4_-_Octopus.mid
gba	EarthBound	GameboyAdvance_Fire-Emb_Lyns-_8843.mid
gba	Zelda: SS	GoldenSun-boss2.mid
gba	Zelda: SS	GoldenSun2_BossBattle.mid
gba	Chrono Trigger	GoldenSun2_IntroductionGMXGv103.mid
gba	Chrono Trigger	Golden_Sun_-_Victory_fanfare.mid
gba	Zelda: SS	GracefulAssassin.mid
gba	Street Fighter	Gsfp-in.mid
gba	Street Fighter	Gsfp-in2.mid
gba	Street Fighter	Gsfp-l10.mid
gba	Street Fighter	Gsfp-l11.mid
gba	Street Fighter	Gsfp-l12.mid
gba	Street Fighter	Gsfp-lim.mid
gba	Street Fighter	Gsfp-lv1.mid
gba	Street Fighter	Gsfp-lv2.mid
gba	Street Fighter	Gsfp-lv3.mid
gba	Street Fighter	Gsfp-lv4.mid
gba	Street Fighter	Gsfp-lv5.mid
gba	Street Fighter	Gsfp-lv6.mid
gba	Street Fighter	Gsfp-lv7.mid
gba	Street Fighter	Gsfp-lv8.mid
gba	Street Fighter	Gsfp-lv9.mid
gba	Zelda: SS	Gsfp-mss.mid
gba	Zelda: SS	HarmonyODissonance_Chapel.mid
gba	Zelda: SS	HarmonyODissonance_OffDef.mid
gba	Zelda: SS	HarmonyODissonance_Successor.mid
gba	Chrono Trigger	Hectors_Ambitions.mid
gba	Zelda: SS	HisHighnessThemev3.mid
gba	Zelda: MM	JDC_MMiWGryB.mid
gba	Zelda: TP	KHCOM-TwilightTownBattle.mid
gba	Zelda: TP	KHCOM-TwilightTownField.mid
gba	Zelda: SS	KHCoM-BossBattle.mid
gba	Kirby	KirbyNightmareArenaBattle.mid
gba	Kirby	KirbyTAM_CarrotMansionMSGS.mid
gba	Zelda: SS	LufiaRoLBoss.mid
gba	Zelda: MM	MF-ImmediateThreat.mid
gba	Zelda: SS	MF-SamusStart.mid
gba	Zelda: SS	MF_Final_Mission.mid
gba	Zelda: SS	MF_Final_Mission_XG.mid
gba	Zelda: MM	MGATCommencementv2.mid
gba	EarthBound	MGATDebout.mid
gba	Sonic	MKSCCongrats1.mid
gba	Zelda: SS	MLSSFinalBattle.mid
gba	Zelda: SS	MLSSGwarhar.mid
gba	Zelda: SS	MLSSPopple.mid
gba	Zelda: SS	MLSSPoppleBattle_TS.mid
gba	Zelda: SS	MLSSSeabed.mid
gba	Zelda: SS	MLSSTeeheeValley.mid
gba	Zelda: SS	MLSSVictory1_1.mid
gba	Zelda: SS	MLSS_BossBattle.mid
gba	Zelda: SS	MLSS_BowsersCastle.mid
gba	Zelda: SS	MLSS_Chateau-de-Chucklehuck.mid
gba	Zelda: SS	MLSS_Oceans.mid
gba	Zelda: SS	MLSS_Popple-KM.mid
gba	Chrono Trigger	MLVictoryLoop.mid
gba	Zelda: MM	MMBCC-BattleChipShop_XG.mid
gba	Zelda: MM	MMBCC-FinalBattle_XG.mid
gba	Zelda: MM	MMBCC-RegularMatch_XG.mid
gba	Zelda: MM	MMBCC-Title_XG.mid
gba	Zelda: MM	MMBCC_Final_Battle-KM.mid
gba	Zelda: MM	MMBN-Battle_XG.mid
gba	Zelda: MM	MMBN-Boss_Battle_XG.mid
gba	Zelda: MM	MMBN-Outdoors_XG.mid
gba	Zelda: MM	MMBN1-3Victory.mid
gba	Zelda: MM	MMBN2-GospelServer.mid
gba	Zelda: MM	MMBN3-Alpha_Battle_XG.mid
gba	Zelda: MM	MMBN3N1GrandPrixBattleXG.mid
gba	Zelda: MM	MMBN3SecretAreaXG.mid
gba	Zelda: MM	MMBN4Internet.mid
gba	Zelda: MM	MMBN5ACDCGM.mid
gba	Zelda: MM	MMBN5ACDCXG.mid
gba	Zelda: MM	MMBN5ATotalWarGM.mid
gba	Zelda: MM	MMBN5ATotalWarXG.mid
gba	Zelda: MM	MMBN5BattleGM.mid
gba	Zelda: MM	MMBN5BattleXG.mid
gba	Zelda: MM	MMBN5BossGM.mid
gba	Zelda: MM	MMBN5BossXG.mid
gba	Zelda: MM	MMBN5ColProStageGM.mid
gba	Zelda: MM	MMBN5ColProStageXG.mid
gba	Zelda: MM	MMBN5CrisisGM.mid
gba	Zelda: MM	MMBN5CrisisXG.mid
gba	Zelda: MM	MMBN5HeroThemeGM.mid
gba	Zelda: MM	MMBN5HeroThemeXG.mid
gba	Zelda: MM	MMBN5Indoors.mid
gba	Zelda: MM	MMBN5IndoorsXG.mid
gba	Zelda: MM	MMBN5Internet.mid
gba	Zelda: MM	MMBN5InternetGM.mid
gba	Zelda: MM	MMBN5KnightMagnetGM.mid
gba	Zelda: MM	MMBN5KnightMagnetXG.mid
gba	Zelda: MM	MMBN5Liberate.mid
gba	Zelda: MM	MMBN5LiberateXGv1_1.mid
gba	Zelda: MM	MMBN5LiberationIntro.mid
gba	Zelda: MM	MMBN5LiberationIntroXG.mid
gba	Zelda: MM	MMBN5NapalmTomaGM.mid
gba	Zelda: MM	MMBN5NapalmTomaXG.mid
gba	Zelda: MM	MMBN5NaviCustGM.mid
gba	Zelda: MM	MMBN5NaviCustXG.mid
gba	Zelda: MM	MMBN5Nebula.mid
gba	Zelda: MM	MMBN5NebulaGreyGM.mid
gba	Zelda: MM	MMBN5NebulaGreyXG.mid
gba	Zelda: MM	MMBN5NebulaXG.mid
gba	Zelda: MM	MMBN5NumberSearchGM.mid
gba	Zelda: MM	MMBN5NumberSearchXG.mid
gba	Zelda: MM	MMBN5OranIslandGM.mid
gba	Zelda: MM	MMBN5OranIslandXG.mid
gba	Zelda: MM	MMBN5SciLabGM.mid
gba	Zelda: MM	MMBN5SciLabXG.mid
gba	Zelda: MM	MMBN5Title.mid
gba	Zelda: MM	MMBN5TitleXG.mid
gba	Zelda: MM	MMBN5TrialGM.mid
gba	Zelda: MM	MMBN5TrialXG.mid
gba	Zelda: MM	MMBN5VictoryGM.mid
gba	Zelda: MM	MMBN5VictoryXG.mid
gba	Zelda: MM	MMBN6-Battle_XG.mid
gba	Zelda: MM	MMBN6-Boss_Battle_XG.mid
gba	Zelda: MM	MMBN6CentralXG.mid
gba	Zelda: MM	MMBN6TitleXG.mid
gba	Zelda: MM	MMBN6_FinalBattle.mid
gba	Zelda: MM	MMBNBATT.mid
gba	Zelda: MM	MMBNElecv2.mid
gba	Zelda: MM	MMZ2_-_Combustion.mid
gba	Zelda: MM	MMZ2_-_Crash_II.mid
gba	Zelda: MM	MMZ2_-_Departure.mid
gba	Zelda: MM	MMZ2_-_Ending_Theme_by_MrRK.mid
gba	Zelda: MM	MMZ2_-_Flash_Back.mid
gba	Zelda: MM	MMZ2_-_For_Endless_Fight_II.mid
gba	Zelda: MM	MMZ2_-_Gravity.mid
gba	Zelda: MM	MMZ2_-_Power_Bom.mid
gba	Zelda: MM	MMZ2_-_The_Cloudy_Stone_-Remix-.mid
gba	Zelda: MM	MMZ2_Elpizo-KM.mid
gba	Zelda: MM	MMZ2_Final_Battle_1_V1_4.mid
gba	Zelda: MM	MMZ2_Final_Battle_2_V1_1.mid
gba	Zelda: MM	MMZ2_Final_Boss_1-KM.mid
gba	Zelda: MM	MMZ2_Final_Boss_2-KM.mid
gba	Zelda: MM	MMZ2_Intro_Stage-KM.mid
gba	Zelda: MM	MMZ2_Mission_Select-KM-GS.mid
gba	Zelda: MM	MMZ2_Mission_Select-KMv1-1.mid
gba	Zelda: MM	MMZ2_Mission_V1_2.mid
gba	Zelda: MM	MMZ2_Power_Room-KM.mid
gba	Zelda: MM	MMZ3_-_Break_Out_-Remix-.mid
gba	Zelda: MM	MMZ3_-_Cannon_Ball.mid
gba	Zelda: MM	MMZ3_-_Crash_III_Remix.mid
gba	Zelda: MM	MMZ3_-_Curse_of_Vile.mid
gba	Zelda: MM	MMZ3_-_Final_Count_Down.mid
gba	Zelda: MM	MMZ3_-_For_Endless_Fight_III.mid
gba	Zelda: MM	MMZ3_-_Hells_Gate_Open.mid
gba	Zelda: MM	MMZ3_-_High-Speed_Lift.mid
gba	Zelda: MM	MMZ3_-_I_Zero_Your_Fellow_ReMIX_by_MrRK.mid
gba	Zelda: MM	MMZ3_-_Omega_Missile.mid
gba	Zelda: MM	MMZ3_-_Reborn_Mechanics.mid
gba	Zelda: MM	MMZ3_Boss-KM.mid
gba	Zelda: MM	MMZ3_Introduction_Stage-KM.mid
gba	Zelda: MM	MMZ3_Omega_Missile-KM.mid
gba	Zelda: MM	MMZ3_Opening_Stage_V1_2.mid
gba	Zelda: MM	MMZ3_Snowy_Plains-KM.mid
gba	Zelda: MM	MMZ3_Sunken_Library-KM.mid
gba	Zelda: MM	MMZ3_Volcano-KM-v1-1.mid
gba	Zelda: MM	MMZ4_-_Caravan_-_Hope_for_Freedom.mid
gba	Zelda: MM	MMZ4_-_Celestial_Gardens_-Remix-.mid
gba	Zelda: MM	MMZ4_-_Crash_IV_-Remix-.mid
gba	Zelda: MM	MMZ4_-_Deep_Blue.mid
gba	Zelda: MM	MMZ4_-_Esperanto_V1_1.mid
gba	Zelda: MM	MMZ4_-_Fate_-_Theme_of_Vile.mid
gba	Zelda: MM	MMZ4_-_Kraft_V1_1.mid
gba	Zelda: MM	MMZ4_-_Max_Heat.mid
gba	Zelda: MM	MMZ4_-_Nothing_Beats.mid
gba	Zelda: MM	MMZ4_Boss-KM.mid
gba	Zelda: MM	MMZ4_Introduction_Stage-KM.mid
gba	Zelda: MM	MMZ4_Max_Heat.mid
gba	Zelda: MM	MMZ4_Straight_Ahead-Right_System-KM.mid
gba	Zelda: MM	MMZ_-_Crash.mid
gba	Zelda: MM	MMZ_-_Enemy_Hall.mid
gba	Zelda: MM	MMZ_-_Express_UG.mid
gba	Zelda: MM	MMZ_-_Infiltration.mid
gba	Zelda: MM	MMZ_-_Intro_Stage_V1_1.mid
gba	Zelda: MM	MMZ_-_Neo_Arcadia_Core.mid
gba	Zelda: MM	MMZ_-_Resistance.mid
gba	Zelda: MM	MMZ_-_X_the_Legend.mid
gba	Zelda: MM	MMZ_Arcadia_Remastered_V1_3_XG.mid
gba	Zelda: MM	MMZ_Protect_Factory-KM.mid
gba	Zelda: MM	MMZ_Series_-_Neo_Arcadia_-Medley-.mid
gba	Zelda: MM	MMZdesert.mid
gba	Zelda: MM	MMZero2.mid
gba	Zelda: MM	MMZero_Resurrection_v1_2.mid
gba	Zelda: MM	MMzero2_sandwildernessv2.mid
gba	EarthBound	MTPT_Tiebreak.mid
gba	Zelda: SS	MaLSS-Boss.mid
gba	Zelda: SS	MaLSStitlescreen.mid
gba	Chrono Trigger	Mana_Sanctuary.mid
gba	Zelda: MM	MarbleKlax_-_MM_Beginner_Race.mid
gba	Metroid Prime	MetalSlugAdv_BaseCamp1.mid
gba	Metroid	MetroidFusion_Sector2_1.mid
gba	Metroid	MetroidFusion_main_1.mid
gba	Metroid	MetroidJingle3.mid
gba	Zelda: SS	MetroidZeroMission-Brinstar.mid
gba	Zelda: SS	MetroidZeroMission-ChozoGuide.mid
gba	Zelda: SS	MetroidZeroMission-Norfair.mid
gba	Zelda: SS	MetroidZeroMission_WormBoss.mid
gba	Metroid	Metroid_Credits.mid
gba	Metroid	Metroid_Credits_Arranged.mid
gba	Metroid	Metroid_Fusion_Main_Theme_Stereotypical_East_Asian_Arrange_dw.mid
gba	Zelda: SS	Metroid_Zero_Mission_Kraid_Remix.mid
gba	Metroid	Metroid_theme.mid
gba	Zelda: SS	Mid_boss.mid
gba	Zelda: MM	Moldy-MMBNCrisis.mid
gba	Zelda: MM	Moldy-MMBNTitleX.mid
gba	Zelda: MM	Moldy-MMBNTitleXv2.mid
gba	Mother	Mother3-InTheRoom-ND.mid
gba	Mother	Mother3NameChars.mid
gba	Mother	Mother3_DryGuys.mid
gba	Mother	Mother3_run-my_dog-run.mid
gba	Mother	Mother_3-Mr_Batty.mid
gba	Mother	Mother_3_-_Song_75.mid
gba	Mother	Mother_3_-_Unfounded_Revenge.mid
gba	Mother	Mother_3_more_cumbersome_guys.mid
gba	Metal Gear Solid	MtrdF_Prologue-KM-MGSRMX.mid
gba	Metal Gear Solid	MtrdZM_Escape-MGSRMX-KM.mid
gba	Chrono Trigger	MusicPlantZoneAct1.mid
gba	Chrono Trigger	MusicPlantZoneAct2.mid
gba	Zelda: MM	OLmmzbase.mid
gba	Zelda: MM	OLmmzdialogue.mid
gba	Zelda: MM	OLmmzresults.mid
gba	Chrono Trigger	Pinobee_Item_Select.mid
gba	Chrono Trigger	Pinobee_Victory_Dance.mid
gba	Zelda: OoT	PkmRS-Sootopolis.mid
gba	Chrono Trigger	PkmRS-Victory3.mid
gba	Chrono Trigger	PkmRS-Victory5.mid
gba	Chrono Trigger	PkmRS-Victory6.mid
gba	Chrono Trigger	PkmRS_CornerVictory.mid
gba	Zelda: OoT	PkmRS_Littleroot.mid
gba	Chrono Trigger	PkmRS_Victory1.mid
gba	Chrono Trigger	PkmRS_Victory2.mid
gba	Chrono Trigger	PkmRS_Victory4.mid
gba	Pokemon	PokeRSdesert.mid
gba	Pokemon	PokemonRubySapphire-WildBattle.mid
gba	Pokemon	Pokemon_FR_LG_Deoxys.mid
gba	Pokemon	Pokemon_Ruby_Leader_Battle_Jazz_Remix.mid
gba	Sonic Adventure	REMIX_SA2_TA53_by_MrRK.mid
gba	EarthBound	RMZ3KitsuneByCryogen.mid
gba	Zelda: SS	RMZ3_Missile_1_V1_3.mid
gba	Zelda: SS	Recieveblessings.mid
gba	FF Tactics	Riviera-OffToBattle.mid
gba	Mega Man	RockmanEXE45TitleGM.mid
gba	Mega Man	RockmanEXE45TitleXG.mid
gba	Mega Man	RockmanEXE45TournBattleGM.mid
gba	Mega Man	RockmanEXE45TournBattleXG.mid
gba	Zelda: SS	S4F_Boss.mid
gba	Sonic Adventure	SA2-Eggutopia1.mid
gba	Zelda: SS	SA2_Boss-KM-GM.mid
gba	Zelda: SS	SA2_Boss-KM.mid
gba	Sonic Adventure	SA2_Ice_Paradise_2-KM.mid
gba	Sonic Adventure	SA2_Leaf_Forest_Beta-KM.mid
gba	Sonic Adventure	SA2demo.mid
gba	Final Fantasy	SA3-StaffRollv2-5-byGY.mid
gba	Chrono Trigger	SA3_-_Chaos_Angel_Act_1.mid
gba	Zelda: SS	SA3_Boss-KM.mid
gba	Zelda: SS	SA3_Boss_7-KM.mid
gba	Zelda: SS	SA3_EX-Boss-KM.mid
gba	Chrono Trigger	SA3_Route_99_Act_1.mid
gba	Zelda: SS	SA_BonusStage.mid
gba	Sonic Adventure	SAdv-IceMountain1.mid
gba	Zelda: SS	SAdv2_Final_Boss.mid
gba	Sonic Adventure	SAdv2_HotCrater1.mid
gba	Final Fantasy	SAdv2_LeafForestA1.mid
gba	Final Fantasy	SAdv2_LeafForestA1XG.mid
gba	Sonic Adventure	SAdvTitle.mid
gba	Sonic Adventure	SAdv_EggRocketZone1.mid
gba	Sonic Adventure	SAdv_IceMountainZone1.mid
gba	Sonic Adventure	SAdv_NeoGreenHillZone1.mid
gba	Sonic Adventure	SAdv_SecretBaseZone1.mid
gba	Sonic Adventure	SAdvanceBat2.mid
gba	Chrono Trigger	SGBA2_Crater_Act1_V1_1.mid
gba	Chrono Trigger	SGBA2_Crater_Act2_V1_2.mid
gba	Zelda: SS	SGBA3_Boss7_Pinch_V1_1.mid
gba	Zelda: SS	SGBA3_Boss_Pinch_V1_1.mid
gba	Chrono Trigger	SGBA3_Snow_Act2_V1_1.mid
gba	Chrono Trigger	SGBA3_Snow_Act3_V1_1.mid
gba	Yoshi's Island	SMAYoshi.mid
gba	Zelda: SS	SMA_-_Intro_to_A_Monster_%28Guitar_Bassline_Mix%29.mid
gba	Mario Kart	SMKSC_Retry.mid
gba	Super Mario World	SMWstar.mid
gba	Puyo Puyo	SNPuyo2_Puzzle1_GMXGv2.mid
gba	Secret of Mana	SecretBase.mid
gba	Chrono Trigger	Sector4.mid
gba	Chrono Trigger	Sector_1.mid
gba	Chrono Trigger	SkyCanyonZoneAct1.mid
gba	Chrono Trigger	SkyCanyonZoneAct2.mid
gba	Chrono Trigger	SolSanctOrch.mid
gba	Chrono Trigger	SolSanctumV4.mid
gba	Zelda: SS	SonicA3_-_7Boss.mid
gba	Zelda: SS	SonicA_-_Xboss3.mid
gba	Sonic	SonicAdv3_-_ChaosAngelDiscoPop.mid
gba	Sonic	SonicAdv3_-_SunsetHillZoneRemixXG.mid
gba	Sonic	SonicAdvance-Cosmic_Angel_Act2.mid
gba	Sonic	SonicAdvance-Neo_Green_Hill_Act1.mid
gba	Sonic	SonicAdvance2-Hot_Crater_Act2.mid
gba	Sonic	SonicAdvance2_-_EXZone53.mid
gba	Sonic	SonicAdvance2_Intro_GMv3.mid
gba	Sonic	SonicAdvance2_MusicPlant1.mid
gba	Sonic	SonicAdvance2_SkyCanyon1.mid
gba	Sonic	SonicAdvance3-Chaos_Angel_Act1.mid
gba	Sonic	SonicAdvance3-Route_99_Act1.mid
gba	Zelda: SS	SonicAdvance3_-_7BossPinch.mid
gba	Zelda: SS	SonicAdvance3_-_EXBOSS.mid
gba	Sonic	SonicAdvance3_-_SunsetAct3.mid
gba	Sonic	SonicAdvance3_-_TwinkleSnowArrangeXG.mid
gba	Sonic	SonicAdvance3_ChaosAngel1.mid
gba	Sonic	SonicAdvance3_ChaosAngel3.mid
gba	Sonic	SonicAdvance3_ChaosAngelMap.mid
gba	Sonic	SonicAdvance3_OceanBase1.mid
gba	Sonic	SonicAdvance3_SpecialStage.mid
gba	Sonic	SonicAdvance3_SunsetHill1.mid
gba	Sonic	SonicAdvance3_SunsetHill2.mid
gba	Sonic	SonicAdvance3_SunsetHillMap.mid
gba	Sonic	SonicAdvance3_TwinkleSnow1.mid
gba	Sonic	SonicAdvance3_finalzone.mid
gba	Sonic	SonicAdvance_Act1Finish_GMv3.mid
gba	Sonic	SonicB_-_CreditsXG.mid
gba	Sonic	SonicBattle_-_CentralCity.mid
gba	Sonic	Sonic_Advance-Tiny_Garden.mid
gba	Sonic	Sonic_Advance_-_Angel_Island_Zone_1.mid
gba	Sonic	Sonic_Advance_-_Angel_Island_Zone_2.mid
gba	Sonic	Sonic_Advance_-_Cosmic_Angel_Zone_-_Egg_Rocket_Zone_2.mid
gba	Sonic	Sonic_Advance_-_Egg_Rocket_Zone_1.mid
gba	Sonic	Sonic_Advance_-_Ice_Mountain_Zone_1.mid
gba	Sonic	Sonic_Advance_-_Ice_Mountain_Zone_2.mid
gba	Sonic	Sonic_Advance_-_Neo_Green_Hill_Zone_1.mid
gba	Sonic	Sonic_Advance_-_Player_Data_Screen.mid
gba	Zelda: SS	Sonic_Advance_-_X-Zone_Boss_1.mid
gba	Zelda: SS	Sonic_Advance_-_X-Zone_Boss_2.mid
gba	Sonic	Sonic_Advance_1_-_Egg_Rocket_Zone_-Remix-.mid
gba	Sonic	Sonic_Advance_1_-_X-Zone.mid
gba	Zelda: SS	Sonic_Advance_2_-_7-Boss.mid
gba	Sonic	Sonic_Advance_2_-_Egg_Utopia_Zone_1.mid
gba	Sonic	Sonic_Advance_2_-_Egg_Utopia_Zone_2.mid
gba	Sonic	Sonic_Advance_2_-_Hot_Crater_Zone_1.mid
gba	Sonic	Sonic_Advance_2_-_Hot_Crater_Zone_2.mid
gba	Sonic	Sonic_Advance_2_-_Leaf_Forest_Zone_1.mid
gba	Sonic	Sonic_Advance_2_-_Leaf_Forest_Zone_2.mid
gba	Sonic	Sonic_Advance_2_-_Sky_Canyon_Zone_1.mid
gba	Sonic	Sonic_Advance_2_-_Sky_Canyon_Zone_2.mid
gba	Sonic	Sonic_Advance_2_-_True_Area_53.mid
gba	Zelda: SS	Sonic_Advance_3_-_Ex-Boss.mid
gba	Sonic	Sonic_Advance_3_-_Final_Zone_-_Altar_Emerald_Map.mid
gba	Sonic	Sonic_Advance_3_-_Options.mid
gba	Sonic	Sonic_Advance_3_-_Start_Demo.mid
gba	Sonic	Sonic_Advance_3_-_Sunset_Hill_Act_1.mid
gba	Sonic	Sonic_Advance_3_-_Zone_1_-_Route_99_Map.mid
gba	Sonic	Sonic_Advance_3_-_Zone_2_-_Sunset_Hill_Act_1.mid
gba	Sonic	Sonic_Advance_3_-_Zone_2_-_Sunset_Hill_Map.mid
gba	Sonic	Sonic_Advance_3_-_Zone_3_-_Ocean_Base_Map.mid
gba	Sonic	Sonic_Advance_3_-_Zone_4_-_Toy_Kingdom_Map.mid
gba	Sonic	Sonic_Advance_3_-_Zone_5_-_Twinkle_Snow_Act_1.mid
gba	Sonic	Sonic_Advance_3_-_Zone_5_-_Twinkle_Snow_Map.mid
gba	Sonic	Sonic_Advance_3_-_Zone_6_-_Cyber_Track_Map.mid
gba	Sonic	Sonic_Advance_3_-_Zone_7_-_Chaos_Angel_Act_1.mid
gba	Sonic	Sonic_Advance_3_-_Zone_7_-_Chaos_Angel_Map.mid
gba	Sonic	Sonic_Advance_Casino_Paradise_Act_1_Organ_dw.mid
gba	Sonic	Sonic_GBA_Angel1_TBCancumFX_V1_2.mid
gba	Sonic	Sonic_GBA_Angel1_XG_V1_2.mid
gba	Sonic	Sonic_Pinball_Party_Burning_Hearts.mid
gba	Sonic	Sonic_Pinball_Party_Neo_Green_Hill_Zone_011_dw.mid
gba	Sonic	Sonic_Pinball_Party_Super_Sonic_Racing.mid
gba	Spyro	Spyro2_celestialplains.mid
gba	Spyro	Spyro2_countryfarms.mid
gba	Chrono Cross	Spyro2_tikitropics.mid
gba	Spyro	Spyro_2_Season_of_Flame_-_Ambushed.mid
gba	Spyro	Spyro_Orange.mid
gba	Spyro	Spyro_autumnfairyhome.mid
gba	Spyro	Spyro_lavaprairie.mid
gba	Spyro	Spyro_marketmesa.mid
gba	Spyro	Spyro_pandagardens.mid
gba	Sonic	SuperMarioBros3-Underground.mid
gba	Zelda	TLOZMC.mid
gba	Zelda: SS	TMCBoss2.mid
gba	Chrono Trigger	TMCFileSelect.mid
gba	Chrono Trigger	T_LadySia_Act1.mid
gba	Chrono Trigger	T_LadySia_Act3.mid
gba	Chrono Trigger	T_LadySia_Act4.mid
gba	Chrono Trigger	T_LadySia_Act5.mid
gba	Chrono Trigger	T_LadySia_Act6.mid
gba	Chrono Trigger	T_LadySia_Act7.mid
gba	Chrono Trigger	T_LadySia_Act8.mid
gba	Zelda: SS	T_LoveHinaAdvance_Intermission.mid
gba	Final Fantasy	T_LoveHinaAdvance_StaffRoll.mid
gba	Zelda: SS	T_MetroidFusion_B-O-XBossTheme.mid
gba	Metroid	T_MetroidFusion_BSLLabTheme1-fix.mid
gba	Metroid	T_MetroidFusion_BSLLabTheme2.mid
gba	Zelda: SS	T_MetroidFusion_BossTheme.mid
gba	Metroid	T_MetroidFusion_CloseTargetTheme.mid
gba	Metroid	T_MetroidFusion_DiscoveryTheme.mid
gba	Metroid	T_MetroidFusion_EvacuationTheme.mid
gba	Metroid	T_MetroidFusion_GameOverTheme.mid
gba	Metroid	T_MetroidFusion_Item.mid
gba	Metroid	T_MetroidFusion_MysteryTheme.mid
gba	Metroid	T_MetroidFusion_MysteryTheme2.mid
gba	Metroid	T_MetroidFusion_MysteryTheme3.mid
gba	Metroid	T_MetroidFusion_NavStationTheme.mid
gba	Zelda: SS	T_MetroidFusion_NightmareBossTheme.mid
gba	Zelda: SS	T_MetroidFusion_PlantBossTheme.mid
gba	Metroid	T_MetroidFusion_PlantSectorTheme.mid
gba	Metroid	T_MetroidFusion_PrologueTheme2.mid
gba	Zelda: SS	T_MetroidFusion_Ridley-XBossTheme108.mid
gba	Metroid	T_MetroidFusion_SA-XBattle.mid
gba	Metroid	T_MetroidFusion_SA-XTheme.mid
gba	Metroid	T_MetroidFusion_SavePointTheme.mid
gba	Metroid	T_MetroidFusion_Sector5RevistedTheme.mid
gba	Metroid	T_MetroidFusion_Title-fix.mid
gba	Zelda: SS	T_MetroidZeroMission_BrinstarAppearance.mid
gba	Zelda: SS	T_MetroidZeroMission_ItemFanfare.mid
gba	Zelda: SS	T_MetroidZeroMission_Prologue.mid
gba	Zelda: SS	T_MetroidZeroMission_PrologueSFX.mid
gba	Zelda: SS	T_MetroidZeroMission_Title.mid
gba	Chrono Trigger	T_StreetFighterZero3GBA_Select.mid
gba	Chrono Trigger	T_SuperStreetFighterIITurboRevival_PlayerSelect.mid
gba	Zelda: TP	Twilight_Town_Battle.mid
gba	Zelda: SS	Wind_Across_The_Plains.mid
gba	Zelda: SS	WithinSadness.mid
gba	Super Mario World	YISMW.mid
gba	Zelda: WW	YOWWE_KCCUP.mid
gba	Yoshi's Island	YoshisIslandMap.mid
gba	Yoshi's Island	YoshisIslandMapFinalJeopardy.mid
gba	Zelda	ZELDA.mid
gba	Chrono Trigger	ZMC_Elemental_Sanctuary_V1_0.mid
gba	Zelda: SS	ZeldaMC_BossBattle_TS.mid
gba	Zelda	ZeldaMinCapTOWN.mid
gba	Zelda	ZeldaMinishCap_LostWoods.mid
gba	Zelda	Zelda_Overworld_The_Minish_Cap.mid
gba	Zelda	Zelda_The_Minish_Cap_-_Flashback.mid
gba	Mother	Zenkusa_-_Mother3Jpn_WhatNow.mid
gba	Chrono Cross	alecshousem3.mid
gba	Chrono Trigger	aqueduct_of_dragons.mid
gba	Final Fantasy	bkgr_cliff-farm_2loop.mid
gba	Final Fantasy	bkgr_level1_cliff_farm.mid
gba	Zelda: SS	boss_battle.mid
gba	Castlevania	castlevania_cotm_audience_room.mid
gba	Chrono Trigger	chaosangel_act_3_kitmix.mid
gba	Zelda: SS	clearboss.mid
gba	Zelda: SS	com_XIII_boss.mid
gba	Zelda: SS	com_disney_boss.mid
gba	Zelda: OoT	crash_bandicoot_ntranced_fakecrash_Logan812.mid
gba	Castlevania	cvaos-heart.mid
gba	Sonic	cvaos-innerquarters1.mid
gba	Chrono Trigger	cybertrack_select.mid
gba	Chrono Trigger	cybertrackact1.mid
gba	DKC	dkc2gbabeehive.mid
gba	Zelda: SS	dsbmssc.mid
gba	Zelda: SS	dsbsscantank.mid
gba	Street Fighter	dsfbgma.mid
gba	Street Fighter	dsfbgmb.mid
gba	Street Fighter	dsfbgmc.mid
gba	Street Fighter	dsfbgmd.mid
gba	Street Fighter	dsfbgme.mid
gba	Street Fighter	dsfbgmf.mid
gba	Street Fighter	dsfbgmg.mid
gba	Zelda: SS	dsmdhssc.mid
gba	Zelda: MM	dsmmoi.mid
gba	Zelda: SS	dssazcentennial.mid
gba	Zelda: MM	dssesummit.mid
gba	Zelda: SS	dssgsstadium.mid
gba	Zelda: SS	dsskbgma.mid
gba	Zelda: SS	dsskbgmb.mid
gba	Zelda: SS	dsskbgmc.mid
gba	Zelda: SS	dsskbgmd.mid
gba	Zelda: SS	dsskbgme.mid
gba	Zelda: SS	dsskbgmf.mid
gba	Zelda: SS	dsslfield.mid
gba	Zelda: SS	dssmgarden.mid
gba	Zelda: SS	dssnbf.mid
gba	Zelda: SS	dssncc.mid
gba	Zelda: SS	dssnma.mid
gba	Zelda: SS	dssnsc.mid
gba	Zelda: SS	dssnsh.mid
gba	Zelda: SS	dssnsp.mid
gba	Zelda: SS	dssoccermg.mid
gba	Zelda: SS	dssoccertr.mid
gba	Zelda: SS	dsssdchateau.mid
gba	Sonic Adventure	duo_sadv2_iceparadise1.mid
gba	Sonic Adventure	duo_sadv2_musicplant1.mid
gba	Sonic Adventure	duo_sadv_neoghzone2.mid
gba	Chrono Trigger	elementalsanctuary.mid
gba	Chrono Trigger	fe7_recollections_of_a_petal.mid
gba	FF Tactics	ffta_120.mid
gba	FF Tactics	fftabattle.mid
gba	Kirby	forestkirby.mid
gba	Sonic Adventure	gba_sa2_icep2.mid
gba	Sonic Adventure	gba_sadv3_sm01.mid
gba	Sonic Adventure	gba_sadv3_sm04.mid
gba	Sonic Adventure	gba_sadv3_sm04_XG.mid
gba	Sonic Adventure	gba_sadv_sm01.mid
gba	Sonic Adventure	gba_sadv_sm03.mid
gba	Zelda: SS	gs-colosso-battle.mid
gba	Sonic	gs2_OverworldTheme%28v1.1%29.mid
gba	Sonic	gs2credits2_0.mid
gba	Zelda: SS	gssave.mid
gba	DKC	gwg-dk3.mid
gba	Donkey Kong	gwg4_dk.mid
gba	Zelda: WW	hm-exe3wwwbase.mid
gba	Zelda: WW	hm-exe3wwwtheme.mid
gba	Zelda: MM	hm-exe45napalmman.mid
gba	Zelda: SS	hm-exe4boss.mid
gba	Zelda: MM	hm-mmbn2airman.mid
gba	Zelda: MM	hm-mmbn2airport.mid
gba	Zelda: MM	hm-mmbn2boss.mid
gba	Zelda: MM	hm-mmbn2castle.mid
gba	Zelda: MM	hm-mmbn2crisis.mid
gba	Zelda: MM	hm-mmbn2final.mid
gba	Zelda: MM	hm-mmbn2gospel.mid
gba	Zelda: MM	hm-mmbn2hero.mid
gba	Zelda: MM	hm-mmbn2magnetman.mid
gba	Zelda: MM	hm-mmbn2sad.mid
gba	Zelda: MM	hm-mmbn2shadowman.mid
gba	Zelda: MM	hm-mmbn2tension.mid
gba	Zelda: MM	hm-mmbn2title.mid
gba	Zelda: MM	hm-mmbn2www.mid
gba	Zelda: MM	hm-mmbnbattle.mid
gba	Zelda: MM	hm-mmbnboss.mid
gba	Zelda: MM	hm-mmbnclass.mid
gba	Zelda: MM	hm-mmbncredits.mid
gba	Zelda: MM	hm-mmbncrisis.mid
gba	Zelda: MM	hm-mmbnemail.mid
gba	Zelda: MM	hm-mmbnfinal.mid
gba	Zelda: MM	hm-mmbnindoors.mid
gba	Zelda: MM	hm-mmbnoutdoors.mid
gba	Zelda: MM	hm-mmbnpower.mid
gba	Zelda: MM	hm-mmbnsaito.mid
gba	Zelda: MM	hm-mmbnschool.mid
gba	Zelda: MM	hm-mmbnstove.mid
gba	Zelda: MM	hm-mmbntension.mid
gba	Zelda: MM	hm-mmbntitle.mid
gba	Zelda: MM	hm-mmbntraffic.mid
gba	Zelda: MM	hm-mmbnwater.mid
gba	Zelda: MM	hm-mmbnwin.mid
gba	Zelda: MM	hm-mmbnwww.mid
gba	Zelda: MM	hm-mmz2nuclear.mid
gba	Zelda: MM	hm-mmz3babyelves.mid
gba	Zelda: MM	hm-mmz3briefing.mid
gba	Zelda: MM	hm-mmz3library.mid
gba	Zelda: MM	hm-mmz3midboss.mid
gba	Zelda: MM	hm-mmzarcadia2.mid
gba	Chrono Trigger	hot_crater_act2_fixed.mid
gba	Chrono Trigger	icemountain_act1_midi_gs.mid
gba	Chrono Trigger	icemountain_act1_midi_xg.mid
gba	EarthBound	kachiiceberg.mid
gba	Kirby	kirby_nightmare_in_dreamland-final_map_music.mid
gba	Kirby	kirbyairglidebymax.mid
gba	Kirby	kirbynmid-orangeocean.mid
gba	Zelda	loz-fsTalusCave.mid
gba	Zelda	lozmc-caveofflames.mid
gba	Zelda: SS	lozmc-fortressofwinds.mid
gba	Kirby	menuforkirby.mid
gba	Zelda: SS	metroid_zero_mission-title_screen.mid
gba	Zelda: SS	mf_bossroom.mid
gba	DKC	mine_version_from_DKC2_GBA.mid
gba	Zelda: SS	mirror_boss.mid
gba	Zelda: SS	mirror_finalbossintro.mid
gba	Zelda: SS	mirror_miniboss.mid
gba	Sonic	mirror_speedeaters2.mid
gba	Chrono Trigger	mirror_victorydance.mid
gba	Chrono Trigger	mkda_character_zb.mid
gba	Chrono Cross	mkscsnowland.mid
gba	Chrono Cross	mkscsunsetwilds.mid
gba	Zelda: SS	mlss_boss_v1-2.mid
gba	Zelda: SS	mlss_courtyard.mid
gba	Zelda: SS	mlss_koopacruiser.mid
gba	Zelda: MM	mmbcc_DeckEdit_Blue.mid
gba	Zelda: MM	mmbcc_TitleScreen_Blue.mid
gba	Zelda: MM	mmbn1_Lose_Blue.mid
gba	Zelda: MM	mmbn2_ACDCtown_Blue-v2.mid
gba	Zelda: MM	mmbn2_Airplane_Blue-v2.mid
gba	Zelda: MM	mmbn2_Confrontation_Blue-v2.mid
gba	Zelda: MM	mmbn2_mysterious-enemy_Blue.mid
gba	Zelda: MM	mmbn2_net-areas_Blue-v2.mid
gba	Zelda: MM	mmbn2_okuden_Blue.mid
gba	Zelda: MM	mmbn3_ACDCtown_Blue-vx.mid
gba	Zelda: MM	mmbn3_Alpha_Blue.mid
gba	Zelda: MM	mmbn3_BeachStreet_Blue-v2.mid
gba	Zelda: MM	mmbn3_Net-Areas_Blue-v2.mid
gba	Zelda: MM	mmbn3_SciLab_Blue.mid
gba	Zelda: MM	mmbn3_SecretArea_Blue.mid
gba	Zelda: MM	mmbn4_ACDCtown_Blue-v2.mid
gba	Zelda: MM	mmbn4_Dome_Blue.mid
gba	Zelda: MM	mmbn4_NaviCustomizer_Blue.mid
gba	Zelda: MM	mmbn4_Net-Areas_Blue-v2.mid
gba	Zelda: MM	mmexe3-wily.mid
gba	Zelda: MM	mmz2_FinalStage_Blue.mid
gba	Zelda: MM	mmz3_boss_v2_0.mid
gba	Zelda: MM	mmz3_cactank_v1_1.mid
gba	Zelda: MM	mmz4_resistance_trailer_-_holy_land_v1_1.mid
gba	Zelda: MM	mmz_guarder_room_v1_0.mid
gba	Mother	mother3-backbeat.mid
gba	Mother	mother3-confusion.mid
gba	Mother	mother3-dangerousguys.mid
gba	Mother	mother3-intheroom.mid
gba	Mother	mother3-letterhoney.mid
gba	Mother	mother3-mecha_drago.mid
gba	Mother	mother3-mischievousblues.mid
gba	Mother	mother3-oh-so_snake.mid
gba	Chrono Trigger	mother3-reconstructed_caribou.mid
gba	Mother	mother3-somewheresomeday.mid
gba	Mother	mother3-sorrowfultazmily.mid
gba	Mother	mother3-sunflowers.mid
gba	Mother	mother3-unfoundedrevenge.mid
gba	Mother	mother3-yadoinn.mid
gba	Mother	mother3_gba_theatre.mid
gba	Mother	mother3_sunshineforest.mid
gba	Mother	mother3credits.mid
gba	Mother	mother3lovetheme2.mid
gba	Mother	mother3menu.mid
gba	Pokemon	mother3pokeybots.mid
gba	Mother	mother3title.mid
gba	DOOM	mtPyre_by_maximohoundoom_2.mid
gba	Donkey Kong	mvdk_title.mid
gba	Zelda: SS	mvsdk_boss2and5.mid
gba	Zelda: SS	nearbyboss.mid
gba	Chrono Trigger	pe_battlefactory.mid
gba	Street Fighter	pe_vsfrontierbrain.mid
gba	Zelda: OoT	pkrs_littleroot.mid
gba	Pokemon	pokecenter.mid
gba	Pokemon	pokefrlg_lavender_town.mid
gba	Pokemon	pokemonfrlgbattleupdated.mid
gba	Pokemon	pokeybattlepart1.mid
gba	Sonic Adventure	rael0505_sadv_minigame.mid
gba	Zelda: SS	rmexboss.mid
gba	Final Fantasy	rmexe4-5ro_OfficialWin_Blue-v3.mid
gba	Chrono Trigger	route99_select.mid
gba	Chrono Trigger	route_99_act3.mid
gba	Sonic	s2_ending4.mid
gba	Final Fantasy	s3_staffroll.mid
gba	Sonic Adventure	sa1_nghz.mid
gba	Sonic Adventure	sa1sp.mid
gba	Sonic Adventure	sa2-pleaswait.mid
gba	Zelda: SS	sa2_boss_xg.mid
gba	Sonic Adventure	sa2_hotcrater_past.mid
gba	Sonic Adventure	sa2intro.mid
gba	Sonic Adventure	sa2sp.mid
gba	Chrono Trigger	sa3_chaosangel_act3_v1_2.mid
gba	Chrono Trigger	sa3_cybertrack_act3_v1_0.mid
gba	Zelda: SS	sa3boss.mid
gba	Zelda: SS	saboss.mid
gba	Sonic Adventure	sadv-lv1-1.mid
gba	Sonic Adventure	sadv3_sunsethill_a2.mid
gba	Sonic Adventure	sadv3_vsbgm_2.mid
gba	Sonic Adventure	sadvgba_act1end.mid
gba	Chrono Trigger	showdownwithhector.mid
gba	Chrono Trigger	skycanyon_act2.mid
gba	Zelda: SS	sm2a_ss.mid
gba	Yoshi's Island	sma2yoshi_island.mid
gba	Super Mario Bros	smbcps.mid
gba	Zelda: MM	somm.mid
gba	Sonic	sonic_advance-05-dv-v1_3.mid
gba	Sonic	sonic_factory.mid
gba	Sonic	sonicadvance2-singlepackmode.mid
gba	Spyro	spyro-ten-gba_ancientgrove.mid
gba	Zelda: SS	spyro-ten-gba_avatarboss.mid
gba	Zelda: SS	spyro-ten-gba_celestialtemple-postboss.mid
gba	Spyro	spyro-ten-gba_earthtemple.mid
gba	Spyro	spyro-ten-gba_elementaltemple.mid
gba	Spyro	spyro-ten-gba_fangandclaw.mid
gba	Spyro	spyro-ten-gba_fellmuth.mid
gba	Spyro	spyro-ten-gba_fellmuthexterior.mid
gba	Zelda: SS	spyro-ten-gba_finalboss.mid
gba	Spyro	spyro-ten-gba_firetemple.mid
gba	Spyro	spyro-ten-gba_gaul.mid
gba	Spyro	spyro-ten-gba_icetemple.mid
gba	Spyro	spyro-ten-gba_lightningtemple.mid
gba	Spyro	spyro-ten-gba_map.mid
gba	Spyro	spyro-ten-gba_naga.mid
gba	Spyro	spyro-ten-gba_outergrove.mid
gba	Spyro	spyro-ten-gba_skabb.mid
gba	Spyro	spyro-ten-gba_swampcutscenes.mid
gba	Spyro	spyro-ten-gba_swampoutskirts.mid
gba	Spyro	spyro-ten-gba_templegrounds.mid
gba	Spyro	spyro-ten-gba_title.mid
gba	Zelda: SS	spyro_adventure-boss.mid
gba	Spyro	spyro_adventure-chateau_ripto.mid
gba	Zelda: SS	ssd_battle1_believe_in_victory.mid
gba	Zelda: SS	ssd_battle2_courage_and_pride_from_the_heart.mid
gba	Zelda: SS	ssd_cactus_house.mid
gba	Zelda: SS	ssd_chain_of_fate.mid
gba	Zelda: SS	ssd_colosseum_v1-1.mid
gba	Zelda: SS	ssd_dwarves_cave.mid
gba	Zelda: SS	ssd_entwined_heart_v1-1.mid
gba	Zelda: SS	ssd_eternal_journey_of_people.mid
gba	Zelda: SS	ssd_legend_forever.mid
gba	Zelda: SS	ssd_placing_thought_under_investigation.mid
gba	Zelda: SS	ssd_prologe-awakening_tale.mid
gba	Zelda: SS	ssd_running_towards_the_future.mid
gba	Zelda: SS	ssd_seeking_holy_sword.mid
gba	Zelda: SS	ssd_strangeworld.mid
gba	Zelda: SS	ssd_time_of_decision.mid
gba	Zelda: SS	ssd_unrelenting_pain.mid
gba	Chrono Trigger	twinklesnow_act3_2.mid
gba	EarthBound	vgKHCOMprebattle.mid
gba	Pokemon	wild_pokemon_hoenn.mid
gba	Super Mario Bros	worldselectsmb3.mid
gba	Chrono Trigger	yogurtyard_select.mid
gba	Yoshi's Island	yoshi_castle.mid
gba	Zelda	zeldaGBA_filesel1_1.mid
genesis	Zelda: SS	01-Big_Boss.mid
genesis	Shinobi	06-07-06_Sega_Shinobi-3_Solitary.mid
genesis	Zelda: SS	2_10_Wing_Fortress_xg.mid
genesis	Zelda: MM	2_1Emmy2.mid
genesis	Sonic	2_supersonic_xg.mid
genesis	Chrono Trigger	3k_sky_sanctuary_xg.mid
genesis	Sonic	3k_supersonic_xg.mid
genesis	Zelda: SS	Abyss.mid
genesis	Chrono Trigger	ActFinish.mid
genesis	Zelda: SS	AerobizSS-menu.mid
genesis	Street Fighter	Alysfast.mid
genesis	Chrono Trigger	AngelIslandAct1v3.mid
genesis	Chrono Trigger	AngelIslandact2.mid
genesis	Chrono Trigger	AngelIslandact2BrightRemix.mid
genesis	Zelda: SS	Arcus_Odissey.mid
genesis	Zelda: SS	Arcus_Odyssey_-_Prison.mid
genesis	Final Fantasy	BM-staff.mid
genesis	Zelda: SS	BManiaD-Mission1.mid
genesis	Sonic	Bloodlines13.mid
genesis	Zelda: SS	Boss-1.mid
genesis	Zelda: SS	Boss-2.mid
genesis	Zelda: SS	Boss.mid
genesis	Zelda: SS	Boss1.mid
genesis	Zelda: SS	Boss3.mid
genesis	Zelda: SS	C3classi.mid
genesis	Castlevania	CVB-_Iron_Blue_Intention.mid
genesis	Castlevania	CVB-_Prayer_of_a_Tragic_Queen.mid
genesis	Castlevania	CVB-_Reincarnated_Soul.mid
genesis	Castlevania	CVB-_The_Discolored_Wall.mid
genesis	Castlevania	CVB-_The_Sinking_Old_Sanctuary.mid
genesis	Final Fantasy	Castle_Of_Illusion_-_Staff_Roll.mid
genesis	Castlevania	Castlevania_Bloodlines_-_Sinking_Old_Sanctuary.mid
genesis	Sonic	ChemicalPlant_Sonic2_GM.mid
genesis	Chrono Trigger	ChemicalZoneAct2.mid
genesis	Sonic	Chemical_Plant_%28Sonic_2%29.mid
genesis	Zelda: SS	Chemical_Plant_Phat_Bass_XG_RMX.mid
genesis	Zelda: SS	CoI-Boss.mid
genesis	Sonic	Columns3-Game-1.mid
genesis	Sonic	Columns3-Over_v2.mid
genesis	Sonic	Columns3-Versus4-1.mid
genesis	Sonic	Columns3-Versus5-1.mid
genesis	Sonic	Columns3_BGM11_v1_1.mid
genesis	Columns	ColumnsMD-Atropos.mid
genesis	Columns	ColumnsMD-Clotho.mid
genesis	Columns	ColumnsMD-Entry.mid
genesis	Columns	ColumnsMD-Lathesis.mid
genesis	Columns	ColumnsMD-Over.mid
genesis	Chrono Trigger	ColumnsMD-Select.mid
genesis	Columns	ColumnsMD-Start.mid
genesis	Columns	Columns_Clotho_DW.mid
genesis	EarthBound	CrueballStage1FastLaneGenesis.mid
genesis	Castlevania	Cvbl-st1.mid
genesis	Castlevania	Cvbl-tos.mid
genesis	Chrono Trigger	Ddwar_Plain3Electric_Wingroove_v_1_00.mid
genesis	Sonic	DeathEgg-S2.mid
genesis	Sonic	DeathEgg_S3K_Act1GMv1.mid
genesis	Sonic	DeathEgg_S3K_Act1XGv1.mid
genesis	Zelda: SS	DecapAttack_-_Miss.mid
genesis	Final Fantasy	Dfury_Staff.mid
genesis	Final Fantasy	Dfury_Staff_sc.mid
genesis	Final Fantasy	Dfury_Staff_xg.mid
genesis	Chrono Trigger	DiamondDustZoneAct2_ChristmasRemix.mid
genesis	DOOM	Doomsday-Kenji-XGremix.mid
genesis	Zelda: SS	DrRobotniksMeanBeanMachine_BeforeFinalBoss.mid
genesis	Street Fighter	DragonsFury_1.mid
genesis	Street Fighter	DragonsFury_1_AWE.mid
genesis	Street Fighter	DragonsFury_2.mid
genesis	Street Fighter	DragonsFury_3.mid
genesis	Street Fighter	DragonsFury_3_AWE.mid
genesis	Street Fighter	DragonsFury_3_XG.mid
genesis	Street Fighter	DragonsFury_4.mid
genesis	Street Fighter	DragonsFury_4_AWE.mid
genesis	Street Fighter	DragonsFury_4_XG.mid
genesis	Street Fighter	DragonsFury_6.mid
genesis	Street Fighter	DragonsFury_6_AWE.mid
genesis	Zelda: SS	Drrpassw.mid
genesis	Zelda: MM	Dune_2_Command_Post.mid
genesis	Ecco	Ecco2-Atlantis_Ruins_Remix.mid
genesis	Final Fantasy	Ecco2_ff.mid
genesis	Ecco	Ecco2_twotides.mid
genesis	Ecco	Ecco_world5.mid
genesis	Zelda: SS	El_Viento_Final_Boss.mid
genesis	Zelda: SS	El_Viento_Intermission2.mid
genesis	Chrono Trigger	Elemental_Master-Introduction.mid
genesis	Chrono Trigger	Elemental_Master-Stage_Select.mid
genesis	Zelda: SS	Endless_Mine_8bit.mid
genesis	Chrono Trigger	FlyingBatteryAct2.mid
genesis	Sonic	Flying_Battery_Remix_%28Sonic_and_Knuckles%29.mid
genesis	Zelda: SS	GA2Boss1.mid
genesis	Zelda: SS	GAI-boss1.mid
genesis	Sonic	GEN_Sonic_3_Icecap_Zone_Act_1.mid
genesis	Castlevania	G_CvBloodlines_ThemeofSimon.mid
genesis	Sonic	G_SonicKnuckles_MushroomHill1.mid
genesis	Sonic	G_SonicTheHedgehog3_LaunchBase_ElectroNationMix.mid
genesis	Sonic	G_SonictheHedgehog_ScrapBrainZone.mid
genesis	Sonic	Genesis__Sonic_the_Hedgehog_3__1-Up.mid
genesis	Sonic	Genesis__Sonic_the_Hedgehog_3__Invincibility__3.mid
genesis	Zelda: SS	Genesis__Sonic_the_Hedgehog_3__Mini_Boss__4.mid
genesis	Sonic	Genesis__Sonic_the_Hedgehog_3__No_Way__2.mid
genesis	Sonic	Genesis__Sonic_the_Hedgehog_3__Title_Screen__3.mid
genesis	Sonic	Ghouls%26Ghosts1.mid
genesis	Zelda: SS	Ghouls%27nGhostsStage3.mid
genesis	Final Fantasy	GoldenAxe-PathOfFiend.mid
genesis	Zelda: SS	GoldenAxe-SutakoraSassa.mid
genesis	Sonic	GoldenSonic.mid
genesis	Zelda: SS	Golden_Axe_Wilderness_Disco_Mix.mid
genesis	SF2	Gsf2heroesattack.mid
genesis	Gunstar Heroes	GunstarHeroes_AncientRuins.mid
genesis	Gunstar Heroes	GunstarHeroes_BravoMan.mid
genesis	Gunstar Heroes	GunstarHeroes_G9UnderAttack.mid
genesis	Gunstar Heroes	GunstarHeroes_GoldenSilver_v101.mid
genesis	Gunstar Heroes	GunstarHeroes_Intro.mid
genesis	Gunstar Heroes	GunstarHeroes_LastPartyOnTheMoon.mid
genesis	Gunstar Heroes	GunstarHeroes_StageClear.mid
genesis	Gunstar Heroes	GunstarHeroes_SubterraneanCaves.mid
genesis	Gunstar Heroes	GunstarHeroes_ThemeofBlack.mid
genesis	Gunstar Heroes	GunstarHeroes_ThemeofGreen.mid
genesis	Gunstar Heroes	GunstarHeroes_ThemeofSmashDaisaku-.mid
genesis	Zelda: BotW	HerLastBreath.mid
genesis	Sonic	HiddenPalace_s2.mid
genesis	Chrono Trigger	HydrocityAct1.mid
genesis	Zelda: SS	IH-boss4.mid
genesis	Chrono Trigger	Ice_Cap_Act2_XGv5.mid
genesis	Zelda: SS	JP-Stage_Intro%2BPassword.mid
genesis	Zelda: SS	Jurassic_Park_-_Story_Sequence-22.mid
genesis	Sonic	LM-ps3cv.mid
genesis	Sonic	LM-ps3t.mid
genesis	Chrono Trigger	Launch_Base_Zone_Act_1%262.mid
genesis	Chrono Trigger	LavaReefAct1.mid
genesis	Chrono Trigger	LavaReef_Act1_GMv1.mid
genesis	Chrono Trigger	Lava_Reef_Zone_Act1.mid
genesis	Sonic	LegendofHeroes2_Battle1_GM.mid
genesis	Sonic	LegendofHeroes2_TheSoldiersWhistle.mid
genesis	Zelda: MM	LemMD-Special.mid
genesis	Zelda: MM	Lemmings%28arrangement%29.mid
genesis	Zelda: MM	MM2-WW_Passowrd-Screen-KM.mid
genesis	Zelda: MM	MM96_Slct.mid
genesis	Zelda: MM	MMPRTM_Beginstage_UAZ.mid
genesis	Zelda: MM	MMPRTM_Introtheme_UAZ.mid
genesis	Zelda: MM	MMPRTM_Stagecompleted_UAZ.mid
genesis	Zelda: SS	MW3-Boss.mid
genesis	Zelda: SS	MW3-Boss2.mid
genesis	Zelda: SS	MW3-Boss3.mid
genesis	Zelda: SS	MW3-Passageway.mid
genesis	Chrono Trigger	MW3-Victory.mid
genesis	Zelda: SS	MW4-Boss.mid
genesis	Zelda: SS	MW4-FBoss.mid
genesis	Chrono Trigger	MW4-Sanctuary.mid
genesis	Zelda: SS	MW4-SubBoss.mid
genesis	Chrono Trigger	MW4-Victory.mid
genesis	Chrono Trigger	MarbleGardenZoneAct1.mid
genesis	EarthBound	MarbleZoneByCryogen.mid
genesis	Zelda: SS	Mass_of_Cloud.mid
genesis	Zelda: SS	Matt_Furniss_-_Snow_Land.mid
genesis	Zelda: SS	Matt_Furniss_-_The_Creepy_Clock.mid
genesis	Zelda: SS	MickeyMania-Boss.mid
genesis	Final Fantasy	MickeyMania-Buffet.mid
genesis	Zelda: SS	Mini_Boss_Nowan_Remix.mid
genesis	Zelda: SS	MonsterWorld4_BossBattle.mid
genesis	Chrono Trigger	MonsterWorld4_StreamSanctuary.mid
genesis	Zelda: SS	Mushroom_Madness.mid
genesis	Sonic	My_Home_PS2.mid
genesis	Chrono Trigger	MysticCave_Act2_v1_1.mid
genesis	Zelda: SS	MysticD-Boss.mid
genesis	Secret of Mana	Nadia-Secret_Of_Blue_Water%28Main_Theme%29.mid
genesis	Zelda: SS	Opening%5BSShinobi%5D.mid
genesis	Zelda: SS	PBoss1.mid
genesis	Zelda: SS	PHANTASY_STAR_2_BOSS.mid
genesis	Sonic	PS2-Battle.mid
genesis	Zelda: SS	PS2-Boss.mid
genesis	Sonic	PS2-Credits.mid
genesis	Sonic	PS2-Ending.mid
genesis	Sonic	PS2-Home.mid
genesis	Sonic	PS2-Intro.mid
genesis	Sonic	PS2-Lutz.mid
genesis	Sonic	PS2-Maze1.mid
genesis	Sonic	PS2-Maze2.mid
genesis	Sonic	PS2-Maze3.mid
genesis	Sonic	PS2-Maze4.mid
genesis	Sonic	PS2-Maze5.mid
genesis	Sonic	PS2-Over.mid
genesis	Sonic	PS2-Overworld1.mid
genesis	Sonic	PS2-Overworld2.mid
genesis	Sonic	PS2-Shop1.mid
genesis	Sonic	PS2-Shop2.mid
genesis	Sonic	PS2-Silent_Zone-%28Remix%29.mid
genesis	Sonic	PS2-Story.mid
genesis	Sonic	PS2-Tower.mid
genesis	Sonic	PS2-Town1.mid
genesis	Sonic	PS2-Town2.mid
genesis	Sonic	PS2-Victory.mid
genesis	Sonic	PS2DamByCryogen.mid
genesis	Sonic	PS2Dungeon.mid
genesis	Sonic	PS2Exclaim%5B1%5D.mid
genesis	Sonic	PS2Phantasy-byHA.mid
genesis	Sonic	PS2SilenceX.mid
genesis	Sonic	PS2UzoIslandByCryogen.mid
genesis	Sonic	PS3-Town.mid
genesis	Sonic	PS3HF.mid
genesis	Sonic	PS3MegidoByCryogen.mid
genesis	Sonic	PS3OPENING.mid
genesis	Sonic	PS3TitleRemix2.mid
genesis	EarthBound	PS4-TheBlackBlood.mid
genesis	Sonic	PacMnaS1.mid
genesis	Chrono Trigger	Panic_Puppet_Zone_Act_2-v2.mid
genesis	EarthBound	PebbleBeach-Course_Intro.mid
genesis	EarthBound	PebbleBeach-Menu_Music.mid
genesis	EarthBound	PebbleBeach-Music_No.3_.mid
genesis	EarthBound	PebbleBeach-Music_No.6.mid
genesis	EarthBound	PebbleBeach-Title.mid
genesis	Sonic	Ps3-2.mid
genesis	Sonic	Ps3cstl.mid
genesis	Puyo Puyo	PuyoPuyo2_AreaC_XG.mid
genesis	Puyo Puyo	PuyoPuyo2_ContinueScreen_GMv2.mid
genesis	Puyo Puyo	PuyoPuyo2_Pinch_GM.mid
genesis	Zelda: SS	RT2-Albatross_and_Leila.mid
genesis	Chrono Trigger	RT2_selection.mid
genesis	Chrono Trigger	RT2_selection_sc.mid
genesis	Zelda: SS	RangerX-Boss4.mid
genesis	Shinobi	RevengeofShinobi_ChinaTown.mid
genesis	Shinobi	RevengeofShinobi_LongDistance_fixed.mid
genesis	Zelda: SS	Ristar-Boss1.mid
genesis	Zelda: SS	Ristar-Boss_Battle.mid
genesis	Chrono Trigger	Ristar_FreonACT2.mid
genesis	Chrono Trigger	RollingThunder2selection.mid
genesis	Castlevania	Ryan_Bury_-_Castlevania_Bloodlines_-_Bloody_Tears.mid
genesis	Castlevania	Ryan_Bury_-_Castlevania_Bloodlines_-_Bloody_Tears_-_SB-128_Mix.mid
genesis	Zelda: SS	Ryan_Bury_-_E-Swat_-_Boss_Theme.mid
genesis	Sonic	Ryan_Bury_-_Sonic_2_-_Multiplayer_Mystic_Cave_Remix.mid
genesis	Zelda: SS	Ryan_Bury_Golden_Axe_Wilderness_Remix_%28Melodia%29.mid
genesis	Zelda: SS	Ryan_Bury_Golden_Axe_Wilderness_Remix_2.mid
genesis	Zelda: SS	S%26Kfinalboss.mid
genesis	Zelda: SS	S%26Kfinalboss2.mid
genesis	Zelda: SS	S%26Kminiboss3.mid
genesis	Sonic	S%26Ksandopolis1A.mid
genesis	Sonic	S%26Ksandopolis1B.mid
genesis	Sonic	S%26Ksandopolis2A.mid
genesis	Sonic	S%26Ksandopolis2B.mid
genesis	Zelda: SS	S-K_Mini-Boss-KM.mid
genesis	Chrono Trigger	S-K_Sky_Sanctuary-KM.mid
genesis	Sonic	S1StarlightZoneByCryogen.mid
genesis	Sonic	S1_Marble_XG.mid
genesis	Sonic	S1_Starlight_Act2Mix.mid
genesis	Sonic	S1_Starlight_Zone.mid
genesis	Sonic	S2Cave2PZONE.mid
genesis	Sonic	S2ChemPlantByCryogen.mid
genesis	Sonic	S2DustHillByCryogen.mid
genesis	Sonic	S2MysticCave2P-SC8850.mid
genesis	Sonic	S2MysticCave2P.mid
genesis	Sonic	S2NeoGreenHillByCryogen.mid
genesis	Sonic	S2_Metropolis_XG.mid
genesis	Sonic	S2_XmasResults.mid
genesis	Sonic	S2options.mid
genesis	Sonic	S3-MarbleRmx.mid
genesis	Zelda: SS	S3DB_Boss_1-KMv1-1.mid
genesis	Sonic	S3DB_Credits-KM-GS.mid
genesis	Sonic	S3DB_Credits-KM.mid
genesis	Sonic	S3DB_Diamond_Dust_2-KM.mid
genesis	Sonic	S3DB_Gene_Gadget_1-KM-GSv1-1.mid
genesis	Sonic	S3DB_Gene_Gadget_1-KMv1-1.mid
genesis	Sonic	S3DB_Gene_Gadget_1_8-Bit-KM.mid
genesis	Sonic	S3DB_Gene_Gadget_2-KM-GS.mid
genesis	Sonic	S3DB_Gene_Gadget_2-KMv1-1.mid
genesis	Sonic	S3DB_Panic_Puppet_1-KMv2.mid
genesis	Sonic	S3DB_Panic_Puppet_2-KM.mid
genesis	Sonic	S3DB_Rusty_Ruin_1-KM.mid
genesis	Sonic	S3DB_Spring_Stadium_1-KM.mid
genesis	Sonic	S3DB_Volcano_Valley_2-KM.mid
genesis	Sonic	S3DB_Volcano_Valley_RMX-KM.mid
genesis	Sonic	S3DVolcano2ByCryogen.mid
genesis	Sonic	S3GameOver.mid
genesis	Sonic	S3HYDROmix1.mid
genesis	Sonic	S3HYDROmix2_fin.mid
genesis	Sonic	S3HydroCity2.mid
genesis	Sonic	S3Hydrocity2ByCryogen.mid
genesis	Sonic	S3IceCapByCryogen.mid
genesis	Sonic	S3K_Knuckles.mid
genesis	Sonic	S3K_LavaReefZoneAct1.mid
genesis	Sonic	S3_ChromeGadget2P_v2_Arranged.mid
genesis	Sonic	S3_ChromeGadget2P_v3_Fixed.mid
genesis	Sonic	S3_ChromeGadget2UP.mid
genesis	Sonic	S3_IcecapAct1.mid
genesis	Sonic	S3_Idaten_SP_v1-5.mid
genesis	Sonic	S3_LAUNCH_BASE.mid
genesis	Sonic	S3_S_LaunchBase_RhythmArrange.mid
genesis	Sonic	S3hydr2.mid
genesis	Sonic	S3nK_TitleEnhanced.mid
genesis	Sonic	SBL_S3KSpecialStage.mid
genesis	Street Fighter	SF1-BattleV2.mid
genesis	Street Fighter	SF1-GETThemV2.mid
genesis	Street Fighter	SF1Credits.mid
genesis	Street Fighter	SF1PrepareV2.mid
genesis	Street Fighter	SF1RuneV2.mid
genesis	Street Fighter	SF1WalkTune.mid
genesis	SF2	SF2SCE-Guile.mid
genesis	SF2	SF2SCE-Ryu.mid
genesis	Street Fighter	SFCastleV2.mid
genesis	Street Fighter	SFIICE_Guile_UAZ.mid
genesis	Street Fighter	SFIICE_Title_UAZ.mid
genesis	Street Fighter	SFORCE00.mid
genesis	Street Fighter	SForceIntro.mid
genesis	Zelda: SS	SKMiniBoss_GM.mid
genesis	Zelda: SS	SKMiniBoss_XG.mid
genesis	Zelda: SS	SK_-_Boss.mid
genesis	Zelda: SS	SK_Act1boss_XG.mid
genesis	Chrono Trigger	SK_FlyingBatteryAct2_v2_XG.mid
genesis	Chrono Trigger	SK_FlyingbatteryAct1_v2.mid
genesis	Chrono Trigger	SK_LavaReefAct1.mid
genesis	Chrono Trigger	SK_SandopolisAct1_v2_GM.mid
genesis	Chrono Trigger	SK_SandopolisAct1_v2_XG.mid
genesis	Chrono Trigger	SK_SkySanctuary-Edited.mid
genesis	DOOM	SK_TheDoomsday_FusionMix_XG.mid
genesis	Chrono Trigger	SK_XG_SandopolisAct2.mid
genesis	Zelda: SS	SS_Lava_Powerhouse-KM.mid
genesis	Zelda: SS	SS_Options-KMv1-1.mid
genesis	Zelda: SS	SS_Showdown-KM.mid
genesis	Zelda: SS	SS_The_Machine-KM.mid
genesis	Zelda: SS	STH-Boss_Battle.mid
genesis	Zelda: SS	STH-Boss_Battle_XG.mid
genesis	Zelda: SS	STH-Final_Boss.mid
genesis	Zelda: SS	STH2-Boss_Battle.mid
genesis	Zelda: SS	STH2-Final_Boss.mid
genesis	Zelda: SS	STH2_Boss-KM.mid
genesis	Chrono Trigger	STH2_Oil_Ocean-Act2-KM.mid
genesis	Zelda: SS	STH2_Wing_Fortress-KM.mid
genesis	Chrono Trigger	STH3-Hydrocity_Act1.mid
genesis	Chrono Trigger	STH3-Hydrocity_Act1_XG.mid
genesis	Chrono Trigger	STH3-Launch_Base_Act1.mid
genesis	Chrono Trigger	STH3-Marble_Garden_Act1.mid
genesis	Chrono Trigger	STH3K-Flying_Battery_Act1.mid
genesis	Chrono Trigger	STH3K-Lava_Reef_Act1.mid
genesis	Chrono Trigger	STH3K-Lava_Reef_Act2.mid
genesis	Chrono Trigger	STH3K-Sandopolis_Act1.mid
genesis	Zelda: SS	STH3_Boss-KM-1.mid
genesis	Zelda: SS	STH3_Endless_Mine-KM.mid
genesis	Zelda: SS	STH3_Final_Boss-KM.mid
genesis	Zelda: SS	STH_Boss-KM.mid
genesis	Shinobi	S_Shinobi_2_Whirlwind.mid
genesis	Chrono Trigger	SandopolisZoneAct1.mid
genesis	Chrono Trigger	SandopolisZoneAct2.mid
genesis	Zelda: SS	Shining_in_the_Darkness_Ancient_Temple.mid
genesis	Zelda: SS	Shining_in_the_Darkness_Battle_Theme.mid
genesis	Zelda: SS	Shinobi%5BSSII%29.mid
genesis	Shinobi	ShinobiWalk.mid
genesis	Chrono Trigger	SkySanctuary.mid
genesis	Chrono Trigger	SnK_-_Lava_Reef_Zone_Act_1_-Remix-.mid
genesis	Zelda: SS	Sol_Feace_Boss.mid
genesis	Zelda: SS	Sol_Feace_Boss_2.mid
genesis	Zelda: SS	Sol_Feace_Boss_3.mid
genesis	Zelda: SS	Sol_Feace_intro_to_boss.mid
genesis	Sonic	Sonic-GreenHill.mid
genesis	Sonic	Sonic1_GreenHillZone.mid
genesis	Sonic	Sonic1_GreenHill_BadFuture.mid
genesis	Sonic	Sonic1_Labyrinth_GM.mid
genesis	Sonic	Sonic1_Labyrinth_XG.mid
genesis	Sonic	Sonic1_MarbleZone.mid
genesis	Sonic	Sonic1_ScrapBrainZone.mid
genesis	Sonic	Sonic1_SpecialZone.mid
genesis	Sonic	Sonic1_SpringYardZone.mid
genesis	Sonic	Sonic1_StarLightZone.mid
genesis	Sonic	Sonic2-special.mid
genesis	Sonic	Sonic2CPZ.mid
genesis	Sonic	Sonic2_-_AquaticRuinRainforestXG.mid
genesis	Sonic	Sonic2_-_ChemicalPlantXG.mid
genesis	Sonic	Sonic2_-_DeathEggAct2XG.mid
genesis	Zelda: SS	Sonic2_-_FinalBossAct2XG.mid
genesis	Sonic	Sonic2_-_HiddenPalaceArr.mid
genesis	Sonic	Sonic2_-_SkyChaseXG.mid
genesis	Sonic	Sonic2_-_SuperSonicArrXG.mid
genesis	Sonic	Sonic2_AquaticRuin.mid
genesis	Sonic	Sonic2_CasinoNight_ACT2EDIT.mid
genesis	Sonic	Sonic2_ChemicalPlant_GM.mid
genesis	Sonic	Sonic2_ChemicalPlant_XG.mid
genesis	Sonic	Sonic2_EmeraldHillVS.mid
genesis	Sonic	Sonic2_EmeraldHillZone.mid
genesis	Zelda: SS	Sonic2_Final_Boss.mid
genesis	Sonic	Sonic2_HillTop_GM.mid
genesis	Sonic	Sonic2_HillTop_XG.mid
genesis	Sonic	Sonic2_Metropolis.mid
genesis	Sonic	Sonic2_OilOcean.mid
genesis	Sonic	Sonic2re.mid
genesis	Sonic	Sonic3-AngelIsland2.mid
genesis	Sonic	Sonic3.mid
genesis	Sonic	Sonic3CredGM.mid
genesis	Sonic	Sonic3CredXG.mid
genesis	Sonic	Sonic3Credits.mid
genesis	Sonic	Sonic3DB_Rusty1_2mix.mid
genesis	Sonic	Sonic3DB_VolcanoValley1.mid
genesis	Sonic	Sonic3D_DiamondDustZone1.mid
genesis	Sonic	Sonic3D_GeneGadgetZone1.mid
genesis	Sonic	Sonic3_-_Balloon.mid
genesis	Sonic	Sonic3_-_CreditsArranged.mid
genesis	Zelda: SS	Sonic3_Act2Boss.mid
genesis	Sonic	Sonic3_ChromeGadget.mid
genesis	Sonic	Sonic3_DesertPalace.mid
genesis	Zelda: SS	Sonic3_FinalBoss.mid
genesis	Sonic	Sonic3_HydrocityZone1.mid
genesis	Sonic	Sonic3_HydrocityZone2.mid
genesis	Sonic	Sonic3_IceCapDance_RemixGM.mid
genesis	Sonic	Sonic3_Icecap.mid
genesis	Sonic	Sonic3_Launch.mid
genesis	Sonic	Sonic3andK_FlyingBattery1_GM.mid
genesis	Sonic	Sonic3andK_FlyingBattery1_XG.mid
genesis	Sonic	Sonic3az.mid
genesis	Sonic	Sonic3creds.mid
genesis	Sonic	SonicKn-1up.mid
genesis	Sonic	SonicKn-Inv.mid
genesis	Sonic	SonicKn-Title.mid
genesis	Sonic	SonicKnucklesLavaReefAct1.mid
genesis	Sonic	SonicSp-Machine.mid
genesis	Sonic	SonicSpinball-Lava_Powerhouse.mid
genesis	Zelda: SS	SonicTheHedgehog3_-_BossBattle.mid
genesis	Sonic	Sonic_%26_Knuckles_-_Flying_Battery_Zone.mid
genesis	Sonic	Sonic_-_GreenHillXG.mid
genesis	Sonic	Sonic_-_Green_Hill.mid
genesis	Sonic	Sonic_1_-_1-Up.mid
genesis	Zelda: SS	Sonic_1_-_Boss.mid
genesis	Zelda: SS	Sonic_1_-_Boss_V11.mid
genesis	Sonic	Sonic_1_-_Continue_Screen.mid
genesis	Sonic	Sonic_1_-_Credits.mid
genesis	Sonic	Sonic_1_-_Final_Zone_V11.mid
genesis	Sonic	Sonic_1_-_Game_Over.mid
genesis	Sonic	Sonic_1_-_Green_Hill_Zone_V11.mid
genesis	Sonic	Sonic_1_-_Invincibility.mid
genesis	Sonic	Sonic_1_-_Labyrinth_Zone_V11.mid
genesis	Sonic	Sonic_1_-_Marble_Zone_V11.mid
genesis	Sonic	Sonic_1_-_Scrap_Brain_Zone_V11.mid
genesis	Sonic	Sonic_1_-_Special_Stage.mid
genesis	Sonic	Sonic_1_-_Spring_Yard_Zone_V11.mid
genesis	Sonic	Sonic_1_-_Stage_Complete.mid
genesis	Sonic	Sonic_1_-_Star_Light_Zone_V11.mid
genesis	Sonic	Sonic_1_-_Title.mid
genesis	Sonic	Sonic_2-_Emerald_Hill_zone.mid
genesis	Sonic	Sonic_2_-_Aquatic_Ruin_Zone.mid
genesis	Zelda: SS	Sonic_2_-_Boss.mid
genesis	Sonic	Sonic_2_-_Casino_Night_Zone.mid
genesis	Sonic	Sonic_2_-_Casino_Night_Zone_-_2-Player.mid
genesis	Sonic	Sonic_2_-_Chemical_Plant_Zone_V11.mid
genesis	Sonic	Sonic_2_-_Competition_Results_-_2_Player.mid
genesis	Sonic	Sonic_2_-_Death_Egg_Zone.mid
genesis	Sonic	Sonic_2_-_Doctor_Robotnik_Remix.mid
genesis	Sonic	Sonic_2_-_Emerald_Hill_Zone.mid
genesis	Sonic	Sonic_2_-_Emerald_Hill_Zone_-_2-Player.mid
genesis	Sonic	Sonic_2_-_Ending.mid
genesis	Zelda: SS	Sonic_2_-_Final_Boss.mid
genesis	Sonic	Sonic_2_-_Hidden_Palace_Zone.mid
genesis	Sonic	Sonic_2_-_Hill_Top_Zone.mid
genesis	Sonic	Sonic_2_-_Invincibility.mid
genesis	Sonic	Sonic_2_-_Metropolis_Zone.mid
genesis	Sonic	Sonic_2_-_Mystic_Cave_Zone.mid
genesis	Sonic	Sonic_2_-_Mystic_Cave_Zone_-_2-Player.mid
genesis	Sonic	Sonic_2_-_Oil_Ocean_Zone.mid
genesis	Sonic	Sonic_2_-_Options_Screen.mid
genesis	Sonic	Sonic_2_-_Sky_Chase_Zone.mid
genesis	Sonic	Sonic_2_-_Super_Sonic.mid
genesis	Sonic	Sonic_2_-_Title_Screen.mid
genesis	Zelda: SS	Sonic_2_-_Wing_Fortress_Zone.mid
genesis	Sonic	Sonic_2_Chemical_Plant.mid
genesis	Sonic	Sonic_2_Chemical_Plant_XG.mid
genesis	Sonic	Sonic_2_Dr_Robotnick.mid
genesis	Sonic	Sonic_2_end_memories_remix.mid
genesis	Sonic	Sonic_3-Angel_Island_Act_2.mid
genesis	Sonic	Sonic_3D-_Puppet_Panic.mid
genesis	Sonic	Sonic_3D_Blast_-_Credits.mid
genesis	Sonic	Sonic_3D_Blast_-_Diamond_Dust_Zone_1.mid
genesis	Sonic	Sonic_3D_Blast_-_Diamond_Dust_Zone_2.mid
genesis	Sonic	Sonic_3D_Blast_-_Dr_Robotnik_Version_1.mid
genesis	Sonic	Sonic_3D_Blast_-_Dr_Robotnik_Version_2.mid
genesis	Sonic	Sonic_3D_Blast_-_Gene_Gadget_Zone_1.mid
genesis	Sonic	Sonic_3D_Blast_-_Green_Grove_Zone_1.mid
genesis	Sonic	Sonic_3D_Blast_-_Green_Grove_Zone_2.mid
genesis	Sonic	Sonic_3D_Blast_-_Opening_Theme.mid
genesis	Sonic	Sonic_3D_Blast_-_Panic_Puppet_Zone_1.mid
genesis	Sonic	Sonic_3D_Blast_-_Panic_Puppet_Zone_2.mid
genesis	Sonic	Sonic_3D_Blast_-_Rusty_Ruin_Zone_1.mid
genesis	Sonic	Sonic_3D_Blast_-_Spring_Stadium_Zone_1.mid
genesis	Sonic	Sonic_3D_Blast_-_Spring_Stadium_Zone_2.mid
genesis	Sonic	Sonic_3D_Blast_-_The_Final_Fight_-_Onslaught_of_Robotnik.mid
genesis	Sonic	Sonic_3D_Blast_-_Volcano_Valley_Zone_1.mid
genesis	Sonic	Sonic_3D_Blast_-_Volcano_Valley_Zone_2.mid
genesis	Sonic	Sonic_3D_Blast_Title.mid
genesis	Zelda: SS	Sonic_3D_Boss.mid
genesis	Sonic	Sonic_3D_Ending_V1.2.mid
genesis	Sonic	Sonic_3_-_Angel_Island_Zone_1.mid
genesis	Sonic	Sonic_3_-_Angel_Island_Zone_2.mid
genesis	Sonic	Sonic_3_-_Azure_Lake_Zone.mid
genesis	Sonic	Sonic_3_-_Balloon_Park_Zone.mid
genesis	Sonic	Sonic_3_-_Bonus_Stage_-_Gumball_Machine.mid
genesis	Zelda: SS	Sonic_3_-_Boss.mid
genesis	Sonic	Sonic_3_-_Carnival_Night_Zone_1.mid
genesis	Sonic	Sonic_3_-_Carnival_Night_Zone_2.mid
genesis	Sonic	Sonic_3_-_Chrome_Gadget_Zone_V11.mid
genesis	Sonic	Sonic_3_-_Credits.mid
genesis	Sonic	Sonic_3_-_Data_Select_Screen.mid
genesis	Sonic	Sonic_3_-_Death_Egg_Zone_1.mid
genesis	Sonic	Sonic_3_-_Death_Egg_Zone_2.mid
genesis	Sonic	Sonic_3_-_Desert_Palace_Zone.mid
genesis	Sonic	Sonic_3_-_Doomsday_Zone.mid
genesis	Zelda: SS	Sonic_3_-_Final_Boss.mid
genesis	Sonic	Sonic_3_-_Flying_Battery_Zone_1_V11.mid
genesis	Sonic	Sonic_3_-_Flying_Battery_Zone_2.mid
genesis	Sonic	Sonic_3_-_Hydro_City_Zone_1_V11.mid
genesis	Sonic	Sonic_3_-_Hydro_City_Zone_2.mid
genesis	Sonic	Sonic_3_-_Ice_Cap_Act_2.mid
genesis	Sonic	Sonic_3_-_Ice_Cap_Zone_1_V11.mid
genesis	Sonic	Sonic_3_-_Ice_Cap_Zone_2.mid
genesis	Sonic	Sonic_3_-_Launch_Base_Zone_1.mid
genesis	Sonic	Sonic_3_-_Launch_Base_Zone_2.mid
genesis	Sonic	Sonic_3_-_Lava_Reef_Zone_1.mid
genesis	Sonic	Sonic_3_-_Lava_Reef_Zone_2_-_Hidden_Palace.mid
genesis	Sonic	Sonic_3_-_Marble_Garden_Zone_1.mid
genesis	Sonic	Sonic_3_-_Marble_Garden_Zone_2.mid
genesis	Sonic	Sonic_3_-_Mushroom_Hill_Zone_1.mid
genesis	Sonic	Sonic_3_-_Mushroom_Hill_Zone_2.mid
genesis	Sonic	Sonic_3_-_Sandopolis_Zone_1_V11.mid
genesis	Sonic	Sonic_3_-_Sandopolis_Zone_2.mid
genesis	Sonic	Sonic_3_-_Sky_Sanctuary_Zone_V11.mid
genesis	Sonic	Sonic_3_-_Special_Stage.mid
genesis	Zelda: SS	Sonic_3_Act_1_Boss.mid
genesis	Sonic	Sonic_The_Hedghog_-_Game_theme.mid
genesis	Sonic	Sonic_and_Knuckles_-_Invincibility.mid
genesis	Sonic	Sonic_and_Knuckles_-_Knuckles.mid
genesis	Zelda: SS	Sonic_and_Knuckles_-_Mini_Boss.mid
genesis	Sonic	Sonice1_Marble_Zone.mid
genesis	Sonic	Sonicthehedgehog3-_Angel-Island-Zone-Act-1-V1_5.mid
genesis	Zelda: SS	Space_Boss_No_Panning_Added_1_0.mid
genesis	Zelda: SS	Sparkster_-_BossBattle.mid
genesis	Zelda: SS	StR3-Boss.mid
genesis	Chrono Trigger	StR3-Select.mid
genesis	Zelda: SS	Stage_2_Boss.mid
genesis	Chrono Trigger	Stereo_Protect.mid
genesis	Chrono Trigger	Streets_of_Rage_2_Player_Select.mid
genesis	Zelda: SS	Streets_of_Rage__Boss_Theme.mid
genesis	EarthBound	SunriseBlvd.mid
genesis	Sonic	SuperHangon_Genesis1.mid
genesis	Sonic	SuperHangon_Genesis2.mid
genesis	Sonic	SuperHangon_Genesis3.mid
genesis	Zelda: MM	SuperSF2-Cammy.mid
genesis	SF2	SuperSF2-DeeJay.mid
genesis	Zelda: SS	SyndBoss%5Bfinal%5D.mid
genesis	Zelda: SS	TF2Boss2_AWE.mid
genesis	Zelda: SS	TF4-boss8.mid
genesis	Zelda: SS	THFMoonMarsSukarabeFight1.mid
genesis	Zelda: SS	THFMoonMarsSukarabeFight2.mid
genesis	Zelda: SS	THFMoonMarsSukarabeFight3.mid
genesis	Ecco	TK_OpenOcean_Ecco.mid
genesis	Zelda: SS	T_AlteredBeast_Intermission.mid
genesis	Chrono Trigger	T_SEGADracula_StoryIntroduction.mid
genesis	Mega Man	T_SEGARockMan_GameSelect102.mid
genesis	Zelda: SS	T_SEGAWorldHeroes_BonusStage.mid
genesis	SF2	T_Sf2Dhalsim.mid
genesis	SF2	T_Sf2DhalsimTsuEdit.mid
genesis	SF2	T_Sf2EHondaNearDeath.mid
genesis	SF2	T_Sf2Ryu.mid
genesis	Chrono Trigger	T_SplatterHouse2_IntroductionTheme.mid
genesis	Chrono Trigger	T_SplatterHouse3_Introduction_Full.mid
genesis	Chrono Trigger	T_SplatterHouse3_Introduction_PartA.mid
genesis	Chrono Trigger	T_SplatterHouse3_Introduction_PartB.mid
genesis	Chrono Trigger	T_StreetFighterII_KyaraSelect.mid
genesis	Final Fantasy	T_StreetFighterII_StaffRoll.mid
genesis	Final Fantasy	T_StreetFighterII_StaffRoll_zb.mid
genesis	Shinobi	T_SuperShinobi2_TitleTheme.mid
genesis	Shinobi	T_SuperShinobi_LikeAWind.mid
genesis	Shinobi	T_SuperShinobi_MyLover.mid
genesis	EarthBound	T_SuperShinobi_OverTheBay.mid
genesis	Final Fantasy	Take_Off2.mid
genesis	Chrono Cross	Tcstage1.mid
genesis	Chrono Cross	Tcstage4.mid
genesis	Final Fantasy	Tf4staff.mid
genesis	Shinobi	TheShinobi.mid
genesis	Chrono Trigger	The_Adventures_of_Batman_and_Robin_-_Psycho_Section.mid
genesis	Zelda: SS	The_Adventures_of_Batman_and_Robin_-_Space_Boss.mid
genesis	Zelda: SS	TinyToonsBHT-Boss.mid
genesis	Zelda: SS	TrS1-Boss1.mid
genesis	Zelda: SS	TrS1-Boss2.mid
genesis	Zelda: SS	TrS1-Boss3.mid
genesis	Zelda: SS	TrS1-Boss4.mid
genesis	Zelda: SS	TrS1-Boss5.mid
genesis	Zelda: SS	TrS1-Boss6.mid
genesis	Sonic	TrS1-Continue.mid
genesis	Sonic	TrS1-Ending2.mid
genesis	Sonic	TrS1-Intro.mid
genesis	Sonic	TrS1-Over.mid
genesis	Sonic	TrS1-Select.mid
genesis	Sonic	TrS1-Stage1.mid
genesis	Sonic	TrS1-Stage2.mid
genesis	Sonic	TrS1-Stage3.mid
genesis	Sonic	TrS1-Stage4_2.mid
genesis	Sonic	TrS1-Stage5.mid
genesis	Sonic	TrS1-Story1.mid
genesis	Sonic	TrS1-Story2.mid
genesis	Sonic	TrS1-Title.mid
genesis	Sonic	TrS1-Victory1.mid
genesis	Sonic	TrS1-Victory2.mid
genesis	Sonic	TrS1-Victory3.mid
genesis	Zelda: SS	TruxtionBoss.mid
genesis	Zelda: SS	VECTORMAN2FINALBOSS.mid
genesis	Chrono Trigger	Vectorman_1_6_GS.mid
genesis	Chrono Trigger	Vectorman_1_6_XG.mid
genesis	Chrono Trigger	Vectorman_3_12_Bonus_XG.mid
genesis	Zelda: SS	WB3-Boss.mid
genesis	Zelda: MM	WW_MM1_Wily_Boss_V1_2.mid
genesis	Zelda: SS	Wing_Fortress.mid
genesis	Zelda: SS	Winged_Fortress.mid
genesis	Chrono Trigger	Zenkusa_-_StH2_ChemicalPlantZone_seq_act2remix.mid
genesis	Chrono Trigger	Zenkusa_-_StH2_HillTopZone_seq_act2remix.mid
genesis	Chrono Trigger	Zenkusa_-_StH_ActCleared_seq.mid
genesis	Final Fantasy	Zero_Wing_-_Take-Off.mid
genesis	Chrono Trigger	ashleykampta_ectitle.mid
genesis	Chrono Trigger	blank_structure.mid
genesis	Sonic	bman_md_sonic3_angelislandact2.mid
genesis	Sonic	bman_md_sonic_theme.mid
genesis	Sonic	bman_md_sonicandknuckles_mushroomhill1.mid
genesis	TMNT	bman_md_tmntthh_konami.mid
genesis	Zelda: SS	boss_mix.mid
genesis	Zelda: SS	caata-boss3.mid
genesis	Bahamut Lagoon	cbl11.mid
genesis	Bahamut Lagoon	cbl12.mid
genesis	Bahamut Lagoon	cbl14.mid
genesis	Bahamut Lagoon	cbl15.mid
genesis	Bahamut Lagoon	cbl16.mid
genesis	Bahamut Lagoon	cbl17.mid
genesis	Bahamut Lagoon	cbl18.mid
genesis	Bahamut Lagoon	cbl19.mid
genesis	Bahamut Lagoon	cbl20.mid
genesis	Bahamut Lagoon	cbl21.mid
genesis	Bahamut Lagoon	cbl24.mid
genesis	Bahamut Lagoon	cbl25.mid
genesis	Bahamut Lagoon	cbl26.mid
genesis	Bahamut Lagoon	cbl28.mid
genesis	Zelda: SS	comix_zone_-_boss.mid
genesis	Chrono Trigger	country_select.mid
genesis	Sonic	credits1.mid
genesis	Castlevania	cvbl-ibi.mid
genesis	Castlevania	cvresoul.mid
genesis	Zelda: BotW	demonbreath.mid
genesis	DOOM	doomsday_arrangement.mid
genesis	DOOM	doomsday_sk.mid
genesis	Sonic	dpa_credits2.mid
genesis	Sonic	duo_s3_getbluespheres.mid
genesis	Ecco	ecco1title.mid
genesis	Ecco	ecco2_hungryones.mid
genesis	Secret of Mana	ecco2_secretcave.mid
genesis	Ecco	ecco2title.mid
genesis	Ecco	ecco_the_tides_of_time_title_screen.mid
genesis	Chrono Trigger	ectheme.mid
genesis	Chrono Trigger	flyingbatteryact2_10.mid
genesis	Sonic	gaiares1-2.mid
genesis	Sonic	gaiares1.mid
genesis	Sonic	gaiares2.mid
genesis	Zelda: MM	genesis-dune2-command_post.mid
genesis	Zelda: SS	golden_axe-wilderness-reverber.mid
genesis	Chrono Trigger	icecap-act-2.mid
genesis	Zelda: SS	incrediblehulkboss2-kenji.mid
genesis	Sonic Adventure	lm-alisa1.mid
genesis	Sonic	mbm_stages1-4_lumina_v1-0.mid
genesis	Sonic	md_s3_sm04_GS.mid
genesis	Sonic	md_s3_sm05_XG.mid
genesis	Sonic	md_s3db_sm01.mid
genesis	Sonic	md_s3db_sm02.mid
genesis	Sonic	md_s3db_sm03_XG.mid
genesis	Sonic	metropolis_sonic_2-beat_remix.mid
genesis	Sonic	mk_Palace_gates_genEsis2.mid
genesis	Zelda: MM	mm2-amww.mid
genesis	Zelda: MM	mm2-bmww.mid
genesis	Zelda: MM	mm2-bsww.mid
genesis	Zelda: MM	mm2-cmww.mid
genesis	Zelda: MM	mm2-crww.mid
genesis	Zelda: MM	mm2-fmww.mid
genesis	Zelda: MM	mm2-hmww.mid
genesis	Zelda: MM	mm2-inww.mid
genesis	Zelda: MM	mm2-mmww.mid
genesis	Zelda: MM	mm2-ndww.mid
genesis	Zelda: MM	mm2-pwww.mid
genesis	Zelda: MM	mm2-qmww.mid
genesis	Zelda: MM	mm2-ssww.mid
genesis	Zelda: MM	mm2-w1ww.mid
genesis	Zelda: MM	mm2-w3ww.mid
genesis	Zelda: MM	mm2-wmww.mid
genesis	Zelda: MM	mmww_mm1select_Blue.mid
genesis	Zelda: MM	mmww_wtselect-selected_Blue.mid
genesis	Castlevania	mstccv2p.mid
genesis	Zelda: SS	pass-brz.mid
genesis	Zelda: SS	portclassica.mid
genesis	Zelda: SS	pressure%5B1%5D.mid
genesis	Sonic	ps2-shure.mid
genesis	Sonic	ps2LutzMix.mid
genesis	Zelda: SS	ps2boss.mid
genesis	Sonic	ps2mystr.mid
genesis	Sonic	ps3.mid
genesis	Sonic	ps3anger.mid
genesis	Sonic	ps3c1.mid
genesis	Sonic	ps3d1.mid
genesis	Sonic	ps3shop.mid
genesis	Sonic	ps3underw.mid
genesis	Sonic	ps3waltz.mid
genesis	Sonic	ps3world.mid
genesis	Zelda: SS	ps4boss.mid
genesis	Sonic	rael0505_s3db_vv2.mid
genesis	Zelda: SS	rael0505_sk_ss.mid
genesis	Sonic	reincarnated_souls2.mid
genesis	Zelda: SS	ristar_boss_ssbmaul.mid
genesis	Zelda: SS	rocketknightadventures-bossXG.mid
genesis	Chrono Trigger	rshin-ct.mid
genesis	Chrono Trigger	rustyruinremixact2.mid
genesis	Sonic	s1-Credits.mid
genesis	Sonic	s1_labyrinth.mid
genesis	Sonic	s1_marble.mid
genesis	Sonic	s1_md_01.mid
genesis	Sonic	s1_sg_06.mid
genesis	Sonic	s1_sg_08.mid
genesis	Sonic	s1_springyard.mid
genesis	Zelda: SS	s1_ss.mid
genesis	Sonic	s1_starlight.mid
genesis	Sonic	s1credits.mid
genesis	Zelda: SS	s1finalboss.mid
genesis	Sonic	s1marble.mid
genesis	Sonic	s1marble2.mid
genesis	Sonic	s1special.mid
genesis	Sonic	s1springyard2.mid
genesis	Sonic	s1spryard.mid
genesis	Sonic	s1starlight4.mid
genesis	Sonic	s2-ChemicalPlantZone.mid
genesis	Sonic	s2-options.mid
genesis	Sonic	s204b.mid
genesis	Sonic	s208b.mid
genesis	Sonic	s20eb.mid
genesis	Sonic	s2_casino.mid
genesis	Sonic	s2_chemplant.mid
genesis	Sonic	s2_emerald.mid
genesis	Sonic	s2_emerald2.mid
genesis	Sonic	s2_options.mid
genesis	Sonic	s2_sg_13.mid
genesis	Sonic	s2_sg_26.mid
genesis	Sonic	s2_sg_27.mid
genesis	Sonic	s2_sg_30.mid
genesis	Sonic	s2_sg_32.mid
genesis	Sonic	s2_sg_33.mid
genesis	Sonic	s2_skychase.mid
genesis	Sonic	s2aquaruins2.mid
genesis	Zelda: SS	s2boss2.mid
genesis	Sonic	s2casino1B.mid
genesis	Sonic	s2casino2A.mid
genesis	Sonic	s2chem-v2.mid
genesis	Sonic	s2chem.mid
genesis	Sonic	s2chemical2.mid
genesis	Sonic	s2chemical3.mid
genesis	Sonic	s2emerald1A.mid
genesis	Sonic	s2emerald1B.mid
genesis	Sonic	s2emerald2A.mid
genesis	Zelda: SS	s2finalboss.mid
genesis	Zelda: SS	s2finalboss3.mid
genesis	Sonic	s2hilltop.mid
genesis	Sonic	s2hilltop3.mid
genesis	Sonic	s2metrocity2.mid
genesis	Sonic	s2metrocity3.mid
genesis	Sonic	s2oilocean3.mid
genesis	Sonic	s2oilst.mid
genesis	Sonic	s2raceresults.mid
genesis	Zelda: SS	s2robotnikboss-kenji.mid
genesis	Sonic	s2skychase2.mid
genesis	Sonic	s2special.mid
genesis	Sonic	s3-CompetitionMenu.mid
genesis	Sonic	s3-LaunchBaseZone-Act1.mid
genesis	Sonic	s3-LaunchBaseZone-Act2.mid
genesis	Sonic	s32a.mid
genesis	Sonic	s333.mid
genesis	Sonic	s3_credits.mid
genesis	Sonic	s3_lbase2.mid
genesis	Sonic	s3_mgarden.mid
genesis	Sonic	s3_option.mid
genesis	Sonic	s3_option2.mid
genesis	Sonic	s3_sg_03.mid
genesis	Sonic	s3_sg_04.mid
genesis	Sonic	s3_sg_06.mid
genesis	Sonic	s3_sg_07.mid
genesis	Sonic	s3_sg_28.mid
genesis	Sonic	s3_sg_31.mid
genesis	Sonic	s3angelisland1A.mid
genesis	Sonic	s3azurelake.mid
genesis	Sonic	s3balloonpark.mid
genesis	Zelda: SS	s3boss.mid
genesis	Zelda: SS	s3boss_heavy_metal_remix.mid
genesis	Sonic	s3carnival1A.mid
genesis	Sonic	s3carnival2A.mid
genesis	Sonic	s3chromegadget.mid
genesis	Sonic	s3d_dda1.mid
genesis	Sonic	s3d_dda2.mid
genesis	Sonic	s3d_gga1.mid
genesis	Sonic	s3d_gga2.mid
genesis	Sonic	s3d_invincibility.mid
genesis	Sonic	s3d_rra2.mid
genesis	Sonic	s3d_special.mid
genesis	Zelda: SS	s3d_ssa1.mid
genesis	Zelda: SS	s3d_ssa2.mid
genesis	Sonic	s3d_vva1.mid
genesis	Sonic	s3d_vva2.mid
genesis	Sonic	s3db_coolmagmaremix_v2_rael0505.mid
genesis	Sonic	s3db_sg_11.mid
genesis	Sonic	s3db_sg_13.mid
genesis	Sonic	s3db_sg_14.mid
genesis	Sonic	s3db_sg_17.mid
genesis	Sonic	s3db_sg_18.mid
genesis	Sonic	s3db_sg_19.mid
genesis	Sonic	s3db_sg_20.mid
genesis	Sonic	s3db_sg_22.mid
genesis	Sonic	s3dbvvremix.mid
genesis	Sonic	s3dbvvremix2.mid
genesis	Sonic	s3ddiamonddust2.mid
genesis	Sonic	s3desertpalace.mid
genesis	Zelda: SS	s3endlessmine.mid
genesis	Zelda: SS	s3finalboss-1.mid
genesis	Zelda: SS	s3finalboss.mid
genesis	Sonic	s3gen_angelisland2mix.mid
genesis	Sonic	s3gen_launchbasehmix.mid
genesis	Sonic	s3hydrocity1A.mid
genesis	Sonic	s3hydrocity2A.mid
genesis	Sonic	s3icecap1D.mid
genesis	Sonic	s3icecap2A.mid
genesis	Sonic	s3k_fb2_1-1.mid
genesis	Sonic	s3k_special.mid
genesis	Sonic	s3launchbase1A.mid
genesis	Sonic	s3launchbase2A.mid
genesis	Sonic	s3marble1A.mid
genesis	Sonic	s3marble2A.mid
genesis	Sonic	s3mechamx_ztp.mid
genesis	Zelda: SS	s3miniboss.mid
genesis	Sonic	s3special.mid
genesis	Sonic	s3vs_vc1000_rmx_ztp.mid
genesis	Zelda: SS	sf1creditsenhancedpercussion.mid
genesis	Street Fighter	sf1sabby.mid
genesis	Street Fighter	sfhq.mid
genesis	Street Fighter	sfshipfight.mid
genesis	Street Fighter	sfsimone.mid
genesis	Zelda: SS	sk-act2boss.mid
genesis	Chrono Trigger	skfbact2.mid
genesis	Chrono Trigger	sky_sanctuary.mid
genesis	Sonic	smd-sonicthehedgehog2-aquaticruin.mid
genesis	Sonic	smd-sonicthehedgehog2-chemicalplantzone.mid
genesis	Sonic	smd-sonicthehedgehog2-emeraldhillzone-v2.mid
genesis	Sonic	smd-sonicthehedgehog3-hydrocityzone-act1.mid
genesis	Sonic	smd-sonicthehedgehog3-hydrocityzone-act2.mid
genesis	Sonic	son2bos1.mid
genesis	Sonic	son2bos2.mid
genesis	Zelda: SS	son2boss.mid
genesis	Sonic	sonic1-finalzone.mid
genesis	Sonic	sonic1-greenhill-1.mid
genesis	Sonic	sonic1-labyrinth.mid
genesis	Sonic	sonic1-marble.mid
genesis	Sonic	sonic1-specialstage.mid
genesis	Sonic	sonic1-springyard.mid
genesis	Sonic	sonic1-starlight.mid
genesis	Sonic	sonic1-title.mid
genesis	Sonic	sonic2-chemicalplantXG.mid
genesis	Sonic	sonic2-emeraldhillXG-2.mid
genesis	Sonic	sonic2-metropolisXG.mid
genesis	Sonic	sonic2-mysticcave2p.mid
genesis	Sonic	sonic2_ending.mid
genesis	Zelda: SS	sonic2bosstrue.mid
genesis	Sonic	sonic2end.mid
genesis	Sonic	sonic3-angelisland1.mid
genesis	Sonic	sonic3-angelisland2XG.mid
genesis	Zelda: SS	sonic3boss-kenji.mid
genesis	Sonic	sonic3d_stadium.mid
genesis	Sonic	sonic3invince.mid
genesis	Sonic	sonic3k-skysanctuary.mid
genesis	Sonic	sonic_1_-_greenhill_zone.mid
genesis	Sonic	sonic_and_knuckles-sandopolis_zone_act1.mid
genesis	Sonic	sor2-s1r.mid
genesis	Zelda: SS	ss2ehtarget.mid
genesis	Zelda: SS	ss_sg_06.mid
genesis	Zelda: SS	ss_sg_07.mid
genesis	Zelda: SS	ss_sg_10.mid
genesis	Zelda: SS	ssb_lph.mid
genesis	Zelda: SS	ssoption.mid
genesis	Zelda: SS	sth3_boss6.0.mid
genesis	EarthBound	streetsofrage2stage1-2inthebar.mid
genesis	Sonic	super_sonic-1.mid
genesis	Sonic	super_sonic.mid
genesis	Sonic	supersonic.mid
genesis	Sonic	supersonic3k.mid
genesis	Sonic	supersonicrmxrmx.mid
genesis	Zelda: SS	t_ssmrt5.mid
genesis	Zelda: SS	tmntboss.mid
genesis	TMNT	tmntclea.mid
genesis	TMNT	tmntend.mid
genesis	TMNT	tmntintr.mid
genesis	Chrono Trigger	tmntslct.mid
genesis	TMNT	tmntstg5.mid
genesis	TMNT	tmnttfspaceship.mid
genesis	Chrono Trigger	vector-ocean-xgremix.mid
genesis	Chrono Trigger	vector-ocean.mid
genesis	Chrono Trigger	vectorm.mid
genesis	Chrono Trigger	vectorman_tidal_surge_remix.mid
n64	Chrono Trigger	007Ctrl.mid
n64	Crash Bandicoot	Aircrash2.mid
n64	Yoshi's Island	Akiyoshidai2.mid
n64	Chrono Trigger	Alien_Conflict.mid
n64	Chrono Trigger	B1L_mk64_select.mid
n64	Chrono Trigger	B1L_wetrix_practice_v1-1_XG.mid
n64	Chrono Cross	BCskyfall.mid
n64	Zelda: SS	BGS_Boss.mid
n64	Final Fantasy	BKFF.mid
n64	Zelda: SS	BKGobi_Valley_%28Boss_Remix%29.mid
n64	Zelda: MM	BL_mm_eyecatch.mid
n64	Zelda: TP	BL_mnsg_twilightkoryuta.mid
n64	Super Mario 64	BL_sm64_powerfulmario_v2.mid
n64	Yoshi's Island	BL_yoshi_spiderswing.mid
n64	Zelda: SS	BM64_-_Black_Fortress.mid
n64	Zelda: SS	BT_Mayahem_Temple_Boss.mid
n64	Banjo-Kazooie	Banjo-Kazooie_v1-1-1.mid
n64	Banjo-Kazooie	Banjo-_Clankers_Cavern_Theme.mid
n64	Banjo-Kazooie	Banjo-_Gruntilda%27s_Lair-_Banjos_Garden.mid
n64	Banjo-Kazooie	Banjo-_Mumbos_Mountain.mid
n64	Banjo-Kazooie	Banjo1.mid
n64	Banjo-Kazooie	Banjo3.mid
n64	Banjo-Kazooie	Banjo4-1.mid
n64	Banjo-Kazooie	Banjo4-2.mid
n64	Banjo-Kazooie	Banjo5.mid
n64	Banjo-Kazooie	Banjo6.mid
n64	Banjo-Kazooie	Banjo7.mid
n64	Banjo-Kazooie	Banjo_Kazooie-_Bubblegloop_Swamp_-_final.mid
n64	Banjo-Kazooie	Banjo_Kazooie.mid
n64	Banjo-Kazooie	Banjo_Kazooie_-_Pause.mid
n64	Banjo-Kazooie	Banjo_Tooie_intro.mid
n64	Banjo-Kazooie	Banjo_kazooie-swan_lake_remix.mid
n64	Final Fantasy	BobOmbSpiffy4.mid
n64	CV: SOTN	Bolero_Of_Fire_%28Symphony_Mix%29.mid
n64	Zelda: SS	BombermanHero_-_Dessert.mid
n64	Zelda: SS	BossCourage.mid
n64	Castlevania	CV64FinalCerberus.mid
n64	Castlevania	CV64Prologue.mid
n64	Castlevania	CV64Renon.mid
n64	Castlevania	CV64Shudder.mid
n64	Castlevania	CV64_Encounters.mid
n64	Castlevania	CV64_Invisible_Sorrow.mid
n64	Castlevania	CV64_Main_Theme.mid
n64	Castlevania	CV64_Rosa.mid
n64	Castlevania	CV64_Specimen.mid
n64	Zelda: OoT	CV64_Toothed_Wheel.mid
n64	Castlevania	CVLoD-_WatchTower.mid
n64	Castlevania	CVLoD-_WatchTower2.mid
n64	Castlevania	CVLoD_Tower_of_Sorcery.mid
n64	Castlevania	CastleVania-_Illusions.mid
n64	Castlevania	CastleVania-_Maze.mid
n64	Castlevania	CastlevaniaLOD_-_Art_Tower.mid
n64	Zelda: SS	ChanterellesSong.mid
n64	Final Fantasy	Coffee2.mid
n64	Zelda	Crazy_Mask_Man_frum_Zelda.mid
n64	Zelda: SS	Cross-Stitch.mid
n64	Donkey Kong	DK64AngryAztecRace.mid
n64	Zelda: SS	DK64CreepyCastleBoss.mid
n64	Donkey Kong	DK64CreepyCastleMineCart.mid
n64	Zelda: SS	DK64FungiForestBoss.mid
n64	Zelda: SS	DK64GloomyGalleonBoss.mid
n64	Zelda: SS	DK64JungleJapesBoss.mid
n64	Donkey Kong	DK64_-_Creepy_Castle.mid
n64	Donkey Kong	DK64_-_Dogadon_%28Forest%29.mid
n64	Donkey Kong	DK64_-_Fungi_Forest_--_DK%27s_Barrel_Blast.mid
n64	Donkey Kong	DK64_-_Hideout_Helm.mid
n64	Donkey Kong	DK64_BananaFairyIsland.mid
n64	Donkey Kong	DK64_Battle_Arena-KM.mid
n64	Donkey Kong	DK64_Creepy_Castle-KM.mid
n64	Donkey Kong	DK64_Creepy_Castle_Catacombs-KM.mid
n64	Zelda: SS	DK64_Crystal_Caves_Boss.mid
n64	Chrono Trigger	DK64_Frantic_Factory-Production_Room-KM.mid
n64	Chrono Trigger	DK64_Frantic_Factory_Remix.mid
n64	Donkey Kong	DK64_L2_RMX.mid
n64	Donkey Kong	DK64ballroom.mid
n64	Donkey Kong	DKBFIsle.mid
n64	Zelda: SS	DKIsleSSBMRemix.mid
n64	Donkey Kong	DKMPalac.mid
n64	Donkey Kong	DKPause.mid
n64	Donkey Kong	DKR11.mid
n64	Donkey Kong	DKRAdvCA.mid
n64	Donkey Kong	DKRDinoD.mid
n64	Donkey Kong	DKRDrago.mid
n64	Donkey Kong	DKRMenuLobby.mid
n64	Donkey Kong	DKRPirateLagoon.mid
n64	Donkey Kong	DKRSherb.mid
n64	Donkey Kong	DKRSnowf.mid
n64	Donkey Kong	DKRWalrusCove.mid
n64	Donkey Kong	DKRWhaleBay.mid
n64	Donkey Kong	DKRWindmillPlains.mid
n64	Donkey Kong	DKR_2ndcredits.mid
n64	Zelda: SS	DKR_Boss-KM.mid
n64	Donkey Kong	DKR_DarkmoonCaverns.mid
n64	Donkey Kong	DKR_Darkmoon_Caverns-KM.mid
n64	Donkey Kong	DKR_Jungle_Falls-KM.mid
n64	Donkey Kong	DKR_Menu_SBLive.mid
n64	Donkey Kong	DKR_Options-KM.mid
n64	Donkey Kong	DKR_SpacedustAlley.mid
n64	Donkey Kong	DKRlatin.mid
n64	Donkey Kong	DK_Forest.mid
n64	Donkey Kong	DK_Isle_%28Bumblebee_Remix%29.mid
n64	Donkey Kong	DK_Isle_Jazz.mid
n64	DOOM	Desert_Lynx_87-6_hours_to_Doomsday_%28The_Last_Day_ReMix%29.mid
n64	Zelda: OoT	DevilsForest4_BigFoot_V1_1_Nova.mid
n64	Donkey Kong	Dkfrosty.mid
n64	Donkey Kong	Dkremix.mid
n64	Zelda: SS	Elegy_of_Emptiness.mid
n64	Zelda: SS	Embassy_Function_GM2.mid
n64	Zelda: SS	EndlessStairs.mid
n64	Chrono Trigger	F-Zero_X_-_Car_Select.mid
n64	Chrono Trigger	F-Zero_X_-_Drivin_Through_on_Max_-Sector_Alpha-.mid
n64	Zelda: SS	F-Zero_X_-_Endless_Challenge.mid
n64	Zelda: SS	F-Zero_X_-_Endless_Challenge_-Mute_City-.mid
n64	Zelda: OoT	FZX-EK_Big_Foot-KM.mid
n64	Chrono Trigger	FighterSelect.mid
n64	Street Fighter	FreezeezyPeaksLair_GruntysFreakinFat.mid
n64	Sonic	Ge64s1-2.mid
n64	Chrono Trigger	Glitter_Gulch_Mine_%28Factory_Remix%29.mid
n64	GoldenEye	GoldenEye_Citadel.mid
n64	GoldenEye	Goldeneye64_DisusedMilitaryDepot.mid
n64	GoldenEye	Goldeneye_-_Antenna_Cradle_-_By_DaDude_-_V1_2.mid
n64	GoldenEye	Goldeneye_-_Finish_the_job_James_If_you_can_-_By_DaDude_V1_11.mid
n64	GoldenEye	Goldeneye_64_-_James_Bond_Theme.mid
n64	GoldenEye	Goldeneye_64_-_Surface_2_X.mid
n64	Zelda: SS	Grassland.mid
n64	Zelda: MM	HM64SUMMER.mid
n64	Chrono Trigger	Introduction.mid
n64	Zelda: SS	JFG_-_SS_Anubis.mid
n64	Zelda: SS	JollyRogersss.mid
n64	Chrono Trigger	K64_Factory.mid
n64	Chrono Trigger	KiGoldSelect.mid
n64	Chrono Trigger	Killer_Instinct-Select__SC-8850_ONLY.mid
n64	Chrono Trigger	Killer_Instinct.mid
n64	Kirby	Kirby64_-_NeoStar.mid
n64	Kirby	Kirby64_-_RippleStar.mid
n64	Kirby	Kirby64_-_RippleStarMapV1_1.mid
n64	Kirby	Kirby64_-_RockStar.mid
n64	Kirby	Kirby64_-_RockStarMap.mid
n64	Kirby	Kirby64_-_ShiverStar.mid
n64	Kirby	Kirby_-_RockStar3.mid
n64	Kirby	Kirby_100_m_hop_-_final.mid
n64	Zelda	KondoZeldaGoronOrchestral.mid
n64	Zelda: OoT	LegendOfZelda_OcarinaOfTime_-_FairyFlying.mid
n64	Zelda: OoT	LegendOfZelda_OcarinaOfTime_-_LostWoods.mid
n64	Zelda: OoT	LegendOfZelda_OcarinaOfTime_-_Windmill_Hut.mid
n64	Zelda	LoZ5SoW.mid
n64	Zelda: MM	LoZMM_EndingCredits.mid
n64	Zelda: OoT	LoZOoT_Ending_Remix.mid
n64	Zelda: SS	MG_Boo_Classic-KM.mid
n64	Yoshi's Island	MK64YoshiValley.mid
n64	Chrono Trigger	MK64_VictoryLap.mid
n64	Zelda: MM	MM-OpeningDemo2.mid
n64	Zelda: MM	MMClockTownDay2.mid
n64	Zelda: MM	MMClockTown_R.mid
n64	Zelda: MM	MMClocktownDanceMix.mid
n64	Zelda: MM	MMElegyComplete.mid
n64	Zelda: MM	MMMCOURT.mid
n64	Zelda: MM	MMOathtoOComplete.mid
n64	Zelda: MM	MMSkullKid.mid
n64	Zelda: MM	MMZoraDrummer.mid
n64	Metroid Prime	MP1_minigame_letsgolightly1.mid
n64	Metroid Prime	MP2AdventureBegins.mid
n64	Metroid Prime	MP2Marchesous-marine.mid
n64	Metroid Prime	MP2MinigameLand.mid
n64	Metroid Prime	MP2Wario.mid
n64	Metroid Prime	MP2WarpPipe.mid
n64	Metroid Prime	MP2_Coaster_world1.mid
n64	Metroid Prime	MP2_Coaster_world2_DoubleMix.mid
n64	Metroid Prime	MP2_Coaster_world3_SingleMix.mid
n64	Metroid Prime	MP2_Coaster_world4_HipHopMix.mid
n64	Metroid Prime	MP2_Coaster_world5_DuoMix.mid
n64	Metroid Prime	MP2_Coaster_world6_HermitMix.mid
n64	Metroid Prime	MP2_Coaster_world7_Speed_Mix.mid
n64	Metroid Prime	MP2_Coaster_world8_SurvivalMix.mid
n64	Metroid Prime	MP2_Mini-Game_Intro-KM.mid
n64	Metroid Prime	MP2_RhythmShakers.mid
n64	Metroid Prime	MP2_Space_Land2.mid
n64	Metroid Prime	MP2_You_Know_Now.mid
n64	Metroid Prime	MP3_Duel_Map.mid
n64	Metroid Prime	MP3_Game_setupV1.2.mid
n64	Metroid Prime	MP3_Waluigis_Island-KM.mid
n64	Zelda: MM	Majora%27s_Mask-Deku_Palace.mid
n64	Zelda: MM	Majora-Termina.mid
n64	Zelda: MM	MajoraCredits.mid
n64	Zelda: MM	Majoras_Wrath_Quicktime.mid
n64	Final Fantasy	MarioGolfFailure.mid
n64	Zelda: SS	Mario_Kart_64_Rainbow_Road_TeqxEsSephony.mid
n64	EarthBound	Mario_Party_PlayingthegameB.mid
n64	Chrono Trigger	Mario_paper_Select_file_theme.mid
n64	Final Fantasy	MinuetOfForest.mid
n64	Yoshi's Island	Mtyoshi.mid
n64	Chrono Trigger	Mystical_Ninja_Starring_Goemon_I_am_Impact_Arranged_dw.mid
n64	CV: SOTN	N64Forest_Minuet_Symphony.mid
n64	Zelda: OoT	N64ZeldaOcarinaEnding.mid
n64	Zelda: OoT	N64_ZOoT_Gerudo_Valley_Remix_for_YAMAHA-Keyboard_V2.mid
n64	Zelda: MM	N64__Legend_of_Zelda_Majoras_Mask__Clock_Town_Day_3__GS.mid
n64	Zelda: MM	N64__Legend_of_Zelda_Majoras_Mask__Marsh_Land_Clear__v1.1.mid
n64	Zelda: OoT	N64__Legend_of_Zelda_Ocarina_of_Time__Fire_Temple.mid
n64	Secret of Mana	N64__Super_Smash_Bros.__Secret_Unlocked.mid
n64	Chrono Trigger	New_Kirby_Victory.mid
n64	Zelda: OoT	Ocarina_of_Time.mid
n64	Zelda: OoT	Ocarina_of_Time_-_Bolero_of_Fire.mid
n64	Zelda: OoT	Ocarina_of_Time_-_Kakariko_Village_Adult_Link.mid
n64	Zelda: OoT	Ocarina_of_Time_-_Kakariko_Village_Child_Link.mid
n64	Zelda: OoT	Ocarina_of_Time_-_Minuet_of_Forest.mid
n64	Zelda: OoT	Ocarina_of_Time_-_Serenade_of_Water.mid
n64	Zelda: OoT	Ocarina_of_Time_-_Title_Theme.mid
n64	EarthBound	OgreBattle33.mid
n64	EarthBound	OgreBattle53.mid
n64	EarthBound	OgreBattle64_Chapter_3_one-repeat.mid
n64	Zelda: OoT	OoT-Lost_Woods.mid
n64	Zelda: OoT	OoTBoF.mid
n64	Zelda: OoT	OoTHome.mid
n64	Zelda: OoT	OoTKrkoV.mid
n64	Zelda: OoT	OoTRoS.mid
n64	Zelda: OoT	OoTShop.mid
n64	Zelda: OoT	OotTot_mdw_mix.mid
n64	Zelda: MM	P-kammy.mid
n64	Zelda: MM	PDcommenu.mid
n64	Final Fantasy	PMHuffNPuffv1-1.mid
n64	Zelda: SS	PMSSR.mid
n64	Final Fantasy	PM_Huff_N_Puff-KM.mid
n64	Zelda: SS	PM_Wish_of_the_Princess.mid
n64	Yoshi's Island	PM_YOSHI_VILLAGE_JUNGLE.mid
n64	Zelda: MM	PMmerlar.mid
n64	Zelda: SS	Paperminiboss.mid
n64	Chrono Trigger	Perfect-Dark%28Remix%29.mid
n64	Chrono Trigger	PerfectMenu.mid
n64	Chrono Trigger	Perfect_Dark_-_.mid
n64	Pilotwings	PilotWings_Ending_Theme.mid
n64	Zelda: SS	Pirates_Fortress.mid
n64	Pokemon	PokeSnap_Intro_%28Improved%29.mid
n64	Pokemon	Pokemon_Puzzle_League_Team_Rocket.mid
n64	Chrono Trigger	Production_Room.mid
n64	Chrono Trigger	Raise_the_bridge_sections.mid
n64	Kirby	SBKQuicksandValley.mid
n64	Zelda: SS	SF64-BossBattles1.mid
n64	Zelda: SS	SF64_Boss_2-KMv1-1.mid
n64	Zelda: SS	SF64_Boss_2_Arr-KM.mid
n64	Street Fighter	SF64_Corneria-KM.mid
n64	Street Fighter	SF64_Fortuna-KM.mid
n64	Street Fighter	SF64_Fortuna-Rock-KM.mid
n64	Street Fighter	SF64_Map-KM.mid
n64	Street Fighter	SF64_Menu-KM.mid
n64	Chrono Trigger	SF64_Sector_X_Arr-KM.mid
n64	Street Fighter	SF64_Warp-KM.mid
n64	Zelda: SS	SF64_Zoness-KM.mid
n64	Zelda: SS	SK_Grass_Valley.mid
n64	Super Mario 64	SM64-BowserFinal-Orch.mid
n64	Super Mario 64	SM64-FileSelect.mid
n64	Super Mario 64	SM64-Merry-Go-Round.mid
n64	Super Mario 64	SM64-PowerfulMario-v2.mid
n64	Super Mario 64	SM64Snow.mid
n64	Super Mario 64	SM64WCap.mid
n64	Super Mario 64	SM64Water-3.mid
n64	Super Mario 64	SM64_-_Bowsers_Theme.mid
n64	Super Mario 64	SM64_Bowsers_Domain.mid
n64	Super Mario 64	SM64_Koopa_Theme-KM.mid
n64	Super Mario 64	SM64__CapThemeRemix.mid
n64	Zelda: SS	SSB-Meta_Crystal.mid
n64	Zelda: SS	SSB64_Peachs_Castle.mid
n64	Zelda: SS	SSBKirbyStage.mid
n64	Zelda: SS	SSB_-_Meta_Crystal.mid
n64	Zelda: SS	SSB_D.K._Wins2.mid
n64	Zelda: SS	SSB_EndingPoint.mid
n64	Zelda: SS	SSB_Fox%27s_Stage.mid
n64	Zelda: SS	SSB_Metal_Mario_SSBB_Arr-KM.mid
n64	Zelda: SS	SSB_Ness_Wins.mid
n64	Zelda: SS	SSB_link_stage.mid
n64	Sonic	S_T_s_theme_sonic_melee_5.mid
n64	Final Fantasy	Saffron_City.mid
n64	Zelda: SS	SamusStage2.mid
n64	CV: Aria	Saria2.mid
n64	CV: Aria	SariaOr.mid
n64	Secret of Mana	Secret_Rock.mid
n64	Chrono Trigger	Sector_A%26B_Rainbow_Road.mid
n64	Chrono Trigger	Sector_X.mid
n64	Chrono Trigger	SelectFile.mid
n64	CV: SOTN	Sharp%27s_Death_Symphony.mid
n64	Zelda: SS	Silent_Madness.mid
n64	Mario Kart	Smk64bc.mid
n64	Zelda: SS	SnowboardKidsSunsetRock.mid
n64	Zelda: SS	Sog_of_time_Bluegrass.mid
n64	Chrono Trigger	StarFox64-Select.mid
n64	Chrono Trigger	StarFox64_SectorY2.mid
n64	Zelda: SS	StatsScreen.mid
n64	Zelda: MM	Super_Smash_Bros._-_Hammer_Music_2.0_.mid
n64	Zelda: MM	TaleofMajorasMaskBML.mid
n64	Zelda	Termina_Field-Zelda_Theme_Remix.mid
n64	Zelda: SS	Theme_%28Bluegrass_Remix%29.mid
n64	Zelda: SS	Title_Screen_%28Boss_Remix%29.mid
n64	Sonic Adventure	Tosa2.mid
n64	Chrono Trigger	Turok_II_-_Port_of_Adia_-Hectic_Battle_Remix-.mid
n64	Chrono Trigger	V1.1DK64_Frantic_Factory.mid
n64	Donkey Kong	V1.1DK64_Krool_Battle.mid
n64	Metroid Prime	V1.1MP3_Battle_room_%28Beat_Mix%29.mid
n64	Metroid Prime	V1.1MP3_Here%27s_The_Star.mid
n64	Metroid Prime	V1.1MP3_Peach%27s_Castle_Grounds.mid
n64	Metroid Prime	V1.1_MP2_Here%27s_The_Star.mid
n64	Zelda: SS	V3.1Kirby_64_final_boss.mid
n64	Chrono Trigger	Victory_Lap.mid
n64	Zelda: WW	WWF-D%27lo_Brown-ER.mid
n64	Zelda: WW	WWF-Dude_Love-ER.mid
n64	Zelda: WW	WWF-Edge-ER.mid
n64	Zelda: WW	WWF-No-Mercy-Original-7.mid
n64	Yoshi's Island	YOSHIRAP2.mid
n64	Zelda: MM	YS_Summit.mid
n64	Yoshi's Island	Yoshi.mid
n64	Yoshi's Island	YoshisStory_SpdiderSwing.mid
n64	Yoshi's Island	Yoshis_Lullaby.mid
n64	Chrono Trigger	Z5NocturneOfShadow.mid
n64	Zelda: SS	Z64boss1.mid
n64	Zelda: SS	Z6_Boss_V3_1.mid
n64	Zelda: MM	ZMM-Astral%28v1.1%29.mid
n64	Zelda: MM	ZMMClockTower.mid
n64	Zelda: MM	ZMMStoneTowerR.mid
n64	Zelda: MM	ZMM_Overworld_v1-1.mid
n64	Zelda: MM	ZMM_They_v2.mid
n64	Zelda: OoT	ZOOT64LostWood.mid
n64	Zelda: OoT	ZOOT_Boss_Alt.mid
n64	Zelda: OoT	ZOOT_Forest_Temple_MSGS.mid
n64	Zelda: OoT	ZOOT_Forest_Temple_SBLive.mid
n64	Zelda: OoT	ZOOT_Forest_Temple_XG.mid
n64	Zelda	Zelda%27s_Lullaby_v2.mid
n64	Zelda	Zelda1.mid
n64	Zelda	Zelda2.mid
n64	Zelda	Zelda3.mid
n64	Zelda	Zelda5.mid
n64	Zelda: MM	ZeldaMM_SonataOfAwakening_TS.mid
n64	Zelda: OoT	ZeldaOOTSheikforBrass.mid
n64	Zelda: OoT	ZeldaOOT_DekuTree_TS.mid
n64	Zelda	Zelda_-_Select_Archive.mid
n64	Zelda	Zelda_64-Prelude_of_Time-Extended_Mix.mid
n64	Zelda: OoT	Zelda_OoT_-_Miniboss_Battle.mid
n64	Zelda: OoT	Zelda_OoT_Gerudovalley_Remix_SBAudio128_Version.mid
n64	Zelda: OoT	Zelda_OoT_Gerudovalley_Remix_YAMAHA_Keyboard_Version.mid
n64	Zelda: MM	anthemmix.mid
n64	Sonic	atlantis1.mid
n64	Zelda: SS	aztcboss.mid
n64	Banjo-Kazooie	banjo2.mid
n64	Banjo-Kazooie	banjo_tickers_tower.mid
n64	Banjo-Kazooie	banjoprologue1.mid
n64	Sonic	banjos_house_blues2.mid
n64	Zelda: MM	bk64_mmm_mansion_interior.mid
n64	Secret of Mana	bk64_secret_fanfare.mid
n64	Zelda: SS	bk_ccw_boss.mid
n64	Zelda: MM	bkmmm.mid
n64	Zelda: SS	boss2.mid
n64	Zelda: SS	bossanova.mid
n64	Banjo-Kazooie	bt64_banjos_house_blues.mid
n64	Zelda: SS	bt64_ggm_ssbm.mid
n64	Zelda: WW	bt64_ww.mid
n64	Zelda: WW	bt64_ww_mr_patch.mid
n64	Chrono Trigger	bt_atl_factory.mid
n64	Zelda: SS	bt_fun_n_games-gkbossremix.mid
n64	Zelda: SS	bt_hfp_boss.mid
n64	Chrono Trigger	cactus.mid
n64	Chrono Trigger	cactusf%5B1%5D.mid
n64	Final Fantasy	cbfd_buff_you_v1_1.mid
n64	Secret of Mana	ccw_secret_v2.mid
n64	Zelda: MM	ccwsummer.mid
n64	Chrono Trigger	dD_Action.mid
n64	Donkey Kong	dk64-castle-remix2.mid
n64	Donkey Kong	dk64-treehouse.mid
n64	Donkey Kong	dk64_aa_caves_v1_1.mid
n64	Donkey Kong	dk64_angry_aztec_v2.mid
n64	Donkey Kong	dk64_aztec_elec.mid
n64	Zelda: SS	dk64_bonusstage.mid
n64	Zelda: SS	dk64_boss_intro.mid
n64	Zelda: SS	dk64_boss_open.mid
n64	Donkey Kong	dk64_candy_rock_1.2.mid
n64	Donkey Kong	dk64_cc_treetrunk.mid
n64	Chrono Cross	dk64_clcs_rpl.mid
n64	Donkey Kong	dk64_cranky_halloween.mid
n64	Donkey Kong	dk64_creepy_castle.mid
n64	Donkey Kong	dk64_creepy_trash.mid
n64	Donkey Kong	dk64_crocodile_isle_v2_1.mid
n64	Donkey Kong	dk64_dk_isle.mid
n64	Zelda: SS	dk64_factory_ssbm.mid
n64	Final Fantasy	dk64_ff_lobby.mid
n64	Chrono Trigger	dk64_frantic_factory.mid
n64	Donkey Kong	dk64_funky_fastrock.mid
n64	Donkey Kong	dk64_hideout-helm.mid
n64	Donkey Kong	dk64_hideout_helm.mid
n64	Donkey Kong	dk64_iceslide_1_1.mid
n64	Donkey Kong	dk64_japes_arr.mid
n64	Donkey Kong	dk64_japes_remix.mid
n64	Donkey Kong	dk64_jungle_2.1.mid
n64	Donkey Kong	dk64_kingkrool.mid
n64	Donkey Kong	dk64_kingkrool_hardrock.mid
n64	Donkey Kong	dk64_klumsy_polka.mid
n64	Donkey Kong	dk64_krem_isle.mid
n64	Donkey Kong	dk64_lobby_aztec.mid
n64	Donkey Kong	dk64_lobby_castle.mid
n64	Donkey Kong	dk64_lobby_caves.mid
n64	Chrono Trigger	dk64_lobby_factory.mid
n64	Donkey Kong	dk64_lobby_forest.mid
n64	Donkey Kong	dk64_lobby_galleon.mid
n64	Donkey Kong	dk64_lobby_hideout.mid
n64	Donkey Kong	dk64_lobby_jungle.mid
n64	Donkey Kong	dk64_slotrace.mid
n64	Zelda: SS	dk64_smash_bluegrass.mid
n64	Final Fantasy	dk64_troff_n_scoff.mid
n64	Final Fantasy	dk64_troff_n_scoff_fanfare.mid
n64	Donkey Kong	dk64ball2.mid
n64	Donkey Kong	dk64car.mid
n64	Donkey Kong	dk64crystalcaves-v1_2.mid
n64	Donkey Kong	dk64crystalcavesigloo.mid
n64	Donkey Kong	dk64dungeons.mid
n64	Donkey Kong	dk64ending.mid
n64	Final Fantasy	dk64ffrx.mid
n64	Donkey Kong	dk64frfaV3.mid
n64	Donkey Kong	dk64fungi.mid
n64	Donkey Kong	dk64gall.mid
n64	Donkey Kong	dk64galleon-remix.mid
n64	Donkey Kong	dk64gloomygalleon-v1_1.mid
n64	Donkey Kong	dk64gloomygalleoncaves-v1_1.mid
n64	Donkey Kong	dk64gloomygalleonlobby.mid
n64	Donkey Kong	dk64greenhouse.mid
n64	Zelda: SS	dk64introboss.mid
n64	Donkey Kong	dk64islecrystal.mid
n64	Donkey Kong	dk64islefungi.mid
n64	Donkey Kong	dk64junglelobby.mid
n64	Donkey Kong	dk64klum.mid
n64	Donkey Kong	dk64kroolklungo.mid
n64	Donkey Kong	dk64menuscreen.mid
n64	Donkey Kong	dk64monkeysmash.mid
n64	Donkey Kong	dk64rambi.mid
n64	Donkey Kong	dk64rap-1.mid
n64	Donkey Kong	dk64rap.mid
n64	Donkey Kong	dk64wrinklyv1_1.mid
n64	Donkey Kong	dk_isle.mid
n64	Donkey Kong	dk_isles_rock.mid
n64	Zelda: MM	dkhammer.mid
n64	Zelda: SS	dkislesboss.mid
n64	Donkey Kong	dklobby9.mid
n64	Donkey Kong	dkmix2.mid
n64	Donkey Kong	dkr_ancient-lake.mid
n64	Donkey Kong	dkr_boulder_canyon.mid
n64	Donkey Kong	dkr_bsdr.mid
n64	Donkey Kong	dkr_darkmoon.mid
n64	Zelda: SS	dkr_end_boss.mid
n64	Donkey Kong	dkr_everfrost_peak.mid
n64	Donkey Kong	dkr_evrfrst_pk_v2.mid
n64	Donkey Kong	dkr_options.mid
n64	Donkey Kong	dkr_snowball.mid
n64	Donkey Kong	dkr_starcity_v2_01.mid
n64	Donkey Kong	dkr_starcity_v2_01_xg.mid
n64	Donkey Kong	dkr_title_screen_v1-1.mid
n64	Donkey Kong	dkr_walrus_cove.mid
n64	Donkey Kong	dkr_wizpig.mid
n64	Zelda: SS	dkracing-boss.mid
n64	Zelda: SS	doopliss-papermario-gustygulch-v01.mid
n64	Final Fantasy	dyshock_dk64_troffnscoff.mid
n64	Chrono Trigger	fileselectbcr.mid
n64	Zelda: SS	final_boss__cross_stitch.mid
n64	Secret of Mana	fp_secret.mid
n64	Chrono Trigger	franticfactoryv3.mid
n64	Zelda: MM	game%28MM%29.mid
n64	Chrono Trigger	ge64select.mid
n64	Zelda: SS	gerudofortress.mid
n64	GoldenEye	goldeneye_archive.mid
n64	GoldenEye	goldeneye_cradle2.mid
n64	GoldenEye	goldeneye_multi1.mid
n64	GoldenEye	goldeneye_multi3.mid
n64	GoldenEye	goldeneye_statue.mid
n64	GoldenEye	goldeneye_streets.mid
n64	GoldenEye	goldeneye_train.mid
n64	Final Fantasy	hazymazeeffectrehanced.mid
n64	CV: Aria	isariar.mid
n64	Donkey Kong	jrlepage_-_XG_-_dk64_-_crankys_lab.mid
n64	Donkey Kong	jrlepage_-_XG_-_dk64_-_tiny-kong.mid
n64	Chrono Trigger	jrlepage_-_XG_-_perfect_dark_-_dark_combat.mid
n64	Chrono Trigger	jrlepage_-_XG_-_perfect_dark_-_extraction.mid
n64	Chrono Trigger	jrlepage_-_XG_-_perfect_dark_-_extraction_x.mid
n64	Chrono Trigger	jrlepage_-_XG_-_perfect_dark_-_pause_menu.mid
n64	Chrono Trigger	jrlepage_-_XG_-_perfect_dark_-_training.mid
n64	Chrono Trigger	jrlepage_-_XG_-_perfect_dark_-_villa_x.mid
n64	Donkey Kong	jrlepage_-_dk64_-_angry_aztec.mid
n64	Zelda: SS	jrlepage_-_dk64_-_angry_aztec_boss.mid
n64	Final Fantasy	jrlepage_-_dk64_-_troff_n_scoff.mid
n64	Super Mario 64	jtSM64PeachSlide.mid
n64	Zelda: SS	k64bosse.mid
n64	Zelda: SS	kboss.mid
n64	Chrono Trigger	ki2select.mid
n64	Kirby	kirby64-ripplestar.mid
n64	Kirby	kirby64_4-2.mid
n64	Kirby	kirby_64_fruit_drop_mini.mid
n64	Kirby	kirbycc.mid
n64	Zelda: SS	kmidboss.mid
n64	Final Fantasy	lakeside.FF.mid
n64	CV: Aria	lzsaria.mid
n64	Zelda: MM	majoramaskmidboss.mid
n64	Castlevania	mario64wcv2s.mid
n64	Chrono Trigger	mariofileselect.mid
n64	Zelda	markwtitlezelda.mid
n64	Zelda: SS	metro_madness.mid
n64	Sonic	mg64FinalResults21_1.mid
n64	Zelda: SS	mg64MariosStar.mid
n64	Yoshi's Island	mg64YoshiChampionship.mid
n64	Yoshi's Island	mg64YoshisIsland.mid
n64	Metal Gear Solid	mgshyguy.mid
n64	Zelda: OoT	middlebossoot.mid
n64	Zelda: SS	mission.mid
n64	Zelda: SS	mission2.mid
n64	Zelda: SS	mk64_frappe_boss.mid
n64	Sonic	mk64_vs_battle_results1.mid
n64	Zelda: MM	mm_Milkbar.mid
n64	Zelda: MM	mmcavearr.mid
n64	Zelda: MM	mmm_secret_v1_1.mid
n64	Metroid Prime	mp2_inpipe.mid
n64	Metroid Prime	mp2_lookaway.mid
n64	Metroid Prime	mp2_welcome.mid
n64	Metroid Prime	mp2_western.mid
n64	Metroid Prime	mp2_western_racin.mid
n64	Metroid Prime	mp2duel.mid
n64	Metroid Prime	mp2inthepipe.mid
n64	Metroid Prime	mp2pipev1_1.mid
n64	Metroid Prime	mp3Ascenseuretoile.mid
n64	Metroid Prime	mp3_chance.mid
n64	Metroid Prime	mp3_end.mid
n64	Zelda: SS	mp3_item_boss.mid
n64	Metroid Prime	mp3_setup_ska.mid
n64	Zelda: SS	mp3_title_bossintro.mid
n64	CV: Aria	mp_saria.mid
n64	Yoshi's Island	mpyoshi.mid
n64	Donkey Kong	mt64_dk_court.mid
n64	Chrono Cross	mtcsmnl.mid
n64	Chrono Trigger	mtcts.mid
n64	Zelda: OoT	n64_zoot_sm01.mid
n64	Chrono Trigger	nocturneofshadow.mid
n64	Final Fantasy	papermario-huffnpuffbattleXG.mid
n64	Chrono Trigger	pd_dDExtractionX_zb.mid
n64	Chrono Trigger	pd_dDExtraction_zb.mid
n64	Final Fantasy	pm_star_takeoff.mid
n64	Pokemon	pokemon.mid
n64	Puyo Puyo	puyopuyosun_mainmenu.mid
n64	Sonic	results3-1.mid
n64	Super Mario 64	rudi_edsall_sm64_bowser_metal_remix.mid
n64	Chrono Trigger	sanctuary.mid
n64	Chrono Trigger	sanctuary_of_water_and_ice_part1.mid
n64	CV: Aria	saria.mid
n64	Chrono Cross	scsamid.mid
n64	Chrono Trigger	selectgame.mid
n64	Street Fighter	sf64_-_training_mode.mid
n64	Street Fighter	sf64_main.mid
n64	Street Fighter	sf64_menu.mid
n64	Zelda: SS	sf64_mission_accomplished_2.mid
n64	Chrono Trigger	sf64_sector_x.mid
n64	Street Fighter	sf64aqus.mid
n64	Street Fighter	sf64b1.mid
n64	Street Fighter	sf64b2.mid
n64	Street Fighter	sf64chaos.mid
n64	Street Fighter	sf64end.mid
n64	Street Fighter	sf64mteo.mid
n64	Chrono Trigger	sf64sectorx.mid
n64	Chrono Trigger	sf64slct.mid
n64	Street Fighter	sf64versusmode2.mid
n64	Zelda: SS	sf64zoness.mid
n64	Chrono Trigger	shivrcty.mid
n64	Super Mario 64	sm64-snow-jungle.mid
n64	Super Mario 64	sm64Boss.mid
n64	Super Mario 64	sm64Bowser.mid
n64	Super Mario 64	sm64_file_select.mid
n64	Super Mario 64	sm64_hazy_maze_cave.mid
n64	Super Mario 64	sm64_hmc_funk.mid
n64	Super Mario 64	sm64_inside_the_castle_walls_percussion_remix.mid
n64	Super Mario 64	sm64_koopas_message.mid
n64	Super Mario 64	sm64_slide_victory.mid
n64	Super Mario 64	sm64_snow-boss.mid
n64	Super Mario 64	sm64_wing_carib.mid
n64	Super Mario 64	sm64begin.mid
n64	Super Mario 64	sm64hazy.mid
n64	Super Mario 64	sm64slide1.mid
n64	Donkey Kong	smDK64_Monkey_Smash.mid
n64	Zelda: SS	ssb-bonusstageGS.mid
n64	Zelda: SS	ssb-masterhandXG.mid
n64	Zelda: SS	ssbm_banjo.mid
n64	Zelda: SS	ssbpika.mid
n64	Yoshi's Island	ssbyoshi.mid
n64	Zelda: SS	ssyshwin.mid
n64	Zelda: SS	starfox64_bossc.mid
n64	EarthBound	starfoxgameboy.mid
n64	Final Fantasy	stonetfff.mid
n64	Chrono Trigger	terrydactyl.mid
n64	Tetris	tetrisphere-sappy.mid
n64	Zelda: SS	toads_message2.mid
n64	Zelda: OoT	tooty.mid
n64	Final Fantasy	troffnscoff.mid
n64	Zelda: SS	tssappy.mid
n64	Chrono Cross	ttcsnowy.mid
n64	Zelda: SS	w3bDK64FFBoss.mid
n64	Metroid Prime	w6MP2Bowser.mid
n64	Zelda: SS	w7BKMansion%28Boss%29.mid
n64	Chrono Trigger	wgselect.mid
n64	Donkey Kong	wocDK64JMC.mid
n64	Donkey Kong	wocDK64_Fungi_Forest_Mine_Cart.mid
n64	Zelda: TP	wr64twilight.mid
n64	Zelda: TP	wr64twilight2.mid
n64	Donkey Kong	wsDK64_DKIsle.mid
n64	Zelda: SS	xkykirbyvicss.mid
n64	Zelda: OoT	z-oot_kakariko_village_%28rock_remix%29.mid
n64	Zelda: SS	z5boss.mid
n64	Zelda	z5zelda.mid
n64	Zelda	z5zeldaad.mid
n64	Zelda: SS	z6bossa.mid
n64	Zelda: MM	zelda-majorasmask-lastend.mid
n64	Zelda	zelda.mid
n64	Zelda	zeldastheme.mid
n64	Zelda: MM	zmmmayor.mid
n64	Zelda: OoT	zoot-bolfire.mid
n64	Zelda: OoT	zoot-fairyfly.mid
n64	Zelda: OoT	zoot-minforest.mid
n64	Zelda: OoT	zoot_item.mid
n64	Zelda: OoT	zoot_kokiri_polka.mid
n64	Zelda: OoT	zoot_kokiri_rock.mid
n64	Zelda: OoT	zoot_owl_polka.mid
n64	Zelda: OoT	zoot_shop_skafastrock_1.2.mid
n64	Zelda: OoT	zoot_water_bfd.mid
n64	Zelda: OoT	zoot_windmill_rock.mid
nes	Bahamut Lagoon	%28BubMnSBL2%29.mid
nes	Zelda: MM	%28North_Castle_Rebuilt%29mm4wily2.mid
nes	Zelda: SS	005Kirby_Boss.mid
nes	Final Fantasy	10-Yard_Fight-Kick_Off.mid
nes	1942/19XX	1943-Lev3Win.mid
nes	1942/19XX	1943-lev1.mid
nes	1942/19XX	1943-lev3.mid
nes	1942/19XX	1943.mid
nes	Zelda: SS	1943BossWin.mid
nes	Zelda: SS	1943boss.mid
nes	Zelda: SS	1943boss1.mid
nes	1942/19XX	1943lost.mid
nes	1942/19XX	1943sab.mid
nes	1942/19XX	1943won.mid
nes	Zelda: SS	3D_Worldrunner_Boss.mid
nes	Sonic	43pbos1.mid
nes	Sonic	43pbos12.mid
nes	Zelda: SS	A-6_Ice_Fortress_2.mid
nes	Zelda: SS	AI3-FinalBoss.mid
nes	Chrono Trigger	Action52BitsandPieces.mid
nes	Chrono Trigger	Action52Cheetahmen.mid
nes	Chrono Trigger	Action52CityofDoom.mid
nes	Chrono Trigger	Action52DamBusters.mid
nes	Chrono Trigger	Action52FuzzPower.mid
nes	Zelda: SS	Adventure_Island_II-Island_Boss.mid
nes	Zelda: MM	Adventure_Island_II-Snow_Summit_%28Version_2%29.mid
nes	Chrono Trigger	Adventure_Island_II-Victory.mid
nes	Chrono Trigger	Adventures_of_Bayou_Billy_BGM_A_Electric_Remix.mid
nes	Zelda: SS	AiSenshiNicolBossTheme.mid
nes	Sonic	AiSenshiNicolStages1and4.mid
nes	Zelda: SS	Amagon-Boss.mid
nes	Zelda: SS	Amagon-Final_Boss.mid
nes	Chrono Trigger	Amagon-Final_Victory.mid
nes	Zelda: SS	Amagon-Super_Boss.mid
nes	Secret of Mana	AotKT_-_The_Secret_Stage.mid
nes	Chrono Trigger	AotKT_TomatoFactory.mid
nes	Zelda: SS	Athena-Boss.mid
nes	Zelda: MM	BB-MM2_Bubble_Man.mid
nes	Zelda: MM	BB-MM_Stage_Select.mid
nes	Chrono Trigger	BL_starshiphector_gameover.mid
nes	Chrono Cross	BL_startropics_deaththeme.mid
nes	Zelda: SS	BOSS.mid
nes	Battletoads	Battletoads-Pause.mid
nes	Battletoads	Battletoads.mid
nes	Zelda: SS	Battletoads_-_Boss.mid
nes	Battletoads	Battletoads_Pause_Music.mid
nes	Battletoads	Battletoads_T_Tunnel_P1_SP_new.mid
nes	Zelda: SS	BeatBoss.mid
nes	Zelda: MM	BionicCommando-Area01-ArcadeArrangement.mid
nes	Zelda: MM	Bionic_Commando.mid
nes	Zelda: MM	Bionic_Commando_Level_Clear_Theme.mid
nes	Zelda: SS	BlackBassIntro.mid
nes	Zelda: SS	BlackBassName.mid
nes	Zelda: SS	BoS_Intermission_Mini-Game.mid
nes	Zelda: SS	Boss1_1.mid
nes	Zelda: SS	Boss2.mid
nes	Zelda: SS	Boss_Selected.mid
nes	Zelda: SS	BubBob2_-_FinalBoss.mid
nes	Secret of Mana	Bub_Secret_Remake.mid
nes	Bahamut Lagoon	Bubbl1_0.mid
nes	Castlevania	CB_CV2Night.mid
nes	Chrono Cross	CB_Startropics.mid
nes	Zelda: SS	CC-Boss.mid
nes	Zelda: SS	CC-BossDefeated.mid
nes	Chrono Trigger	CNDRRL3Corrected.mid
nes	Contra	CONTRA8.mid
nes	Castlevania	CV1-_Out_of_Time.mid
nes	Castlevania	CV1-_Poison_Mind.mid
nes	Castlevania	CV1-_Vampire_Killer.mid
nes	Castlevania	CV2-_Bloody_Tears.mid
nes	Castlevania	CV2_-_Bloody_Tears_-Remix-_v2_0.mid
nes	Castlevania	CV2_-_Dwelling_of_Doom_-Remix-.mid
nes	Castlevania	CV2_-_Monster_Dance_-Remix-.mid
nes	Castlevania	CV2_-_Within_These_Castle_Walls.mid
nes	Castlevania	CV2_Mansion.mid
nes	Castlevania	CV3-INT%28ASilentMoment%29.mid
nes	Castlevania	CV3-_Aquarius.mid
nes	Castlevania	CV3-_Clockwork.mid
nes	Castlevania	CV3-_Clockwork2.mid
nes	Castlevania	CV3-_Dejavu.mid
nes	Castlevania	CV3-_Demon_Seed.mid
nes	Castlevania	CV3-_Nightmare.mid
nes	Castlevania	CV3-_Rising.mid
nes	Castlevania	CV3-_Stream.mid
nes	Castlevania	CV3_-_Anxiety_-Remix-.mid
nes	Castlevania	CV3_-_Aquarius_-Remix-.mid
nes	Castlevania	CV3_-_Beginning_-Remix-_V2_0.mid
nes	Castlevania	CV3_-_Clockwork_-Remix-.mid
nes	Castlevania	CV3_-_Deja_Vu_-Remix-.mid
nes	Castlevania	CV3_-_Demon_Seed.mid
nes	Castlevania	CV3_-_Mad_Forest_-Remix-.mid
nes	Castlevania	CV3_-_Overture_-Remix-.mid
nes	Zelda: SS	CV3_-_Pressure_-Remix-.mid
nes	Castlevania	CV3_-_Stream_-Remix-.mid
nes	Castlevania	CV3_Aquarius.mid
nes	Castlevania	CV3_Dejavu.mid
nes	Castlevania	CVNameEntry.mid
nes	Castlevania	CV_-_Wicked_Child_Remix.mid
nes	Zelda: SS	CV_1Boss1poisonmind.mid
nes	Castlevania	C_CastleVaniaII_BloodyTears.mid
nes	Zelda: SS	Castlevania-Boss_Poison_Mind_3.mid
nes	Castlevania	Castlevania-Stage_Clear_2.mid
nes	Castlevania	Castlevania2_Bloody_Tears_Arranged.mid
nes	Castlevania	Castlevania_2.mid
nes	Castlevania	Castlevania_2_End_Theme.mid
nes	Castlevania	Castlevania_3_-_Death.mid
nes	Castlevania	Castlevania_3_-_First_Level.mid
nes	Castlevania	Castlevania_Area_Clear.mid
nes	Castlevania	Castlevania_Death.mid
nes	Castlevania	Castlevania_Game_Over.mid
nes	Castlevania	Castlevania_Heart_of_Fire.mid
nes	Castlevania	Castlevania_II_-_Bloody_Tears.mid
nes	Castlevania	Castlevania_Out_of_Time.mid
nes	Castlevania	Castlevania_Stage_3_Jazz_Pop_Sax_Remix.mid
nes	Castlevania	Castlevania_Stalker.mid
nes	Castlevania	Castlevania_Vampire_Killer.mid
nes	Castlevania	Castlevania_Vampire_Killer_Arranged.mid
nes	Castlevania	Castlevania_Wicked_Child.mid
nes	Chrono Trigger	CityConnectionLevel2.mid
nes	Chrono Trigger	City_Connection_-_Intro.mid
nes	Chrono Trigger	City_Connection_-_Level_1.mid
nes	Zelda: SS	Code_Name_Viper-Mission_Briefing.mid
nes	Contra	Contra-Snowfield.mid
nes	Contra	ContraForce-L3.mid
nes	Contra	ContraForce-L4.mid
nes	Contra	ContraForceL2.mid
nes	Contra	ContraMedley.mid
nes	Contra	Contra_-_Game_Over.mid
nes	Zelda: SS	Contra_Boss_Battle.mid
nes	Chrono Trigger	Contra_Force-Select.mid
nes	Contra	Contra_Stage5_Snow_Field.mid
nes	Contra	Contra_Stage5_Snow_Field_B.mid
nes	Zelda: SS	Cossack1.mid
nes	Zelda: SS	Cossack2-2.mid
nes	Zelda: SS	Cossack3.mid
nes	Zelda: SS	Cossackturnedmetal.mid
nes	Crash Bandicoot	Crash1_1.mid
nes	Crash Bandicoot	CrashParty8.mid
nes	Crash Bandicoot	Crashman.mid
nes	Crash Bandicoot	CrashmanByCryogen.mid
nes	Chrono Trigger	Ctitle1.mid
nes	Chrono Trigger	Ctoc.mid
nes	Zelda: MM	Cutman-MMXRemix.mid
nes	Zelda: SS	DD3SSR.mid
nes	Zelda: SS	DDD2_-_Boss.mid
nes	Zelda: SS	DDD2_-_Final_Boss.mid
nes	Zelda: MM	DG_MM3_Boss.mid
nes	Zelda: MM	DG_MM3_Magnetman.mid
nes	Zelda: MM	DG_MM5_Darkman.mid
nes	Super Mario Bros	DG_SMB_Main.mid
nes	Donkey Kong	DKLevel1.mid
nes	Donkey Kong	DKLevel3.mid
nes	Donkey Kong	DK_Intro-KM.mid
nes	Zelda	DL_Zeldatronic3.mid
nes	Chrono Trigger	DM_2-Player_Victory-KMv1-1.mid
nes	Zelda: SS	DT2-Boss.mid
nes	EarthBound	DT2-CastleBasement.mid
nes	Zelda: SS	Dd3boss1.mid
nes	Zelda: MM	DhwMM1wilycastle2.mid
nes	DOOM	Doomship.mid
nes	Final Fantasy	Double_Dragon-Cliffs.mid
nes	Zelda: SS	Double_Dragon_2-Mission_5_-_Forest_Of_Death.mid
nes	Zelda: SS	Double_Dragon_2-Mission_7.mid
nes	Zelda: SS	Dq3_boss.mid
nes	Zelda: SS	Dr_Mario_Chill_SSBM_Remix.mid
nes	Zelda: SS	Dragon_Quest_IV_-_March_of_the_Capricious_Princess.mid
nes	CV: Aria	Dragon_Warrior_1_Castle_Theme_with_Variations.mid
nes	Chrono Trigger	Duck_Hunt_Introduction.mid
nes	DOOM	DwellingofDoom.mid
nes	EarthBound	EB0_Ending.mid
nes	Zelda: SS	EdwardScissorhead.mid
nes	Zelda: MM	ElecMM1.mid
nes	EarthBound	ExciteBike-Game_Start_2.mid
nes	EarthBound	ExciteBike-Pause.mid
nes	EarthBound	ExciteBike-Ranking.mid
nes	EarthBound	ExciteBike-Title_2.mid
nes	EarthBound	ExciteBike-Title_3.mid
nes	Final Fantasy	FF1-Matoyas_Cave02.mid
nes	Final Fantasy	FF1BATTLE5.mid
nes	Final Fantasy	FF1Ending.mid
nes	Final Fantasy	FF1GurguVolcano.mid
nes	Final Fantasy	FF1Timeloop.mid
nes	Final Fantasy	FF1_Battle.mid
nes	Final Fantasy	FF1_Chaos.mid
nes	Final Fantasy	FF1flyingcastle.mid
nes	Final Fantasy	FF2Airship.mid
nes	Final Fantasy	FF2Battle.mid
nes	Final Fantasy	FF2battleoldwithnew.mid
nes	Final Fantasy	FF2magiciantower11.mid
nes	Final Fantasy	FF3DarkWorldByCryogen.mid
nes	Final Fantasy	FF3SylxTowerByCryogen.mid
nes	Final Fantasy	FF3_Crystal_Cave.mid
nes	Zelda: SS	FF3boss1.mid
nes	Final Fantasy	FF3jBattle4.mid
nes	Zelda: SS	FF3jBoss5.mid
nes	Zelda: SS	FFIII_Boss.mid
nes	Final Fantasy	FF_Fanfare.mid
nes	Sonic	FS2-BonusGame.mid
nes	Sonic	FS2-FinalStage.mid
nes	Sonic	FS2-MapScreen.mid
nes	Zelda: SS	F_boss.mid
nes	Chrono Trigger	Factory.mid
nes	Final Fantasy	Ff3jdead.mid
nes	FF Tactics	Fftown.mid
nes	Final Fantasy	Ffvictory.mid
nes	Zelda: SS	FinalFantasyI_ChaosShrineDreamReMix.mid
nes	Zelda: SS	FortressBattle%28qfix%29.mid
nes	Zelda: MM	Fuzz_MM_FINAL.mid
nes	EarthBound	GIJAF_Attackonthebridge.mid
nes	Zelda: SS	GIJoeBoss.mid
nes	Zelda: MM	GIMMICK_Stage3.mid
nes	Zelda: MM	GMM3hardman.mid
nes	Zelda: MM	GMM3sparkman.mid
nes	Zelda: MM	GMM3wily2.mid
nes	Zelda: MM	GMM5boss.mid
nes	Zelda: MM	GMM5chargeman.mid
nes	Zelda: MM	GMM5crystalman.mid
nes	Zelda: MM	GMM5darkman.mid
nes	Zelda: MM	GMM5darkmancastle.mid
nes	Zelda: MM	GMM5ending.mid
nes	Zelda: MM	GMM5finalboss.mid
nes	Zelda: MM	GMM5gravityman.mid
nes	Zelda: MM	GMM5gyroman.mid
nes	Zelda: MM	GMM5intro.mid
nes	Zelda: MM	GMM5napalmman.mid
nes	Zelda: MM	GMM5selected.mid
nes	Zelda: MM	GMM5stageselect.mid
nes	Zelda: MM	GMM5starman.mid
nes	Zelda: MM	GMM5stoneman.mid
nes	Zelda: MM	GMM5waveman.mid
nes	Zelda: MM	GMM5weapon.mid
nes	Zelda: MM	GMM5wily.mid
nes	Zelda: MM	GMM5wilycastle.mid
nes	Zelda: MM	GMM5wilyvictory.mid
nes	Zelda: MM	GMM6MrX.mid
nes	Contra	G_Contra_Stage2.mid
nes	Chrono Trigger	G_Megaman3_StageSelection.mid
nes	Chrono Trigger	G_Probotector_Stage1.mid
nes	Chrono Trigger	G_Probotector_StageComplete.mid
nes	Zelda: SS	G_Recca_Boss.mid
nes	TMNT	G_TMNT3_MoveOut.mid
nes	Sonic	G_WizardsWarriors3_Knight.mid
nes	Chrono Trigger	G_select.mid
nes	Zelda: SS	Gargoyle%27s_Quest_Password_Theme.mid
nes	Sonic	Ghostbusters2-Ecto1Stage.mid
nes	Sonic	Ghostbusters2-StatueOfLibertyStage.mid
nes	Ghosts 'n Goblins	Ghosts_N_Goblins-Death.mid
nes	Ghosts 'n Goblins	Ghosts_N_Goblins-Duel.mid
nes	Ghosts 'n Goblins	Ghosts_N_Goblins-Ending.mid
nes	Ghosts 'n Goblins	Ghosts_N_Goblins-Game_Over.mid
nes	Ghosts 'n Goblins	Ghosts_N_Goblins-Illusion.mid
nes	Ghosts 'n Goblins	Ghosts_N_Goblins-Intro_2.mid
nes	Ghosts 'n Goblins	Ghosts_N_Goblins-Out_Of_Time.mid
nes	Ghosts 'n Goblins	Ghosts_N_Goblins-Stages_3_4.mid
nes	Ghosts 'n Goblins	Ghosts_N_Goblins-Stages_5_6.mid
nes	Ghosts 'n Goblins	Ghosts_N_Goblins-Stages_5_6_2.mid
nes	Ghosts 'n Goblins	Ghosts_N_Goblins-Start.mid
nes	Chrono Trigger	Ghosts_N_Goblins-Victory.mid
nes	Zelda: MM	GimmickAporia.mid
nes	Zelda: MM	Gimmick_Good_Morning_Lu9.mid
nes	Chrono Trigger	Golgo_13_Mafat_Conspiracy_-_Act_1_Paris.mid
nes	Secret of Mana	Golgo_13_Top_Secret_Episode-Aftermath_Farewell.mid
nes	Secret of Mana	Golgo_13_Top_Secret_Episode-Aqua_Base_v1-1.mid
nes	Secret of Mana	Golgo_13_Top_Secret_Episode-Credits_GM.mid
nes	Secret of Mana	Golgo_13_Top_Secret_Episode-Credits_GS.mid
nes	Secret of Mana	Golgo_13_Top_Secret_Episode-Death_Parting.mid
nes	Secret of Mana	Golgo_13_Top_Secret_Episode-Drek.mid
nes	Secret of Mana	Golgo_13_Top_Secret_Episode-East_Berlin.mid
nes	Secret of Mana	Golgo_13_Top_Secret_Episode-Eve_Christy_All_About_Eve.mid
nes	Secret of Mana	Golgo_13_Top_Secret_Episode-Game_Over.mid
nes	Secret of Mana	Golgo_13_Top_Secret_Episode-Hotel.mid
nes	Secret of Mana	Golgo_13_Top_Secret_Episode-Maze.mid
nes	Secret of Mana	Golgo_13_Top_Secret_Episode-Night.mid
nes	Secret of Mana	Golgo_13_Top_Secret_Episode-Pan-Zoom_Mode_From_Here_To_Eternity.mid
nes	Secret of Mana	Golgo_13_Top_Secret_Episode-Pan_Zoom_Ground.mid
nes	Secret of Mana	Golgo_13_Top_Secret_Episode-Rendezvous.mid
nes	Secret of Mana	Golgo_13_Top_Secret_Episode-Retribution_Spartacus.mid
nes	Secret of Mana	Golgo_13_Top_Secret_Episode-Smirk.mid
nes	Secret of Mana	Golgo_13_Top_Secret_Episode-Swim.mid
nes	Secret of Mana	Golgo_13_Top_Secret_Episode_-_Outside_Brandenburg_Gate.mid
nes	Zelda: SS	Goon2pass.mid
nes	Sonic	Goonies2-Good_Enough.mid
nes	Sonic	Goonies2-Underwater.mid
nes	Zelda: SS	Gpunchoutboss.mid
nes	Gradius	Gradius-Intro_Stage_EDITED.mid
nes	Gradius	Gradius-Stage1.mid
nes	Gradius	Gradius-Stage2.mid
nes	Gradius	Gradius-Stage4.mid
nes	Zelda: SS	GradiusII_-_FinalBoss.mid
nes	Gradius	Gradius_2.mid
nes	Gradius	Gradius_2_-_Level_1_Famicom.mid
nes	Gradius	Gradius_Aircraftcarrier.mid
nes	Zelda: SS	Grassland.mid
nes	Sonic	Gremlins2_-_Stg5.mid
nes	Sonic	Gremlins2_-_Vents.mid
nes	Super Mario Bros	Gsmb2arrangedtheme.mid
nes	Zelda: SS	GuardianLegend_Password.mid
nes	Zelda: SS	Guardian_boss.mid
nes	Zelda: SS	Gunsmoke_NES_1st_Boss.mid
nes	Zelda: SS	Gyruss.mid
nes	Zelda: SS	Gyruss_-_2nd_Warp_NES.mid
nes	Zelda: SS	Gyruss_Disk.mid
nes	Zelda: MM	HammerSong.mid
nes	Zelda: MM	Hammerhead-Bros.mid
nes	Final Fantasy	HeartOfFire.mid
nes	Zelda: SS	Heavy_Barrel_-_Boss_BGM.mid
nes	Zelda: SS	Hebereke-Boss1.mid
nes	Zelda: SS	Hebereke-Boss2.mid
nes	Zelda: SS	Hebereke-Boss3.mid
nes	EarthBound	Hebereke-Ending.mid
nes	EarthBound	Hebereke-Ice.mid
nes	EarthBound	Hebereke-Over.mid
nes	EarthBound	Hebereke-Parallel.mid
nes	Zelda: SS	Hebereke-Password.mid
nes	EarthBound	Hebereke-Sky.mid
nes	EarthBound	Hebereke-Title.mid
nes	EarthBound	Hebereke-Under.mid
nes	Chrono Trigger	Hebereke-Victory.mid
nes	EarthBound	Hebereke-World.mid
nes	EarthBound	Hebereke_-_Tundra.mid
nes	Zelda: MM	IP_MM2_Wily1.mid
nes	Zelda: MM	IP_MM2_Woodman.mid
nes	Chrono Trigger	Icevictory.mid
nes	Zelda: SS	Image_Fight_-_Final_Mission.mid
nes	Zelda: MM	Immorarr.mid
nes	Zelda: MM	Immortaldeath.mid
nes	Zelda: MM	Immortitle.mid
nes	Zelda: SS	Iron_Tank_Fortress.mid
nes	Metroid	Item-Metroid.mid
nes	Castlevania	JDC_CV3DB.mid
nes	Zelda: SS	JDC_DSA9Boss.mid
nes	Zelda: SS	JDC_RPass.mid
nes	Zelda: WW	JDC_WW1Magic.mid
nes	Castlevania	JILost_-_NES_-_Castlevania_-_Stalker_remix.mid
nes	Zelda: MM	JTF-MM2Quickman.mid
nes	Chrono Trigger	JTF-Select5.mid
nes	Zelda	Jazzelda.mid
nes	Chrono Trigger	Joy_Mech_Fight_Victory.mid
nes	Zelda: SS	Jurassicpark_lvl1_jannee.mid
nes	Zelda: SS	KW-sboss.mid
nes	Chrono Trigger	KW-selct.mid
nes	Zelda: SS	Ka_finalboss_kitmix.mid
nes	Chrono Trigger	KickMaster-Sector1_XG.mid
nes	Chrono Trigger	KickMaster-Sector2_XG.mid
nes	Chrono Trigger	KickMaster-Sector3_XG.mid
nes	Chrono Trigger	KickMaster-Sector4_XG.mid
nes	Zelda: SS	KickleCubicleBoss.mid
nes	Zelda: SS	KidNiki-Boss.mid
nes	Kirby	Kirby%27s_Adventure_-_Butter_Building.mid
nes	Kirby	Kirby1.mid
nes	Kirby	Kirby11.mid
nes	Zelda: SS	KirbyAdv_-_FinalBossRmx.mid
nes	Kirby	KirbyAdventure_-_ButterStageArranged.mid
nes	Kirby	KirbyTechno.mid
nes	Zelda: SS	Kirby_Boss.mid
nes	Kirby	Kirbymap6.mid
nes	Kirby	Kirbys_Adventure_Fountain_of_Dreams.mid
nes	Kirby	Kirbys_Adventure_Long_Kirby_Dance.mid
nes	Zelda	LOZDT.mid
nes	Zelda: SS	LastFortress_v2.0.mid
nes	Zelda: SS	Lavaboss2.mid
nes	Zelda	Legend_Of_Zelda-Embellished_Version.mid
nes	Zelda	LegendofZelda_Title.mid
nes	Sonic	LegoWizSis2.mid
nes	Zelda: MM	Lemmings_Just_Dig-1.mid
nes	Zelda: MM	Lemmings_Just_Dig.mid
nes	Zelda: MM	Little_Samson_-_Gamm.mid
nes	Zelda	LoZ-Triforce_Arranged.mid
nes	Zelda	LoZOvrwrldMtlMix.mid
nes	Zelda	LoZ_Title-KM.mid
nes	Secret of Mana	M1secret.mid
nes	Zelda: SS	M2miss.mid
nes	Chrono Trigger	MDARTIntroduction.mid
nes	Final Fantasy	MFF_BonusMix.mid
nes	Final Fantasy	MFF_BonusMix_2.mid
nes	Final Fantasy	MFF_BonusRemix.mid
nes	Zelda: WW	MICTWWIII.mid
nes	Zelda: MM	MM-Chosen.mid
nes	Zelda: MM	MM-Stage_Select.mid
nes	Zelda: MM	MM1-_Bombman.mid
nes	Zelda: MM	MM1-_Cutman.mid
nes	Zelda: MM	MM1-_Elecman.mid
nes	Zelda: MM	MM1-_Fireman.mid
nes	Zelda: MM	MM1-_Gutsman.mid
nes	Zelda: MM	MM1FortByCryogen.mid
nes	Zelda: MM	MM1RobotSelect.mid
nes	Zelda: MM	MM1_BombMan.mid
nes	Zelda: MM	MM1_ElecMan.mid
nes	Zelda: MM	MM1_FireMan.mid
nes	Zelda: MM	MM1_GutsMan.mid
nes	Zelda: MM	MM1_Ice.mid
nes	Zelda: MM	MM1_IceMan.mid
nes	Zelda: MM	MM1_WilyFortress1.mid
nes	Zelda: MM	MM1_WilyFortress2.mid
nes	Zelda: MM	MM2-Air_Man-ER.mid
nes	Zelda: MM	MM2-Air_Man.mid
nes	Zelda: MM	MM2-Bubble_Man-ER.mid
nes	Zelda: MM	MM2-Bubble_Man.mid
nes	Zelda: MM	MM2-Crash_Man.mid
nes	Zelda: MM	MM2-Flash_Man.mid
nes	Zelda: MM	MM2-Flashmans_Stage_-_Conducted.mid
nes	Zelda: MM	MM2-Metal_Man.mid
nes	Zelda: MM	MM2-Opening_And_Title.mid
nes	Zelda: MM	MM2-Stage_Select.mid
nes	Zelda: MM	MM2-Wily_Stage1.mid
nes	Zelda: MM	MM2-_SkullCastle1.mid
nes	Zelda: MM	MM2Boss.mid
nes	Zelda: MM	MM2DarkWeapon.mid
nes	Zelda: MM	MM2EndByCryogen.mid
nes	Zelda: MM	MM2FortByCryogen.mid
nes	Zelda: MM	MM2Metalman.mid
nes	Zelda: MM	MM2Ringer.mid
nes	Zelda: MM	MM2Robotmas.mid
nes	Zelda: MM	MM2WoodManv1.mid
nes	Zelda: MM	MM2_-_Airman_Remix.mid
nes	Zelda: MM	MM2_-_BubbleGS.mid
nes	Zelda: MM	MM2_-_DrWilyXG.mid
nes	Zelda: MM	MM2_-_FlashManXG.mid
nes	Zelda: MM	MM2_-_Skull_Castle_1_Remix.mid
nes	Zelda: MM	MM2_-_Woodman_-Remix-.mid
nes	Zelda: MM	MM2_Air.mid
nes	Zelda: MM	MM2_AirMan.mid
nes	Zelda: MM	MM2_BossBattleRemix.mid
nes	Zelda: MM	MM2_Bubble.mid
nes	Zelda: MM	MM2_BubbleMan.mid
nes	Zelda: MM	MM2_BubbleManSymphonicRemix.mid
nes	Zelda: MM	MM2_CrashMan.mid
nes	Zelda: MM	MM2_DocWily1_v1_1.mid
nes	Zelda: MM	MM2_DrW_Castle_Courtyard_V5_5.mid
nes	Zelda: MM	MM2_DrWily%27s_Castle_Courtyard_V1.1.mid
nes	Zelda: MM	MM2_Flash.mid
nes	Zelda: MM	MM2_FlashMan.mid
nes	Zelda: MM	MM2_HeatMan.mid
nes	Zelda: MM	MM2_MetalMan.mid
nes	Zelda: MM	MM2_Metal_Man-KM.mid
nes	Zelda: MM	MM2_Password_Screen-KM.mid
nes	Zelda: MM	MM2_Quick.mid
nes	Zelda: MM	MM2_QuickMan.mid
nes	Zelda: MM	MM2_ThemeSymphonicRemix.mid
nes	Zelda: MM	MM2_WilyFortress2.mid
nes	Zelda: MM	MM2_Wily_Stage_1-KM.mid
nes	Zelda: MM	MM2_WoodMan.mid
nes	Zelda: MM	MM3-Hard_Man.mid
nes	Zelda: MM	MM3-Magnet_Man.mid
nes	Zelda: MM	MM3-Snake_Man.mid
nes	Zelda: MM	MM3-Spark_Man.mid
nes	Zelda: MM	MM3-Stage_Select.mid
nes	Zelda: MM	MM3-Top_Man.mid
nes	Zelda: MM	MM3MAGNE.mid
nes	Zelda: MM	MM3Magnet_Man.mid
nes	Zelda: MM	MM3Magnetman.mid
nes	Zelda: MM	MM3MetalMan%27s_Stage.mid
nes	Zelda: MM	MM3Pass.mid
nes	Zelda: MM	MM3ProtomanWhistle.mid
nes	Zelda: MM	MM3RobotSelect.mid
nes	Zelda: MM	MM3SNAKE.mid
nes	Zelda: MM	MM3SkullCastle.mid
nes	Zelda: MM	MM3TopMan.mid
nes	Zelda: MM	MM3TopmanStage.mid
nes	Zelda: MM	MM3WILY1.mid
nes	Zelda: MM	MM3_-_Robot_Master.mid
nes	Zelda: MM	MM3_-_Skull_Castle_1_Remix.mid
nes	Zelda: MM	MM3_-_Skull_Castle_2.mid
nes	Zelda: MM	MM3_-_Snake_Man_Remix_V1_2.mid
nes	Zelda: MM	MM3_-_TitleArrangeXG.mid
nes	Zelda: MM	MM3_Final_MCM.mid
nes	Zelda: MM	MM3_GeminiMan.mid
nes	Zelda: MM	MM3_Gemini_MCM.mid
nes	Zelda: MM	MM3_HardMan.mid
nes	Zelda: MM	MM3_MagnetMan.mid
nes	Zelda: MM	MM3_Magnet_Man-KM.mid
nes	Zelda: MM	MM3_NeedleMan.mid
nes	Zelda: MM	MM3_NeedleManSymphonicRemix.mid
nes	Zelda: MM	MM3_Quickening.mid
nes	Zelda: MM	MM3_ShadowMan.mid
nes	Zelda: MM	MM3_Shadow_Man-KM.mid
nes	Zelda: MM	MM3_SnakeMan.mid
nes	Zelda: MM	MM3_Snake_Man-KM.mid
nes	Zelda: MM	MM3_Snakeman%28V1.1%29.mid
nes	Zelda: MM	MM3_SparkMan.mid
nes	Zelda: MM	MM3_Stage_Select.mid
nes	Zelda: MM	MM3_Title-KM.mid
nes	Zelda: MM	MM3_TopMan.mid
nes	Zelda: MM	MM3_WilyBattle.mid
nes	Zelda: MM	MM3_WilyFortress1.mid
nes	Zelda: MM	MM3_WilyFortress2.mid
nes	Zelda: MM	MM3_WilyFortress3.mid
nes	Zelda: MM	MM3_Wily_Stage_1-KM-GM.mid
nes	Zelda: MM	MM3_Wily_Stage_1-KM.mid
nes	Zelda: MM	MM3_Wily_Stage_2-KM.mid
nes	Zelda: MM	MM3end2.mid
nes	Zelda: MM	MM3title_2.mid
nes	Zelda: MM	MM4-Get_Weapon.mid
nes	Zelda: MM	MM4-Stage_Select.mid
nes	Zelda: MM	MM4INTRO.mid
nes	Zelda: MM	MM4RobotSelect.mid
nes	Zelda: MM	MM4Skull.mid
nes	Zelda: MM	MM4Wily.mid
nes	Zelda: MM	MM4_-_DrCossack2XG.mid
nes	Zelda: MM	MM4_-_Dr_Cossacks_Citadel_1_Remix.mid
nes	Zelda: MM	MM4_-_SkullManXG.mid
nes	Zelda: MM	MM4_Brightman.mid
nes	Zelda: MM	MM4_Cossack1.mid
nes	Zelda: MM	MM4_Cossack1_8Bit.mid
nes	Zelda: MM	MM4_Cossack3.mid
nes	Zelda: MM	MM4_Dive_Man%28V1.1%29.mid
nes	Zelda: MM	MM4_Drill_Man-KM.mid
nes	Zelda: MM	MM4_Drillman.mid
nes	Zelda: MM	MM4_Password-KM.mid
nes	Zelda: MM	MM4_StageSelected.mid
nes	Zelda: MM	MM4_Toadman.mid
nes	Zelda: MM	MM4_tundratwilight.mid
nes	Zelda: MM	MM4end2.mid
nes	Zelda: MM	MM5-Charge_Man.mid
nes	Zelda: MM	MM5-Charge_Man_XG.mid
nes	Zelda: MM	MM5-Dark_Man_Castle.mid
nes	Zelda: MM	MM5-Get_Weapon.mid
nes	Zelda: MM	MM5-Star_Man.mid
nes	Zelda: MM	MM5-Wave_Man.mid
nes	Zelda: MM	MM5-_Skull_Castle.mid
nes	Zelda: MM	MM5BOSS.mid
nes	Zelda: MM	MM5CHARG_2.mid
nes	Zelda: MM	MM5DARKM.mid
nes	Zelda: MM	MM5GRAV_2.mid
nes	Zelda: MM	MM5LASTB.mid
nes	Zelda: MM	MM5RobotSelect.mid
nes	Zelda: MM	MM5STAR.mid
nes	Zelda: MM	MM5STORY.mid
nes	Zelda: MM	MM5StageSelectHyperMix.mid
nes	Zelda: MM	MM5StageSelectSlowMix.mid
nes	Zelda: MM	MM5TITLE_2.mid
nes	Zelda: MM	MM5WILY1.mid
nes	Zelda: MM	MM5_-_DarkManXG.mid
nes	Zelda: MM	MM5_-_Gyroman.mid
nes	Zelda: MM	MM5_-_StarManXG.mid
nes	Zelda: MM	MM5_Boss-KM.mid
nes	Zelda: MM	MM5_Charge_Man-KMv1-2.mid
nes	Zelda: MM	MM5_Crystal.mid
nes	Zelda: MM	MM5_DarkMan.mid
nes	Zelda: MM	MM5_Gravity_Man-KM-GS.mid
nes	Zelda: MM	MM5_Gravity_Man-KM.mid
nes	Zelda: MM	MM5_Password-KM.mid
nes	Zelda: MM	MM5_Protoman.mid
nes	Zelda: MM	MM5_Star_Man-KM.mid
nes	Zelda: MM	MM5_WaveMan.mid
nes	Zelda: MM	MM5_Wily_Stage-KM.mid
nes	Zelda: MM	MM6-BossChosen.mid
nes	Zelda: MM	MM6-Centaur_Man.mid
nes	Zelda: MM	MM6-Flame_Man.mid
nes	Zelda: MM	MM6-Get_Weapon.mid
nes	Zelda: MM	MM6-Plant_Man.mid
nes	Zelda: MM	MM6BlizzardManRock.mid
nes	Zelda: MM	MM6CentaurArrangev2.mid
nes	Zelda: MM	MM6RobotSelect.mid
nes	Zelda: MM	MM6WILYSYMPH.mid
nes	Zelda: MM	MM6WilyBnew.mid
nes	Zelda: MM	MM6_-_CentaurManAmazon.mid
nes	Zelda: MM	MM6_-_FlameMan2010XG.mid
nes	Zelda: MM	MM6_-_MrX2010XG.mid
nes	Zelda: MM	MM6_MechanicalTower.mid
nes	Zelda: MM	MM6_MrX-castle.mid
nes	Zelda: MM	MM6_TheAncientCity.mid
nes	Zelda: MM	MM6_Wily_Stage-KM.mid
nes	Zelda: MM	MM6_Windman_CrystalCavev1.1.mid
nes	Zelda: MM	MM6_YamatoMan.mid
nes	Zelda: MM	MMDaveTheme.mid
nes	Zelda: MM	MM_Bernards_Theme.mid
nes	Zelda: MM	MM_Bomb_Man%28V1.1%29.mid
nes	Zelda: MM	MM_Cut_Man-KM.mid
nes	Zelda: MM	MM_Daves_Theme_perc.mid
nes	Zelda: MM	MM_Elec_Man-KM.mid
nes	Zelda: MM	MM_Intro.mid
nes	Zelda: MM	MM_Jeffs_Theme.mid
nes	Zelda: MM	MM_Michaels_Theme.mid
nes	Zelda: MM	MM_Syds_Theme.mid
nes	Zelda: MM	MM_Wendys_Theme.mid
nes	Zelda: MM	MM_Wily_Stage_Boss-KM.mid
nes	Zelda: MM	MMadness_Practice.mid
nes	Zelda: SS	Mafat_Conspiracy-Act_4_Orient_Express.mid
nes	Chrono Trigger	Mafat_Conspiracy-Act_5_Afghanistan.mid
nes	Chrono Trigger	Mafat_Conspiracy-Act_5_Base.mid
nes	Zelda: SS	Mafat_Conspiracy-Boss.mid
nes	Zelda: SS	Mafat_Conspiracy-Mission_Briefing.mid
nes	Zelda: SS	MarbleMadness0.mid
nes	Zelda: SS	MarbleMadness1.mid
nes	Zelda: SS	Marble_Madness_-_Level_3.mid
nes	Zelda: SS	Marble_Madness_-_Practice.mid
nes	Chrono Trigger	Marble_Practice_Trance.mid
nes	Zelda: MM	Mario3_Hammerbrothers.mid
nes	Zelda: SS	Mario_is_Missing_NES-New_York.mid
nes	Zelda: SS	Mario_is_Missing_NES-Sydney_Austrailia.mid
nes	Zelda: WW	MegaMan2_NewWeapon.mid
nes	Zelda: SS	MegaMan4Boss_-_Orchestral_Remix.mid
nes	Zelda: SS	Mega_Man_2_-_Password.mid
nes	Zelda: SS	Mega_Man_6_Password.mid
nes	Chrono Trigger	Mega_Stage_Select.mid
nes	Crash Bandicoot	Megaman2CrashmanTechnoRemix.mid
nes	Chrono Trigger	Megaman3-StageSelect.mid
nes	Zelda: SS	Megaman6FinalBossAS.mid
nes	Zelda: SS	MetalGear_BossTheme.mid
nes	Zelda: SS	Metal_Gear_Boss.mid
nes	Chrono Trigger	Metalstorm_victory.mid
nes	Metroid	Metroid-_Brinstar.mid
nes	Metroid	MetroidNES_Brinstar.mid
nes	Zelda: SS	MetroidRemix2-MoBass.mid
nes	Metroid	MetroidRidley.mid
nes	Metroid	Metroid_-_BeginningXG.mid
nes	Metroid	Metroid_-_Brinstar.mid
nes	Metroid	Metroid_-_BrinstarXG.mid
nes	Metroid	Metroid_-_EscapeXG.mid
nes	Metroid	Metroid_-_IntroXG.mid
nes	Metroid	Metroid_-_Kraid.mid
nes	Metroid	Metroid_-_KraidXG.mid
nes	Metroid	Metroid_-_NorfairXG.mid
nes	Metroid	Metroid_-_RidleyHideoutXG.mid
nes	Metroid	Metroid_-_Temple_of_Kraid.mid
nes	Metroid	Metroid_2.mid
nes	Metroid	Metroid_Brinstar_Orchestrated.mid
nes	Metroid	Metroid_Ending_Theme_Arranged.mid
nes	Metroid	Metroid_Escape_Casual_Arrangement_dw.mid
nes	Metroid	Metroid_Theme_Remix.mid
nes	Chrono Trigger	Micro_Machines-Select.mid
nes	Zelda: SS	Mission_Impossible-Password.mid
nes	Zelda: MM	Mm1end2.mid
nes	Zelda: MM	Mm1fight.mid
nes	Zelda: MM	Mm1gover.mid
nes	Zelda: MM	Mm1vict.mid
nes	Zelda: MM	Mm1vict2.mid
nes	Zelda: MM	Mm2_quic.mid
nes	Zelda: MM	Mm2end1.mid
nes	Zelda: MM	Mm2pw.mid
nes	Zelda: MM	Mm2skl34_2.mid
nes	Zelda: MM	Mm2vict2.mid
nes	Zelda: MM	Mm2weap.mid
nes	Zelda: MM	Mm3vict2.mid
nes	Zelda: MM	Mm4title.mid
nes	Zelda: MM	Mm4vict2.mid
nes	Zelda: MM	Mm4weap.mid
nes	Zelda: MM	Mm5chase.mid
nes	Zelda: MM	Mm5end.mid
nes	Zelda: MM	Mm5gover.mid
nes	Zelda: MM	Mm5pass.mid
nes	Zelda: MM	Mm5title.mid
nes	Zelda: MM	Mm5vict2.mid
nes	Zelda: MM	Mm5weap.mid
nes	Zelda: MM	Mm6end.mid
nes	Zelda: MM	Mm6intro.mid
nes	Zelda: MM	Mm6mrx.mid
nes	Zelda: MM	Mm6mrx2.mid
nes	Zelda: MM	Mm6pass.mid
nes	Zelda: MM	Mm6slct.mid
nes	Zelda: MM	Mm6title.mid
nes	Zelda: MM	Mm6vict2.mid
nes	Zelda: MM	Mm6weap.mid
nes	Zelda: MM	Mm6xint.mid
nes	Zelda: SS	Monster_Party_Password.mid
nes	Mother	MotherBrain.mid
nes	Mother	MotherBrainremix.mid
nes	Mother	MotherIntroNES.mid
nes	Mother	Mother_-_Eight_Melodies.mid
nes	Mother	Mother_Earth.mid
nes	Mother	Mother_Field.mid
nes	Mother	Mother_Field_1.mid
nes	Street Fighter	Msfight.mid
nes	Metal Gear Solid	Mtrd_Kraids_Hideout-MGSRMX-KM.mid
nes	Zelda: MM	NES_MM2_DrWilyStage1n2_MMXRemix_V1.mid
nes	Super Mario Bros	NES_SMB2_or_DDP_Character_Select_V1.mid
nes	Super Mario Bros	NES_SMB_Under_Water_F_Zero_Jungle_Remix_V1.mid
nes	Super Mario Bros	NES_SMB_Under_Water_V1.mid
nes	Zelda: MM	NES__Bionic_Commando__Final_Boss_-_Albatross_Theme__2.mid
nes	Chrono Trigger	NES__Cocoron_Japan__Character_Creation.mid
nes	Secret of Mana	NES__Milons__Secret_Castle__Tower.mid
nes	Zelda: SS	NES__Samurai_Zombie_Nation__Boss_Battle_3.mid
nes	Chrono Trigger	NG_-_Act_1-1_-Remix-.mid
nes	Chrono Trigger	NG_-_Act_2-1_-Remix-.mid
nes	Chrono Trigger	NG_-_Act_2-2_-Remix-.mid
nes	Chrono Trigger	NG_-_Act_3-1_-Remix-.mid
nes	Chrono Trigger	NG_-_Act_3-2_-Remix-.mid
nes	Chrono Trigger	NG_-_Act_4-2_-Remix-.mid
nes	Chrono Trigger	NG_-_Act_4-3_-Remix-.mid
nes	Chrono Trigger	NG_-_Act_5-1_-Remix-.mid
nes	Chrono Trigger	NG_-_Act_5-3_-Remix-.mid
nes	Zelda: SS	NG_-_Boss_-Remix-.mid
nes	Zelda: SS	NOTSSBM.mid
nes	Chrono Trigger	Nadia_Secret_Of_Blue_Water-Victory_Fanfare.mid
nes	Zelda: MM	NapalmMan-Remix.mid
nes	Zelda: MM	NapalmMan_Rize.mid
nes	Zelda: MM	Napalmma.mid
nes	Zelda: MM	NeedleMan-JammingHardRemix.mid
nes	Zelda: MM	Ngmmdave.mid
nes	Chrono Trigger	NinjaJajamaruKunVictory.mid
nes	Chrono Trigger	Nintendo_World_Cup_-_Select.mid
nes	Sonic	Nmoes1.mid
nes	Zelda: SS	OLfantzoneboss.mid
nes	EarthBound	OLhomealoneBasement.mid
nes	Zelda: SS	OLlasermission.mid
nes	Chrono Trigger	OLlaserselect.mid
nes	Zelda: MM	OLmm3skullcastle.mid
nes	Zelda: SS	OLskyhawkmission.mid
nes	Zelda: OoT	Ocarina_8_Melodies.mid
nes	Zelda: SS	POW_-_FinalBoss.mid
nes	Zelda: SS	POW_-_Lvl3Boss.mid
nes	Zelda: SS	PRINCESSTOMATOSTAGE1.mid
nes	Zelda: MM	Pommy.mid
nes	Zelda: SS	PowerbladeBoss.mid
nes	CV: SOTN	Prelude_GrandSymphony.mid
nes	Puyo Puyo	PuyoPuyoNES_Title.mid
nes	Chrono Trigger	RCR_-_In_the_Factory_-Remix-.mid
nes	Zelda: MM	RCR_-_In_the_School_-MM_Remix-.mid
nes	Chrono Trigger	RCR_-_Introduction_-Remix-.mid
nes	Zelda: SS	RK-Boss.mid
nes	Zelda: SS	RK-MiniBoss.mid
nes	Zelda: SS	RK-NearBoss.mid
nes	Chrono Trigger	RK-StageSelect.mid
nes	Sonic	RR_Mus2_Remix.mid
nes	EarthBound	Rebel_Army_Metal.mid
nes	EarthBound	RescueBuilding.mid
nes	Zelda: SS	RescueEmbassyMission_-_SniperSetup.mid
nes	Chrono Trigger	Rm1_Select.mid
nes	Mega Man	Rockman3-WilysCastlePart3.mid
nes	Zelda: SS	Russian.mid
nes	SF2	SF2010.mid
nes	SF2	SF2010_Planet1Area3.mid
nes	EarthBound	SHBattleBluhman.mid
nes	Zelda: SS	SHBoss.mid
nes	Super Mario Bros	SMB-Overworld-DancingMushrooms.mid
nes	Super Mario Bros	SMB-OverworldPanic-PanickingMushrooms.mid
nes	Super Mario Bros	SMB1OVR.mid
nes	Super Mario Bros	SMB2%282%29.mid
nes	Super Mario Bros	SMB2_-_Boss_-Remix-.mid
nes	Super Mario Bros	SMB2_-_Overworld_-Remix-.mid
nes	Super Mario Bros	SMB2_-_Underworld_-Remix-.mid
nes	Super Mario Bros	SMB3-Airship-of-doom.mid
nes	Super Mario Bros	SMB3-AirshipFortress_RockRemix.mid
nes	Super Mario Bros	SMB3-Underworld.mid
nes	Super Mario Bros	SMB3ATHL.mid
nes	Super Mario Bros	SMB3KoopaKids.mid
nes	Super Mario Bros	SMB3Orchend.mid
nes	Super Mario Bros	SMB3_-_Airship_-Arranged-.mid
nes	Super Mario Bros	SMB3_-_Big_Island.mid
nes	Super Mario Bros	SMB3_-_Dark_Speed_WorldV2.mid
nes	Super Mario Bros	SMB3_-_Fortress.mid
nes	Super Mario Bros	SMB3_-_Grass_Land.mid
nes	Super Mario Bros	SMB3_-_Hammer_Bros_Battle_-Remix-.mid
nes	Super Mario Bros	SMB3_-_IceDnBMSGS.mid
nes	Super Mario Bros	SMB3_-_Koopa_Kid_Battle_-Remix-.mid
nes	Super Mario Bros	SMB3_-_Koopahari_Desert.mid
nes	Super Mario Bros	SMB3_-_Overworld_1_-Remix-.mid
nes	Super Mario Bros	SMB3_-_Overworld_2_-Remix-.mid
nes	Super Mario Bros	SMB3_-_Sea_Side.mid
nes	Super Mario Bros	SMB3_-_Underwater_-Remix-.mid
nes	Super Mario Bros	SMB3_-_Underworld_-Remix-.mid
nes	Super Mario Bros	SMB3_Athletic_HHGM.mid
nes	Super Mario Bros	SMB3_Dark_World-KM.mid
nes	Super Mario Bros	SMB3_Grass_Land-KMv2.mid
nes	Super Mario Bros	SMB3_Iced_Land-KM.mid
nes	Super Mario Bros	SMB3_KoopahariDesert.mid
nes	Super Mario Bros	SMB3_Koopahari_Desert-KM.mid
nes	Super Mario Bros	SMB3_Level1.mid
nes	Super Mario Bros	SMB3_MusicBox.mid
nes	Super Mario Bros	SMB3_Overworld_1-KM.mid
nes	Super Mario Bros	SMB3_Sea_Side-KM.mid
nes	Super Mario Bros	SMB3_The_Sky-KM.mid
nes	Super Mario Bros	SMB3_Water_Land.mid
nes	Super Mario Bros	SMB3_underwater.mid
nes	Super Mario Bros	SMB3fortress.mid
nes	Super Mario Bros	SMB3grld.mid
nes	Super Mario Bros	SMB3overworld2.mid
nes	Super Mario Bros	SMBOrchEnd.mid
nes	Super Mario Bros	SMB_-_Castle_-Remix-.mid
nes	Super Mario Bros	SMB_-_Overworld_-Remix-.mid
nes	Super Mario Bros	SMB_-_Starman_-Remix-.mid
nes	Super Mario Bros	SMB_-_Underwater_-Remix-.mid
nes	Super Mario Bros	SMB_-_Underworld_-Remix-.mid
nes	Super Mario Bros	SMB_Star-FZero.mid
nes	Super Mario Bros	SMB_Star-KM.mid
nes	Super Mario Bros	SMB_Underground.mid
nes	Zelda: SS	SSTGTHV.mid
nes	Zelda: SS	SS_Normalship_UAZ.mid
nes	Secret of Mana	Secret.mid
nes	Chrono Trigger	SectionZ-Introduction_Rock_MixV2.mid
nes	Chrono Trigger	Section_Z_-_Game_Over.mid
nes	Chrono Trigger	Select1.mid
nes	Chrono Trigger	Select6.mid
nes	Chrono Trigger	Shatter_Select.mid
nes	Zelda: SS	Shatterhand_Boss.mid
nes	Chrono Trigger	Shatterhand_Solbrain-Stage_Select.mid
nes	Sonic	Silius1.mid
nes	Super Mario Bros	Smb2boss.mid
nes	Super Mario Bros	Smb2brmx.mid
nes	Super Mario Bros	Smb3toad.mid
nes	Super Mario Bros	Smb_Parade_Remix.mid
nes	Super Mario Bros	Smbover.mid
nes	Super Mario Bros	Smbtheme.mid
nes	Super Mario Bros	Smbunder.mid
nes	Super Mario Bros	Smbwater.mid
nes	Sonic	Snbrobs2.mid
nes	Final Fantasy	Sor%28Nes%29Track_6_%28Cliffhanger%29%21.mid
nes	Zelda: SS	SpyvsSpy-mainremix.mid
nes	Chrono Trigger	Stage_Select.mid
nes	EarthBound	Stageb.mid
nes	Chrono Cross	StarTropics-alien_battle.mid
nes	Chrono Cross	StarTropics-alien_ship.mid
nes	Chrono Cross	StarTropics-argonians.mid
nes	Zelda: SS	StarTropics-boss_battle.mid
nes	Chrono Cross	StarTropics-captain_bell.mid
nes	Chrono Cross	StarTropics-chapter_3_intro.mid
nes	Chrono Cross	StarTropics-chapter_intro.mid
nes	Chrono Cross	StarTropics-credits.mid
nes	Chrono Cross	StarTropics-death.mid
nes	Chrono Cross	StarTropics-dr_j.mid
nes	Chrono Cross	StarTropics-ending.mid
nes	Chrono Cross	StarTropics-ghost_village.mid
nes	Chrono Cross	StarTropics-inside_the_whale.mid
nes	Chrono Cross	StarTropics-island_chief.mid
nes	Chrono Trigger	StarTropics-main_action_areas.mid
nes	Chrono Cross	StarTropics-miracola.mid
nes	Chrono Cross	StarTropics-nav_com.mid
nes	Chrono Cross	StarTropics-overworld.mid
nes	Chrono Cross	StarTropics-peter.mid
nes	Chrono Cross	StarTropics-queen_shecola.mid
nes	Chrono Cross	StarTropics-rest_area.mid
nes	Chrono Cross	StarTropics-shecola.mid
nes	Chrono Cross	StarTropics-ship_sink.mid
nes	Chrono Cross	StarTropics-stranded.mid
nes	Chrono Cross	StarTropics-sub_c.mid
nes	Chrono Cross	StarTropics-sub_c_launch.mid
nes	Chrono Cross	StarTropics-title.mid
nes	Chrono Cross	StarTropics-underworld.mid
nes	Chrono Trigger	StarTropics-victory.mid
nes	Chrono Trigger	Star_Tropics_Action_Area.mid
nes	Chrono Trigger	Startropics-Cave_Action.mid
nes	EarthBound	SuperDodgeBall-_-MirrorMatch.mid
nes	Sonic	SuperMarioBrothers3Map6.mid
nes	Zelda: MM	Super_Mario_Bros_-_Overworld_Summer_Party_Mix.mid
nes	Super Mario Bros	TD_SMB3_doomship_remix.mid
nes	TMNT	TMNT2_-_FireXG.mid
nes	Zelda: SS	TMNT3-miniboss.mid
nes	TMNT	TMNT_Sewers-KM.mid
nes	Zelda: MM	T_BionicCommando_AlbatrossTheme.mid
nes	Zelda: MM	T_BionicCommando_Area2.mid
nes	Zelda: MM	T_BionicCommando_BossBattle.mid
nes	Zelda: MM	T_BionicCommando_BossDialog.mid
nes	Zelda: MM	T_BionicCommando_Encounter.mid
nes	Zelda: MM	T_BionicCommando_FinalArea.mid
nes	Zelda: MM	T_BionicCommando_Prologue1.mid
nes	Zelda: MM	T_BionicCommando_Prologue3.mid
nes	Chrono Trigger	T_CaptainAmerica_CharSelect.mid
nes	Chrono Trigger	T_ChoujinSentaiJetman_Select.mid
nes	Zelda: SS	T_GuardianLegend_PasswordTheme.mid
nes	Chrono Trigger	T_GuardianLegend_Victory.mid
nes	Zelda: SS	T_HiddenBossBattle.mid
nes	Chrono Trigger	T_HiryuNoKenIII_NextActTheme.mid
nes	Zelda: SS	T_HiryuNoKenOugi_BossBattleTheme.mid
nes	Zelda: SS	T_MetalGear_PasswordTheme.mid
nes	Zelda: SS	T_MissionImpossible_Enemy.mid
nes	Zelda: SS	T_NinjaGaiden_BossTheme.mid
nes	Final Fantasy	T_NinjaGaiden_Cliffs.mid
nes	Zelda: SS	T_RockMan2_FortressRemix.mid
nes	Mega Man	T_RockMan3_IntroTheme_Arranged.mid
nes	Mega Man	T_RockMan3_MagnetMan_Arranged.mid
nes	Mega Man	T_RockMan4_DrillMan_Arrange102.mid
nes	Mega Man	T_RockMan4_DrillMan_ArrangeGM.mid
nes	Mega Man	T_RockMan5_WaveMan_Remix.mid
nes	Mega Man	T_RockMan6_RushTheme.mid
nes	Mega Man	T_RockMan6_TitleTheme.mid
nes	Mega Man	T_RockMan6_TomahawkMan_v13b.mid
nes	Mega Man	T_RockMan_BombManTheme.mid
nes	Zelda: SS	T_SnakesRevenge_BossTheme.mid
nes	Zelda: SS	T_SnakesRevenge_BossThemeIntro.mid
nes	Zelda: SS	T_SnakesRevenge_BossTheme_wIntro.mid
nes	Zelda: SS	T_SnakesRevenge_MetalGearFortressTheme.mid
nes	Zelda: SS	T_SnakesRevenge_PasswordTheme.mid
nes	Chrono Trigger	T_StarshipHector_TitleTheme.mid
nes	TMNT	T_TMNT_OverworldTheme.mid
nes	TMNT	T_TMNT_SidescrollerTheme2.mid
nes	EarthBound	T_TecmoBaseball_1PTheme.mid
nes	Final Fantasy	T_TecmoWrestling_StaffRoll.mid
nes	Sonic Adventure	T_Tsubasa2_NihonAllStarTheme.mid
nes	Final Fantasy	T_TwistofFate.mid
nes	Chrono Trigger	T_WaiWaiWorld2_MagicalAction.mid
nes	Zelda: SS	Talespin_-_Boss.mid
nes	Zelda: SS	TandC_Street_Skate_Session.mid
nes	EarthBound	TecmoBaseball.mid
nes	EarthBound	TecmoBaseballHomerun.mid
nes	Chrono Trigger	TecmoBowlVictory.mid
nes	Tetris	Tetris_-_MusicCXG.mid
nes	Tetris	Tetris_Title_Screen.mid
nes	Zelda: SS	Tglboss1.mid
nes	Zelda: MM	The_Immortal_-_Battle.mid
nes	Zelda: MM	The_Immortal_Title_Theme%2C_Piano_with_Variations.mid
nes	Zelda: SS	The_prince_and_princess.mid
nes	Metroid	TitleScreen-Metroid.mid
nes	TMNT	Tmnt3_Level1.mid
nes	TMNT	Tmnt3_intro.mid
nes	Zelda: SS	TopGun-select_missle.mid
nes	Zelda: SS	Ts_boss.mid
nes	Chrono Cross	Ttahhcs.mid
nes	Zelda: MM	Ttammax.mid
nes	Zelda: MM	Ttammsn.mid
nes	EarthBound	Twinbee_-_StageBGM.mid
nes	Zelda: SS	UlimatepasswordmetalgearNES.mid
nes	Chrono Trigger	Victory-Jazz.mid
nes	EarthBound	VsExcitebike3.mid
nes	EarthBound	VsExcitebikeLose.mid
nes	EarthBound	VsExcitebikeRace.mid
nes	EarthBound	VsExcitebikeWin.mid
nes	Chrono Trigger	WCW_World_Championship_Wrestling_-_Mode_Select.mid
nes	Zelda	WTRZELDA.mid
nes	Zelda: WW	WW2_Water.mid
nes	Zelda: WW	WW3Thief.mid
nes	Zelda: WW	WW3Wizard.mid
nes	Zelda: WW	WWIntro.mid
nes	Zelda: SS	Warios-Woods_-_Boss.mid
nes	Zelda: MM	WilybossMM6.mid
nes	Sonic	Wizards265.mid
nes	Sonic	WizardsandWarriors2FinalBattle.mid
nes	Chrono Trigger	World_Championship_Wrestling_-_Character_Profile.mid
nes	Zelda: WW	Ww-completestage.mid
nes	Zelda: WW	Ww2-store.mid
nes	Zelda: WW	Ww2lavast.mid
nes	Zelda: SS	Wwboss.mid
nes	Zelda: WW	Wwcastl.mid
nes	Zelda: WW	Wwcave1.mid
nes	Zelda: WW	Wwforest.mid
nes	Zelda: WW	Wwoutsidecastle.mid
nes	Zelda: WW	Wwtree.mid
nes	EarthBound	XITEBIKE.mid
nes	Zelda: SS	Xexyz_-_BossDefeated.mid
nes	Zelda: SS	Z2FinalBoss.mid
nes	Zelda	ZELDA2-PAL.mid
nes	Zelda	Zelda-Final_Labyrinth_2.mid
nes	Zelda	Zelda-Ganon_2.mid
nes	Zelda	Zelda-Item.mid
nes	Zelda	Zelda-Remix.mid
nes	Zelda	Zelda-Triforce_3.mid
nes	Zelda	Zelda.mid
nes	Zelda	Zelda1recorder.mid
nes	Zelda	Zelda2-PalWin.mid
nes	Zelda	Zelda2lc.mid
nes	Zelda	Zelda2ov.mid
nes	Zelda	Zelda2whistle.mid
nes	Zelda	ZeldaD.mid
nes	Zelda	ZeldaEnd.mid
nes	Zelda	ZeldaFantasy_1_.mid
nes	Zelda	ZeldaIntro.mid
nes	Zelda	ZeldaMelody.mid
nes	Zelda	ZeldaTechmid3.mid
nes	Zelda	Zelda_%28Mario_Paint_Remix%29.mid
nes	Zelda	Zelda_-_Game_Over.mid
nes	Zelda	Zelda_2-_Battle_Stage.mid
nes	Zelda	Zelda_I_-_Underworld_Theme.mid
nes	Zelda	Zelda_NES_Title.mid
nes	Zelda	Zelda_Temple_Theme.mid
nes	Zelda	Zelda_Underworld_Theme.mid
nes	Zelda	Zelda_title_prelude.mid
nes	Zelda	Zeldalea.mid
nes	Zelda	Zeldathemehysterical2.mid
nes	Gradius	Zenkusa_-_Gradius_IntroFlight_seq_arranged.mid
nes	Zelda: SS	a-boss.mid
nes	Zelda: SS	agijoeboss.mid
nes	Zelda: SS	airfortress.mid
nes	Zelda	asa_zelda2battle.mid
nes	Battletoads	battletoads_level1.mid
nes	Battletoads	battletoads_turbo.mid
nes	Zelda: SS	bb-Boss.mid
nes	Zelda: SS	bohsslct.mid
nes	Zelda: SS	boss-drums.mid
nes	Zelda: SS	bossfelixthecat.mid
nes	Zelda	bszelda_uworld.mid
nes	Zelda: SS	bub-boss.mid
nes	EarthBound	bubblebobble.mid
nes	EarthBound	bubbleboy.mid
nes	Chrono Cross	c2dracsl.mid
nes	Zelda: SS	c3boss.mid
nes	Chrono Trigger	c3vict.mid
nes	Castlevania	castlevania3_beginning.mid
nes	Castlevania	castlevania_-_voyager.mid
nes	Castlevania	castlevania_3_-_clockwork.mid
nes	Zelda: SS	cdboss.mid
nes	Zelda: SS	chaosworldboss.mid
nes	Chrono Trigger	character.mid
nes	Zelda: MM	cmmando.mid
nes	Zelda: MM	cobracommand01.mid
nes	Zelda: SS	cocoboss.mid
nes	Contra	contra-1.mid
nes	Contra	contra-finalstage.mid
nes	Contra	contra.mid
nes	Contra	contra2.mid
nes	Contra	contra3.mid
nes	Contra	contra7.mid
nes	Contra	contra_-_base_jam.mid
nes	Zelda: SS	cossacks.mid
nes	Crash Bandicoot	crash_funk_jazz.mid
nes	Zelda: SS	crossfire_%28v2%29.mid
nes	Zelda: SS	crystalis-fortress.mid
nes	Chrono Cross	csjetman_area_a.mid
nes	Sonic	cstlv1s3.mid
nes	Castlevania	cv1-1b.mid
nes	Castlevania	cv1-1d.mid
nes	Castlevania	cv1-1e.mid
nes	Castlevania	cv1-1g.mid
nes	Castlevania	cv1-3b.mid
nes	Castlevania	cv1-3c.mid
nes	Castlevania	cv1-4.mid
nes	Castlevania	cv1-5.mid
nes	Castlevania	cv1-6.mid
nes	Castlevania	cv1-lv2.mid
nes	Castlevania	cv1end.mid
nes	Castlevania	cv1intro.mid
nes	Sonic	cv1s1.mid
nes	Sonic	cv1s2.mid
nes	Sonic	cv1s3.mid
nes	Castlevania	cv1s4.mid
nes	Castlevania	cv1s5.mid
nes	Castlevania	cv1s6.mid
nes	Castlevania	cv2-town.mid
nes	Castlevania	cv2night.mid
nes	Castlevania	cv2town.mid
nes	Castlevania	cv3-evergreen.mid
nes	Castlevania	cv3-st2.mid
nes	Castlevania	cvII.mid
nes	Castlevania	cvLostLife.mid
nes	Castlevania	cv_timeout.mid
nes	Castlevania	cvmadforest.mid
nes	Castlevania	cy_castlevania_3_riddle.mid
nes	Chrono Trigger	d1select.mid
nes	Super Mario Bros	da_smb3-fortress.mid
nes	Super Mario Bros	da_smb3-overworld.mid
nes	Super Mario Bros	da_smb3-overworld2.mid
nes	Super Mario Bros	da_smb3-underwater.mid
nes	Super Mario Bros	da_smb3-world1.mid
nes	Super Mario Bros	da_smb3-world2.mid
nes	Super Mario Bros	da_smb3-world3.mid
nes	Super Mario Bros	da_smb3-world4.mid
nes	Super Mario Bros	da_smb3-world5.mid
nes	Chrono Trigger	dctmoon.mid
nes	Zelda: SS	dd-intermission.mid
nes	Zelda: SS	dd-mission2.mid
nes	Zelda: SS	dd2-boss-1.mid
nes	Zelda: SS	dd2-mission1.mid
nes	Zelda: SS	dd2-mission2.mid
nes	Zelda: SS	dd2-mission3.mid
nes	Zelda: SS	dd2-mission4.mid
nes	Zelda: SS	dd2-mission5.mid
nes	Zelda: SS	dd2-mission5b.mid
nes	Zelda: SS	dd2-mission6.mid
nes	Zelda: SS	dd2-mission7.mid
nes	Final Fantasy	dd2-staffroll.mid
nes	Zelda: SS	dd3-finalboss.mid
nes	Zelda: SS	dd3-mission1rmx.mid
nes	Zelda: SS	dd3boss4.mid
nes	Zelda: SS	dd_mission4.mid
nes	Donkey Kong	dk-die.mid
nes	Donkey Kong	dk-gamestart.mid
nes	Zelda: MM	dk-hammer.mid
nes	Donkey Kong	dk-stagestart.mid
nes	DKC	dkca.mid
nes	Zelda: SS	dq3assrm.mid
nes	Chrono Trigger	dtselect.mid
nes	Street Fighter	dw1overwrld%28-sfx%29.mid
nes	Castlevania	dw2_Tower_GBCversion_.mid
nes	EarthBound	earthbound_0_%28Mother%29_-_snow_man.mid
nes	EarthBound	eb0_mother_field1.mid
nes	EarthBound	eb0_mother_field2.mid
nes	EarthBound	eb0_mother_field3.mid
nes	EarthBound	eb0_mother_livehousesong.mid
nes	EarthBound	eb0_mother_magicant.mid
nes	EarthBound	eb0_mother_queenmarycastle.mid
nes	EarthBound	eb0_mother_queenmarysong.mid
nes	EarthBound	eb0_mother_school.mid
nes	EarthBound	eb0_mother_snowman.mid
nes	EarthBound	eb0_mother_store.mid
nes	EarthBound	eb0_store.mid
nes	Zelda: SS	embassy_espionage.mid
nes	Chrono Cross	erniesmagicshapes.mid
nes	CV: Aria	faria_ehdo.mid
nes	Zelda: SS	faxboss1.mid
nes	Final Fantasy	ff1-chaos-remix.mid
nes	Final Fantasy	ff1Castlecorneria11.mid
nes	Final Fantasy	ff1_temple.mid
nes	Final Fantasy	ff1_volcano_arr.mid
nes	Final Fantasy	ff1airs.mid
nes	Final Fantasy	ff1batt2.mid
nes	Final Fantasy	ff1battl.mid
nes	Final Fantasy	ff1battle.mid
nes	Final Fantasy	ff1cast2.mid
nes	Final Fantasy	ff1cast3.mid
nes	Final Fantasy	ff1castl.mid
nes	Final Fantasy	ff1cave1.mid
nes	Final Fantasy	ff1dead.mid
nes	Final Fantasy	ff1deadp3.mid
nes	Final Fantasy	ff1end.mid
nes	Final Fantasy	ff1end2.mid
nes	Final Fantasy	ff1fightgs1.mid
nes	Final Fantasy	ff1flcst.mid
nes	Final Fantasy	ff1gurg2.mid
nes	Final Fantasy	ff1gurgu.mid
nes	Final Fantasy	ff1gurgurmix.mid
nes	Final Fantasy	ff1matoyaRMX.mid
nes	Final Fantasy	ff1maty2.mid
nes	Final Fantasy	ff1matya.mid
nes	Final Fantasy	ff1menu.mid
nes	Final Fantasy	ff1overw.mid
nes	Final Fantasy	ff1prolg.mid
nes	Final Fantasy	ff1ship1.mid
nes	Final Fantasy	ff1ship2.mid
nes	Final Fantasy	ff1ship3.mid
nes	Final Fantasy	ff1shop.mid
nes	Final Fantasy	ff1shop2.mid
nes	Final Fantasy	ff1temp2.mid
nes	Final Fantasy	ff1temp3.mid
nes	Final Fantasy	ff1templ.mid
nes	Final Fantasy	ff1titl2.mid
nes	Final Fantasy	ff1title.mid
nes	Final Fantasy	ff1town.mid
nes	Final Fantasy	ff1town1.mid
nes	Final Fantasy	ff1town2.mid
nes	Final Fantasy	ff1undrw.mid
nes	Final Fantasy	ff2battletheme.mid
nes	Final Fantasy	ff2jair.mid
nes	Final Fantasy	ff2jbat2.mid
nes	Final Fantasy	ff2jbat3.mid
nes	Final Fantasy	ff2jbat4.mid
nes	Final Fantasy	ff2jbat5.mid
nes	Final Fantasy	ff2jbatl.mid
nes	Final Fantasy	ff2jbatl1.mid
nes	Final Fantasy	ff2jbatx.mid
nes	Final Fantasy	ff2jcaveFix.mid
nes	Final Fantasy	ff2jdead.mid
nes	Final Fantasy	ff2jfin2.mid
nes	Final Fantasy	ff2jfinl.mid
nes	Final Fantasy	ff2jkash.mid
nes	Final Fantasy	ff2jovrw.mid
nes	Final Fantasy	ff2jrebl.mid
nes	Final Fantasy	ff2jrebl1.mid
nes	Final Fantasy	ff2jrest.mid
nes	Final Fantasy	ff2jshrine.mid
nes	Final Fantasy	ff2jshrine2.mid
nes	Final Fantasy	ff2jthem.mid
nes	Final Fantasy	ff2jthm2.mid
nes	Final Fantasy	ff2jthm3.mid
nes	Final Fantasy	ff2jtow2.mid
nes	Final Fantasy	ff2jtown.mid
nes	Final Fantasy	ff2jtown1.mid
nes	Final Fantasy	ff2jwshp.mid
nes	Final Fantasy	ff2wsc_bt1.mid
nes	Final Fantasy	ff3Castle.mid
nes	Final Fantasy	ff3PRELUDE.mid
nes	Final Fantasy	ff3_crystalcave.mid
nes	Final Fantasy	ff3_goaboveclouds.mid
nes	Final Fantasy	ff3airship.mid
nes	Zelda: SS	ff3boss.mid
nes	Zelda: SS	ff3boss01.mid
nes	Final Fantasy	ff3darkworld.mid
nes	Final Fantasy	ff3eternalwind.mid
nes	Final Fantasy	ff3j-ew.mid
nes	Final Fantasy	ff3j_2.mid
nes	Final Fantasy	ff3j_4.mid
nes	Final Fantasy	ff3j_eureka.mid
nes	Final Fantasy	ff3jbat3.mid
nes	Final Fantasy	ff3jbatt.mid
nes	Final Fantasy	ff3jbos2.mid
nes	Final Fantasy	ff3jbos4.mid
nes	Zelda: SS	ff3jboss.mid
nes	Final Fantasy	ff3jcavesremix.mid
nes	Final Fantasy	ff3jelia.mid
nes	Final Fantasy	ff3jew3.mid
nes	Final Fantasy	ff3jewnd.mid
nes	Final Fantasy	ff3jforbl.mid
nes	Final Fantasy	ff3jinn2.mid
nes	Final Fantasy	ff3jjinn.mid
nes	Final Fantasy	ff3jlb2.mid
nes	Final Fantasy	ff3jlbos.mid
nes	Final Fantasy	ff3jlute.mid
nes	Final Fantasy	ff3jovrworld.mid
nes	Final Fantasy	ff3jtemples.mid
nes	Final Fantasy	ff3jtime.mid
nes	Final Fantasy	ff3jtoza.mid
nes	Final Fantasy	ff3jworld.mid
nes	Zelda: SS	ff3lastboss01.mid
nes	Final Fantasy	ff3worldmap-v101.mid
nes	FF6	ffIIItime321.mid
nes	Final Fantasy	ffPRELUDE.mid
nes	Final Fantasy	ff_pr.mid
nes	Final Fantasy	ffbatremix.mid
nes	Final Fantasy	ffbattle.mid
nes	Final Fantasy	ffpreludenewage.mid
nes	Final Fantasy	ffpreludepunk.mid
nes	Final Fantasy	ffworldmap-remix.mid
nes	Zelda: SS	final_mission_intro.mid
nes	Ghosts 'n Goblins	ghosts_n%27_goblins_-_last_stage.mid
nes	Ghosts 'n Goblins	ghosts_n%27_goblins_-_stage_1.mid
nes	Zelda: MM	gimmick2_midi.mid
nes	Zelda: MM	gimmick_midi.mid
nes	Zelda: MM	gimmickslowillusion.mid
nes	Zelda: SS	goonies_2_-_password.mid
nes	Zelda	gothic_zelda_theme.mid
nes	Gradius	gradius-1985.mid
nes	Gradius	gradius.mid
nes	Sonic	gradius2.mid
nes	Gradius	gradius4.mid
nes	Gradius	gradius5.mid
nes	Gradius	gradius6.mid
nes	Gradius	gradius7.mid
nes	Gradius	gradiuslvl1.mid
nes	Sonic	gremlins2-5-1.mid
nes	Sonic	gs2_1P-2P.mid
nes	Sonic	gs2_config.mid
nes	Sonic	gs2_title.mid
nes	Sonic	gs2_victory.mid
nes	Zelda: SS	guarleg_boss1.mid
nes	Zelda: SS	guarleg_boss2.mid
nes	Zelda: SS	guarleg_boss3.mid
nes	Zelda: SS	gzilla_boss1.mid
nes	Zelda: SS	gzilla_boss2.mid
nes	Zelda: SS	gzilla_boss3.mid
nes	Zelda: SS	gzilla_boss4.mid
nes	Zelda: SS	gzilla_boss5.mid
nes	Zelda: SS	gzilla_boss6.mid
nes	Zelda: SS	gzilla_bossdie.mid
nes	Chrono Trigger	gzilla_gameselect.mid
nes	Zelda: SS	gzilla_password.mid
nes	Zelda: MM	heatmm2.mid
nes	Zelda: WW	hmlndwwm.mid
nes	Zelda: SS	hotness_2_pt_2.mid
nes	Chrono Trigger	iceslct.mid
nes	Zelda: MM	imm10%5B2%5D.mid
nes	Zelda: MM	imm12.mid
nes	Zelda: MM	imm15.mid
nes	Zelda: MM	imm3.mid
nes	Zelda: MM	imm7.mid
nes	Zelda: MM	immbat1.mid
nes	Zelda: MM	immortatatk.mid
nes	Castlevania	j47_castlevania_orchesteral.mid
nes	Zelda: SS	jurassic_nes_stage1.mid
nes	Kirby	kirby_adventure_cranegame.mid
nes	Zelda: SS	kirbya-boss.mid
nes	Zelda: SS	kirbya-finalboss.mid
nes	Zelda: SS	kirbya-icecreamss.mid
nes	Kirby	kirbyabb.mid
nes	Kirby	kirbyayy.mid
nes	Sonic Adventure	kirbysadventure-map1.mid
nes	Chrono Trigger	kouha-victory.mid
nes	Zelda: MM	lemmin2p.mid
nes	Zelda: MM	lemmin3p.mid
nes	Zelda: MM	lemmount.mid
nes	Zelda: SS	lotwboss.mid
nes	Zelda	lozow.mid
nes	Zelda	lozt.mid
nes	Zelda	lozuw.mid
nes	Super Mario Bros	luigismb2jazz.mid
nes	Zelda: SS	macross.mid
nes	Zelda: SS	megaman4_DrCossack2.mid
nes	Metroid	metroid.mid
nes	Metroid	metroid41885.mid
nes	Metroid	metroid_-_escape.mid
nes	Metroid	metroid_brinstar_ver2.mid
nes	Zelda: SS	metroid_intro_working_progress.mid
nes	Metroid	metroid_title.mid
nes	Metroid	metroidit.mid
nes	Final Fantasy	mff-finalvictory.mid
nes	Final Fantasy	mff-theslums.mid
nes	Zelda: SS	mg-pass.mid
nes	Zelda: SS	mike_tyson%27s_punch-out_-_loss.mid
nes	Zelda: SS	mimposs.mid
nes	Zelda: SS	minibosses_-_w%26w_-_tree.mid
nes	Zelda: MM	mm-lv1.mid
nes	Zelda: MM	mm1bomb.mid
nes	Zelda: MM	mm1bomb2.mid
nes	Zelda: MM	mm1boss.mid
nes	Zelda: MM	mm1cut.mid
nes	Zelda: MM	mm1elec.mid
nes	Zelda: MM	mm1end.mid
nes	Zelda: MM	mm1fire.mid
nes	Zelda: MM	mm1wily2.mid
nes	Zelda: MM	mm2-airm.mid
nes	Zelda: MM	mm2-bubl.mid
nes	Zelda: MM	mm2-wilystage1.mid
nes	Zelda: MM	mm2-wood.mid
nes	Zelda: MM	mm2_bubbleman_v2.mid
nes	Zelda: MM	mm2_weaponget.mid
nes	Zelda: MM	mm2_wilystage1_ds.mid
nes	Zelda: MM	mm2air.mid
nes	Zelda: MM	mm2bubbl.mid
nes	Zelda: MM	mm2bubblerock.mid
nes	Zelda: MM	mm2cras2.mid
nes	Zelda: MM	mm2crash.mid
nes	Zelda: MM	mm2end.mid
nes	Zelda: MM	mm2flas2.mid
nes	Zelda: MM	mm2flash.mid
nes	Zelda: MM	mm2heat.mid
nes	Zelda: MM	mm2heatman.mid
nes	Zelda: MM	mm2meta2.mid
nes	Zelda: MM	mm2selec.mid
nes	Zelda: MM	mm2titl2.mid
nes	Zelda: MM	mm2titl3.mid
nes	Zelda: MM	mm2title.mid
nes	Zelda: MM	mm2w1m.mid
nes	Zelda: MM	mm2w1rm.mid
nes	Zelda: MM	mm2wily1.mid
nes	Zelda: MM	mm3-int.mid
nes	Zelda: MM	mm3-snake.mid
nes	Zelda: MM	mm3-snakeman.mid
nes	Zelda: MM	mm3-snkm.mid
nes	Zelda: MM	mm3_-_password.mid
nes	Zelda: MM	mm3_boss.mid
nes	Zelda: MM	mm3boss.mid
nes	Zelda: MM	mm3boss2X.mid
nes	Zelda: MM	mm3boss_2.mid
nes	Zelda: MM	mm3bossx4.mid
nes	Zelda: MM	mm3endp2.mid
nes	Zelda: MM	mm3gemi2.mid
nes	Zelda: MM	mm3gemin.mid
nes	Zelda: MM	mm3hardm.mid
nes	Zelda: MM	mm3intr2.mid
nes	Zelda: MM	mm3intro.mid
nes	Zelda: MM	mm3magnt.mid
nes	Zelda: MM	mm3magnt_2.mid
nes	Zelda: MM	mm3needl.mid
nes	Zelda: MM	mm3needl_2.mid
nes	Zelda: MM	mm3protw.mid
nes	Zelda: MM	mm3psw.mid
nes	Zelda: MM	mm3select.mid
nes	Zelda: MM	mm3selected.mid
nes	Zelda: MM	mm3shad2.mid
nes	Zelda: MM	mm3shado.mid
nes	Zelda: MM	mm3skull3-4.mid
nes	Zelda: MM	mm3snake2.mid
nes	Zelda: MM	mm3sngtc.mid
nes	Zelda: MM	mm3spar2.mid
nes	Zelda: MM	mm3spark.mid
nes	Zelda: MM	mm3sprkm.mid
nes	Zelda: MM	mm3stgsl.mid
nes	Zelda: MM	mm3title.mid
nes	Zelda: MM	mm3topma.mid
nes	Zelda: MM	mm3weprc.mid
nes	Zelda: MM	mm3wily1_2.mid
nes	Zelda: MM	mm3wily2.mid
nes	Zelda: MM	mm3wily34.mid
nes	Zelda: MM	mm3wily56.mid
nes	Zelda: MM	mm3wilystage1.mid
nes	Zelda: MM	mm4_boss.mid
nes	Zelda: MM	mm4boss.mid
nes	Zelda: MM	mm4boss2.mid
nes	Zelda: MM	mm4bri.mid
nes	Zelda: MM	mm4cossack.mid
nes	Zelda: MM	mm4cost2.mid
nes	Zelda: MM	mm4dive.mid
nes	Zelda: MM	mm4drill-1.mid
nes	Zelda: MM	mm4drill.mid
nes	Zelda: MM	mm4dust.mid
nes	Zelda: MM	mm4dustm.mid
nes	Zelda: MM	mm4final.mid
nes	Zelda: MM	mm4intp2.mid
nes	Zelda: MM	mm4newweapon.mid
nes	Zelda: MM	mm4phara.mid
nes	Zelda: MM	mm4ring.mid
nes	Zelda: MM	mm4sel.mid
nes	Zelda: MM	mm4toad.mid
nes	Zelda: MM	mm4victory.mid
nes	Zelda: MM	mm5-introtitleXG.mid
nes	Zelda: MM	mm5-wavemanXG.mid
nes	Zelda: MM	mm5charg.mid
nes	Zelda: MM	mm5crys.mid
nes	Zelda: MM	mm5dark.mid
nes	Zelda: MM	mm5grav.mid
nes	Zelda: MM	mm5grav2.mid
nes	Zelda: MM	mm5gyro%5B2%5D.mid
nes	Zelda: MM	mm5gyro.mid
nes	Zelda: MM	mm5prolog.mid
nes	Zelda: MM	mm5select.mid
nes	Zelda: MM	mm5starstage.mid
nes	Zelda: MM	mm5wave.mid
nes	Zelda: MM	mm5wave2.mid
nes	Zelda: MM	mm5wilybattle.mid
nes	Zelda: MM	mm6-centaurman.mid
nes	Zelda: MM	mm6-flameman-good.mid
nes	Zelda: MM	mm6-flameman.mid
nes	Zelda: MM	mm6-select.mid
nes	Zelda: MM	mm6-wily.mid
nes	Zelda: MM	mm6.mid
nes	Zelda: MM	mm6blizz.mid
nes	Zelda: MM	mm6centa.mid
nes	Zelda: MM	mm6equip.mid
nes	Zelda: MM	mm6final.mid
nes	Zelda: MM	mm6flame.mid
nes	Zelda: MM	mm6pass3.mid
nes	Zelda: MM	mm6plant1.mid
nes	Zelda: MM	mm6tomah.mid
nes	Zelda: MM	mm6wilyb.mid
nes	Zelda: MM	mm6wind.mid
nes	Zelda: MM	mm6wind2.mid
nes	Zelda: MM	mm6wlyrb.mid
nes	Zelda: MM	mm_3magnt.mid
nes	Zelda: MM	mmtop.mid
nes	Mother	mother_motherfield.mid
nes	Mother	mother_overworld.mid
nes	Mother	mother_paradise_line.mid
nes	Mother	mother_pollyanna.mid
nes	Mother	mother_tank.mid
nes	Mother	mother_twinkle.mid
nes	Mother	mother_wally_battle.mid
nes	Mother	motherend.mid
nes	Zelda: SS	nemo-miniboss.mid
nes	Zelda: SS	nemoboss.mid
nes	Kirby	nes_kirby_sm01.mid
nes	Kirby	nes_kirby_sm02_XG.mid
nes	Zelda: MM	nes_mm2_sm01.mid
nes	Zelda: MM	nes_mm2_sm02.mid
nes	Zelda: MM	nes_mm2_sm02_XG.mid
nes	Zelda: MM	nesmm5_gravityman.mid
nes	Sonic	ng1_cs1.mid
nes	Chrono Trigger	ng2_act.mid
nes	Zelda: SS	ng2_boss.mid
nes	Chrono Cross	ng2_cstl.mid
nes	Sonic	nmoes2.mid
nes	Sonic	nmoes3.mid
nes	Sonic	olympus1.mid
nes	Pac-Man	pacmania3.mid
nes	Zelda: SS	ra-fboss.mid
nes	Zelda: SS	rcr-boss.mid
nes	Zelda: SS	rcr-password.mid
nes	Mega Man	rockman_bombman.mid
nes	Zelda: SS	salabossXG.mid
nes	Final Fantasy	sarahsuke_ff3j_timeremains.mid
nes	Zelda: SS	sdb-ussr.mid
nes	Secret of Mana	secretsound.mid
nes	Chrono Trigger	sectionz1.mid
nes	Zelda: SS	siliusstg1.mid
nes	Sonic	silvers2.mid
nes	Sonic	silvers3.mid
nes	Sonic	simpsbs1.mid
nes	Zelda: OoT	skeetshooter.mid
nes	Zelda: SS	sm2_boss.mid
nes	Zelda: SS	sm3fortress.mid
nes	Zelda: SS	sm3grass.mid
nes	Zelda: SS	sm3mboss.mid
nes	Super Mario Bros	smb-1up.mid
nes	Super Mario Bros	smb-dd.mid
nes	Super Mario Bros	smb-end.mid
nes	Super Mario Bros	smb-go.mid
nes	Super Mario Bros	smb1.mid
nes	Super Mario Bros	smb1uw.mid
nes	Super Mario Bros	smb2.mid
nes	Super Mario Bros	smb2_ending_orch.mid
nes	Super Mario Bros	smb2_level_remix.mid
nes	Super Mario Bros	smb2_title_fzero.mid
nes	Super Mario Bros	smb2_title_reggae.mid
nes	Super Mario Bros	smb2cs.mid
nes	Super Mario Bros	smb2lev2.mid
nes	Super Mario Bros	smb2overworld1.mid
nes	Super Mario Bros	smb2title.mid
nes	Super Mario Bros	smb2titleb.mid
nes	Super Mario Bros	smb2wart.mid
nes	Super Mario Bros	smb3-cloud.mid
nes	Super Mario Bros	smb3.mid
nes	Super Mario Bros	smb3000.mid
nes	Super Mario Bros	smb3_IceRemix1_zb.mid
nes	Super Mario Bros	smb3_IceRemix_d_zb.mid
nes	Super Mario Bros	smb3_heavenARR_zb.mid
nes	Super Mario Bros	smb3airv.mid
nes	Super Mario Bros	smb3bowser.mid
nes	Super Mario Bros	smb3desert.mid
nes	Super Mario Bros	smb3end.mid
nes	Super Mario Bros	smb3hammer.mid
nes	Super Mario Bros	smb3hbros.mid
nes	Super Mario Bros	smb3ice.mid
nes	Super Mario Bros	smb3king.mid
nes	Super Mario Bros	smb3kinr.mid
nes	Super Mario Bros	smb3mboss.mid
nes	Super Mario Bros	smb3nspa.mid
nes	Super Mario Bros	smb3nspade.mid
nes	Super Mario Bros	smb3nspd.mid
nes	Super Mario Bros	smb3sky.mid
nes	Super Mario Bros	smb3world8.mid
nes	Super Mario Bros	smb_overw.mid
nes	Super Mario Bros	smb_techno.mid
nes	Super Mario Bros	smbdeath.mid
nes	Super Mario Bros	smbthemenitecourt.mid
nes	Super Mario Bros	smbthemex.mid
nes	Super Mario Bros	smbunderwaterrfix.mid
nes	Zelda: MM	sparkmm3.mid
nes	Zelda: SS	sr_1stmission.mid
nes	Zelda: SS	sr_password.mid
nes	Chrono Trigger	st_action.mid
nes	Chrono Trigger	stageselect.mid
nes	Chrono Cross	startropics-miracola2.mid
nes	Chrono Cross	startropicschief.mid
nes	Chrono Cross	startropicsmiracola.mid
nes	Chrono Cross	startropicswhale.mid
nes	Zelda: MM	strife_mm6mrxremix.mid
nes	Chrono Cross	stropics-whale.mid
nes	Contra	super_contra_stage2.mid
nes	Zelda: SS	supercboss.mid
nes	Chrono Trigger	t_ct2.mid
nes	Chrono Trigger	t_ct3.mid
nes	Chrono Trigger	t_ct4.mid
nes	Chrono Trigger	t_ct6.mid
nes	Chrono Trigger	t_ct7.mid
nes	Chrono Trigger	t_ctint2.mid
nes	Chrono Trigger	t_ctmenu.mid
nes	Zelda: SS	tetrSuccess.mid
nes	Tetris	tetris-1.mid
nes	Tetris	tetris-2.mid
nes	Tetris	tetris-3.mid
nes	Tetris	tetris-music-a.mid
nes	Tetris	tetris.mid
nes	Tetris	tetris_-_music_c_%28metal%29.mid
nes	Tetris	tetris_bradinsky.mid
nes	Tetris	tetris_karinka.mid
nes	Tetris	tetris_music_b_xg.mid
nes	Tetris	tetris_piano.mid
nes	Tetris	tetrisc.mid
nes	Tetris	tetrisnameentrynes.mid
nes	TMNT	tmnt-b.mid
nes	TMNT	tmnt-dam.mid
nes	TMNT	tmnt-die.mid
nes	TMNT	tmnt-dx.mid
nes	TMNT	tmnt-mb.mid
nes	TMNT	tmnt-s5o.mid
nes	TMNT	tmnt-und.mid
nes	TMNT	tmnt2-stg1stk.mid
nes	Zelda: SS	tmnt2boss.mid
nes	TMNT	tmnt2krang.mid
nes	Sonic	tmnt2s10.mid
nes	TMNT	tmnt2shredder.mid
nes	Zelda: SS	tmnt2ssl.mid
nes	TMNT	tmnt2stg1.mid
nes	TMNT	tmnt2stg10.mid
nes	TMNT	tmnt2stg3.mid
nes	TMNT	tmnt2stg4.mid
nes	TMNT	tmnt2stg9.mid
nes	TMNT	tmnt5.mid
nes	TMNT	tmntovrw.mid
nes	Sonic	tmnts1_1.mid
nes	TMNT	tmnttitl.mid
nes	Sonic	ts2china.mid
nes	Zelda: SS	tsbvtwss.mid
nes	Zelda: SS	tss2%264.mid
nes	Chrono Cross	unkwncsl.mid
nes	Zelda: SS	vball-ussr.mid
nes	Chrono Trigger	victory.mid
nes	Zelda: SS	wilycastleboss_-loud.mid
nes	Sonic	wings1.mid
nes	Sonic	wings3.mid
nes	Sonic	wizards2.mid
nes	Sonic	wizards3.mid
nes	Chrono Trigger	wizwar2_final_corrected.mid
nes	Zelda: SS	wofnesselect.mid
nes	Super Mario Bros	world3mapsmb3.mid
nes	Super Mario Bros	world6mapsmb3.mid
nes	Zelda: WW	ww1metal.mid
nes	Zelda: WW	ww2_ironsword_titlescreen.mid
nes	Zelda: WW	ww2elmnt.mid
nes	Zelda: WW	ww2final.mid
nes	Zelda: WW	ww2h20.mid
nes	Zelda: WW	ww2intro.mid
nes	Zelda: WW	ww2lost.mid
nes	Zelda: WW	ww2out.mid
nes	Zelda: WW	ww2store.mid
nes	Zelda: WW	ww3-gameover.mid
nes	Zelda: WW	ww3knite.mid
nes	Zelda: WW	wwpotion.mid
nes	Zelda: SS	xexyzpassword.mid
nes	Kirby	xkyKirby.mid
nes	Yoshi's Island	yoshidoneb.mid
nes	Yoshi's Island	yoshifanfare.mid
nes	Zelda: SS	ys1_boss.mid
nes	Secret of Mana	z1secret.mid
nes	Zelda	zelda-go.mid
nes	Zelda	zelda1.mid
nes	Zelda: SS	zelda2_boss.mid
nes	Zelda	zelda2end.mid
nes	Zelda	zelda2templeremix.mid
nes	Zelda	zelda_-_continue.mid
nes	Zelda	zelda_-_medley_%28title%2C_dungeon%2C_gannon%27s_lair%2C_game_over%29.mid
nes	Zelda	zelda_orchestra.mid
nes	Zelda	zeldajazz.mid
nes	Zelda	zeldascr.mid
nes	Zelda	zeldaund.mid
ps2	Chrono Trigger	1-10_-_Victory_Fanfare.mid
ps2	Zelda: SS	10ASSAUL.mid
ps2	Zelda: SS	2d_madness.mid
ps2	Street Fighter	Alkavanaknightsfight.mid
ps2	Zelda: SS	Assault.mid
ps2	Final Fantasy	AtLTS-Offense_and_Defense.mid
ps2	Zelda: SS	Battle_With_Heartless.mid
ps2	Zelda: MM	BlastAwayGummiShip1.mid
ps2	Final Fantasy	BlastOff.mid
ps2	Zelda: MM	Blast_Away_Gummi_Ship_II.mid
ps2	Final Fantasy	Blitz_Off.mid
ps2	Zelda: SS	Boss_Defeated.mid
ps2	Zelda: SS	Boss_On_Parade%5BIntruder%5D.mid
ps2	Zelda: SS	Boss_On_Parade.mid
ps2	EarthBound	BustinattheBeach.mid
ps2	Castlevania	CV_House_of_Sacred_Remains.mid
ps2	Zelda: SS	Castlevania_Curse_of_Darkness_-_Cordova_Town.mid
ps2	Zelda: SS	Cherry_Blossom_Storm_flute-synthstring-marimba.mid
ps2	Zelda: SS	Concile_des_fees_-_by_RoiOfTheSuisse.mid
ps2	Crash Bandicoot	Crash.mid
ps2	Zelda: SS	Crash_twinsanity_ukaukaboss_Logan812.mid
ps2	Crash Bandicoot	Crashamberly.mid
ps2	Sonic	CvS2_TruLuvMakin.mid
ps2	EarthBound	DivineBeastCave.mid
ps2	Zelda: MM	FF10_4.17_-_Summoned_Monster_Battle.mid
ps2	FF10	FFX-2-Real_Emotion.mid
ps2	FF10	FFX-2_YuRiPa_Battle.mid
ps2	FF10	FFX-Run.mid
ps2	FF10	FFX2-1000NoKotoba4flutes.mid
ps2	FF10	FFX21000NoTokoba4pianoMI.mid
ps2	FF10	FFX2Besaid4PianoMIDI.mid
ps2	FF10	FFX2Eternity4MIDI.mid
ps2	FF10	FFX2YunasBalladMIDI.mid
ps2	FF10	FFX2YunasBalladViolinCello4MIDI.mid
ps2	FF10	FFX2_Rikku_Vocal_Mix.mid
ps2	FF10	FFXI-Despair.mid
ps2	FF10	FFXI-Dungeon2.mid
ps2	FF10	FFXI-desert.mid
ps2	Zelda: SS	FFXII-KissMeGoodbye.mid
ps2	Zelda: SS	FFXIIBossBattle.mid
ps2	FF10	FFXIILowtown.mid
ps2	FF10	FFXIIOzmonePlains.mid
ps2	Zelda: SS	FFXIISpeechlessFight.mid
ps2	FF10	FFXII_Destiny.mid
ps2	FF10	FFXIMHMI.mid
ps2	FF10	FFXISAMI.mid
ps2	FF10	FFXI_Field_Music.mid
ps2	FF10	FFXMonster.mid
ps2	FF10	FFXRevealedTruth.mid
ps2	FF10	FFXSUTMI.mid
ps2	FF10	FFX_-_Ending_Theme_%28Piano_Version%29_-_by_Angel_FF.mid
ps2	FF10	FFX_1-10_Normal_Battle.mid
ps2	FF10	FFX_Battle.mid
ps2	FF10	FFX_Besaid_Island.mid
ps2	FF10	FFX_Cloister_Of_Trials.mid
ps2	FF10	FFX_Ending_Theme_v2.mid
ps2	FF10	FFX_Normal_Battle.mid
ps2	FF10	FFX_Normal_Battle2.mid
ps2	FF10	FFX_Path_Of_Repentance.mid
ps2	FF10	FFX_RIKKU_THEME.mid
ps2	Zelda: MM	FFX_Randommonster.mid
ps2	FF10	Ffxbat2.mid
ps2	Zelda: SS	GRACEFULASSASSIN.mid
ps2	Zelda: SS	Graceful_Assassin.mid
ps2	Gradius	Gradius_IV_-_Plant_Stage.mid
ps2	Zelda: SS	Hals_Confession.mid
ps2	Zelda: SS	HopelessDesire-DP.mid
ps2	Zelda: SS	HopelessDesire.mid
ps2	Zelda: SS	Hopeless_Desire.mid
ps2	EarthBound	Hurry_somebody_up.mid
ps2	Zelda: SS	Jak_and_Daxter_mountainpass_Logan812.mid
ps2	Zelda: SS	KH2-Passion-KINGDOM_Orchestra_Instrumental_Version.mid
ps2	Street Fighter	KH2-Sinister_ShadowsFIX.mid
ps2	EarthBound	Leblancbattletheme.mid
ps2	Chrono Trigger	Leblanctheme.mid
ps2	Chrono Trigger	Les_trois_docteurs_ensembles.mid
ps2	Zelda: SS	LetMeBlowYouAKiss.mid
ps2	Chrono Trigger	MCToB_Normal_Battle.mid
ps2	Zelda: SS	MGS2--The_World_Needs_Only_One_Big_Boss.mid
ps2	Sonic	MGS2_Cell.mid
ps2	Sonic	MGS2_Father_And_Son.mid
ps2	Sonic	MGS2_Father_And_Son_OST.mid
ps2	Sonic	MGS2_Tanker_Alert-KM.mid
ps2	Sonic	MGS2_fullmain_blh.mid
ps2	Sonic	MGS3--Main_Theme.mid
ps2	Sonic	MGS3_Snake_Eater.mid
ps2	Metal Gear Solid	MGS_RAY_Escapes.mid
ps2	Metal Gear Solid	MGS_Revolver_Ocelot.mid
ps2	Metal Gear Solid	MGS_Theme.mid
ps2	Zelda: MM	MMX7_Boss-KM-XG.mid
ps2	Zelda: MM	MMX7_Boss-KM.mid
ps2	Zelda: MM	MMX7_Fate_-_Theme_Of_Sigma-KM.mid
ps2	Zelda: MM	MMX7_Opening_Stage_Axl-KM.mid
ps2	Zelda: MM	MMX7_Opening_Stage_Zero-KM.mid
ps2	Zelda: MM	MMX7_Sigma_1st-Right_System-KM.mid
ps2	Zelda: MM	MMX7_Stage_Select_2-KM.mid
ps2	Zelda: MM	MMX7_Vanishing_Gungaroo--KM.mid
ps2	Zelda: MM	MMX8-LumineBattle.mid
ps2	Zelda: MM	MMX8_Boss-KM.mid
ps2	Zelda: MM	MMX8_Determination-Right_Title-KM.mid
ps2	Zelda: MM	MMX8_Ending-KM.mid
ps2	Zelda: MM	MMX8_Intermission-KM.mid
ps2	Zelda: MM	MMX8_Lumine_1st-KM.mid
ps2	Zelda: MM	MMX8_Mission_Report-KM.mid
ps2	Zelda: MM	MMX8_Noahs_Park-KMv1-1.mid
ps2	Zelda: MM	MMX8_Perplexity-KM.mid
ps2	Zelda: MM	MMX8_Primrose-KM.mid
ps2	Zelda: MM	MMX8_Sigma_Palace-KM.mid
ps2	Zelda: MM	MMX8_Sorrow-KM.mid
ps2	Zelda: MM	MMX8_Stage_Select_1-KM.mid
ps2	Zelda: MM	MMX8_Stage_Select_2-KM.mid
ps2	Zelda: MM	MMX8_Stage_Select_3-KM.mid
ps2	Zelda: SS	MegaManX7-BossBattle.mid
ps2	Zelda: MM	NAKANO-summonedbeastbattle.mid
ps2	Final Fantasy	NightofFate.mid
ps2	Zelda: SS	P4Boss.mid
ps2	Sonic	PS2_Kingdom_Hearts_Dearly_Beloved_Reprise.mid
ps2	Sonic	PS2_Kingdom_Hearts_Title.mid
ps2	Zelda: SS	PS2_Toki_Memo_3_Cherry_Blossoms.mid
ps2	Sonic	PS2_Toki_Memo_3_Title.mid
ps2	Sonic	PS2__Kingdom_Hearts__Treasured_Memories.mid
ps2	Sonic	PS2__Metal_Gear_Solid_2__Deck_E.mid
ps2	Sonic	PS2__Metal_Gear_Solid_2__Strut_A.mid
ps2	Zelda: TP	PS2__Metal_Gear_Solid_2__Twilight_Sniping.mid
ps2	Sonic	PS2__Metal_Gear_Solid_3__The_Fury.mid
ps2	Sonic	PS2__Resident_Evil_4__Save_Theme.mid
ps2	Sonic	PS2__Resident_Evil_4__Sorrow_-_End_Credits.mid
ps2	Zelda: SS	PS2__Shadow_of_the_Colossus__Creeping_Shadow.mid
ps2	Zelda: SS	PS2__Shadow_of_the_Colossus__Grotesque_Figures.mid
ps2	Sonic	PS2_ttt_01.mid
ps2	Final Fantasy	Raiden3_Takeoff.mid
ps2	FF10	RiddlesFFX.mid
ps2	Sonic	S3_Searching.mid
ps2	Chrono Trigger	SCIII_ForsakenSanctuary.mid
ps2	Chrono Trigger	SO3_Victory_Bell.mid
ps2	Zelda: SS	SSX_Finished_Symphony1.1.mid
ps2	Zelda: SS	SSX_Finished_Symphony4.mid
ps2	Chrono Trigger	Secret_Practice.mid
ps2	Chrono Trigger	Soul_Calibur_2_-_Character_Select_DW.mid
ps2	Final Fantasy	Star_Buccaneers_Coffee_Shop.mid
ps2	Zelda: MM	Summoned.mid
ps2	Zelda: MM	Summoned_Beast_Battle.mid
ps2	Sonic	Super_Orcheastra_MGS2_Theme.mid
ps2	Zelda: SS	T_KlonoaII_Sadness.mid
ps2	Sonic	T_RygarPS2_TrailerTheme.mid
ps2	Zelda: MM	Tales_of_Destiny_-_The_Decision_towards_a_Common_Destiny.mid
ps2	EarthBound	TalesofRebirth_BattleOrganization.mid
ps2	EarthBound	TalesofRebirth_DesperateBattle.mid
ps2	EarthBound	TalesofRebirth_Dogfight.mid
ps2	EarthBound	TalesofRebirth_Karez.mid
ps2	Tekken	Tekken_Tag_Tournament_Xiaoyu_DW.mid
ps2	Zelda: SS	TheGullwingsspherehunter.mid
ps2	Chrono Trigger	TheResurrection.mid
ps2	Zelda: SS	ThunderPlainsSF2Style.mid
ps2	Sonic	Thunder_Plains3.mid
ps2	Zelda: TP	UEMATSU-twilight.mid
ps2	Sonic	VR_PS2-Replay.mid
ps2	Sonic	VR_PS2-Replay_sc.mid
ps2	Chrono Trigger	Victory_Fanfare_XG_Version.mid
ps2	Zelda: WW	WWF_-_Kurt_Angle.mid
ps2	Chrono Trigger	Yamaoka_Akira-EndOfSmallSanctuary.mid
ps2	FF10	besaid_FFX2.mid
ps2	Castlevania	bhcv_alexia2.mid
ps2	Castlevania	bhcv_endofbegin.mid
ps2	FF10	bman_ps2_ffx_hurry.mid
ps2	Sonic	bman_ps2_grandiaxtreme_molesnest.mid
ps2	Breath of Fire	bof5_carzy.mid
ps2	Breath of Fire	bof5_central-gm.mid
ps2	Breath of Fire	bof5_d2t03.mid
ps2	Breath of Fire	bof5_joy.mid
ps2	Breath of Fire	bof5_regret.mid
ps2	Breath of Fire	bof5_reunion.mid
ps2	Chrono Trigger	bof5_victory.mid
ps2	Zelda: SS	colossus-silence.mid
ps2	Chrono Trigger	conflict1.mid
ps2	Zelda: OoT	crash_twinsanty_mechabandicoot_Logan812.mid
ps2	Chrono Trigger	ct_nsanity_isle.mid
ps2	Final Fantasy	dc_staffroll.mid
ps2	Sonic	dds2_epic_battle.mid
ps2	Sonic	dds2_hunting_betrayal.mid
ps2	Sonic	dds2_hunting_compulsion.mid
ps2	Zelda: MM	dooplissthirteenthdilemma.mid
ps2	Zelda: SS	endabyss.mid
ps2	FF10	ff10-2-ballad.mid
ps2	FF10	ff10-Battle_Theme.mid
ps2	FF10	ff10over.mid
ps2	Final Fantasy	ff11_alzahbi.mid
ps2	Final Fantasy	ff11_anxiety.mid
ps2	Zelda: SS	ff11_assault.mid
ps2	Zelda: SS	ff11_colosseum.mid
ps2	Final Fantasy	ff11_happily.mid
ps2	Final Fantasy	ff11_jeunochristmas.mid
ps2	Final Fantasy	ff11_onslaught.mid
ps2	Final Fantasy	ff11_wajaom.mid
ps2	Final Fantasy	ff11battle1-1.mid
ps2	Final Fantasy	ff11opening.mid
ps2	FF10	ffXprelude.mid
ps2	FF10	ffXtemple1v11.mid
ps2	FF10	ffx-2prelude.mid
ps2	FF10	ffx-d1t16.mid
ps2	FF10	ffx-d3t14-8850.mid
ps2	FF10	ffx-d3t16.mid
ps2	FF10	ffxCloisterTrials.mid
ps2	FF10	ffx_harp.mid
ps2	FF10	ffx_isnt_it_beautiful_guitar.mid
ps2	FF10	ffxbat.mid
ps2	FF10	ffxbattle01.mid
ps2	FF10	ffxhurry.mid
ps2	FF10	ffxi_san_doria.mid
ps2	FF10	ffxii-to-the-place-of-the-gods.mid
ps2	FF10	ffxii_45-ethnic.mid
ps2	FF10	ffxii_45-gm.mid
ps2	FF10	ffxii_ashe.mid
ps2	FF10	ffxii_ashe2.mid
ps2	FF10	ffxii_desperate_v1p2.mid
ps2	FF10	ffxii_entrance.mid
ps2	FF10	ffxii_game_over.mid
ps2	FF10	ffxii_miriam.mid
ps2	FF10	ffxii_rest.mid
ps2	FF10	ffxseymourblackmages.mid
ps2	Gradius	gradius4_stage_3_-_oceanus_xg.mid
ps2	Gradius	gradius4_stage_interlude_2_-_feiton_xg.mid
ps2	Zelda: SS	gradius5_boss.mid
ps2	Gradius	gradius5_credit.mid
ps2	Zelda: OoT	hack-spriteocarina.mid
ps2	Final Fantasy	hymnoffaith.mid
ps2	Final Fantasy	hymnoffayth.mid
ps2	Sonic	jpr-mgs2-march.mid
ps2	Sonic	jpr-mgs2gm.mid
ps2	Sonic	jprmgs2polka.mid
ps2	Spyro	legendofspyro-credits_v2.mid
ps2	Sonic	mgs2.mid
ps2	Sonic	mgs2alert_lv1.mid
ps2	Sonic	mgs2sk8ing.mid
ps2	Sonic	mkdaPS2_charac_zb.mid
ps2	Zelda: MM	mmx7_gungaroon.mid
ps2	Zelda: SS	oppression.mid
ps2	Chrono Trigger	piano_introduction.mid
ps2	FF10	placeofordeals-ffxcloisteroftrials.mid
ps2	Chrono Trigger	recollection-g.mid
ps2	Chrono Trigger	recollection-h.mid
ps2	Castlevania	recvx_themovie.mid
ps2	Castlevania	recvx_tyrant3b.mid
ps2	Chrono Trigger	reflected_moon2.mid
ps2	Zelda: MM	rescuing_emma.mid
ps2	Chrono Trigger	resurrection2.mid
ps2	Zelda: SS	sc_fortressbazaar.mid
ps2	Zelda: SS	shadow_colossus.mid
ps2	Zelda: SS	shakuya_s_theme_-_by_roi_of_the_suisse.mid
ps2	Zelda: SS	so3missiontodeepspace.mid
ps2	Spyro	spyro-anb_swamp-hidenseek.mid
ps2	Spyro	spyro-ten_brokensoul.mid
ps2	Spyro	spyro_anb-dragontemple.mid
ps2	Sonic	xs1_risingemote_ml.mid
ps2	Sonic	xs3_teloschal_ml.mid
ps2	Final Fantasy	your_affection.mid
ps3	Sonic	PS3__Trine__Trailer.mid
ps3	Zelda: SS	Ratatouille_Desserted_Kitchen_Chase.mid
ps3	Zelda: SS	Ratatouille_Desserted_kitchen.mid
ps3	Zelda: SS	Ratatouille_Desserted_kitchen_Mission.mid
ps3	Zelda: SS	Ratatouille_LChefBKitchen_Mission.mid
ps3	FF10	ffxiii_desperate.mid
ps3	FF10	ffxiii_dreadnoughts.mid
ps3	FF10	ffxiii_eden_under_siege.mid
ps3	FF10	ffxiii_fanfare.mid
ps3	FF10	ffxiii_flash.mid
ps3	FF10	ffxiii_gran_pulse.mid
ps3	FF10	ffxiii_prelude.mid
ps3	FF10	ffxiii_separate_paths.mid
ps3	Chrono Trigger	fracture.mid
ps3	Donkey Kong	oldking.mid
ps3	Sonic	ps3_lbp_sm01.mid
ps3	Spyro	spyro-dotd_guideyouhome_v2.mid
ps4	Chrono Trigger	Mirage_Saloon_Act_2_Midi.mid
ps4	Zelda: SS	Sonic_Mania_-_Press_Garden_Zone_Act_2.mid
ps4	Sonic	Sonic_Mania_Bonus_Stage.mid
psp	Zelda: SS	Dissidia_OrdermustbeProtected.mid
psp	Metroid Prime	Echochrome_Prime_2.mid
psp	Final Fantasy	FF1_Overworld.mid
psp	Zelda: SS	MGSPO--Break_for_the_Fortress.mid
psp	Metal Gear Solid	MGSPO--Calling_to_the_Night.mid
psp	Metal Gear Solid	MGSPO--Destinys_Call.mid
psp	Zelda: SS	MGSPO--Fortress.mid
psp	Metal Gear Solid	MGSPO--Gene.mid
psp	Zelda: SS	MGSPO--Mission_Complete.mid
psp	Metal Gear Solid	MGSPO--Opening_Title.mid
psp	Metal Gear Solid	MGSPO--RAXA.mid
psp	Metal Gear Solid	MGSPO--Research_Lab.mid
psp	Metal Gear Solid	MGSPO--To_Arms.mid
psp	Zelda: SS	T_RivieraTPL_AndTimePasses.mid
psp	FF7	ccffvii_intro.mid
psp	Zelda: SS	terra_no_kesshin.mid
saturn	Zelda: SS	8bitmidboss.mid
saturn	Zelda: SS	Alodboss.mid
saturn	EarthBound	BR-WeAreBR.mid
saturn	CV: SOTN	C_CastleVaniaSOTN_-_Bloody_Tears.mid
saturn	Zelda: SS	Castboss.mid
saturn	Chrono Trigger	DF-Select-sc.mid
saturn	Chrono Trigger	DF-Select.mid
saturn	EarthBound	DF_CastleBattle.mid
saturn	Zelda: SS	DF_Cheerfulness.mid
saturn	Zelda: SS	DF_Cheerfulness_sc.mid
saturn	Chrono Trigger	FV_Select-sc.mid
saturn	Chrono Trigger	FV_Select.mid
saturn	Zelda: SS	Into_the_Darkness_%28Astal%29.mid
saturn	Final Fantasy	JEFFRY.mid
saturn	Zelda: MM	MM8SaturnTenguMan%27sStage.mid
saturn	Zelda: MM	MM8_Tengu_Man-KM.mid
saturn	Zelda: SS	MyFinalBoss.mid
saturn	Sonic	Nights10.mid
saturn	Zelda: SS	PDBoss_gm.mid
saturn	Zelda: SS	PDBoss_sc.mid
saturn	Puyo Puyo	PUWAPUYO.mid
saturn	Puyo Puyo	PUYO2END.mid
saturn	Puyo Puyo	Puyo_Puyo_2_-_BGM03.mid
saturn	Puyo Puyo	Puyo_Puyo_2_BGM_02.mid
saturn	Puyo Puyo	Puyo_Puyo_2__-_BGM01.mid
saturn	Zelda: SS	RM8-TenguManSS11-X.mid
saturn	Zelda: SS	S3DB-SAT-Boss-KM.mid
saturn	Zelda: SS	S3DB-SAT-Final_Boss-KM.mid
saturn	Sonic	S3DB-SAT-Rusty_Ruin_1-KM.mid
saturn	Zelda: SS	S3DBSaturn_Boss.mid
saturn	Zelda: SS	S3DBboss.mid
saturn	Sonic	S3dRRa1Ztp_gm.mid
saturn	Sonic	S3dRRa1Ztp_wg.mid
saturn	Street Fighter	SF3Balsamo.mid
saturn	Street Fighter	SF3Intro.mid
saturn	Street Fighter	SF3MALAK.mid
saturn	Street Fighter	SF3UNOMA.mid
saturn	Street Fighter	Sf3asbri.mid
saturn	Street Fighter	Sf3balsa.mid
saturn	Street Fighter	Sf3basea.mid
saturn	Street Fighter	Sf3chen1.mid
saturn	Street Fighter	Sf3chen2.mid
saturn	Street Fighter	Sf3dead.mid
saturn	Street Fighter	Sf3desta.mid
saturn	Street Fighter	Sf3destb.mid
saturn	Street Fighter	Sf3elbe.mid
saturn	Street Fighter	Sf3end.mid
saturn	Street Fighter	Sf3evolu.mid
saturn	Street Fighter	Sf3float.mid
saturn	Zelda: OoT	Sf3footh.mid
saturn	Street Fighter	Sf3galm.mid
saturn	Street Fighter	Sf3galmb.mid
saturn	Street Fighter	Sf3galmc.mid
saturn	Street Fighter	Sf3golia.mid
saturn	Street Fighter	Sf3intr1.mid
saturn	Street Fighter	Sf3intr2.mid
saturn	Street Fighter	Sf3intr3.mid
saturn	Street Fighter	Sf3julfb.mid
saturn	Street Fighter	Sf3juli.mid
saturn	Street Fighter	Sf3julib.mid
saturn	Street Fighter	Sf3julic.mid
saturn	Street Fighter	Sf3jumsy.mid
saturn	Street Fighter	Sf3malor.mid
saturn	Street Fighter	Sf3medfb.mid
saturn	Street Fighter	Sf3medi.mid
saturn	Street Fighter	Sf3medib.mid
saturn	Street Fighter	Sf3medic.mid
saturn	Street Fighter	Sf3medpr.mid
saturn	Street Fighter	Sf3ninja.mid
saturn	Street Fighter	Sf3promo.mid
saturn	Street Fighter	Sf3quoda.mid
saturn	Street Fighter	Sf3quogr.mid
saturn	Street Fighter	Sf3quoma.mid
saturn	Street Fighter	Sf3rainb.mid
saturn	Street Fighter	Sf3sarab.mid
saturn	Street Fighter	Sf3sarad.mid
saturn	Street Fighter	Sf3synba.mid
saturn	Street Fighter	Sf3synbb.mid
saturn	Street Fighter	Sf3synbi.mid
saturn	Street Fighter	Sf3synfb.mid
saturn	Street Fighter	Sf3taver.mid
saturn	Street Fighter	Sf3title.mid
saturn	Street Fighter	Sf3woman.mid
saturn	Shinobi	Shinobi-Legions.mid
saturn	Shinobi	Shinobi-Legions_sc.mid
saturn	Sonic	SonicWorld.mid
saturn	Sonic	Sonic_3D_Blast_-_Diamond_Dust_Zone.mid
saturn	Zelda: SS	Sonic_3D_Blast_-_Saturn_-_Boss.mid
saturn	Sonic	Sonic_3D_Blast_-_Saturn_-_Gene_Gadget_Zone_2_V11.mid
saturn	Sonic	Sonic_3D_Blast_-_Saturn_-_Panic_Puppet_Zone_1_V11.mid
saturn	Sonic	Sonic_3D_Blast_-_Saturn_-_Panic_Puppet_Zone_2.mid
saturn	Sonic	Sonic_3D_Blast_-_Saturn_-_Rusty_Ruin_Zone_1.mid
saturn	Sonic	Sonic_3D_Blast_-_Saturn_-_Rusty_Ruin_Zone_2.mid
saturn	Chrono Trigger	Soukyugurentai-Select.mid
saturn	Chrono Trigger	Soukyugurentai-Select_sc.mid
saturn	Chrono Trigger	Soukyugurentai-Select_xg.mid
saturn	Zelda: SS	Sthaboss.mid
saturn	Sonic	SuperSonicRacing.mid
saturn	Street Fighter	T_SFZII_EndFight.mid
saturn	Zelda: SS	T_XmenvsSF_Cyclops11b.mid
saturn	Zelda: SS	T_XmenvsSF_Ryu12a.mid
saturn	Zelda: SS	T_XmenvsSF_Wolverine12a.mid
saturn	Street Fighter	XMvSF_Credits.mid
saturn	Zelda: SS	boss.mid
saturn	Zelda: SS	boss1.mid
saturn	Zelda: SS	ek_s3dbss_greengrovea2.mid
saturn	Chrono Trigger	elvictory.mid
saturn	Zelda: SS	finlboss.mid
saturn	Final Fantasy	g_parmcoffee_ml.mid
saturn	Zelda: SS	guess1%5B1%5D.mid
saturn	Zelda: SS	guess12%5B1%5D.mid
saturn	Zelda: SS	guess17%5B1%5D.mid
saturn	Zelda: SS	guess24%5B1%5D.mid
saturn	Chrono Trigger	manxTT_zb_bikeselect.mid
saturn	Zelda: MM	mm8Tengu.mid
saturn	Zelda: MM	mm8drl.mid
saturn	Zelda: MM	mm8saturn_tengu_v1_3.mid
saturn	Zelda: SS	nid_ss_01.mid
saturn	Chrono Trigger	pfselect.mid
saturn	Sonic	radi_s17.mid
saturn	Sonic	radi_s18.mid
saturn	Sonic	radi_s25.mid
saturn	Sonic	s3db_ddz.mid
saturn	Sonic	s3db_ddz2.mid
saturn	Zelda: SS	s3db_fboss.mid
saturn	Sonic	s3db_ggz.mid
saturn	Zelda: SS	s3db_ss_08.mid
saturn	Zelda: SS	s3db_ss_09.mid
saturn	Zelda: SS	s3db_ss_11.mid
saturn	Zelda: SS	s3db_ss_invicible.mid
saturn	Zelda: SS	s3db_ss_midboss.mid
saturn	Zelda: SS	s3db_ss_ppz.mid
saturn	Zelda: SS	s3db_ss_ppz2.mid
saturn	Zelda: SS	s3db_ssz2.mid
saturn	Sonic	s3db_vvz.mid
saturn	Sonic	s3dbppz.mid
saturn	Sonic	sat_sonicr_sm01_2.mid
saturn	Street Fighter	sf3-feygab.mid
saturn	Street Fighter	sf3_decisive.mid
saturn	Street Fighter	sf3_river.mid
saturn	Zelda: SS	sj_ss_01.mid
saturn	Sonic	sonic_volcano.mid
saturn	Zelda: SS	sr_ss_04.mid
saturn	Zelda: SS	sr_ss_05.mid
saturn	Zelda: SS	sr_ss_06.mid
saturn	Chrono Trigger	victory1.mid
saturn	Chrono Trigger	victory2.mid
saturn	Street Fighter	vsfetus.mid
saturn	Street Fighter	vsforest.mid
saturn	Street Fighter	vsforever.mid
saturn	Zelda: SS	vsselect.mid
saturn	Zelda: SS	vssubway.mid
snes	Zelda: SS	%28KSS%29_Invincible_Lollipop.mid
snes	Zelda: SS	%28KoD%29_Boss_2.mid
snes	Zelda: SS	%28KoD%29_Boss_4.mid
snes	Sonic	%28RS2%29_Dance_1.mid
snes	Sonic	%28RS2%29_Dance_2.mid
snes	Sonic	%28RS2%29_Dance_4.mid
snes	Zelda: MM	%28mmx3frst%29.mid
snes	Chrono Trigger	05-MaverickSelect.mid
snes	Zelda: SS	06-Password.mid
snes	Chrono Trigger	07-StageSelect.mid
snes	Secret of Mana	1-11-SecretOfTheForest.mid
snes	Final Fantasy	10-BlizzardBuffalo.mid
snes	Chrono Cross	11-ToxicSeahorse.mid
snes	Zelda: SS	12-IntoTheDarkness.mid
snes	Zelda: SS	19-Password.mid
snes	Final Fantasy	2-07-ADifferentRoad.mid
snes	Chrono Trigger	23-DopplerSelect.mid
snes	Zelda: SS	24-BossStage1-2.mid
snes	Zelda: SS	25-BossStage3.mid
snes	Zelda: SS	25-FortressTheme.mid
snes	Zelda: SS	26-BossStage4.mid
snes	Zelda: SS	3-10-Epoch-TheWingsThatCrossTime.mid
snes	Zelda: SS	30-FortressBattle.mid
snes	Zelda: SS	31-BassTheme.mid
snes	Zelda: SS	7sboss.mid
snes	Chrono Trigger	7victory.mid
snes	Zelda: MM	AR-MMX1BattleTheme.mid
snes	Chrono Trigger	Actbattle.mid
snes	Chrono Trigger	Actbop.mid
snes	Chrono Trigger	Action.mid
snes	Chrono Trigger	Actmix.mid
snes	Chrono Trigger	Actraiser.mid
snes	Chrono Trigger	Actraiser2-forest.mid
snes	Chrono Trigger	Actraiser_Ancient_XG.mid
snes	Chrono Trigger	Actraiser_BattleTheme.mid
snes	Chrono Trigger	Actraiser_Bloodpool.mid
snes	Chrono Trigger	Actraiser_EndingStory.mid
snes	Chrono Trigger	Actraiser_Fillmore.mid
snes	Chrono Trigger	Actraiser_title.mid
snes	Chrono Trigger	Actraiserintro.mid
snes	Street Fighter	Addamsfm.mid
snes	Sonic	AerobizSupersonic_SoutheastAsia.mid
snes	Sonic	Aerobiz_Supersonic_Europe.mid
snes	Zelda: SS	Arcboss.mid
snes	Chrono Trigger	Arctic.mid
snes	Zelda: OoT	ArdyLightfoot-Stronghold.mid
snes	CV: Aria	Aria_di_Mezzo_Carattere.mid
snes	CV: Aria	Ariatech.mid
snes	Chrono Trigger	Axelay_select.mid
snes	Sonic	B1L_kd3_friends2.mid
snes	Chrono Trigger	B1L_kdc_courseselect.mid
snes	Zelda: MM	B1L_lemmings_minersandclimbers.mid
snes	Pilotwings	B1L_pilotwings-rocketbelt.mid
snes	Chrono Trigger	B1L_pnt_selectplayer.mid
snes	Zelda: SS	B1L_pr2_princessluna.mid
snes	Chrono Trigger	B1L_sd3_electric_talk.mid
snes	Mario Kart	B1L_smk_character.mid
snes	Mario Kart	B1L_smk_rainbowroad_pentagonpathremix.mid
snes	Mario Kart	B1L_smk_rainbowroad_pentagonpathremix_XG.mid
snes	Chrono Trigger	B1L_som_fileselect.mid
snes	Chrono Trigger	B1L_srfx_trackselection.mid
snes	Zelda: SS	B2bssrmx.mid
snes	Chrono Trigger	BLEFConflict.mid
snes	EarthBound	BL_arc_darkcastlebintel.mid
snes	Final Fantasy	BL_cr2_officework.mid
snes	Final Fantasy	BL_doomsday_staffroll.mid
snes	Zelda: SS	BL_fls_boss.mid
snes	Chrono Trigger	BL_fm_risetoaction.mid
snes	Zelda: SS	BL_fmgh_missioncomplete.mid
snes	Zelda: SS	BL_iss_scenarios.mid
snes	Zelda: SS	BL_issd_practicing.mid
snes	Zelda: SS	BL_kd3_midboss.mid
snes	Pilotwings	BL_pilotwings_flightclub.mid
snes	Pilotwings	BL_pilotwings_hangglider_v2.mid
snes	Mario Kart	BL_smk_dkjuniorwinsbeta.mid
snes	Mario Kart	BL_smk_vanillalakebeta.mid
snes	Super Mario RPG	BL_smrpg_weapons.mid
snes	Zelda: SS	BL_ss6_menu.mid
snes	Chrono Trigger	BL_sutte_practice.mid
snes	TMNT	BL_tmnttf_realized.mid
snes	Sonic	BL_ys3_quickeningdream.mid
snes	Breath of Fire	BOF2WhatIsIt.mid
snes	Breath of Fire	BOF2_Decadence_of_God_Xg.mid
snes	Breath of Fire	BOF2flying.mid
snes	EarthBound	Badtothebone.mid
snes	Zelda: SS	BatmanReturnsSceneClear.mid
snes	Chrono Trigger	BattleCT2Un.mid
snes	Zelda: SS	BioMetal-Boss1.mid
snes	Zelda: SS	Bio_Metal_Japanese_Ver-Boss2.mid
snes	Chrono Trigger	Bio_Metal_Japanese_Ver-Introduction_pt1.mid
snes	Chrono Trigger	Bio_Metal_Japanese_Ver-Introduction_pt2.mid
snes	Final Fantasy	Blizzardbuffalo.mid
snes	Zelda: SS	BlueStone_NessDream.mid
snes	Breath of Fire	BoF2Devn.mid
snes	Breath of Fire	BoF2_whitewings.mid
snes	Breath of Fire	Bof2drg2.mid
snes	Breath of Fire	Bof2end.mid
snes	Breath of Fire	Bof2town1.mid
snes	Zelda: SS	Boss.mid
snes	Zelda: SS	Boss1-2.mid
snes	Zelda: SS	Boss196.mid
snes	Zelda: SS	Boss3.mid
snes	Zelda: SS	BossAppr.mid
snes	Zelda: SS	BossBGM01.mid
snes	Zelda: SS	BossClear.mid
snes	Zelda: SS	BossSlct.mid
snes	Zelda: SS	BossStage1.mid
snes	Zelda: SS	BossStage2.mid
snes	Zelda: SS	BossStage3.mid
snes	Zelda: SS	BossStage4.mid
snes	Zelda: SS	BossStation1.mid
snes	Zelda: SS	Boss_%28bad_timing%29.mid
snes	Zelda: SS	Boss_1.mid
snes	Zelda: SS	Boss_2.mid
snes	Zelda: SS	Boss_4.mid
snes	Zelda: SS	Boss_Fight_1.mid
snes	Zelda: SS	Boss_Fight_2.mid
snes	Zelda: SS	Boss_Fight_3.mid
snes	Zelda: BotW	BreathOfFire2WhiteWings.mid
snes	Zelda: BotW	Breath_of_Fire_-_Final_Battle.mid
snes	Chrono Trigger	C4drctowermap.mid
snes	Zelda: SS	C4password.mid
snes	Sonic	CBCv4s1.mid
snes	Chrono Trigger	CBNocturne.mid
snes	Zelda: SS	CB_CTBoss1.mid
snes	Zelda: SS	CB_CVIVBoss1-2.mid
snes	Zelda: SS	CB_CVIVBoss2.mid
snes	Castlevania	CB_CVIVVampireKiller.mid
snes	Final Fantasy	CB_Difficulties.mid
snes	Sonic	CB_Royaltactics2.mid
snes	Super Mario Bros	CB_SMB3Fortress.mid
snes	Super Mario World	CB_SMWCastle.mid
snes	Zelda: SS	CHRRBASS.mid
snes	Chrono Trigger	CT-Gato%27s_Theme-%28Remix%29.mid
snes	Chrono Trigger	CT-Schala.mid
snes	Chrono Trigger	CT-SilentLight.mid
snes	Chrono Trigger	CT-UnderseaPalace.mid
snes	Chrono Trigger	CT-Zeal_Time_Circuits.mid
snes	Chrono Trigger	CT-_Magus%27s_Theme.mid
snes	Chrono Trigger	CT-__The_Hidden_Truth.mid
snes	Chrono Trigger	CT1000ad.mid
snes	Chrono Trigger	CTBattle-2.mid
snes	Chrono Trigger	CTDome.mid
snes	Chrono Trigger	CTEPOSL.mid
snes	Chrono Trigger	CTMagusCastlev1.mid
snes	Chrono Trigger	CTOceanPalace.mid
snes	Chrono Trigger	CTOceanPalaceByCryogen.mid
snes	Chrono Trigger	CTSchalaByCryogen.mid
snes	Chrono Trigger	CTSleepV2.mid
snes	Chrono Trigger	CTWorldRevolutionGS.mid
snes	Chrono Trigger	CT_-_A_Strange_Happening.mid
snes	Chrono Trigger	CT_-_Battle.mid
snes	Chrono Trigger	CT_-_Battle_2.mid
snes	Zelda: SS	CT_-_Boss_Battle_1_-Remix-.mid
snes	Chrono Trigger	CT_-_Manoria_Cathedral.mid
snes	Chrono Trigger	CT_-_Undersea_Palace_-Remix-.mid
snes	Chrono Trigger	CT_Goodnight.mid
snes	Chrono Trigger	CT_Opening_Title.mid
snes	Chrono Trigger	CT_SingingMountain.mid
snes	Chrono Trigger	CT_confusingmelody.mid
snes	Chrono Trigger	CT_medina_village.mid
snes	Chrono Trigger	CT_title2__by_Gerudo.mid
snes	Chrono Trigger	CTdemobattle.mid
snes	Castlevania	CV4%28ZeroF%29.mid
snes	Castlevania	CV4-DemonCastleDracula_fixed.mid
snes	Castlevania	CV4-DraculasTheme.mid
snes	Castlevania	CV4-_Clockwork_Mansion.mid
snes	Castlevania	CV4-_Level_6B.mid
snes	Castlevania	CV4-_Level_7.mid
snes	Castlevania	CV4-_Level_9.mid
snes	Zelda: SS	CV4-_Room_of_Close_Associates.mid
snes	Castlevania	CV4-_Secret_Room.mid
snes	Castlevania	CV4-_Theme_of_Simon.mid
snes	Castlevania	CV4-_Vampire_Killer.mid
snes	Castlevania	CV4TheSubmergedCity.mid
snes	Castlevania	CV4_Ending_Theme.mid
snes	Castlevania	CV4_ThemeOfSimon.mid
snes	Castlevania	CVDX_-_Beginning.mid
snes	Castlevania	CVDX_-_Bloodlines.mid
snes	Castlevania	CVDX_-_Bloody_Tears_v1_1.mid
snes	Castlevania	CVDX_-_Illusionary_Dance.mid
snes	Castlevania	CVDX_-_Vampire_Killer.mid
snes	Castlevania	CastleVania_DraculaX_StageII.mid
snes	Castlevania	Castlevania4-Cellar%28stage8%29V2.mid
snes	Castlevania	Castlevania_-_Dracula_X_-_Theme_of_Richter.mid
snes	Castlevania	Castlevania_4-Vampire_Killer.mid
snes	Sonic	Celes1.mid
snes	Zelda: SS	Celes_Kiss_Me.mid
snes	Chrono Trigger	CharacterSelect.mid
snes	Chrono Trigger	CharacterSelect1.mid
snes	Chrono Trigger	Character_Select-1.mid
snes	Chrono Trigger	Character_Select.mid
snes	Zelda: SS	ChronoTrigger-Zeal_EndlessMix.mid
snes	Chrono Trigger	ChronoTriggerFrog%28corrected%29.mid
snes	Chrono Trigger	Cloudyparkselect.mid
snes	Sonic	Credits2.mid
snes	Chrono Cross	Cs_bonus.mid
snes	Chrono Trigger	Ctd2.mid
snes	Chrono Trigger	Ctfrogrm.mid
snes	Chrono Trigger	Ctlab16-2.mid
snes	Chrono Trigger	Ctprimtn.mid
snes	Chrono Trigger	Ctproto.mid
snes	Chrono Trigger	Ctsealed.mid
snes	Castlevania	Cv4-st2.mid
snes	Castlevania	Cv4-st51.mid
snes	Chrono Trigger	DBZ_select.mid
snes	DKC	DKC-KingKRoolV6-Rabid.mid
snes	DKC	DKC1-BonusRoomBlitz.mid
snes	Chrono Trigger	DKC1_FearFactory.mid
snes	DKC	DKC2-_Haunted.mid
snes	DKC	DKC2BonusGameIntro.mid
snes	DKC	DKC2DiscoDeathXG.mid
snes	DKC	DKC2Ice-GM.mid
snes	DKC	DKC2Ice.mid
snes	DKC	DKC2IceCaveByCryogen.mid
snes	DKC	DKC2JibJigDeathXG.mid
snes	DKC	DKC2Mine-V1.1.mid
snes	DKC	DKC2Mine.mid
snes	DKC	DKC2RarewareFanfareXG.mid
snes	DKC	DKC2_-_Bayou_Boogie.mid
snes	DKC	DKC2_-_Forest_Interlude.mid
snes	DKC	DKC2_-_Hot-Head_Bop.mid
snes	DKC	DKC2_-_Lockjaws_Saga.mid
snes	DKC	DKC2_-_Lost_World_Anthem.mid
snes	CV: SOTN	DKC2_-_Stickerbush_Symphony.mid
snes	DKC	DKC2_Brambles-KMv1-1.mid
snes	DKC	DKC2_Credits-KM.mid
snes	DKC	DKC2_Enchanted_Wood-KM-Arranged.mid
snes	DKC	DKC2_Enchanted_Wood-KM-v2.mid
snes	DKC	DKC2_Funkys_Flights-KM.mid
snes	DKC	DKC2_Game-Over.mid
snes	DKC	DKC2_Haunted_Hall-KM.mid
snes	DKC	DKC2_Ice-KM.mid
snes	DKC	DKC2_Island_Map-KM.mid
snes	DKC	DKC2_Lava-KMv1-1.mid
snes	DKC	DKC2_Lava.mid
snes	DKC	DKC2_Lost_World-KM.mid
snes	DKC	DKC2_Mine-KM.mid
snes	DKC	DKC2_Rigging-KM.mid
snes	DKC	DKC2_Roller_Coaster-KM.mid
snes	DKC	DKC2_Roller_Coaster_V1_1_XG.mid
snes	DKC	DKC2_Ship_Hold-KM.mid
snes	DKC	DKC2_Swamp-KM.mid
snes	DKC	DKC2_SwankyKong_Remix.mid
snes	DKC	DKC2_Swanky_Swing-KM.mid
snes	DKC	DKC2_Wasp_Hive-KM.mid
snes	DKC	DKC2rig.mid
snes	Chrono Trigger	DKC3Factory.mid
snes	DKC	DKC3Jungle.mid
snes	DKC	DKC3Pipe.mid
snes	DKC	DKC3_-_Water_World.mid
snes	DKC	DKC3_Bonus.mid
snes	Zelda: SS	DKC3_Boss-KM.mid
snes	Chrono Trigger	DKC3_Factory-KM.mid
snes	DKC	DKC3_Swanky.mid
snes	DKC	DKC3_Water_World-KM.mid
snes	DKC	DKC3cavern.mid
snes	DKC	DKC3cavern_v2.mid
snes	Zelda: SS	DKCBossandBonuswinXG.mid
snes	DKC	DKCDKQ-collinsbayou.mid
snes	DKC	DKCLevelBeatXG.mid
snes	DKC	DKCMine-GM.mid
snes	DKC	DKCMine.mid
snes	DKC	DKCMinesMSGS.mid
snes	DKC	DKCWaterOrchestrated.mid
snes	DKC	DKC_-_Aquatic_Ambience.mid
snes	Zelda: SS	DKC_-_Bad_Boss_Boogie.mid
snes	DKC	DKC_-_Cave_Dweller_Concert.mid
snes	DKC	DKC_-_DK_Island_Swing-1.mid
snes	Chrono Trigger	DKC_-_Fear_Factory.mid
snes	Zelda: MM	DKC_-_Fear_Factory_-MMZ_Remix-.mid
snes	DKC	DKC_-_Gang-Plank_Galleon.mid
snes	DKC	DKC_-_Life_in_the_Mines.mid
snes	DKC	DKC_-_Northern_Hemispheres.mid
snes	DKC	DKC_-_Voices_of_the_Temple.mid
snes	DKC	DKC_Bonus-KM.mid
snes	DKC	DKC_Cranky.mid
snes	DKC	DKC_Death-KM.mid
snes	Zelda: SS	DKC_Death_Boss-KM.mid
snes	DKC	DKC_Death_Caves-KM.mid
snes	Chrono Trigger	DKC_Death_Factory-KM2.mid
snes	DKC	DKC_Death_Forest-KM.mid
snes	DKC	DKC_Death_Ice_Cave-KM.mid
snes	DKC	DKC_Death_KRool-KM.mid
snes	DKC	DKC_Death_Mine_Cart-KM.mid
snes	DKC	DKC_Death_Mines-KM.mid
snes	DKC	DKC_Death_Mist-KM.mid
snes	DKC	DKC_Death_Nothern_Hemispheres-KM.mid
snes	DKC	DKC_Death_Temple-KM.mid
snes	DKC	DKC_Death_Treetop-KM.mid
snes	DKC	DKC_Death_Water-KM.mid
snes	Chrono Trigger	DKC_Factory-KM.mid
snes	DKC	DKC_Funkys_Flights-KM.mid
snes	DKC	DKC_Jungle-KM.mid
snes	DKC	DKC_Map-KM.mid
snes	DKC	DKC_Mines-KM.mid
snes	DKC	DKC_Mist-KM.mid
snes	DKC	DKC_RMX_V1.1_%28Mine_LVL%29.mid
snes	DKC	DKC_Water-Arr-KM.mid
snes	DKC	DKC_Water-KM.mid
snes	DKC	DKC_win.mid
snes	DKC	DKCountry2_Rigging.mid
snes	DKC	DKCountry2_Rigging_GM.mid
snes	DKC	DKCountry2_Title.mid
snes	Donkey Kong	DKQBrmbl.mid
snes	Donkey Kong	DKQLava.mid
snes	Donkey Kong	DKQMine.mid
snes	Zelda: SS	DV_-_Strange_Illness.mid
snes	Chrono Trigger	Darth_Vader_Theme_Electro_Remix.mid
snes	EarthBound	Dededebeat.mid
snes	Chrono Trigger	Dhaos_Resurrection2.mid
snes	Final Fantasy	Different_Road.mid
snes	DKC	Dk1ice.mid
snes	DKC	Dk1water.mid
snes	Donkey Kong	Dk4dgnkt.mid
snes	DKC	Dkc2hntd.mid
snes	DKC	Dkcice.mid
snes	DKC	Dkcjungle.mid
snes	DKC	Dkcmap.mid
snes	DKC	Dkcwater2.mid
snes	Chrono Trigger	DonkeyKongCountry-FearFactoryXG.mid
snes	DOOM	Doom_Castle.mid
snes	Final Fantasy	DragonsLair-StaffRoll.mid
snes	Kirby	DrumSolo_BlocksAway.mid
snes	EarthBound	EB-Everdred.mid
snes	Sonic	EBNamingCharacters2.mid
snes	Pokemon	EB_-_Pokey_Means_Business.mid
snes	Chrono Trigger	EB_File_Select.mid
snes	EarthBound	EB_HappyHappyVillage.mid
snes	EarthBound	EB_Hotel2.mid
snes	EarthBound	EB_Insane_Warrior.mid
snes	EarthBound	EB_Power_Up.mid
snes	Zelda: SS	EB_Sndston_boss.mid
snes	Zelda: MM	EB_Summers.mid
snes	EarthBound	EB_Threed.mid
snes	EarthBound	EBopen2.mid
snes	EarthBound	EBtitle.mid
snes	Chrono Trigger	EWJ2-UdderlyAbducted.mid
snes	EarthBound	EarthBound.mid
snes	Zelda: SS	Earthbound-Deep_Darkness.mid
snes	EarthBound	Earthbound-Kraken_Battle.mid
snes	Donkey Kong	EarthboundKraken.mid
snes	EarthBound	Earthbound_-_Drug_Store.mid
snes	EarthBound	Earthbound_Hotel_%28Huzzah_Remix%29.mid
snes	EarthBound	Earthbound_Venus.mid
snes	EarthBound	Earthbound_soundstones.mid
snes	Final Fantasy	ElfField.mid
snes	Zelda: SS	Evoboss.mid
snes	Chrono Trigger	Evovctry.mid
snes	Zelda: SS	F-Zero_Big_Blue_Bluegrass_Arrangement_dw.mid
snes	Zelda: SS	FF2-Big_Boss.mid
snes	Final Fantasy	FF2-Dreadful.mid
snes	Zelda: SS	FF2-End_Boss.mid
snes	Final Fantasy	FF2-Enemy.mid
snes	Final Fantasy	FF2-Main_Theme.mid
snes	Final Fantasy	FF2-Opener.mid
snes	Final Fantasy	FF2-Victory.mid
snes	Final Fantasy	FF2BattleTheme.mid
snes	Final Fantasy	FF2_Town.mid
snes	Final Fantasy	FF2_Underground.mid
snes	Final Fantasy	FF3-Enemy.mid
snes	Zelda: SS	FF3Boss.mid
snes	Final Fantasy	FF3SAVE.mid
snes	Final Fantasy	FF3SouthFigaro.mid
snes	Final Fantasy	FF3WorldRPG.mid
snes	Final Fantasy	FF3_Battle.mid
snes	Final Fantasy	FF3_Continent.mid
snes	Final Fantasy	FF3_Cyan.mid
snes	Final Fantasy	FF3_Gau.mid
snes	Final Fantasy	FF3_Jidoor.mid
snes	Final Fantasy	FF3_Shadow2.mid
snes	FF4	FF4-Dancing_Calobrena.mid
snes	FF4	FF4FB.mid
snes	FF4	FF4Fiend2.mid
snes	FF4	FF4World.mid
snes	FF4	FF4_-_Battle.mid
snes	Zelda: SS	FF4_-_Boss_Battle-1.mid
snes	Zelda: SS	FF4_-_Into_the_Darkness.mid
snes	FF4	FF4_-_Main_Theme-1.mid
snes	FF4	FF4_-_The_Final_Battle.mid
snes	FF5	FF5My_Home_Sweet_Home.mid
snes	FF5	FF5_-_Battle_With_Gilgamesh.mid
snes	FF5	FF5_-_Hurry_Hurry.mid
snes	FF5	FF5_Cave1.mid
snes	FF5	FF5_Dear_Friends_CD_-_Musica_Machina.mid
snes	FF5	FF5_Decisive_Battle-KM.mid
snes	FF5	FF5_ExdeathBattle.mid
snes	FF5	FF5_ExdeathBattleGM.mid
snes	FF5	FF5_MyHome.mid
snes	FF5	FF5_TheLand.mid
snes	FF5	FF5_The_Silent_Beyond.mid
snes	FF5	FF5_Unknown.mid
snes	FF5	FF5_UnknownGM.mid
snes	FF5	FF5_Unknown_Lands-KM-GM.mid
snes	FF5	FF5_Unknown_Lands-KM.mid
snes	FF5	FF5_a01.mid
snes	FF5	FF5_a08.mid
snes	FF5	FF5_a13.mid
snes	FF5	FF5_a14.mid
snes	FF5	FF5_ahe.mid
snes	FF5	FF5_ahe2.mid
snes	FF5	FF5_ahead.mid
snes	FF5	FF5_aheax.mid
snes	FF5	FF5_b16-2.mid
snes	FF5	FF5_b16.mid
snes	FF5	FF5_battl.mid
snes	FF5	FF5_battl2.mid
snes	FF5	FF5_big.mid
snes	FF5	FF5_boco.mid
snes	Zelda: SS	FF5_boss1.mid
snes	FF5	FF5_btl1.mid
snes	FF5	FF5_carw.mid
snes	FF5	FF5_choc2.mid
snes	FF5	FF5_chocobo.mid
snes	FF5	FF5_chocx.mid
snes	FF5	FF5_chocy.mid
snes	FF5	FF5_cleft.mid
snes	FF5	FF5_day.mid
snes	FF5	FF5_dear.mid
snes	FF5	FF5_dragn.mid
snes	FF5	FF5_dragon.mid
snes	FF5	FF5_edtit.mid
snes	FF5	FF5_final.mid
snes	FF5	FF5_fship.mid
snes	FF5	FF5_gilg.mid
snes	FF5	FF5_heart.mid
snes	FF5	FF5_home.mid
snes	FF5	FF5_intro.mid
snes	FF5	FF5_kokuu.mid
snes	FF5	FF5_land.mid
snes	FF5	FF5_len.mid
snes	FF5	FF5_len2.mid
snes	FF5	FF5_lena.mid
snes	FF5	FF5_lib.mid
snes	FF5	FF5_logo.mid
snes	FF5	FF5_lonka.mid
snes	FF5	FF5_mbox.mid
snes	FF5	FF5_musica.mid
snes	FF5	FF5_mys.mid
snes	FF5	FF5_nost.mid
snes	FF5	FF5_over.mid
snes	FF5	FF5_pirat.mid
snes	FF5	FF5_pres.mid
snes	FF5	FF5_prlde.mid
snes	FF5	FF5_remns.mid
snes	FF5	FF5_sad.mid
snes	FF5	FF5_seal.mid
snes	FF5	FF5_sun.mid
snes	FF5	FF5_theme.mid
snes	FF5	FF5_town.mid
snes	FF5	FF5_townx.mid
snes	FF5	FF5_unlan.mid
snes	FF5	FF5_what.mid
snes	FF5	FF5_worus.mid
snes	FF5	FF5mainv2.mid
snes	FF5	FF5val.mid
snes	FF6	FF6-Battle.mid
snes	FF6	FF6-Battle_Theme_V2.mid
snes	FF6	FF6-The_Mystic_Forest.mid
snes	FF6	FF6-_Awakening.mid
snes	Zelda: SS	FF6-_Boss_Battle.mid
snes	FF6	FF6-_Cyan%27s_Theme.mid
snes	FF6	FF6-_Devil%27s_Lab.mid
snes	FF6	FF6-_Edgar_%26_Sabin%27s_Theme.mid
snes	FF6	FF6-_Epitaph.mid
snes	FF6	FF6-_Gogo%27s_Theme.mid
snes	FF6	FF6-_Kefka%27s_Theme.mid
snes	FF6	FF6-_Locke%27s_Theme.mid
snes	FF6	FF6-_Overworld_Theme.mid
snes	FF6	FF6-_Searching_for_Friends.mid
snes	FF6	FF6-_Setzer%27s_Theme.mid
snes	FF6	FF6-_Victory_Fanfare.mid
snes	FF6	FF6-_Zozo.mid
snes	FF6	FF6BATT_changed.mid
snes	FF6	FF6DMpt4.mid
snes	FF6	FF6Final_Battle.mid
snes	FF6	FF6Ktow.mid
snes	FF6	FF6SHA.mid
snes	FF6	FF6Terra.mid
snes	FF6	FF6_-_%28Two_Question_Marks%29.mid
snes	FF6	FF6_-_Awakening.mid
snes	FF6	FF6_-_Dark_World.mid
snes	FF6	FF6_-_Devil%27s_Lab.mid
snes	FF6	FF6_-_Locke1.mid
snes	FF6	FF6_-_Shadow.mid
snes	FF6	FF6_-_Techno_de_chocobo.mid
snes	FF6	FF6_-_The_Decisive_Battle.mid
snes	FF6	FF6_-_The_Unforgiven.mid
snes	FF6	FF6_Another_World_of_Beasts-KM.mid
snes	FF6	FF6_Aria_Di_Mezzo_Carattere_Xg.mid
snes	FF6	FF6_Awakening-KM.mid
snes	FF6	FF6_Blackjack-KM.mid
snes	FF6	FF6_Decisive_Battle-KM.mid
snes	FF6	FF6_DevilsLab.mid
snes	FF6	FF6_Devils_Lab-KM.mid
snes	FF6	FF6_Forever_Rachel.mid
snes	FF6	FF6_Kefka_Xg.mid
snes	FF6	FF6_LastBattle.mid
snes	FF6	FF6_Locke%27s_Theme.mid
snes	FF6	FF6_Locke_Xg.mid
snes	FF6	FF6_Opera_Xg.mid
snes	FF6	FF6_Overture_Xg.mid
snes	FF6	FF6_Slam_Shuffle-KM.mid
snes	FF6	FF6_Terra-KM.mid
snes	FF6	FF6_The_Fierce_Battle_Xg.mid
snes	FF6	FF6_The_Snake_Path-KM.mid
snes	FF6	FF6_The_Snake_Path_XG-KM.mid
snes	FF6	FF6_The_Survivors_Of_The_West_Attack_Xg.mid
snes	FF6	FF6_The_Wedding_Xg.mid
snes	FF6	FF6_Troops_March_On-KM.mid
snes	FF6	FF6_Under_Martial_Law-KM.mid
snes	FF6	FF6epitaph.mid
snes	FF6	FFIIIprelude.mid
snes	Final Fantasy	FFIVPrelude.mid
snes	Final Fantasy	FFIV_-_Battle.mid
snes	Final Fantasy	FFIV_-_Castle_Damcyan.mid
snes	Final Fantasy	FFIV_-_Chocobo-chocobo.mid
snes	Final Fantasy	FFIV_-_Chocobo_Forest.mid
snes	Final Fantasy	FFIV_-_Dancing_Calbrena.mid
snes	Final Fantasy	FFIV_-_Fanfare.mid
snes	Final Fantasy	FFIV_-_Goodnight.mid
snes	Final Fantasy	FFIV_-_Kingdom_Baron.mid
snes	Final Fantasy	FFIV_-_Red_Wings.mid
snes	Final Fantasy	FFIV_-_Run.mid
snes	Final Fantasy	FFIV_-_Samba_de_Chocobo.mid
snes	Final Fantasy	FFMQBoneDungeon-SC8850.mid
snes	Final Fantasy	FFMQBoneDungeon.mid
snes	Final Fantasy	FFMQDoomCastle-SC8850.mid
snes	Final Fantasy	FFMQDoomCastle-V1.1.mid
snes	Final Fantasy	FFMQFireburg-SC8850.mid
snes	Final Fantasy	FFMQFireburg3.mid
snes	Final Fantasy	FFMQFocusTower-SC8850.mid
snes	Final Fantasy	FFMQFocusTower.mid
snes	Final Fantasy	FFMQForest-SC8850.mid
snes	Final Fantasy	FFMQForest.mid
snes	Final Fantasy	FFMQIcePyramid-SC8850.mid
snes	Final Fantasy	FFMQIcePyramid.mid
snes	Final Fantasy	FFMQMine-SC8850.mid
snes	Final Fantasy	FFMQMine-V2.0.mid
snes	Final Fantasy	FFMQTemple-SC8850.mid
snes	Final Fantasy	FFMQTemple.mid
snes	Final Fantasy	FFMQVolcano-SC8850.mid
snes	Final Fantasy	FFMQVolcano.mid
snes	Final Fantasy	FFMQWorldMap-SC8850.mid
snes	Final Fantasy	FFMQWorldMap.mid
snes	Zelda: SS	FFMQ_Boss-KM-GS.mid
snes	Zelda: SS	FFMQ_Boss-KM.mid
snes	Final Fantasy	FFMQ_Final_Battle.mid
snes	Final Fantasy	FFMQ_Volcano-KM.mid
snes	Final Fantasy	FFSNESRing.mid
snes	Zelda: SS	FFSNESstage1.mid
snes	Final Fantasy	FFVISpinachAS.mid
snes	Final Fantasy	FFVI_-_Strago_2.mid
snes	Final Fantasy	FFVI_-_Terra.mid
snes	Final Fantasy	FFVI_-_The_Unforgiven.mid
snes	Final Fantasy	FFVI_-_Troops_March_On.mid
snes	Final Fantasy	FFV_-_Intension_of_the_Earth.mid
snes	Final Fantasy	FFV_-_Mambo_de_Chocobo.mid
snes	Final Fantasy	FFV_-_The_Fire-Powered_Ship.mid
snes	Final Fantasy	FFV_Battle.mid
snes	Final Fantasy	FFV_Cripper_Tripper_Fritter.mid
snes	Final Fantasy	FFV_Town.mid
snes	Final Fantasy	FF_INFINITY.mid
snes	Chrono Trigger	FMGH-Transaction-XG-X.mid
snes	Zelda: SS	FMGH_-_FinalMission.mid
snes	Chrono Trigger	FROGct.mid
snes	Sonic Adventure	Fable_Asa2.mid
snes	Chrono Trigger	Factory.mid
snes	Final Fantasy	Ff3shadrem.mid
snes	Final Fantasy	Ff3title.mid
snes	FF4	Ff4zero.mid
snes	FF5	Ff54war.mid
snes	FF5	Ff5batt3.mid
snes	Zelda: SS	Ff6Boss.mid
snes	Final Fantasy	Ffight4.mid
snes	Final Fantasy	FfightIntro.mid
snes	Final Fantasy	Ffmix.mid
snes	Final Fantasy	Ffmqbttl.mid
snes	Final Fantasy	Ffmqvolc.mid
snes	EarthBound	FierceBattle.mid
snes	Chrono Trigger	FinalFantasy6_victoryfanfare.mid
snes	Zelda: SS	Final_Boss_K3.mid
snes	Sonic	FireEmblem4_Crisis1.mid
snes	Zelda: MM	FlameMammoth.mid
snes	EarthBound	FlintstonesTTSMJungleByCryogen.mid
snes	Zelda: SS	Forest_Maze_-_SSBB_Remix.mid
snes	Zelda: SS	FrontMission-NextResolution_-_-Rocco.mid
snes	Zelda: SS	FrontMissionGunHazard_ApproachToAShrine.mid
snes	Zelda: SS	FrontMissionGunHazard_Determination.mid
snes	Zelda: SS	FrontMissionGunHazard_ImpatiencePt1.mid
snes	Zelda: SS	FrontMissionGunHazard_PromiseEngagement.mid
snes	Zelda: SS	FrontMissionGunHazard_Remains.mid
snes	Zelda: SS	FrontMissionGunHazard_Resistence.mid
snes	Zelda: SS	FrontMission_1_04.mid
snes	Zelda: SS	FrontMission_Final_Battle.mid
snes	Zelda: SS	FrontMission_bar.mid
snes	Zelda: SS	FrontMission_evils.mid
snes	Zelda: SS	FrontMission_setup.mid
snes	Zelda: SS	FrontMission_setup_xg.mid
snes	Zelda: SS	FrontMission_shop.mid
snes	Zelda: SS	FrontMission_shop_xg.mid
snes	Zelda: MM	GMM7Intro.mid
snes	Chrono Trigger	GanonIntroduction.mid
snes	Street Fighter	GanonTransforms.mid
snes	Zelda: SS	GmarioRPGboss.mid
snes	Secret of Mana	GokujyoParodius_BStageSecret.mid
snes	Chrono Trigger	GokujyoParodius_CharSelect.mid
snes	Secret of Mana	GokujyoParodius_StageSecret.mid
snes	Castlevania	GokujyoParodius_VicViper.mid
snes	Zelda: SS	GoodFriendBadFriendsStereo.mid
snes	Zelda: SS	Grad3SNES_Boss1.mid
snes	Sonic	Gradius3_UnchartedTerritory.mid
snes	Sonic	Gradius3_easterstone.mid
snes	Gradius	GradiusIII_-_LuckyZone.mid
snes	Gradius	Gradius_3_Level_intro.mid
snes	EarthBound	GravityBeetleByCryogen.mid
snes	Final Fantasy	Grecliff.mid
snes	Zelda: SS	Guardian_of_Righteousness-_Theme_of_Son_Goku.mid
snes	Zelda: MM	HMSummer-1.mid
snes	Zelda: MM	HMSummer.mid
snes	Zelda: MM	HMSummerTheme.mid
snes	CV: Aria	HM_-_Maria%27s_Song.mid
snes	Zelda: MM	HM_-_Summer_Theme.mid
snes	Zelda: SS	HiryunoKenGF_Boss.mid
snes	Zelda: SS	IOG_Boss.mid
snes	Zelda: SS	ISSD_Scenario_Menu.mid
snes	Zelda: SS	ISSStaffRoll.mid
snes	Chrono Trigger	IdiotCTCredits.mid
snes	Final Fantasy	IdiotFF3Airship.mid
snes	Zelda: SS	IntoTheDarkness.mid
snes	Zelda: SS	Into_The_Darkness.mid
snes	Chrono Trigger	Introduction.mid
snes	Chrono Trigger	IntroductionStage.mid
snes	Zelda: SS	IoGboss.mid
snes	Chrono Cross	IoGcstle.mid
snes	Mother	IoGmother.mid
snes	Sonic	JDC_BMBonus1-1.mid
snes	FF5	JGFF5-Library.mid
snes	FF5	JGFF5-Warriors.mid
snes	Mega Man	JILost_-_SNES_-_Rockman_and_Forte_-_Tenguman.mid
snes	Secret of Mana	JILost_-_SNES_-_Secret_of_Mana_-_Prophecy.mid
snes	Zelda: SS	JILost_-_SNES_-_Super_Metroid_-_Boss_Confrontation_1.mid
snes	Zelda: SS	JILost_-_SNES_-_Super_Metroid_-_Boss_Confrontation_2.mid
snes	Metroid	JILost_-_SNES_-_Super_Metroid_-_Galactic_Warrior.mid
snes	Zelda: SS	JILost_-_SNES_-_Super_Metroid_-_Miniboss_Confrontation.mid
snes	Metroid	JILost_-_SNES_-_Super_Metroid_-_Red_Soil_Swampy.mid
snes	Metroid	JILost_-_SNES_-_Super_Metroid_-_Theme.mid
snes	Zelda: SS	JetsonsStage1.mid
snes	Zelda: SS	JetsonsStage5.mid
snes	Zelda: SS	JurassicPark_EasternForest.mid
snes	Zelda: SS	Jurassic_Park-_Mountains_GS-XG.mid
snes	EarthBound	KEBAB2.mid
snes	Zelda: SS	KSSCaviosByCryogenAndMXDS.mid
snes	Mario Kart	KSSMKEND.mid
snes	Zelda: SS	KSS_-_Out_Of_Health.mid
snes	Zelda: SS	KSS_Dynablade_3.mid
snes	Zelda: SS	KSS_GCO_Mine_Carts_F_Zero_like_Rock_Remix_V1.mid
snes	Zelda: SS	KSS_Grape_Garden.mid
snes	Zelda: SS	KSS_Halberd_1_V2_2_GM.mid
snes	Zelda: SS	KSS_Halberd_1_V2_2_XG.mid
snes	Zelda: SS	KSS_Popstar_Saved_V1_1.mid
snes	Chrono Trigger	Kaictd2.mid
snes	Chrono Trigger	Killer-Instinct---Jago.mid
snes	Chrono Trigger	Killer_Instinct-Glacius%28S-YXG70%29.mid
snes	Chrono Trigger	Killer_Instinct-_Theme.mid
snes	Chrono Trigger	Killer_Instinct.mid
snes	Chrono Trigger	Killer_Instinct_-_Jago%27s_Temple_%28MWS_v1.0%29.mid
snes	Chrono Trigger	Killer_Instinct_-_Jago.mid
snes	Chrono Trigger	Killer_Instinct_-_Sabrewulf%27s_Mansion_%28MWS_v1.1%29.mid
snes	Zelda: SS	KingBoss.mid
snes	Kirby	Kirby%27sDreamland3_Level_2-Stage_1.mid
snes	Kirby	Kirby333%28%29.mid
snes	Kirby	KirbyDC-Course3.mid
snes	Kirby	KirbyDie.mid
snes	Kirby	KirbyThemeSongRemix.mid
snes	Kirby	Kirby_3_End.mid
snes	Kirby	Kirby_A_EasyFight.mid
snes	Kirby	Kirby_A_EasyTalk.mid
snes	Kirby	Kirby_Menu.mid
snes	Kirby	Kirby_Super_Star_-_Dynablade_Overworld.mid
snes	Kirby	Kirby_Super_Star_-_Kirby_Dies.mid
snes	Kirby	Kirby_Super_Star_-_Kirbys_Triumphant_Return.mid
snes	Kirby	Kirby_Super_Star_Long_Kirby_Dance_V2.mid
snes	Kirby	Kirby_Superstar_Bubbly_Clouds.mid
snes	Kirby	Kirby_Superstar_Green_Greens.mid
snes	Kirby	Kirbys_Cave_Special.mid
snes	Chrono Trigger	Kirbys_Dream_Land_3_Cloudy_Park_Select.mid
snes	Zelda: SS	KishinDoujiZenki1-ChurchBoss.mid
snes	Zelda: SS	Kss_Ending.mid
snes	Zelda: SS	Kss_Green_Greens.mid
snes	Street Fighter	LAL-SFChapter-CaptainSquare.mid
snes	Chrono Trigger	LB3_Name_Select.mid
snes	Chrono Trigger	LB3_Save_File_Select.mid
snes	Chrono Trigger	LaunchOctopus.mid
snes	Sonic	Lavos2.mid
snes	Zelda: SS	Lavos_Boss.mid
snes	Chrono Trigger	Legend-Victory.mid
snes	Zelda	Legend_of_Zelda_3_-_Credits.mid
snes	Zelda	Legend_of_Zelda_Palace_theme.mid
snes	Zelda: MM	Lemmings-ABeastofaLevel.mid
snes	Zelda: MM	Lemmings_-_Start_Level.mid
snes	Zelda: MM	Lemmings_2_-_Menus.mid
snes	Zelda: MM	Lemmings_Intro.mid
snes	Sonic	Lennus2_Bertse_Xg.mid
snes	Zelda: MM	Lennus2_Throne_of_the_Immortals_Xg.mid
snes	Chrono Trigger	Lennus_Grand_Victory.mid
snes	Chrono Trigger	Lennus_Victory.mid
snes	Chrono Trigger	Live-A-Live-Select-A-Live.mid
snes	Zelda	LoZ3_DarkWorld_Rize.mid
snes	Zelda: SS	Lodoss_Castle.mid
snes	Zelda: SS	LossOfMoral.mid
snes	Zelda: SS	Luf1boss-2.mid
snes	Zelda: SS	Luf2_-_Boss_Battle.mid
snes	Final Fantasy	MCGriffinAfter.mid
snes	Chrono Cross	MCSiamang.mid
snes	Final Fantasy	MC_Griffin.mid
snes	Zelda: SS	MKR_Boss_Xg.mid
snes	Zelda: MM	MM-B_Astro_Man-KM.mid
snes	Zelda: MM	MM-B_Cold_Man-KM.mid
snes	Zelda: MM	MM-B_Final_Boss-KM.mid
snes	Zelda: MM	MM-B_Ground_Man-KM-GS.mid
snes	Zelda: MM	MM-B_Ground_Man-KM.mid
snes	Zelda: MM	MM-B_Introduction_Stage-KM-GS.mid
snes	Zelda: MM	MM-B_Introduction_Stage-KM.mid
snes	Zelda: MM	MM-B_Pirate_Man-KM.mid
snes	Zelda: MM	MM-B_Tengu_Man-KM.mid
snes	Zelda: MM	MM7-Intro_Stage.mid
snes	Zelda: MM	MM7RobotMuseum.mid
snes	Zelda: MM	MM7RobotSelect.mid
snes	Zelda: MM	MM7_Bass-KM.mid
snes	Zelda: MM	MM7_Bass.mid
snes	Zelda: MM	MM7_Burst.mid
snes	Zelda: MM	MM7_Burst_Man-KM.mid
snes	Zelda: MM	MM7_Cloud_Man-KM.mid
snes	Zelda: MM	MM7_FreezeManStage.mid
snes	Zelda: MM	MM7_Junk.mid
snes	Zelda: MM	MM7_Junk_Man-KM.mid
snes	Zelda: MM	MM7_Password-KM.mid
snes	Zelda: MM	MM7_Shade.mid
snes	Zelda: MM	MM7_Slash_Man-KM.mid
snes	Zelda: MM	MM7_Title_Screen-KM.mid
snes	Zelda: MM	MM7_Turbo.mid
snes	Zelda: MM	MM7_Turbo_Man-KM.mid
snes	Zelda: MM	MM7_Wily_Stage_1-KM.mid
snes	Zelda: MM	MM9_Maverick_Battle.mid
snes	Zelda: MM	MMS_WilyField.mid
snes	Zelda: MM	MMS_Wood_Field-KM.mid
snes	Zelda: MM	MMSneedleman.mid
snes	Zelda: MM	MMX-Armored_Armadillo.mid
snes	Zelda: MM	MMX-Maverick_Boss_Guitar_Style.mid
snes	Zelda: MM	MMX-Storm_Eagle.mid
snes	Zelda: MM	MMX-_Megaman_%26_Zero.mid
snes	Zelda: MM	MMX-_Zero%27s_Theme.mid
snes	Zelda: MM	MMX1_armoredarmadillo.mid
snes	Zelda: MM	MMX1_chillpenguin.mid
snes	Zelda: MM	MMX1_flamemammoth.mid
snes	Zelda: MM	MMX1_prologuestage.mid
snes	Zelda: MM	MMX1_sparkmandrill.mid
snes	Zelda: MM	MMX1_stingchameleon.mid
snes	Zelda: MM	MMX1_stormeagle.mid
snes	Zelda: MM	MMX2-Intro_Stage_EDITED.mid
snes	Zelda: MM	MMX2-Reploid_Factory.mid
snes	Zelda: MM	MMX2BOSSSTAGE.mid
snes	Zelda: MM	MMX2Ocean.mid
snes	Zelda: MM	MMX2VolcanoByCryogen.mid
snes	Zelda: MM	MMX2_-_Bubble_Crab.mid
snes	Zelda: MM	MMX2_-_Flame_Stag.mid
snes	Zelda: MM	MMX2_-_Intro_Stage_-Remix-.mid
snes	Zelda: MM	MMX2_-_Sigmas_Fortress_Station_1_and_2.mid
snes	Zelda: MM	MMX2_Credits-KM.mid
snes	Zelda: MM	MMX2_Magna_Centipede-KM.mid
snes	Zelda: MM	MMX2_Morph_Moth-KM.mid
snes	Zelda: MM	MMX2_Opening_Stage-KM.mid
snes	Zelda: MM	MMX2_Overdrive_Ostrich-KM.mid
snes	Zelda: MM	MMX2_Sigma_2-KM.mid
snes	Zelda: MM	MMX2_StageIntro.mid
snes	Zelda: MM	MMX2_Stage_Select-KM.mid
snes	Zelda: MM	MMX2_Wheel_Gator-KMv1-1.mid
snes	Zelda: MM	MMX2_X-Hunter_Stage_2-KM.mid
snes	Zelda: MM	MMX3-ToxicSeahorse.mid
snes	Zelda: MM	MMX3-_Zero%27s_Theme.mid
snes	Zelda: MM	MMX3PowerplantByCryogen.mid
snes	Zelda: MM	MMX3Vile.mid
snes	Zelda: MM	MMX3_-_Dopplers_Stage_1_and_2.mid
snes	Zelda: MM	MMX3_-_Intro_Stage.mid
snes	Zelda: MM	MMX3_Blizzard_Buffalo-Arranged-KM.mid
snes	Zelda: MM	MMX3_Blizzard_Buffalo-KM.mid
snes	Zelda: MM	MMX3_Credits-KM.mid
snes	Zelda: MM	MMX3_Crush_Crawfish-KM.mid
snes	Zelda: MM	MMX3_Doppler_Stage_1-2-KM.mid
snes	Zelda: MM	MMX3_Doppler_Stage_3-KM.mid
snes	Zelda: MM	MMX3_Dr.D._Stage_Select.mid
snes	Zelda: MM	MMX3_Ending-KMv2.mid
snes	Zelda: MM	MMX3_Gravity_Beetle-KM.mid
snes	Zelda: MM	MMX3_Neon_Tiger-KM.mid
snes	Zelda: MM	MMX3_Opening_Stage-KM.mid
snes	Zelda: MM	MMX3_Opening_Theme-KM-v2.mid
snes	Zelda: MM	MMX3_Sigma_Battle_1-KM.mid
snes	Zelda: MM	MMX3_Sigma_Battle_2-KM.mid
snes	Zelda: MM	MMX3_Smells_Like_Neon_Spirit-KM.mid
snes	Zelda: MM	MMX3_Stage_Intro-KM.mid
snes	Zelda: MM	MMX3_Stage_Select_2-KM.mid
snes	Zelda: MM	MMX3_Toxic_Seahorse-KM.mid
snes	Zelda: MM	MMX3_Volt_Catfish-KM.mid
snes	Zelda: MM	MMX3_Zero-KM.mid
snes	Zelda: MM	MMX3_zerov2-7.mid
snes	Zelda: MM	MMXArmor.mid
snes	Zelda: MM	MMXBossA.mid
snes	Zelda: MM	MMXChill.mid
snes	Zelda: MM	MMXEndingByCryogen.mid
snes	Zelda: MM	MMXFlame.mid
snes	Zelda: MM	MMXFortA.mid
snes	Zelda: MM	MMXFortB.mid
snes	Zelda: MM	MMXHiWay.mid
snes	Zelda: MM	MMXKwang.mid
snes	Zelda: MM	MMXMain.mid
snes	Zelda: MM	MMXOcto-2.mid
snes	Zelda: MM	MMXPswrd.mid
snes	Zelda: MM	MMXSigmaFort1ByCryogen.mid
snes	Zelda: MM	MMXSpark-2.mid
snes	Zelda: MM	MMXSparkMandrillTechno.mid
snes	Zelda: MM	MMXSting.mid
snes	Zelda: MM	MMXStorm.mid
snes	Zelda: MM	MMX_-_Abandoned_Highway_-Remix-.mid
snes	Zelda: MM	MMX_-_Armored_Armadillo.mid
snes	Zelda: MM	MMX_-_Flame_Mammoth.mid
snes	Zelda: MM	MMX_-_Maverick_Confrontation.mid
snes	Zelda: MM	MMX_-_Sigmas_Fortress_Station_1.mid
snes	Zelda: MM	MMX_-_Spark_Mandrill.mid
snes	Zelda: MM	MMX_-_Stage_Select_1.mid
snes	Zelda: MM	MMX_-_Storm_Eagle_-Remix-.mid
snes	Zelda: MM	MMX_-_Vile_-Remix-.mid
snes	Zelda: MM	MMX_Boomer_Kuwanger-KM.mid
snes	Zelda: MM	MMX_CPenguin.mid
snes	Zelda: MM	MMX_Flame_Mammoth-KM.mid
snes	Zelda: MM	MMX_Opening_Stage-KM.mid
snes	Zelda: MM	MMX_Sigma_Battle_2-Rock-KM.mid
snes	Zelda: MM	MMX_Storm_Eagle-KM.mid
snes	Zelda: MM	MMXmaverick-DistortionAddOn.mid
snes	Zelda: MM	MQSMM-DarkForest.mid
snes	DOOM	MQ_Doom_Castle_Xg.mid
snes	EarthBound	MTMCambridgeByCryogen.mid
snes	EarthBound	MTMFlorenceByCryogen.mid
snes	Zelda: MM	MTMMissionFailByCryogen.mid
snes	Metroid	MXS__Super_Metroid_-_Minako_Hamano_-_Lower_Maridia.mid
snes	Sonic	Magus1.mid
snes	Zelda: SS	Mario_World_Boss_%28BTHive%29.mid
snes	Chrono Trigger	MaverickSelect.mid
snes	Chrono Trigger	MaverickSelectExt.mid
snes	Final Fantasy	MegaManX3_BizzardBuffalo.mid
snes	Chrono Cross	MegaManX3_ToxicSeahorse.mid
snes	Zelda: SS	Metal_Warriors-Vital_Mission.mid
snes	Zelda: SS	Mine_Cart_Madness.mid
snes	Zelda: SS	Mini-Boss.mid
snes	Zelda: SS	Mini_Boss.mid
snes	Zelda: SS	Miss.mid
snes	Zelda: SS	Miss_Peacockv1_1.mid
snes	Zelda: SS	Missiles.mid
snes	Zelda: SS	Mission_3.mid
snes	Zelda: MM	Mm7fre~1.mid
snes	Zelda: MM	Mmx1_-_Cast_of_characters_roll.mid
snes	Zelda: MM	Mmx2end2.mid
snes	Zelda: MM	Mmx2zero.mid
snes	Zelda: MM	Mmx3intr.mid
snes	Zelda: MM	Mmxtiger.mid
snes	Zelda: SS	Mnbossbt.mid
snes	Mother	Mother_brain_battle.mid
snes	Yoshi's Island	Mwyoshi.mid
snes	Zelda: MM	MySummers.mid
snes	Chrono Cross	Mystics_In_Babel.mid
snes	Chrono Trigger	NW-select.mid
snes	Chrono Trigger	Ninja_Warriors_Again-Introduction_Part1.mid
snes	Chrono Trigger	Ninja_Warriors_Again-Introduction_Part2.mid
snes	Zelda: SS	Ninja_Warriors_Again-Stage6_BOSS.mid
snes	Zelda: SS	Ninja_Warriors_Again-stage1_FIXED_BASS_LINE.mid
snes	Chrono Trigger	OCTO.mid
snes	Zelda: SS	Obelix_04_Countryside_SwissFrontier.mid
snes	Final Fantasy	Off_da_wall.mid
snes	EarthBound	OgreBattle_Walls.mid
snes	Zelda: SS	PLOK_Boss.mid
snes	Chrono Trigger	PRTM_RangerSelect_UAZ.mid
snes	Chrono Trigger	PandR-2_PracticeStage.mid
snes	Zelda: SS	ParodiusBOSS.mid
snes	Zelda: SS	Password.mid
snes	Zelda: SS	Password2.mid
snes	Zelda: SS	Password3.mid
snes	Zelda: SS	Phalanx-Assault.mid
snes	Pilotwings	PilotwingsCredits.mid
snes	Pilotwings	PilotwingsTitle.mid
snes	Chrono Trigger	PilotwingsVictory.mid
snes	Pilotwings	Pilotwings_tryagain_zb.mid
snes	Pilotwings	Pilotwings_youwin_zb.mid
snes	Chrono Cross	Plok_Akrillics.mid
snes	Chrono Trigger	Power_Rangers_Ranger_Select_Theme_MegaMac.mid
snes	Zelda: SS	Princess-Felicia.mid
snes	Zelda: SS	Professor_Plum.mid
snes	Puyo Puyo	Puyo-Puyo-Tsu-Remix-By-Matthew.mid
snes	EarthBound	PuzzleBobbleTheme.mid
snes	EarthBound	RFKingCastleByCryogen.mid
snes	Zelda: SS	RFKingFortress.mid
snes	Zelda: WW	RFNewWeaponv2.mid
snes	Sonic	RS1_-_Beat_Them_Up_Heavy_Metal_Mix.mid
snes	Sonic	RS1_-_Coup_de_Grace_GT_Mix.mid
snes	Sonic	RS1_-_Coup_de_Grace_Original.mid
snes	Zelda: SS	RS2_Boss.mid
snes	Sonic	RS2avalon.mid
snes	Sonic	RS2battle.mid
snes	Sonic	RS2kujin2.mid
snes	Sonic	RS2seven2.mid
snes	Sonic	RS3_Battle.mid
snes	Zelda: SS	RS3_Boss_Gs.mid
snes	Sonic	RS3_Field.mid
snes	Zelda: SS	RS3abyss.mid
snes	EarthBound	RadicalRexLakesideByCryogen.mid
snes	Chrono Trigger	Ranma_victory.mid
snes	Chrono Trigger	Remains_of_the_Factory.mid
snes	EarthBound	RideThePlateback.mid
snes	Chrono Trigger	Ripple_Field_Stage_Select.mid
snes	Mega Man	Rockman_%26_Forte_-_Intro_Stage.mid
snes	Mega Man	Rockman_and_Forte-Groundman.mid
snes	Mega Man	Rockman_and_Forte-Robot_Museum.mid
snes	Mega Man	Rockman_and_Forte_-_Escenario_Magicman.mid
snes	Mega Man	Rockman_and_Forte_-_Escenario_Teguman.mid
snes	Mega Man	RockmanandForteMuseumStage.mid
snes	Zelda: SS	Rockys_Message.mid
snes	DKC	RomancingSaga3_dkc.mid
snes	Chrono Trigger	RomancingSaga3_vict.mid
snes	R-Type	Rtype3-stage4.mid
snes	Zelda: SS	SB5FinalBoss_TrueV1_1.mid
snes	Zelda: SS	SB5_Boss.mid
snes	Zelda: SS	SBomb1-Boss.mid
snes	Zelda: SS	SBomb1-Password.mid
snes	Chrono Trigger	SBomb1-Victory.mid
snes	Zelda: SS	SBomb2-Boss1.mid
snes	Zelda: SS	SBomb2-Boss2.mid
snes	Chrono Trigger	SBomb2-Victory.mid
snes	Zelda: SS	SBomb3-Boss1.mid
snes	Zelda: SS	SBomb3-Boss2.mid
snes	Zelda: SS	SBomb3-Password.mid
snes	Chrono Trigger	SBomb3-Victory1.mid
snes	Chrono Trigger	SBomb3-Victory2.mid
snes	Zelda: SS	SBomb4-Boss.mid
snes	Zelda: SS	SD3Boss.mid
snes	Zelda: SS	SD3Boss2.mid
snes	Chrono Trigger	SD3Character.mid
snes	Zelda: SS	SD3_-_Obsession.mid
snes	Secret of Mana	SD3_-_Secret_of_Mana_-_GM.mid
snes	Zelda: SS	SD3boss3.mid
snes	Zelda: SS	SD_-_Mission4.mid
snes	SF2	SF2Guile.mid
snes	SF2	SF2_Credits.mid
snes	SF2	SF2_Eladard_Over.mid
snes	SF2	SF2_End_Ryu.mid
snes	SF2	SF2_GameOver.mid
snes	SF2	SF2_Range_V1_1.mid
snes	SF2	SF2_Records.mid
snes	SF2	SF2_Title.mid
snes	Street Fighter	SFA2Akuma.mid
snes	Chrono Trigger	SFA2CharSelect.mid
snes	Street Fighter	SFEND.mid
snes	Street Fighter	SFXAqua.mid
snes	Street Fighter	SF_Asteroid_Field-KM.mid
snes	Street Fighter	SF_Black_Hole-KM.mid
snes	Street Fighter	SF_Corneria-KMv2.mid
snes	Zelda: SS	SF_Corneria_Boss-KM.mid
snes	Street Fighter	SF_Fortuna-KM.mid
snes	Street Fighter	SF_Macbeth-KM.mid
snes	Chrono Trigger	SF_Sector_X-KM.mid
snes	Street Fighter	SF_Titania-KM.mid
snes	Zelda: SS	SF_Titania_Boss-KM.mid
snes	Street Fighter	SF_Venom-KM.mid
snes	Chrono Trigger	SFactory.mid
snes	Street Fighter	SFcredits.mid
snes	Street Fighter	SFcreditsWin.mid
snes	Chrono Trigger	SMAS-CTokyo.mid
snes	Chrono Trigger	SMAS-District.mid
snes	Street Fighter	SMAS-LetsFight.mid
snes	Zelda: SS	SMASKainessByCryogen.mid
snes	Super Mario Bros	SMASMB1_Bowser.mid
snes	Super Mario Bros	SMASMB2Wart1.mid
snes	Super Mario Bros	SMASMB3Bowser.mid
snes	Super Mario Bros	SMASMB3Wrl1Map.mid
snes	Super Mario Bros	SMASMB3Wrl2map.mid
snes	Chrono Trigger	SMASVictory-V1.1.mid
snes	Super Mario Bros	SMAS_-_SMB3_-_World_7_Map.mid
snes	Zelda: SS	SMAS_Boss.mid
snes	Super Mario Bros	SMAS_SMB2_Birdo.mid
snes	Super Mario Bros	SMAS_SMB2_Course_Clear.mid
snes	Super Mario Bros	SMAS_SMB_Course_Clear.mid
snes	Super Mario Bros	SMAS_smb3castle.mid
snes	Zelda: SS	SMASboss.mid
snes	Super Mario Bros	SMB-_Main_Theme.mid
snes	Super Mario Bros	SMB2_Underground.mid
snes	Super Mario Bros	SMB3_Grass_Land-SNES-KM.mid
snes	Mario Kart	SMK-DriverSelect.mid
snes	Mario Kart	SMKCredits.mid
snes	Mario Kart	SMKFinish.mid
snes	Mario Kart	SMKLose.mid
snes	Mario Kart	SMKTitle.mid
snes	Mario Kart	SMK_Bowser_Wins.mid
snes	Mario Kart	SMK_Bowsers_Castle-KM.mid
snes	Mario Kart	SMK_Choco_Island-KM.mid
snes	Mario Kart	SMK_Credits.mid
snes	Mario Kart	SMK_DK_Jr._Wins.mid
snes	Mario Kart	SMK_Ghost_Valley-KM.mid
snes	Mario Kart	SMK_INT.mid
snes	Mario Kart	SMK_Koopa_Beach-KM.mid
snes	Mario Kart	SMK_Koopa_Troopa_Wins.mid
snes	Mario Kart	SMK_Luigi_Wins.mid
snes	Mario Kart	SMK_Mario_Circuit-MK64_Arr-KM.mid
snes	Mario Kart	SMK_Mario_Circuit.mid
snes	Mario Kart	SMK_Mario_Wins.mid
snes	Mario Kart	SMK_Princess_Wins.mid
snes	Mario Kart	SMK_Rainbow_V1_4.mid
snes	Mario Kart	SMK_Toad_Wins.mid
snes	Mario Kart	SMK_VanillaLake.mid
snes	Mario Kart	SMK_Vanilla_Lake-KM.mid
snes	Mario Kart	SMK_Yoshi_Wins.mid
snes	Super Mario RPG	SMRPG--MajrBoss.mid
snes	Super Mario RPG	SMRPG-CulexWin.mid
snes	Super Mario RPG	SMRPG_-_Beware_the_Forests_Mushrooms_-Remix-.mid
snes	Super Mario RPG	SMRPG_-_Fight_Against_An_Armed_Boss.mid
snes	Super Mario RPG	SMRPG_Barrel_Volcano-KM.mid
snes	Super Mario RPG	SMRPG_Battle-KMv1-1.mid
snes	Super Mario RPG	SMRPG_Bean_Valley-KM.mid
snes	Super Mario RPG	SMRPG_Booster_Tower-KMv1-1.mid
snes	Super Mario RPG	SMRPG_Bowsers_Keep-KM.mid
snes	Super Mario RPG	SMRPG_Data_Select-KM.mid
snes	Super Mario RPG	SMRPG_Marrymore.mid
snes	Super Mario RPG	SMRPG_Opening_Theme.mid
snes	Super Mario RPG	SMRPG_Star_Battle_NLGM.mid
snes	Super Mario RPG	SMRPG_Star_Battle_SynXG.mid
snes	Super Mario RPG	SMRPG_Sunken_Ship-KM.mid
snes	Super Mario RPG	SMRPG_The_Starlights_Flower.mid
snes	Street Fighter	SMRTransformation.mid
snes	Super Mario RPG	SMRpgPEndPrt2.mid
snes	Zelda: SS	SMSSStoryIntro.mid
snes	Zelda: MM	SMT_II_PSX_Common_Battle.mid
snes	Super Mario World	SMW-Castle.mid
snes	Super Mario World	SMW-Donut-Grunge.mid
snes	Super Mario World	SMW-Forest_of_Illusion_XG.mid
snes	Super Mario World	SMW-Special_Zone.mid
snes	Super Mario World	SMW-Star_Road.mid
snes	Super Mario World	SMW-Underwater_XG.mid
snes	Super Mario World	SMW-Vanilla_Dome.mid
snes	Super Mario World	SMW-Yoshi_Island.mid
snes	Super Mario World	SMW2Boss6.mid
snes	Super Mario World	SMW2CBOX.mid
snes	Super Mario World	SMW2Cave.mid
snes	Super Mario World	SMW2_Ending.mid
snes	Super Mario World	SMW2_Welcome.mid
snes	Super Mario World	SMWBoss.mid
snes	Super Mario World	SMWForestOfIllusion.mid
snes	Super Mario World	SMWHeadKoopa.mid
snes	Super Mario World	SMWL1FZero.mid
snes	Super Mario World	SMWOPENP.mid
snes	Super Mario World	SMWOverworld.mid
snes	Super Mario World	SMWTHEME.mid
snes	Super Mario World	SMWValleyOfBowser.mid
snes	Super Mario World	SMWVanillaDome.mid
snes	Super Mario World	SMWWorldMap.mid
snes	Super Mario World	SMWYoshi.mid
snes	Super Mario World	SMW_-_Forest_of_Illusion_-Remix-.mid
snes	Super Mario World	SMW_-_Sub-Castle_Remix.mid
snes	Super Mario World	SMW_-_Vanilla_Dome_-Remix-.mid
snes	Super Mario World	SMW_Athletic.mid
snes	Super Mario World	SMW_Castle-KM.mid
snes	Super Mario World	SMW_Cave1.mid
snes	Super Mario World	SMW_Clear.mid
snes	Super Mario World	SMW_Ending_and_Credits.mid
snes	Super Mario World	SMW_Remix2.mid
snes	Super Mario World	SMW_Valley_Of_Bowser-KM.mid
snes	Super Mario World	SMW_Vanilla_Dome-KM.mid
snes	Super Mario World	SMWoverworld1.mid
snes	Super Mario RPG	SMrpg-mushrkgdm-minor_rmx.mid
snes	Super Mario RPG	SMrpg_Heartbeat.mid
snes	Zelda: SS	SMtrd_Boss_Controntation-MGSRMX-KM.mid
snes	Metal Gear Solid	SMtrd_Lower_Maridia_MGSRMX-KM.mid
snes	Metal Gear Solid	SMtrd_Upper_Norfair-MGSRMX-KM.mid
snes	Zelda: SS	SNES_CT_2300_AD_Sewer_Access_V1.mid
snes	Castlevania	SNES_CVDX_End.mid
snes	DKC	SNES_DKC_Brambles.mid
snes	Zelda: MM	SNES_MMX_Armored_Armadillo_V1.mid
snes	Zelda: MM	SNES_MMX_Boomer_Kuwanger_V1.mid
snes	Zelda: MM	SNES_MMX_Boss_Chosen_V1.mid
snes	Zelda: MM	SNES_MMX_Destroyed_Highway_V2.mid
snes	Zelda: MM	SNES_MMX_Spark_Mandrill_V1.mid
snes	Zelda: MM	SNES_MMX_Sting_Chameleon_V1.mid
snes	Zelda: MM	SNES_MMX_Storm_Eagle_V1.mid
snes	Zelda: MM	SNES_MMX_Title_Theme_V2.mid
snes	Final Fantasy	SNES_Mega_Man_X2_Staff_Roll.mid
snes	Zelda: SS	SNES_Princess_Minerva_Intro.mid
snes	Zelda: SS	SNES_Princess_Minerva_Staff_Roll.mid
snes	Zelda: SS	SNES_Toki_Memo_Confession.mid
snes	Zelda: MM	SNES_Toki_Memo_Summer.mid
snes	Zelda: MM	SNES_Toki_Memo_Summer_Vacation.mid
snes	Puyo Puyo	SNPuyo2_Overworld.mid
snes	Puyo Puyo	SNPuyo2_Puzzle1_GMXGv3.mid
snes	Zelda: SS	SNPuyo2_SuccessFanfare.mid
snes	Zelda: SS	SS-Earthquake.mid
snes	Zelda: SS	SS-Haohmaru.mid
snes	Yoshi's Island	SS-Kyoshiro.mid
snes	Zelda: SS	SS-Ukyo.mid
snes	Zelda: SS	SSF2-ZangiefStage-X.mid
snes	Zelda: MM	SSF2CammyStage.mid
snes	Zelda: SS	SSF2TNC_Ken_UAZ.mid
snes	Zelda: SS	SUNBOSS.mid
snes	Zelda: SS	SV-MC_Boss_1-KMv2.mid
snes	Zelda: SS	SW_Venom_Boss_Phase_2.mid
snes	Chrono Trigger	SailorMoonR_PlayerSelect.mid
snes	Zelda: SS	SailorMoonSSF_Staffroll.mid
snes	Zelda: SS	SailorMoonSSF_TAmiRmix.mid
snes	Zelda: SS	SailorMoonSSF_Versus.mid
snes	Zelda: SS	SailorMoonSSF_ami.mid
snes	Zelda: SS	SailorMoonSSF_ami2.mid
snes	Zelda: SS	SailorMoonSSF_ed1.mid
snes	Zelda: SS	SailorMoonSSF_int.mid
snes	Zelda: SS	SailorMoonSSF_jup.mid
snes	Zelda: SS	SailorMoonSSF_min.mid
snes	Zelda: SS	SailorMoonSSF_plu.mid
snes	Zelda: SS	SailorMoonSSF_psl.mid
snes	Zelda: SS	SailorMoonSSF_rei.mid
snes	Zelda: SS	SailorMoonSSF_usa2.mid
snes	Zelda: SS	SailorMoonSSF_usagi.mid
snes	Zelda: SS	SailorMoonSSF_vs.mid
snes	Zelda: SS	SailorMoonSSP_SEL.mid
snes	Chrono Cross	SailorMoon_tscsmhn.mid
snes	Chrono Cross	SailorMoon_tsfcsml1.mid
snes	Chrono Cross	SailorMoon_tsfcsmls.mid
snes	Chrono Cross	SailorMoon_tsfcsmsn.mid
snes	Zelda: SS	SailorMoon_tsfcsmss.mid
snes	Chrono Trigger	Sanctuary%28a%29.mid
snes	Chrono Trigger	Sanctuary.mid
snes	Zelda: SS	Scissors_Shrimper.mid
snes	Sonic	Searching_for_Friends34.mid
snes	Chrono Trigger	Secret_of_Evermore_-_Introduction___Credits.mid
snes	Zelda: SS	Secret_of_Mana-In_the_Darkness_Depths.mid
snes	Zelda: MM	Secret_of_Mana_-_The_Color_of_the_Summer_Sky.mid
snes	Secret of Mana	Secret_of_the_Forest.mid
snes	Secret of Mana	Secretlive.mid
snes	Secret of Mana	SecretofMana-HolyIntruder.mid
snes	Secret of Mana	Seiken_Densetsu_2_-_Secret_of_the_Arid_Sands.mid
snes	Zelda: MM	Seiken_Densetsu_2_-_The_Color_of_the_Summer_Sky.mid
snes	Chrono Trigger	Select1.mid
snes	Chrono Trigger	Select_your_CarRanger.mid
snes	SF2	Sf2th.mid
snes	Street Fighter	Sfmap.mid
snes	Chrono Trigger	Sgngvict.mid
snes	Zelda: SS	Shock_of_the_Death_God_-_Major_Boss_Battle.mid
snes	Chrono Trigger	SigmaSelect.mid
snes	SimCity	SimCity-VillageDanceRemix-Lampje.mid
snes	SimCity	SimCity_City.mid
snes	Super Mario RPG	SmRPG_forest.mid
snes	Mario Kart	Smk_Ghost_Valley.mid
snes	Mario Kart	Smkbattl.mid
snes	Mario Kart	Smkbeach.mid
snes	Mario Kart	Smkbows.mid
snes	Mario Kart	Smkbws.mid
snes	Mario Kart	Smkchoco.mid
snes	Mario Kart	Smkdonut.mid
snes	Mario Kart	Smklake.mid
snes	Mario Kart	Smktit.mid
snes	Super Mario RPG	SmrpgBossUltra%281%29.mid
snes	Super Mario World	Smwend.mid
snes	Super Mario World	Smwghost.mid
snes	Super Mario World	Smwyi1-1.mid
snes	EarthBound	SoE-_Ebon_Castle_B.mid
snes	Chrono Trigger	SoS_CTForest.mid
snes	Zelda: SS	Soe-boss.mid
snes	Zelda: SS	Soeboss2.mid
snes	Chrono Cross	Soecstl.mid
snes	Yoshi's Island	Some_Yoshi_Level_V20.mid
snes	Zelda: MM	Sommatango.mid
snes	Zelda: MM	Sommatecho.mid
snes	Zelda: MM	Sommna243.mid
snes	Zelda: SS	SsKLaterTreasure.mid
snes	Castlevania	Stage_1-1_%28CV4_Rize%29.mid
snes	Zelda: SS	StarFox-Titania_Boss.mid
snes	Chrono Trigger	Star_Ocean_Tactics.mid
snes	Zelda: SS	SunsetRiders-Boss.mid
snes	Chrono Trigger	Sunset_Riders_-_Victory.mid
snes	Zelda: SS	SuperBomberman2-Password_Screen.mid
snes	Zelda: SS	SuperDoubleDragon-Mission3-1.mid
snes	Zelda: SS	SuperDoubleDragon-Mission3.mid
snes	Super Mario Bros	SuperMarioAllStars-SMB3_Airshipv2.mid
snes	Super Mario Bros	SuperMarioAllStars-SMB3_Boss_Battle.mid
snes	Zelda: SS	SuperMarioBrosSNES-LastBowser.mid
snes	Zelda: SS	SuperMetroid-Plant_Boss.mid
snes	Street Fighter	SuperNova_DariusForce_zoneB.mid
snes	Zelda: SS	SuperR-Type-Boss.mid
snes	Zelda: BotW	SuperRobotWars4MazingerTheme.mid
snes	Zelda: SS	Super_Bomberman_1_Boss.mid
snes	Zelda: SS	Super_Bomberman_2_Big_Boss.mid
snes	Castlevania	Super_Castlevania_4_-_Simon.mid
snes	Castlevania	Super_Castlevania_4_-_The_Library.mid
snes	Castlevania	Super_Castlevania_4_-_Three_Fiends.mid
snes	Super Mario Bros	Super_Mario_All_Stars_SMB_3_over.mid
snes	Zelda: SS	Super_Mario_RPG_Boss_Theme_Ska_Remix.mid
snes	Metroid	Super_Metroid-_Brinstar.mid
snes	Metroid	Super_Metroid_-_Arrival_on_Zebes.mid
snes	Metroid	Super_Metroid_-_Brinstar.mid
snes	Metroid	Super_Metroid_-_Dark_Depths_of_Brinstar_V1_1.mid
snes	Metroid	Super_Metroid_-_Green_Underworld.mid
snes	Metroid	Super_Metroid_-_Ridley_Theme_Remix_V1_1.mid
snes	Metroid	Super_Metroid_Brinstar_Green.mid
snes	Final Fantasy	Superstar_Cave_Offensive.mid
snes	Chrono Trigger	Superstar_Game_Select.mid
snes	Chrono Trigger	Sutte_Hakkun_stage-select_melto.mid
snes	Zelda: SS	Symbolofdarkness2.mid
snes	Zelda: MM	TMMPRM_Stage_1.mid
snes	Chrono Trigger	TMNT-CharacterSelectEdt.mid
snes	Chrono Trigger	TMNT-CharacterSelectStoryMode.mid
snes	TMNT	TMNT4-Dino-.mid
snes	TMNT	TMNT4-Technodrome-.mid
snes	TMNT	TMNT4Downtown.mid
snes	TMNT	TMNT4Highway.mid
snes	Chrono Trigger	TMNT4Select.mid
snes	TMNT	TMNT4Sewer.mid
snes	TMNT	TMNT4_Technodrome-KM.mid
snes	TMNT	TMNTTFCafeteriaXG.mid
snes	TMNT	TMNTTF_aska.mid
snes	TMNT	TMNT_-_TF_Win_1.mid
snes	TMNT	TMNT_-_VS_Stats.mid
snes	Zelda: SS	TN_-_Boss_v1.1.mid
snes	EarthBound	TOPPenetrateByCryogen.mid
snes	Zelda: SS	TS_-_Sadness_v2_0.mid
snes	Chrono Trigger	T_AVGFighter_KyaraSelect.mid
snes	Zelda: BotW	T_Dai4JiSuperRobotWars_TimeToCome.mid
snes	Chrono Trigger	T_MortalKombat_Select.mid
snes	Chrono Cross	T_OmakeVGTitle_MVCStyle.mid
snes	CV: Aria	T_PC98VariableGeo_Intro.mid
snes	Mega Man	T_RockManSoccer_WoodMan.mid
snes	Secret of Mana	T_SecretofStars_AquatallionOverworld.mid
snes	Secret of Mana	T_SecretofStars_DangerousHideout.mid
snes	Street Fighter	T_SecretofStars_HomncrusesFollowers.mid
snes	Secret of Mana	T_SecretofStars_HomncrusesLair.mid
snes	Secret of Mana	T_SecretofStars_KusteraOverworld.mid
snes	SF2	T_Sf2Titlescreen.mid
snes	CV: Aria	T_VariableGeo_OpeningTheme_Instrumental.mid
snes	Chrono Trigger	TalesOfPhantasia_FinalAct_GM.mid
snes	Chrono Trigger	TalesOfPhantasia_FinalAct_XG.mid
snes	Zelda: SS	Tales_of_Phantasia-Take_Up_the_Cross_Instrumental.mid
snes	Zelda: SS	Tales_of_Phantasia_-_Tale_Up_the_Cross.mid
snes	Chrono Trigger	Tenchi_Muyo_-_Select_Character_2.mid
snes	Chrono Trigger	Tenchi_Muyo_-_Select_Stage_3.mid
snes	Metroid Prime	Tenchi_Souzou_-_Prime_Blue.mid
snes	Sonic	Tenchis2.mid
snes	Terranigma	Terranigma_Ending.mid
snes	Terranigma	Terranigma_Remix.mid
snes	Terranigma	Terranigma_Sad.mid
snes	Sonic	Tetris2a.mid
snes	Tetris	TetrisAtkFrogPanic2.mid
snes	Tetris	TetrisB_REMIX.mid
snes	Tetris	TetrisThemeOrchestrated.mid
snes	Tetris	Tetris_Attack-Froggy.mid
snes	Chrono Trigger	Tetris_Attack_-_Bowser_Introduction.mid
snes	Tetris	Tetris_Attack_Credits.mid
snes	Tetris	Tetris_battle_gaiden.mid
snes	Tetris	Tetrisbattlegaiden-Wolfmanbattle.mid
snes	EarthBound	TheDecisiveBattle-v-2.mid
snes	Chrono Trigger	The_Instinct.mid
snes	Zelda: SS	Thg-russ.mid
snes	Zelda: SS	ThomasSavesTheDayAllPages.mid
snes	Zelda: SS	ThomasSavesTheDayTitle.mid
snes	TMNT	Tmntelevator.mid
snes	Zelda: SS	ToP_-_Take_up_the_Cross.mid
snes	Chrono Cross	Toxicseahorse.mid
snes	Chrono Trigger	Track_Select.mid
snes	Zelda: SS	TurtlesInTime-SkullAndCrossbones.mid
snes	Zelda: SS	UNSquadProj4Fortress.mid
snes	Zelda: SS	UN_Squadron_-_Boss.mid
snes	Street Fighter	Unsqfsft.mid
snes	Castlevania	VICVIPER.mid
snes	Zelda: SS	VegasStakes_TheHideout.mid
snes	Chrono Trigger	Victory.mid
snes	Chrono Trigger	Victory_Fanfare.mid
snes	Zelda: SS	WHGenBonusStage.mid
snes	Zelda: SS	WildGunsBoss.mid
snes	Zelda: SS	Wilderness.mid
snes	Zelda: MM	WingCommander.mid
snes	Zelda: MM	WingCommanderBattle.mid
snes	Zelda: SS	Wings_Across_Time.mid
snes	Zelda: SS	X1-SigmaFortress1fademix.mid
snes	Chrono Trigger	X1_LaunchOctopus.mid
snes	Chrono Trigger	X3_stage_select.mid
snes	Chrono Trigger	XHunterSelect.mid
snes	Chrono Trigger	X_2_Reploid_Factory.mid
snes	Castlevania	YCVsMusicC.mid
snes	Zelda: SS	YI-BossClear.mid
snes	Chrono Trigger	YI-BowserVictory.mid
snes	Zelda: SS	YIBoss-hauntedhouse.mid
snes	Zelda: SS	YI_Boss_Intro-KM.mid
snes	Zelda: SS	YS_Boss_Battle.mid
snes	Zelda: SS	YS_Grass_Land.mid
snes	Zelda: SS	YS_Grass_Land_Remixed.mid
snes	Zelda: SS	YS_Mini-Boss.mid
snes	Zelda: SS	Yiboss2.mid
snes	Yoshi's Island	Yoshi_s_Island_SSBB_Remix.mid
snes	Yoshi's Island	YoshieCookie.mid
snes	Yoshi's Island	YoshisCookie_VsSlave.mid
snes	Yoshi's Island	YoshisIsland_BossIntro.mid
snes	Yoshi's Island	YoshisIsland_BossRoom.mid
snes	Yoshi's Island	Yoshis_Island_Credits.mid
snes	Yoshi's Island	Yoshis_Island_Overworld.mid
snes	Yoshi's Island	Yoshis_Safari_-_Map_Screen.mid
snes	Sonic	Ys3store.mid
snes	Chrono Trigger	YsIV_Recollection_Xg.mid
snes	Chrono Trigger	Z3vict.mid
snes	Zelda: SS	Zel3boss.mid
snes	Zelda	Zelda%27sRescue.mid
snes	Zelda	Zelda3-_Credits.mid
snes	Zelda: SS	Zelda3_Boss_Theme.mid
snes	Zelda	Zelda3_Castle_Theme.mid
snes	Zelda	Zelda3_Cave_Theme.mid
snes	Zelda	Zelda3_Contest_Theme.mid
snes	Zelda	Zelda3_Credits_Theme.mid
snes	Zelda	Zelda3_Crystal_Theme.mid
snes	Zelda	Zelda3_Dark_Prelude.mid
snes	Zelda	Zelda3_Dark_Woods_Xg.mid
snes	Zelda	Zelda3_Dark_World_Theme.mid
snes	Zelda	Zelda3_Darkworld_Xg.mid
snes	Zelda	Zelda3_Death_Mountain_Theme.mid
snes	Zelda	Zelda3_Dungeon_Theme_1.mid
snes	Zelda	Zelda3_Dungeon_Theme_2.mid
snes	Zelda	Zelda3_Dungeon_Theme_v2.mid
snes	Zelda	Zelda3_Ending.mid
snes	Zelda	Zelda3_Epilog_Theme.mid
snes	Zelda	Zelda3_Fairy_Theme.mid
snes	Zelda	Zelda3_Ganon_Theme.mid
snes	Zelda	Zelda3_Guard_Theme.mid
snes	Zelda	Zelda3_Intro_Theme.mid
snes	Zelda	Zelda3_Kakariko_Theme.mid
snes	Zelda	Zelda3_Light_World_Theme.mid
snes	Zelda	Zelda3_Lost_Woods_Theme.mid
snes	Zelda	Zelda3_Prologue.mid
snes	Zelda	Zelda3_Rain_Theme.mid
snes	Zelda	Zelda3_Sanctuary_Theme.mid
snes	Zelda	Zelda3_Shop_Theme.mid
snes	Zelda	Zelda3_Story_Theme.mid
snes	Zelda	Zelda3_Triforce_Theme.mid
snes	Zelda	Zelda3_Zelda_Theme.mid
snes	Zelda	Zelda3in.mid
snes	Zelda: OoT	Zelda3ocarina.mid
snes	Zelda	ZeldaRock.mid
snes	Zelda	Zelda_AngeroftheGuardians.mid
snes	Zelda	Zelda_III_-_Dark_World.mid
snes	Zelda	Zelda_III_-_Death_Mountain.mid
snes	Zelda	Zelda_III_-_Rain_Scene.mid
snes	Zelda: LttP	Zelda_LttP_Light_World_Dunegon_Remix_dw.mid
snes	Zelda	Zelda_rock_remix.mid
snes	EarthBound	Zenkusa_-_Earthbound_Onett_seq_arranged.mid
snes	Zelda: SS	Zenkusa_-_FFMQ_BossBattle_seq_XG.mid
snes	Sonic	Zeros2.mid
snes	Zelda: LttP	ZlttP_-_Rabbit.mid
snes	Chrono Trigger	act2_lovaous.mid
snes	Chrono Trigger	actcred.mid
snes	Chrono Trigger	actend1.mid
snes	Chrono Trigger	actr1bir.mid
snes	Chrono Trigger	actr1bl1.mid
snes	Chrono Trigger	actr1fil.mid
snes	Chrono Trigger	actra_11.mid
snes	Chrono Trigger	actraiser_ancient.mid
snes	Zelda: SS	actraiser_boss_battle_1.mid
snes	Zelda: SS	actraiser_boss_battle_2.mid
snes	Zelda: SS	actraiser_boss_battle_3.mid
snes	Chrono Trigger	actraiser_cloud_temple.mid
snes	Chrono Trigger	actraiser_forest.mid
snes	Chrono Trigger	actraiser_great_tree.mid
snes	Chrono Trigger	actraiser_psalm.mid
snes	Chrono Trigger	actraiser_volcano.mid
snes	Chrono Trigger	actraisersim2.mid
snes	Chrono Trigger	actrblst.mid
snes	Chrono Trigger	actrstg1.mid
snes	Chrono Trigger	actrvil.mid
snes	Chrono Trigger	antarctic.mid
snes	Zelda: SS	aqutallion_bossbt.mid
snes	Zelda: SS	arcana-boss.mid
snes	Zelda: OoT	ardy_lightfoot_-_lumberjack_forest.mid
snes	Zelda: SS	ays3boss.mid
snes	Zelda: SS	battliss.mid
snes	Zelda: SS	bigrun-ss1.mid
snes	Chrono Cross	blarcs.mid
snes	EarthBound	blrebel.mid
snes	Breath of Fire	bof1-25.mid
snes	Breath of Fire	bof2-bridge.mid
snes	Breath of Fire	bof2bat2.mid
snes	Breath of Fire	bof2batt.mid
snes	Zelda: SS	bof2boss.mid
snes	Breath of Fire	bof2chur.mid
snes	Breath of Fire	bof2cir2.mid
snes	Breath of Fire	bof2cris.mid
snes	Breath of Fire	bof2cut.mid
snes	Breath of Fire	bof2deca.mid
snes	Breath of Fire	bof2drag.mid
snes	Breath of Fire	bof2drem.mid
snes	Breath of Fire	bof2evan.mid
snes	Breath of Fire	bof2evil.mid
snes	Breath of Fire	bof2find.mid
snes	Breath of Fire	bof2flwr.mid
snes	Breath of Fire	bof2flyp.mid
snes	Breath of Fire	bof2fypuding-arrangement.mid
snes	Zelda: MM	bof2gimm.mid
snes	Breath of Fire	bof2god.mid
snes	Breath of Fire	bof2hide.mid
snes	Breath of Fire	bof2live.mid
snes	Breath of Fire	bof2map.mid
snes	Breath of Fire	bof2memo.mid
snes	Breath of Fire	bof2nigm.mid
snes	Breath of Fire	bof2rang.mid
snes	Breath of Fire	bof2town.mid
snes	Breath of Fire	bof2twel.mid
snes	Breath of Fire	bof2whal.mid
snes	Breath of Fire	bof2windia_v1-1.mid
snes	Zelda: SS	bof_boss.mid
snes	Zelda: SS	bofboss.mid
snes	Zelda: SS	boss1.mid
snes	Zelda: SS	boss_battle_-_dynamiX_rock_remix.mid
snes	Zelda: SS	bossbatt.mid
snes	Zelda: SS	bossbattle.mid
snes	Chrono Trigger	bryanmixct.mid
snes	Zelda	bszeldadungeonv12.mid
snes	Zelda	bszeldatitle.mid
snes	Sonic	btbm-bonus1.mid
snes	Sonic	btbm-bonus2.mid
snes	Chrono Trigger	btbm-victory.mid
snes	Zelda: MM	cammy%21%21%21.mid
snes	Castlevania	castlevania_v_dracula_x_-_stage_1_bloodlines.mid
snes	Chrono Trigger	circusact1.mid
snes	Zelda: SS	combatribesboss1.mid
snes	Zelda: SS	combatribesboss2.mid
snes	Zelda: SS	combatribesboss3.mid
snes	Zelda: SS	combatribesboss4.mid
snes	Sonic	combatribesvs1.mid
snes	Contra	contra_1.mid
snes	Contra	contra_3.mid
snes	Zelda: SS	corazonazul_ff6boss.mid
snes	Zelda: SS	cornboss.mid
snes	Crash Bandicoot	crashranmavsryoga.mid
snes	Chrono Cross	csrrails.mid
snes	Chrono Trigger	ct-battle2.mid
snes	Chrono Trigger	ct-winner.mid
snes	Chrono Trigger	ct.mid
snes	Chrono Trigger	ct119.mid
snes	Chrono Trigger	ct2300ad.mid
snes	Chrono Trigger	ct600ad.mid
snes	Zelda: SS	ctBoss_Battle_1.mid
snes	Zelda: SS	ct_bossbattle2.mid
snes	Chrono Trigger	ct_burn_bobonga.mid
snes	Chrono Trigger	ct_chrono1.mid
snes	Chrono Trigger	ct_encounter.mid
snes	Chrono Trigger	ct_epilogue_torch.mid
snes	Chrono Trigger	ct_spekkio.mid
snes	Chrono Trigger	ct_tofarawaytimes.mid
snes	Chrono Trigger	ct_undersea.mid
snes	Chrono Trigger	ctad600a.mid
snes	Chrono Trigger	ctayla.mid
snes	Zelda: SS	ctbatssmix.mid
snes	Chrono Trigger	ctbattl2.mid
snes	Chrono Trigger	ctbattle.mid
snes	Chrono Trigger	ctbdfix.mid
snes	Chrono Trigger	ctbeltha.mid
snes	Chrono Trigger	ctbelthasar.mid
snes	Chrono Trigger	ctbike.mid
snes	Chrono Trigger	ctbikerace.mid
snes	Chrono Trigger	ctblkomn.mid
snes	Zelda: SS	ctboss.mid
snes	Zelda: SS	ctboss1.mid
snes	Zelda: SS	ctboss2.mid
snes	Chrono Trigger	ctchurch.mid
snes	Chrono Trigger	ctcities.mid
snes	Chrono Trigger	ctcorrid.mid
snes	Chrono Trigger	ctcorridaH.mid
snes	Sonic	ctcredits2.mid
snes	Chrono Trigger	ctcrono1.mid
snes	Chrono Trigger	ctcrono2.mid
snes	Chrono Trigger	ctcrono3.mid
snes	Chrono Trigger	ctcrono4.mid
snes	Chrono Trigger	ctending_1.mid
snes	Chrono Trigger	ctendoft.mid
snes	Chrono Trigger	ctenhasa.mid
snes	Chrono Trigger	ctepoch.mid
snes	Chrono Trigger	ctfair.mid
snes	Chrono Trigger	ctfairen.mid
snes	Chrono Trigger	ctfield.mid
snes	Chrono Trigger	ctfield2.mid
snes	Chrono Trigger	ctfieldx.mid
snes	Chrono Trigger	ctforest.mid
snes	Chrono Trigger	ctfrog.mid
snes	Chrono Trigger	ctfrog2.mid
snes	Chrono Trigger	ctfrogA.mid
snes	Chrono Trigger	ctgato.mid
snes	Chrono Trigger	ctgato2.mid
snes	Chrono Trigger	cthomesw.mid
snes	Zelda: SS	ctjurassic.mid
snes	Chrono Trigger	ctlab16.mid
snes	Chrono Trigger	ctlavob2.mid
snes	Chrono Trigger	ctlavoc2.mid
snes	Chrono Trigger	ctlavosX.mid
snes	Chrono Trigger	ctlucca.mid
snes	Chrono Trigger	ctlucca1.mid
snes	Chrono Trigger	ctlucca3.mid
snes	Chrono Trigger	ctmagus.mid
snes	Sonic	ctmagus2.mid
snes	Sonic	ctmagus3.mid
snes	Chrono Trigger	ctmagus4.mid
snes	Chrono Trigger	ctmagus_Blackwindblows.mid
snes	Chrono Trigger	ctmanoria.mid
snes	Chrono Trigger	ctmarle1.mid
snes	Chrono Trigger	ctmarle2.mid
snes	Chrono Trigger	ctmarle3.mid
snes	Chrono Trigger	ctmcastl.mid
snes	Chrono Trigger	ctmedina.mid
snes	Chrono Trigger	ctmedina2.mid
snes	Chrono Trigger	ctnohope.mid
snes	Chrono Trigger	ctocean2.mid
snes	Chrono Trigger	ctocean3.mid
snes	Chrono Trigger	ctqueenz.mid
snes	Chrono Trigger	ctrigger.mid
snes	Chrono Trigger	ctrobo.mid
snes	Chrono Trigger	ctsad.mid
snes	Chrono Trigger	ctschal1.mid
snes	Chrono Trigger	ctschal2.mid
snes	Chrono Trigger	ctschal4.mid
snes	Chrono Trigger	ctschal6.mid
snes	Chrono Trigger	ctschala.mid
snes	Chrono Trigger	ctschala1.mid
snes	Chrono Trigger	ctscharr.mid
snes	Chrono Trigger	ctsewers.mid
snes	Chrono Trigger	ctspekio.mid
snes	Chrono Trigger	ctspekkio.mid
snes	Chrono Trigger	cttheme.mid
snes	Chrono Trigger	cttime.mid
snes	Chrono Trigger	cttitle.mid
snes	Chrono Trigger	cttogood.mid
snes	Chrono Trigger	cttrial.mid
snes	Chrono Trigger	cttrial2.mid
snes	Chrono Trigger	cttruce.mid
snes	Chrono Trigger	cttyrano.mid
snes	Chrono Trigger	ctundsea.mid
snes	Chrono Trigger	ctwndscene.mid
snes	Chrono Trigger	ctworldrevolution.mid
snes	Chrono Trigger	ctwrfix.mid
snes	Chrono Trigger	ctyama.mid
snes	Chrono Trigger	ctzeal.mid
snes	Chrono Trigger	ctzeal3.mid
snes	Chrono Trigger	ctzealGS.mid
snes	Chrono Trigger	ctzealv13.mid
snes	Castlevania	cv4-1.mid
snes	Castlevania	cv4s4a.mid
snes	Castlevania	cv4s4b.mid
snes	Castlevania	cv4st51r.mid
snes	Zelda: SS	cv5boss.mid
snes	Castlevania	cv5lb.mid
snes	Castlevania	cv5stg1.mid
snes	Castlevania	cv5stg2.mid
snes	Castlevania	cv5stg3.mid
snes	Castlevania	cv5stg4.mid
snes	Castlevania	cv5stg5.mid
snes	Castlevania	cv5stg5b.mid
snes	Castlevania	cv5stg6.mid
snes	Castlevania	cv5stg7c.mid
snes	Zelda: SS	cy_magicalquest2_password.mid
snes	Zelda: SS	da_KSS_RPG-battle.mid
snes	Zelda: SS	da_KSS_springbreeze-end-GM.mid
snes	Zelda: SS	da_KSS_springbreeze-end-XG.mid
snes	DKC	da_dkc2fanfare-GM.mid
snes	DKC	da_dkc2krool.mid
snes	Super Mario World	da_smw-athletic.mid
snes	EarthBound	dangerouscaveseb.mid
snes	Sonic	darius1.mid
snes	Chrono Cross	dbdecstl.mid
snes	Chrono Trigger	dbz1_-_victorious.mid
snes	EarthBound	dbzhdsidebad.mid
snes	Zelda: SS	dcboss.mid
snes	Chrono Cross	dcsomulo.mid
snes	Chrono Cross	dcstg3.mid
snes	Chrono Trigger	dctitle.mid
snes	EarthBound	dededebattle.mid
snes	DKC	dk2riggn.mid
snes	DKC	dk2swank.mid
snes	DKC	dk2wasp.mid
snes	DKC	dk2waspM6.mid
snes	DKC	dk3boat.mid
snes	Zelda: SS	dk3lastboss.mid
snes	Donkey Kong	dk_zb_frenzy.mid
snes	Donkey Kong	dk_zb_mistmine.mid
snes	Donkey Kong	dk_zb_temple.mid
snes	Donkey Kong	dkbonus.mid
snes	DKC	dkc1treetop.mid
snes	Street Fighter	dkc2%263-bonusfinished.mid
snes	DKC	dkc2-ending.mid
snes	DKC	dkc2-roller_coaster.mid
snes	CV: SOTN	dkc2-stickerbrushsymphonyXG.mid
snes	DKC	dkc2-wasphive.mid
snes	DKC	dkc2Klba.mid
snes	DKC	dkc2_castle.mid
snes	DKC	dkc2_ice.mid
snes	DKC	dkc2_ice_xg.mid
snes	DKC	dkc2_map_remix.mid
snes	DKC	dkc2_mine.mid
snes	DKC	dkc2abc.mid
snes	DKC	dkc2bonus.mid
snes	Zelda: SS	dkc2boss-1.mid
snes	Zelda: SS	dkc2boss.mid
snes	DKC	dkc2bram.mid
snes	Chrono Cross	dkc2cstl.mid
snes	DKC	dkc2enwd.mid
snes	DKC	dkc2fanfare.mid
snes	DKC	dkc2hive.mid
snes	DKC	dkc2hotheadbop.mid
snes	DKC	dkc2junglegoal.mid
snes	DKC	dkc2klubba.mid
snes	DKC	dkc2krl.mid
snes	DKC	dkc2lav2.mid
snes	DKC	dkc2lava.mid
snes	DKC	dkc2lavags.mid
snes	DKC	dkc2scram.mid
snes	DKC	dkc2shiphold.mid
snes	DKC	dkc3_bear.mid
snes	Final Fantasy	dkc3_cliff.mid
snes	DKC	dkc3_gameover.mid
snes	DKC	dkc3_jangle-bells.mid
snes	DKC	dkc3_treetop_rap.mid
snes	DKC	dkc3brotherbear.mid
snes	DKC	dkc3brotherbearblue.mid
snes	DKC	dkc3frst.mid
snes	DKC	dkc3lakeside.mid
snes	DKC	dkc3purs.mid
snes	DKC	dkc3tree.mid
snes	DKC	dkc3watr.mid
snes	DKC	dkccoral.mid
snes	DKC	dkcend.mid
snes	DKC	dkciiice.mid
snes	DKC	dkcjungle-2.mid
snes	DKC	dkckrool1.mid
snes	DKC	dkcoil1.mid
snes	Chrono Cross	dkcsnow.mid
snes	DKC	dkcwink.mid
snes	DKC	dkcwrink.mid
snes	Donkey Kong	dkq-fanfare.mid
snes	Street Fighter	donutplainsfzerox.mid
snes	EarthBound	earthbound-drugstore-buysomethinwillya-v2.mid
snes	Pokemon	earthbound-pokeymeansbusiness.mid
snes	EarthBound	earthbound-sailing1-sailingtoscaraba.mid
snes	EarthBound	earthbound-sailing2-thevoyagecontinues.mid
snes	EarthBound	earthboundcreditsreal2.mid
snes	EarthBound	eb_battle08remix.mid
snes	EarthBound	eb_bus.mid
snes	EarthBound	eb_foursidegroove.mid
snes	EarthBound	eb_hotel.mid
snes	EarthBound	eb_hotelrhumbaremix.mid
snes	Zelda: SS	eb_miniboss.mid
snes	Zelda: SS	eb_ness_house.mid
snes	EarthBound	eb_onett.mid
snes	EarthBound	eb_onett1.mid
snes	EarthBound	eb_snowhouse.mid
snes	EarthBound	eb_soundstone.mid
snes	EarthBound	eb_store.mid
snes	EarthBound	eb_thred.mid
snes	EarthBound	eb_twoson.mid
snes	EarthBound	eb_ysb.mid
snes	EarthBound	ebcredits.mid
snes	EarthBound	ebfinalbattle.mid
snes	EarthBound	ebfinalbattle1.mid
snes	EarthBound	ebgiygas.mid
snes	EarthBound	ebhippie.mid
snes	Zelda: SS	ebnesshouse.mid
snes	Zelda: SS	ebnesshouse2.mid
snes	EarthBound	ebon_keep_abondoned_1.mid
snes	EarthBound	ebsatvly.mid
snes	EarthBound	ebthreed2.mid
snes	EarthBound	ebtwoson.mid
snes	EarthBound	ebwinter.mid
snes	FF6	edgare_and_mash_%28ff6%29.mid
snes	Chrono Trigger	factruin.mid
snes	Chrono Trigger	fe4victory.mid
snes	Zelda: SS	feboss.mid
snes	Zelda: SS	ff2-into_the_darkness.mid
snes	Final Fantasy	ff2-red-wings.mid
snes	Final Fantasy	ff2-the_paladin.mid
snes	Final Fantasy	ff2_Epilogue2_mid.mid
snes	Final Fantasy	ff2_Illusionary_World_mid.mid
snes	Final Fantasy	ff2_ring_of_bomb.mid
snes	Final Fantasy	ff2airsh.mid
snes	Final Fantasy	ff2airship.mid
snes	Final Fantasy	ff2babil.mid
snes	Final Fantasy	ff2bat.mid
snes	Final Fantasy	ff2batPR.mid
snes	Final Fantasy	ff2bsbtl.mid
snes	Final Fantasy	ff2bttle.mid
snes	Final Fantasy	ff2cave2.mid
snes	Final Fantasy	ff2cid.mid
snes	Final Fantasy	ff2dmcyn%282%29.mid
snes	Final Fantasy	ff2dread.mid
snes	Final Fantasy	ff2elder.mid
snes	Final Fantasy	ff2end1.mid
snes	Final Fantasy	ff2end3.mid
snes	Final Fantasy	ff2evil.mid
snes	Final Fantasy	ff2lsub.mid
snes	Final Fantasy	ff2lunar.mid
snes	Final Fantasy	ff2mysid.mid
snes	Final Fantasy	ff2pp.mid
snes	Final Fantasy	ff2prlde.mid
snes	Final Fantasy	ff2rydia.mid
snes	Final Fantasy	ff2titl2.mid
snes	Final Fantasy	ff2town.mid
snes	Final Fantasy	ff2under.mid
snes	Final Fantasy	ff2worl2.mid
snes	Final Fantasy	ff2world.mid
snes	Final Fantasy	ff3-mtkoltz.mid
snes	Final Fantasy	ff3-narsh.mid
snes	Final Fantasy	ff3-world_of_ruin_narsh.mid
snes	Final Fantasy	ff301.mid
snes	Final Fantasy	ff302.mid
snes	Final Fantasy	ff303.mid
snes	Final Fantasy	ff304.mid
snes	Final Fantasy	ff305.mid
snes	Final Fantasy	ff306.mid
snes	Final Fantasy	ff307.mid
snes	Final Fantasy	ff308.mid
snes	Final Fantasy	ff309.mid
snes	Final Fantasy	ff310.mid
snes	Final Fantasy	ff311.mid
snes	Final Fantasy	ff312.mid
snes	Final Fantasy	ff313.mid
snes	Final Fantasy	ff314.mid
snes	Final Fantasy	ff315.mid
snes	Final Fantasy	ff316.mid
snes	Final Fantasy	ff317.mid
snes	Final Fantasy	ff318.mid
snes	Final Fantasy	ff319.mid
snes	Final Fantasy	ff320.mid
snes	Final Fantasy	ff321.mid
snes	Final Fantasy	ff322.mid
snes	Final Fantasy	ff323.mid
snes	Final Fantasy	ff324.mid
snes	Final Fantasy	ff325.mid
snes	Final Fantasy	ff326.mid
snes	Final Fantasy	ff327.mid
snes	Final Fantasy	ff328.mid
snes	Final Fantasy	ff329.mid
snes	Final Fantasy	ff331.mid
snes	Final Fantasy	ff332.mid
snes	Final Fantasy	ff333.mid
snes	Final Fantasy	ff334.mid
snes	Final Fantasy	ff335.mid
snes	Final Fantasy	ff336.mid
snes	Final Fantasy	ff337.mid
snes	Final Fantasy	ff338.mid
snes	Final Fantasy	ff339.mid
snes	Final Fantasy	ff340.mid
snes	Final Fantasy	ff341.mid
snes	Final Fantasy	ff342.mid
snes	Final Fantasy	ff343.mid
snes	Final Fantasy	ff345.mid
snes	Final Fantasy	ff346.mid
snes	Final Fantasy	ff347.mid
snes	Final Fantasy	ff348.mid
snes	Final Fantasy	ff349.mid
snes	Final Fantasy	ff350.mid
snes	Final Fantasy	ff351.mid
snes	Final Fantasy	ff352.mid
snes	Final Fantasy	ff353.mid
snes	Final Fantasy	ff354.mid
snes	Final Fantasy	ff355.mid
snes	Final Fantasy	ff356.mid
snes	Final Fantasy	ff359.mid
snes	Final Fantasy	ff361.mid
snes	Final Fantasy	ff362.mid
snes	Final Fantasy	ff365.mid
snes	Final Fantasy	ff366.mid
snes	Final Fantasy	ff367.mid
snes	Final Fantasy	ff368.mid
snes	Final Fantasy	ff369.mid
snes	Final Fantasy	ff370.mid
snes	Final Fantasy	ff371.mid
snes	Final Fantasy	ff375.mid
snes	Final Fantasy	ff376.mid
snes	Final Fantasy	ff377.mid
snes	Final Fantasy	ff378.mid
snes	Final Fantasy	ff379.mid
snes	Final Fantasy	ff380.mid
snes	Final Fantasy	ff382.mid
snes	Final Fantasy	ff383.mid
snes	Final Fantasy	ff384.mid
snes	Final Fantasy	ff3Airship.mid
snes	Final Fantasy	ff3_daryl.mid
snes	Final Fantasy	ff3_gogorock.mid
snes	Final Fantasy	ff3_lb2.mid
snes	Final Fantasy	ff3_snes_ending.mid
snes	Final Fantasy	ff3batl2.mid
snes	Final Fantasy	ff3battl.mid
snes	Final Fantasy	ff3blackjack.mid
snes	Final Fantasy	ff3btlre.mid
snes	Final Fantasy	ff3colis.mid
snes	Final Fantasy	ff3dec.mid
snes	Final Fantasy	ff3end.mid
snes	Final Fantasy	ff3end2.mid
snes	Final Fantasy	ff3float.mid
snes	Final Fantasy	ff3last.mid
snes	Final Fantasy	ff3mlaw.mid
snes	Final Fantasy	ff3mog.mid
snes	Final Fantasy	ff3oppanic.mid
snes	Final Fantasy	ff3over.mid
snes	Final Fantasy	ff3over2.mid
snes	Final Fantasy	ff3over3.mid
snes	Final Fantasy	ff3over4.mid
snes	Final Fantasy	ff3over5.mid
snes	Final Fantasy	ff3overrckv1.1.mid
snes	Final Fantasy	ff3rip.mid
snes	Final Fantasy	ff3savet.mid
snes	Final Fantasy	ff3theme.mid
snes	Final Fantasy	ff3tinax.mid
snes	Final Fantasy	ff3town.mid
snes	Final Fantasy	ff3troop.mid
snes	Final Fantasy	ff3twn2.mid
snes	Final Fantasy	ff3unfor.mid
snes	FF4	ff4-1.mid
snes	FF4	ff4-3.mid
snes	FF4	ff4-WithinTheGiant.mid
snes	FF4	ff4-town.mid
snes	FF4	ff4_cry_ml.mid
snes	FF4	ff4_fiend.mid
snes	FF4	ff4_love_mw.mid
snes	FF4	ff4_redwings.mid
snes	FF4	ff4airship.mid
snes	FF4	ff4baron.mid
snes	FF4	ff4battle.mid
snes	FF4	ff4bigchocobo.mid
snes	Zelda: SS	ff4boss.mid
snes	Zelda: SS	ff4boss2.mid
snes	FF4	ff4fiend.mid
snes	FF4	ff4finalbattle.mid
snes	FF5	ff5_ending2.mid
snes	FF5	ff5_exdeath.mid
snes	FF5	ff5_lennastheme.mid
snes	FF5	ff5_piano1.mid
snes	FF5	ff5_piano2.mid
snes	FF5	ff5_piano3.mid
snes	FF5	ff5_piano4.mid
snes	FF5	ff5_piano5.mid
snes	FF5	ff5_reina_mw_v1_5.mid
snes	FF5	ff5_sealedbook.mid
snes	FF5	ff5air.mid
snes	FF5	ff5batt.mid
snes	FF5	ff5batt2.mid
snes	FF5	ff5castle2.mid
snes	FF5	ff5crystal.mid
snes	FF5	ff5dancer.mid
snes	FF5	ff5dawn.mid
snes	FF5	ff5friends.mid
snes	FF5	ff5home.mid
snes	FF5	ff5lenna.mid
snes	FF5	ff5mount.mid
snes	FF5	ff5music.mid
snes	FF5	ff5palace.mid
snes	FF5	ff5unknown.mid
snes	FF5	ff5waltz.mid
snes	FF5	ff5whatV1_0_1.mid
snes	FF5	ff5world.mid
snes	FF6	ff6-CrazyMan.mid
snes	FF6	ff6-terra_%28arranged_v1.1%29.mid
snes	FF6	ff6_dark_world_ray_of_hope_remix.mid
snes	FF6	ff6_devilslab.mid
snes	FF6	ff6_ending1.mid
snes	FF6	ff6_ending2.mid
snes	FF6	ff6_epitaph.mid
snes	FF6	ff6_foreverrachel.mid
snes	FF6	ff6_martiallaw.mid
snes	FF6	ff6_mog%28v1.1%29.mid
snes	FF6	ff6_shadow.mid
snes	FF6	ff6_terra.mid
snes	FF6	ff6_veldt.mid
snes	FF6	ff6_zozo_v2.mid
snes	FF6	ff6atma5.mid
snes	FF6	ff6atma7.mid
snes	FF6	ff6battle.mid
snes	FF6	ff6dancing_mad.mid
snes	FF6	ff6dancingmad.mid
snes	FF6	ff6figaro.mid
snes	FF6	ff6final1.mid
snes	FF6	ff6final2.mid
snes	FF6	ff6final3.mid
snes	FF6	ff6final4.mid
snes	FF6	ff6final5.mid
snes	FF6	ff6intld.mid
snes	FF6	ff6kef3.mid
snes	FF6	ff6locke.mid
snes	FF6	ff6wilewilewes.mid
snes	Final Fantasy	ff_4jazzchocobo.mid
snes	Zelda: SS	ff_boss2.mid
snes	Final Fantasy	fffanatics.mid
snes	Final Fantasy	ffgeetar.mid
snes	Final Fantasy	ffl.mid
snes	Final Fantasy	ffmq-bar.mid
snes	Final Fantasy	ffmq-bonedungeon.mid
snes	Final Fantasy	ffmq-crystal.mid
snes	Final Fantasy	ffmq-ending.mid
snes	Final Fantasy	ffmq-gameover.mid
snes	Final Fantasy	ffmq_title.mid
snes	Final Fantasy	ffmqaqua.mid
snes	Final Fantasy	ffmqbatl.mid
snes	Zelda: SS	ffmqboss.mid
snes	Zelda: SS	ffmqbossremix.mid
snes	Final Fantasy	ffmqdestiny.mid
snes	Final Fantasy	ffmqfcus.mid
snes	Final Fantasy	ffmqfireburg.mid
snes	Final Fantasy	ffmqfnl.mid
snes	Final Fantasy	ffmqfnl2.mid
snes	Final Fantasy	ffmqlf%282%29.mid
snes	Final Fantasy	ffmqmtn.mid
snes	Final Fantasy	ffmxrest.mid
snes	Final Fantasy	ffpwndr.mid
snes	Final Fantasy	ffvictoryV2.mid
snes	Chrono Trigger	fileselect.mid
snes	FF6	final_fantasy_iii_-_terra_-_ff6_generic_soundfont.mid
snes	Sonic	fls2_attack.mid
snes	Sonic	fls2_bbt.mid
snes	Sonic	fls2_eatbag.mid
snes	Zelda: SS	fls_kiss.mid
snes	EarthBound	friendlyneighborseb.mid
snes	Zelda: SS	front_mission-raise_a_flag.mid
snes	Zelda: SS	front_mission-tension.mid
snes	Zelda: SS	front_mission_-_arena_horn.mid
snes	Zelda: SS	front_mission_-_field_hospital_horn.mid
snes	Zelda: SS	front_mission_-_holic_shot_horn.mid
snes	Zelda: SS	front_mission_-_the_general_situation.mid
snes	Zelda: SS	front_mission_gh_japan_-_atlas.mid
snes	Zelda: SS	front_mission_gh_japan_-_cenktrich.mid
snes	Zelda: SS	front_mission_gh_japan_-_move.mid
snes	Zelda: SS	front_mission_gh_japan_-_royces_death.mid
snes	Sonic	ghouls15.mid
snes	Sonic	ghouls16.mid
snes	Kirby	gladiatorkirby.mid
snes	Zelda: SS	gourmet_sentai_bara_yarou_japan_-_intermission.mid
snes	Zelda: SS	gourmet_sentai_bara_yarou_japan_-_stage_1-Boss.mid
snes	Zelda: SS	gourmet_sentai_bara_yarou_japan_-_stage_2_boss.mid
snes	Zelda: SS	gourmet_sentai_bara_yarou_japan_-_stage_3_boss.mid
snes	Gradius	gradius-accidentroad16.mid
snes	Chrono Trigger	insidefactory.mid
snes	Zelda: SS	instpass.mid
snes	Final Fantasy	jpr-ffmqlb-final.mid
snes	DKC	jrlepage_-_XG_-_dkc2_-_haunted.mid
snes	DKC	jrlepage_-_XG_-_dkc2_-_swanky.mid
snes	Chrono Trigger	jrlepage_-_actraiser2_-_industen_greed.mid
snes	Mario Kart	jrlepage_smk_DKJr_wins.mid
snes	Mario Kart	jrlepage_smk_mariowins.mid
snes	Mario Kart	jrlepage_smk_princess_wins_.mid
snes	Mario Kart	jrlepage_smk_toadwins.mid
snes	Mario Kart	jrlepage_smk_yoshiwins_SBLive.mid
snes	Super Mario World	jrlepage_smw2_tfgd_correcttempo.mid
snes	Super Mario World	jrlepage_smw2_transform.mid
snes	Super Mario World	jrlepage_smw2stag1_SBLive.mid
snes	Super Mario World	jrlepage_smw_dstrycstlorch.mid
snes	Super Mario World	jrlepage_smw_star_road.mid
snes	Super Mario World	jrlepage_smw_vanilladome.mid
snes	Final Fantasy	jupiter_slam_shuffle.mid
snes	Chrono Trigger	k1select.mid
snes	Kirby	kirby3_Skyh4-1.mid
snes	Zelda: SS	kirbyssarea1.mid
snes	Zelda: SS	ks_SS6_intercept-GM.mid
snes	Zelda: SS	ks_SS6_intercept-XG.mid
snes	Zelda: SS	kss_halberd1.mid
snes	Zelda: SS	kss_halfmoon.mid
snes	Zelda: SS	kss_mww_credits_kitmix.mid
snes	Zelda: SS	kss_savecottages.mid
snes	Zelda: SS	kssapfb.mid
snes	Zelda: SS	kssboss.mid
snes	Zelda: SS	ksscaves.mid
snes	Zelda: SS	kssdyna4.mid
snes	Zelda: SS	kssgcomc.mid
snes	Zelda: SS	kssnday.mid
snes	Zelda: SS	kssndy3.mid
snes	Zelda: SS	l2boss.mid
snes	Chrono Trigger	l2victory.mid
snes	Sonic	lavos3.mid
snes	Shinobi	live-a-live_japan_-_sound_of_shinobi.mid
snes	Zelda: OoT	livealive-captainoftheshootingstars.mid
snes	Zelda: SS	livealive-cityofhopelessness.mid
snes	Final Fantasy	livealive-difficultfight.mid
snes	Zelda: SS	livealive-kissofjealousy.mid
snes	Zelda: SS	livealive-secretmission.mid
snes	Chrono Trigger	livealive-victoryroad.mid
snes	Zelda: MM	lmm1stlv.mid
snes	Zelda: MM	lmmcbyrn.mid
snes	Zelda: SS	luf1boss.mid
snes	DOOM	luf1doom.mid
snes	Zelda: SS	luf2boss.mid
snes	Zelda: MM	luf2summer.mid
snes	Zelda: SS	lufia2lastfortress.mid
snes	Zelda: SS	m1asstar.mid
snes	Zelda: SS	macross-m.mid
snes	Zelda: SS	macross-minmei.mid
snes	Zelda: SS	macross1.mid
snes	Zelda: SS	mario3_fortress.mid
snes	Zelda: SS	marioRPGboss.mid
snes	Chrono Trigger	mega_man_x_2_-_reploid_factory_stage.mid
snes	Metroid	metroid2.mid
snes	Zelda: SS	mickey_mania_-_boss_mad_doctor.mid
snes	Zelda: SS	mission2v2.mid
snes	Zelda: SS	mission3.mid
snes	Zelda: SS	mission4.mid
snes	Zelda: SS	mkr-boss.mid
snes	Zelda: MM	mm3_bt.mid
snes	Zelda: MM	mm3_chapter1.mid
snes	Zelda: MM	mm3_chapter2.mid
snes	Zelda: MM	mm3_chapter3.mid
snes	Zelda: MM	mm3_chapter4.mid
snes	Zelda: MM	mm3_chapter5.mid
snes	Zelda: MM	mm7_highway.mid
snes	Zelda: MM	mm7_shademan.mid
snes	Zelda: MM	mm7bass.mid
snes	Zelda: MM	mm7burst.mid
snes	Zelda: MM	mm7cloud.mid
snes	Zelda: MM	mm7forte.mid
snes	Zelda: MM	mm7forte2.mid
snes	Zelda: MM	mm7intro.mid
snes	Zelda: MM	mm7intro_2.mid
snes	Zelda: MM	mm7introstage_xstyle.mid
snes	Zelda: MM	mm7junk.mid
snes	Zelda: MM	mm7mus.mid
snes	Zelda: MM	mm7slash.mid
snes	Zelda: MM	mm7spring.mid
snes	Zelda: MM	mm7story.mid
snes	Zelda: MM	mm7wily.mid
snes	Zelda: MM	mm7wily1.mid
snes	Zelda: MM	mm7wily2.mid
snes	Zelda: MM	mm7wily3.mid
snes	Zelda: MM	mmprsnes-area1XG.mid
snes	Zelda: MM	mmq01.mid
snes	Zelda: MM	mmq02.mid
snes	Zelda: MM	mmq03.mid
snes	Zelda: MM	mmq04.mid
snes	Zelda: MM	mmq05.mid
snes	Zelda: MM	mmq06.mid
snes	Zelda: MM	mmq07.mid
snes	Zelda: MM	mmq09.mid
snes	Zelda: MM	mmq10.mid
snes	Zelda: MM	mmq11.mid
snes	Zelda: MM	mmq12.mid
snes	Zelda: MM	mmq13.mid
snes	Zelda: MM	mmq14.mid
snes	Zelda: MM	mmx01.mid
snes	Zelda: MM	mmx02.mid
snes	Zelda: MM	mmx03.mid
snes	Zelda: MM	mmx04.mid
snes	Zelda: MM	mmx05.mid
snes	Zelda: MM	mmx06.mid
snes	Zelda: MM	mmx07.mid
snes	Zelda: MM	mmx08.mid
snes	Zelda: MM	mmx09.mid
snes	Zelda: MM	mmx0a.mid
snes	Zelda: MM	mmx0b.mid
snes	Zelda: MM	mmx0c.mid
snes	Zelda: MM	mmx0d.mid
snes	Zelda: MM	mmx0e.mid
snes	Zelda: MM	mmx0f.mid
snes	Zelda: MM	mmx10.mid
snes	Zelda: MM	mmx11.mid
snes	Zelda: MM	mmx12.mid
snes	Zelda: MM	mmx13.mid
snes	Zelda: MM	mmx14.mid
snes	Zelda: MM	mmx15.mid
snes	Zelda: MM	mmx16.mid
snes	Zelda: MM	mmx17.mid
snes	Zelda: MM	mmx18.mid
snes	Zelda: MM	mmx19.mid
snes	Zelda: MM	mmx1a.mid
snes	Zelda: MM	mmx1b.mid
snes	Zelda: MM	mmx1c.mid
snes	Zelda: MM	mmx1d.mid
snes	Zelda: MM	mmx1e.mid
snes	Zelda: MM	mmx1f.mid
snes	Zelda: MM	mmx1segrmx3.mid
snes	Zelda: MM	mmx20.mid
snes	Zelda: MM	mmx21.mid
snes	Zelda: MM	mmx2_Victory_Blue.mid
snes	Zelda: MM	mmx2_XHunterStages1-2_Blue.mid
snes	Zelda: MM	mmx2_wheelgator.mid
snes	Zelda: MM	mmx2xhn1.mid
snes	Zelda: MM	mmx3-gravitybeetle.mid
snes	Zelda: MM	mmx301.mid
snes	Zelda: MM	mmx302.mid
snes	Zelda: MM	mmx303.mid
snes	Zelda: MM	mmx304.mid
snes	Zelda: MM	mmx305.mid
snes	Zelda: MM	mmx306.mid
snes	Zelda: MM	mmx307.mid
snes	Zelda: MM	mmx308.mid
snes	Zelda: MM	mmx309.mid
snes	Zelda: MM	mmx310.mid
snes	Zelda: MM	mmx311.mid
snes	Zelda: MM	mmx312.mid
snes	Zelda: MM	mmx313.mid
snes	Zelda: MM	mmx314.mid
snes	Zelda: MM	mmx315.mid
snes	Zelda: MM	mmx316.mid
snes	Zelda: MM	mmx317.mid
snes	Zelda: MM	mmx318.mid
snes	Zelda: MM	mmx319.mid
snes	Zelda: MM	mmx320.mid
snes	Zelda: MM	mmx321.mid
snes	Zelda: MM	mmx322.mid
snes	Zelda: MM	mmx323.mid
snes	Zelda: MM	mmx324.mid
snes	Zelda: MM	mmx325.mid
snes	Zelda: MM	mmx326.mid
snes	Zelda: MM	mmx327.mid
snes	Zelda: MM	mmx328.mid
snes	Zelda: MM	mmx329.mid
snes	Zelda: MM	mmx330.mid
snes	Zelda: MM	mmx331.mid
snes	Zelda: MM	mmx3_password.mid
snes	Zelda: MM	mmx3intro.mid
snes	Zelda: MM	mmxmedley.mid
snes	Zelda: MM	mmxstormeglesnes.mid
snes	Zelda: SS	mn-RyukyuCastlePassage.mid
snes	Secret of Mana	mpsecret.mid
snes	Street Fighter	msfx.mid
snes	Zelda: WW	mwwin.mid
snes	Zelda: SS	mxcboss.mid
snes	Zelda: SS	ninja_warriors_-_boss_1.mid
snes	Zelda: SS	ninja_warriors_-_boss_2.mid
snes	Zelda: SS	ninja_warriors_-_boss_3.mid
snes	Zelda: SS	ninja_warriors_-_boss_4.mid
snes	Zelda: SS	ninja_warriors_-_boss_5.mid
snes	Zelda: SS	ninja_warriors_-_boss_7.mid
snes	Zelda: SS	ninja_warriors_-_last_boss.mid
snes	Final Fantasy	nw-endstaff.mid
snes	Zelda: SS	odysselya2_bbt1.mid
snes	Zelda: SS	odysselya2_bt1.mid
snes	Zelda: SS	odysselya2_world.mid
snes	EarthBound	ogreb_neo.mid
snes	Chrono Trigger	perfect.mid
snes	Pokemon	pokey.mid
snes	Zelda: SS	popful_mail_japan_-_bar_basso.mid
snes	Final Fantasy	popntwinbee-staffroll.mid
snes	Zelda: SS	prisonermission.mid
snes	Zelda: SS	r%26fbossbattle.mid
snes	Zelda: SS	r10k_tmnt4_boss.mid
snes	Street Fighter	radicaldreamersfarpromise.mid
snes	Zelda: SS	ranma_rpg_last_boss.mid
snes	Tetris	rask-tetrisattack.mid
snes	Zelda: SS	rb-bossv2.mid
snes	Zelda: SS	rb2-boss.mid
snes	EarthBound	rbs-rebel.mid
snes	EarthBound	rd-snakebone.mid
snes	Zelda: MM	rd-summer_days.mid
snes	Chrono Trigger	rjedi_select.mid
snes	Zelda: SS	rockboss.mid
snes	Zelda: SS	rpgboss.mid
snes	Zelda: SS	rpgboss2.mid
snes	Super Mario Bros	rpgsmbossbat.mid
snes	Chrono Trigger	rpgvict.mid
snes	Sonic	rs1_4will.mid
snes	Sonic	rs1_aisha.mid
snes	Sonic	rs1_albert.mid
snes	Sonic	rs1_barbara.mid
snes	Sonic	rs1_beforelbt.mid
snes	Sonic	rs1_bt1.mid
snes	Sonic	rs1_bt2.mid
snes	Sonic	rs1_bt2w.mid
snes	Sonic	rs1_claudia.mid
snes	Sonic	rs1_claudia_w.mid
snes	Sonic	rs1_crystalcity.mid
snes	Sonic	rs1_destiny.mid
snes	Sonic	rs1_dungeon1.mid
snes	Sonic	rs1_dungeon2.mid
snes	Sonic	rs1_ed.mid
snes	Sonic	rs1_emerald.mid
snes	Sonic	rs1_forest.mid
snes	Sonic	rs1_gray.mid
snes	Sonic	rs1_hawk.mid
snes	Sonic	rs1_heartful.mid
snes	Sonic	rs1_horrible.mid
snes	Sonic	rs1_horrible_w.mid
snes	Sonic	rs1_hurry.mid
snes	Sonic	rs1_inn.mid
snes	Sonic	rs1_jamil.mid
snes	Sonic	rs1_kignt.mid
snes	Sonic	rs1_lastdungeon.mid
snes	Sonic	rs1_lbt.mid
snes	Sonic	rs1_melbil.mid
snes	Sonic	rs1_op.mid
snes	Sonic	rs1_prologue.mid
snes	Sonic	rs1_requiem.mid
snes	Sonic	rs1_s-estamil.mid
snes	Sonic	rs1_sad.mid
snes	Sonic	rs1_salute.mid
snes	Sonic	rs1_ship.mid
snes	Sonic	rs1_sif.mid
snes	Sonic	rs1_solitude.mid
snes	Sonic	rs1_tango.mid
snes	Sonic	rs1_victory.mid
snes	Sonic	rs2_7hbt.mid
snes	Sonic	rs2_avalon.mid
snes	Sonic	rs2_bt1.mid
snes	Sonic	rs2_kujinshi.mid
snes	Sonic	rs2_village1.mid
snes	Sonic	rs2final.mid
snes	Sonic	rs3_bt1r.mid
snes	Sonic	rs3_bt2.mid
snes	Sonic	rs3nobledevils2.mid
snes	Zelda: SS	rsg3boss.mid
snes	Zelda: SS	rt3_boss.mid
snes	Chrono Trigger	rudora_blazing_impact.mid
snes	EarthBound	rudora_earthbound.mid
snes	Zelda: SS	rudora_no_hihou_japan_-_edge_of_darkness.mid
snes	Chrono Cross	rudora_no_hihou_japan_-_mystics_in_babel.mid
snes	Chrono Trigger	rudra_no_hihou_japan_-_sanctuary.mid
snes	Zelda: SS	rvlt-finalboss.mid
snes	Zelda: SS	sadness2.mid
snes	Sonic Adventure	sadvi2a.mid
snes	Final Fantasy	sbcliffs.mid
snes	Zelda: SS	schalass112.mid
snes	Zelda: SS	schq-sspctnfo.mid
snes	Zelda: SS	scissors.mid
snes	Zelda: SS	sd3_boss.mid
snes	Zelda: SS	sd3_obsession.mid
snes	Zelda: SS	sdd-mission6.mid
snes	Secret of Mana	secret.mid
snes	Secret of Mana	secret1.mid
snes	Chrono Trigger	sectorywaltz.mid
snes	Chrono Trigger	selectfighter.mid
snes	SF2	sf2Balrog.mid
snes	SF2	sf2Bison456.mid
snes	SF2	sf2Blank456.mid
snes	SF2	sf2Chunl.mid
snes	SF2	sf2Guile456.mid
snes	SF2	sf2Honda456.mid
snes	SF2	sf2Ken456.mid
snes	SF2	sf2LasVegas.mid
snes	SF2	sf2Perso.mid
snes	SF2	sf2Ryu456.mid
snes	SF2	sf2Sagat456.mid
snes	SF2	sf2VS.mid
snes	SF2	sf2Vega456.mid
snes	SF2	sf2Zangf.mid
snes	SF2	sf2_fortuna_surface.mid
snes	SF2	sf2_fortuna_underground1.mid
snes	SF2	sf2bonus.mid
snes	SF2	sf2capcom.mid
snes	SF2	sf2edza2.mid
snes	SF2	sf2endch.mid
snes	SF2	sf2honda.mid
snes	SF2	sf2ken.mid
snes	SF2	sf2outrange.mid
snes	SF2	sf2ryu.mid
snes	SF2	sf2ryu2.mid
snes	SF2	sf2title.mid
snes	SF2	sf2title2.mid
snes	SF2	sf2vega.mid
snes	SF2	sf2vega3.mid
snes	Street Fighter	sf_space_armada.mid
snes	Street Fighter	sfa2adon.mid
snes	Street Fighter	sfa2dan.mid
snes	Street Fighter	sfa2guy.mid
snes	Street Fighter	sfa2ken.mid
snes	Street Fighter	sfa2role.mid
snes	Street Fighter	sfa2rose.mid
snes	Street Fighter	sfa2ryu.mid
snes	Street Fighter	sfa2saku.mid
snes	Street Fighter	sfa2sodo.mid
snes	Street Fighter	sfa2vega.mid
snes	Street Fighter	sfa2zang.mid
snes	Chrono Trigger	sfsectorx.mid
snes	Chrono Trigger	sfselect.mid
snes	Street Fighter	sfsnesogc.mid
snes	Street Fighter	sftitania.mid
snes	Street Fighter	sftitaniab.mid
snes	Street Fighter	sfvenom.mid
snes	Street Fighter	sfxattak.mid
snes	Street Fighter	sfxbroll.mid
snes	Street Fighter	sfxgaunt.mid
snes	Street Fighter	sfxslots.mid
snes	Street Fighter	sfxtrain.mid
snes	Chrono Trigger	simcitct.mid
snes	SimCity	simcity.mid
snes	SimCity	simcity_goodeval_mw.mid
snes	Zelda: MM	simmg1_2.mid
snes	Zelda: MM	slammast-title.mid
snes	Sonic	smas10.mid
snes	Sonic	smas11.mid
snes	Sonic	smas12.mid
snes	Sonic	smas13.mid
snes	Sonic	smas14.mid
snes	Sonic	smas16.mid
snes	Sonic	smas17.mid
snes	Sonic	smas18.mid
snes	Sonic	smas19.mid
snes	Sonic	smas20.mid
snes	Sonic	smas22.mid
snes	Sonic	smas23.mid
snes	Sonic	smas24.mid
snes	Sonic	smas25.mid
snes	Sonic	smas26.mid
snes	Sonic	smas27.mid
snes	Sonic	smas28.mid
snes	Sonic	smas29.mid
snes	Sonic	smas30.mid
snes	Sonic	smas31.mid
snes	Sonic	smas32.mid
snes	Sonic	smas33.mid
snes	Sonic	smas34.mid
snes	Sonic	smas35.mid
snes	Sonic	smas36.mid
snes	Sonic	smas37.mid
snes	Sonic	smas38.mid
snes	Sonic	smas39.mid
snes	Sonic	smas3title.mid
snes	Super Mario Bros	smas_smb_underwater.mid
snes	Zelda: SS	smasselect.mid
snes	Super Mario Bros	smb2wart_volvagia.mid
snes	Mario Kart	smk-rainbowroad-xg.mid
snes	Mario Kart	smk4thplace.mid
snes	Mario Kart	smk_koopabeach.mid
snes	Mario Kart	smk_koopabeach6.mid
snes	Mario Kart	smk_rainbow_road.mid
snes	Mario Kart	smkbatt.mid
snes	Mario Kart	smkbattle.mid
snes	Mario Kart	smkbowsr.mid
snes	Mario Kart	smkmario.mid
snes	Mario Kart	smkrainbow.mid
snes	Mario Kart	smkrainbow1.mid
snes	Mario Kart	smkselectremix.mid
snes	Mario Kart	smkvictory.mid
snes	Super Mario RPG	smrpgMff.mid
snes	Super Mario RPG	smrpg_bowserkeep2.mid
snes	Super Mario RPG	smrpg_culexvic.mid
snes	Super Mario RPG	smrpg_end.mid
snes	Super Mario RPG	smrpg_explanation.mid
snes	Super Mario RPG	smrpg_forest_cave.mid
snes	Super Mario RPG	smrpg_genoawakens.mid
snes	Super Mario RPG	smrpg_invincibility.mid
snes	Super Mario RPG	smrpg_letsplaygeno.mid
snes	Super Mario RPG	smrpg_nimbus.mid
snes	Super Mario RPG	smrpg_sword.mid
snes	Super Mario RPG	smrpgbattle.mid
snes	Super Mario RPG	smrpgbooster1.mid
snes	Super Mario RPG	smrpgcul.mid
snes	Super Mario RPG	smrpgdodo.mid
snes	Super Mario RPG	smrpgmariospad.mid
snes	Super Mario RPG	smrpgmid.mid
snes	Super Mario RPG	smrpgmidasriverv1_1.mid
snes	Super Mario RPG	smrpgmoleville.mid
snes	Super Mario RPG	smrpgmonst.mid
snes	Super Mario RPG	smrpgnimbus.mid
snes	Super Mario RPG	smrpgrosetown.mid
snes	Super Mario RPG	smrpgworldmap.mid
snes	Zelda: SS	smss-fighting-saturn.mid
snes	Zelda: SS	smt-bossbttl.mid
snes	Zelda: SS	smt-embassy.mid
snes	Super Mario World	smw-map.mid
snes	Super Mario World	smw-special.mid
snes	Super Mario World	smw1forest.mid
snes	Super Mario World	smw1starroad.mid
snes	Super Mario World	smw2-2.mid
snes	Super Mario World	smw2-story.mid
snes	Super Mario World	smw2-yoshi_bonus.mid
snes	Super Mario World	smw200.mid
snes	Super Mario World	smw201.mid
snes	Super Mario World	smw202.mid
snes	Super Mario World	smw203.mid
snes	Super Mario World	smw204.mid
snes	Super Mario World	smw205.mid
snes	Super Mario World	smw206.mid
snes	Super Mario World	smw210.mid
snes	Super Mario World	smw214.mid
snes	Super Mario World	smw215.mid
snes	Super Mario World	smw217.mid
snes	Super Mario World	smw218a.mid
snes	Super Mario World	smw218e.mid
snes	Super Mario World	smw219.mid
snes	Super Mario World	smw2b4boss.mid
snes	Super Mario World	smw2babybowser.mid
snes	Super Mario World	smw2boss.mid
snes	Super Mario World	smw2boss34%2658.mid
snes	Super Mario World	smw2castle.mid
snes	Super Mario World	smw2cave2.mid
snes	Super Mario World	smw2kamek.mid
snes	Super Mario World	smw2pinf11.mid
snes	Super Mario World	smw2stg1.mid
snes	Super Mario World	smw2ug.mid
snes	Super Mario World	smw_bossvict_arr.mid
snes	Super Mario World	smw_castle-boss.mid
snes	Super Mario World	smw_castle_arranged.mid
snes	Super Mario World	smw_donut_fzero.mid
snes	Super Mario World	smw_donut_polka.mid
snes	Super Mario World	smw_ghost.mid
snes	Super Mario World	smw_intro.mid
snes	Super Mario World	smw_overworld.mid
snes	Super Mario World	smw_secret_door.mid
snes	Super Mario World	smw_zb_donuts.mid
snes	Super Mario World	smw_zb_maro_n_princess.mid
snes	Super Mario World	smw_zb_volcano.mid
snes	Super Mario World	smwbow.mid
snes	Super Mario World	smwbow2.mid
snes	Super Mario World	smwcastle_nes.mid
snes	Super Mario World	smwcstle.mid
snes	Super Mario World	smwintro.mid
snes	Super Mario World	smwjazz.mid
snes	Super Mario World	smwlose.mid
snes	Super Mario World	smwwat.mid
snes	Super Mario World	smwwd1.mid
snes	Super Mario World	smwwd2.mid
snes	Super Mario World	smwwin.mid
snes	Zelda: SS	snesArkBig_Boss.mid
snes	Zelda: SS	snesArkBoss.mid
snes	Zelda: SS	snesArkMini-Boss.mid
snes	Final Fantasy	snesBlizzard_BuffaloV1.1.mid
snes	Zelda: SS	snesDKC2_Boss.mid
snes	DKC	snesDKC2_MapV1.2.mid
snes	Zelda: SS	snesDKC3_BossV1.1.mid
snes	DKC	snesDKC3_HotPersuit.mid
snes	DKC	snesDKC3_K.Rool.mid
snes	DKC	snesDKC3_WaterfallV1.2.mid
snes	DKC	snesDKC_Bonus_Lose.mid
snes	DKC	snesDKC_Bonus_Win.mid
snes	DKC	snesDkc2_Ship_Deck_Goal.mid
snes	Zelda: MM	snesMMX1_Sigma_BattleV1.1.mid
snes	Zelda: MM	snesMMX3_Sigma_BattleV1.1.mid
snes	Zelda: SS	snes_androsspart1.mid
snes	Chrono Trigger	snes_nbajam_teamselect.mid
snes	Street Fighter	snesfzPort_TownV1.2.mid
snes	Zelda: SS	snesxmenboss.mid
snes	Zelda: WW	snowwood.mid
snes	Zelda: SS	soeboss.mid
snes	Zelda: SS	som_lastboss.mid
snes	Zelda: SS	som_manafortress.mid
snes	Zelda: MM	somflammie.mid
snes	Zelda: MM	sommfort.mid
snes	Zelda: MM	somsumm.mid
snes	R-Type	srtypel2.mid
snes	Zelda: SS	ss6blast.mid
snes	Zelda: SS	ss6blastrisa.mid
snes	Zelda: SS	ssf2_bison.mid
snes	Zelda: MM	ssf2_cammy.mid
snes	Zelda: SS	ssf2_continue.mid
snes	Zelda: SS	ssf2_dhalsim.mid
snes	Zelda: SS	ssf2_sagat.mid
snes	Zelda: MM	ssf2cammy%28late_remix%29.mid
snes	Zelda: SS	ssf2chli3end.mid
snes	Sonic	stetris3_tetoroika.mid
snes	Chrono Trigger	stfxvictoryonland.mid
snes	Zelda: MM	strife_mmxsigma1.mid
snes	Zelda: SS	sunrdr-boss4.mid
snes	Zelda: SS	sunset_riders_-_intermission.mid
snes	Zelda: SS	sunset_riders_-_stage_2_boss.mid
snes	Zelda: SS	sunset_riders_-_stage_3_boss.mid
snes	R-Type	superRtype_4_zb1.mid
snes	EarthBound	supermarioRPGbattlebig.mid
snes	R-Type	superrtypelevel4.mid
snes	Yoshi's Island	ta-yoshi.mid
snes	Yoshi's Island	tayoshi.mid
snes	Zelda: SS	tessie.mid
snes	Tetris	tetris_drm_fever.mid
snes	Tetris	tetris_drm_mixedmusic1.mid
snes	Tetris	tetris_drm_tetrisbgm1.mid
snes	Tetris	tetris_drm_tetrisbgm3.mid
snes	Zelda	tlozfbov2.mid
snes	Super Mario World	tm_SMW_Game_Over.mid
snes	EarthBound	tm_rnh_ridethebreeze.mid
snes	Chrono Trigger	tm_rnh_sanctuary.mid
snes	Zelda: MM	tmm_Asa_Theme.mid
snes	Zelda: MM	tmm_Fuj_Theme.mid
snes	Zelda: MM	tmm_Input_Name.mid
snes	Zelda: MM	tmm_Kag_Theme.mid
snes	Zelda: MM	tmm_Kat_Theme.mid
snes	Zelda: MM	tmm_Kiy_Theme.mid
snes	Zelda: MM	tmm_Mik_Theme.mid
snes	Zelda: MM	tmm_Nu_Theme.mid
snes	Zelda: MM	tmm_Tokimeki_Memorial_%28Main_Theme%29.mid
snes	TMNT	tmnt400.mid
snes	TMNT	tmnt404.mid
snes	TMNT	tmnt405.mid
snes	TMNT	tmnt406.mid
snes	TMNT	tmnt408.mid
snes	TMNT	tmnt409.mid
snes	TMNT	tmnt411.mid
snes	TMNT	tmnt412.mid
snes	TMNT	tmnt413.mid
snes	TMNT	tmnt414.mid
snes	TMNT	tmnt415.mid
snes	TMNT	tmnt416.mid
snes	TMNT	tmnt423.mid
snes	TMNT	tmnt4supshred.mid
snes	TMNT	tmnt_-_back_alley.mid
snes	TMNT	tmnt_-_cafeteria.mid
snes	TMNT	tmnt_cafeteria.mid
snes	TMNT	tmnt_train.mid
snes	TMNT	tmnt_winner.mid
snes	Zelda: SS	tmntboss.mid
snes	Donkey Kong	toadkof.mid
snes	Chrono Trigger	topcontract.mid
snes	Zelda: SS	troddlers_-_crossed.mid
snes	Zelda: SS	uns-ffboss.mid
snes	Sonic	uns_a88_-_the_minks1.mid
snes	Zelda: SS	unsquadron-boss2.mid
snes	Final Fantasy	vegas_stakes_-_buffalo_head.mid
snes	Sonic	vgYs3GalabanFinal.mid
snes	Street Fighter	wc1sf.mid
snes	Zelda: SS	wpwagyaplusstart.mid
snes	Zelda: SS	x1boss.mid
snes	Chrono Trigger	xgctc.mid
snes	Chrono Trigger	xgctf.mid
snes	Zelda: SS	xmidff6boss.mid
snes	Zelda: SS	yi-boss.mid
snes	Zelda: SS	yi-miniboss.mid
snes	Zelda: SS	yi_before_boss.mid
snes	Yoshi's Island	yoshi-boss.mid
snes	Yoshi's Island	yoshiislandjam.mid
snes	Yoshi's Island	yoshisislandathletic.mid
snes	Yoshi's Island	yoshixmas.mid
snes	Zelda: SS	youkai_buster_ruka_no_daibouken_-_boss_battle.mid
snes	Sonic	ys3lavazone.mid
snes	Sonic	ys3redmont.mid
snes	Chrono Trigger	yuu_yuu_hakusho_kakutou_no_syo_japan_-_select_character.mid
snes	Zelda: SS	z3boss.mid
snes	Zelda: SS	z3bossNES.mid
snes	Chrono Trigger	z3sanct.mid
snes	Chrono Trigger	z3sanct1.mid
snes	Zelda: MM	zb_mmx_sigma1.mid
snes	Super Mario World	zb_smw_rockroll2.mid
snes	Super Mario World	zb_smw_rockworld2_2.mid
snes	Tetris	zb_tetris_bgm1sp.mid
snes	EarthBound	zebes6.mid
snes	Zelda	zelda3intro.mid
snes	Zelda	zelda_cave.mid
snes	Zelda	zeldametalnew.mid
switch	Chrono Trigger	SM-FlyingBatteryZoneAct1.mid
switch	Zelda: SS	SM-MiniBoss.mid
switch	Chrono Trigger	SM-MirageSaloonZoneAct1K.mid
switch	Chrono Trigger	SM-MirageSaloonZoneAct1ST.mid
switch	Chrono Trigger	SM-MirageSaloonZoneAct2.mid
switch	Chrono Trigger	SM-OilOceanZoneAct2.mid
switch	Zelda: SS	SM-PressGardenZoneAct1.mid
switch	Zelda: SS	SM-PressGardenZoneAct2.mid
switch	Chrono Trigger	SM-StudiopolisZoneAct1.mid
switch	Chrono Trigger	SM-StudiopolisZoneAct2.mid
switch	Chrono Trigger	SM_GreenHillZoneAct2.mid
wii	Zelda	6-20_zelda_battleseq.mid
wii	Zelda: SS	BL_ssbb_allstarrestarea.mid
wii	Zelda: SS	BL_ssbb_stickers.mid
wii	Zelda: SS	BL_ssbb_tournyprep.mid
wii	Zelda: SS	Ballad_Of_The_Goddess.mid
wii	Zelda: SS	BossDefeatedGM.mid
wii	Zelda: SS	BossDefeatedXG.mid
wii	Zelda: SS	BrambleBlastSSBBv3.mid
wii	Zelda: SS	BrambleBlastSSBBv4.mid
wii	Castlevania	CASTLEVANIA_MENU_1.mid
wii	Zelda: SS	DialgaPalkiaSSBBv3.mid
wii	Zelda: SS	Endless_Possibility.mid
wii	EarthBound	Flight_of_the_Bumblebeemine.mid
wii	Zelda: SS	Gyro_ZeldaSS_BossBattleMoldarach.mid
wii	Zelda: MM	IP_MM10Trailer.mid
wii	Zelda: MM	KB-MM9_Splash_Woman.mid
wii	Zelda: SS	KroolSSBB.mid
wii	Zelda	LOZTP_-_SGrove.mid
wii	Zelda	LOZTP_-_SVillageRave.mid
wii	Zelda	Legend_of_Zelda_-_Fis_Lament.mid
wii	Zelda	LoZTP_-_Against_Ganondorf_-_By_Nova.mid
wii	Zelda	LoZTP_-_Mailman_-_By_Nova.mid
wii	Zelda	LoZTP_Credits_Final.mid
wii	Zelda: OoT	LoZTP_Hyrule_Field_on_foot_v3.mid
wii	Zelda	LoZTP_Learn_New_Skill_v2.mid
wii	Zelda	LoZTPw_-_Queen_Rutela_-_By_DaDude_-_GS_V1_1.mid
wii	Zelda	LoZTPw_-_Queen_Rutela_-_By_DaDude_-_XG_V1_1.mid
wii	Zelda	LoZ_TP_StaffRollTheme_01.mid
wii	Zelda	LozTP_Overture.mid
wii	Zelda: MM	MM10-CommandoMan.mid
wii	Zelda: MM	MM10-Solar_Man.mid
wii	Zelda: MM	MM10-SpecialStage2.mid
wii	Zelda: MM	MM10-WilyFortress2.mid
wii	Zelda: MM	MM10-WilyStage4.mid
wii	Zelda: MM	MM10TRA.mid
wii	Zelda: MM	MM10_-_Endless_Struggle.mid
wii	Zelda: MM	MM10_-_Get_The_Punk_Out.mid
wii	Zelda: MM	MM10_-_NitroMan.mid
wii	Zelda: MM	MM10_-_WilyStageBossXG.mid
wii	Zelda: MM	MM10_Blade_Man-KM.mid
wii	Zelda: MM	MM10_Blademan.mid
wii	Zelda: MM	MM10_Chillman.mid
wii	Zelda: MM	MM10_EvilWily.mid
wii	Zelda: MM	MM10_Nitro_Man-KM.mid
wii	Zelda: MM	MM10_Nitroman.mid
wii	Zelda: MM	MM10_Pumpman.mid
wii	Zelda: MM	MM10_Sheepman.mid
wii	Zelda: MM	MM10_Trailer.mid
wii	Zelda: MM	MM9-GalaxyMan-TS.mid
wii	Zelda: MM	MM9-HornetMan-TS.mid
wii	Zelda: MM	MM9Shop1.mid
wii	Zelda: MM	MM9Title.mid
wii	Zelda: MM	MM9_-_ConcreteJungle.mid
wii	Zelda: MM	MM9_-_Flash_in_the_Dark.mid
wii	Zelda: MM	MM9_-_Jewel.mid
wii	Zelda: MM	MM9_-_OverDrive.mid
wii	Zelda: MM	MM9_-_Splash.mid
wii	Zelda: MM	MM9_-_Tornado.mid
wii	Zelda: MM	MM9_-_We_re_the_Robots.mid
wii	Zelda: MM	MM9_-_Wily1.mid
wii	Zelda: MM	MM9_-_Wily2.mid
wii	Zelda: MM	MM9_Concreteman.mid
wii	Zelda: MM	MM9_Credits.mid
wii	Zelda: MM	MM9_Galaxyman.mid
wii	Zelda: MM	MM9_Hornet_Man-KM.mid
wii	Zelda: MM	MM9_Jewelman.mid
wii	Zelda: MM	MM9_Magma_Man-KM.mid
wii	Zelda: MM	MM9_Magmaman.mid
wii	Zelda: MM	MM9_Plugman.mid
wii	Zelda: MM	MM9_SplashwomanV2.mid
wii	Zelda: MM	MM9_Stageselect.mid
wii	Zelda: MM	MM9_Tornadoman.mid
wii	Zelda: MM	MM9_WilyStage1.mid
wii	Zelda: MM	MM9_WilyStage3.mid
wii	Zelda: MM	MM9_WilyStage4.mid
wii	Zelda: MM	MM9_Wily_Stage_2-KM.mid
wii	Zelda: MM	MM9_intro1.mid
wii	Zelda: MM	MM9_intro2.mid
wii	Zelda: MM	MM9_intro3.mid
wii	Zelda: MM	MM9_overdrivescramble.mid
wii	Zelda: MM	MM9_rushjetget.mid
wii	Zelda: MM	MM9_shop.mid
wii	Zelda: MM	MM9_stagestart.mid
wii	Zelda: MM	MM9_weaponget.mid
wii	Zelda: MM	MM9symphonic.mid
wii	Zelda: SS	Meg_Man_10_-_Boss_Battle_Arranged.mid
wii	Zelda: SS	Mega_Man_9_Boss.mid
wii	Super Mario Bros	NSMBWii_ChannelFanfare.mid
wii	Super Mario Bros	NSMBWii_CourseClear.mid
wii	Super Mario Bros	NSMBWii_GameOver.mid
wii	Zelda: MM	OPENING1_MM9.mid
wii	Zelda: MM	OPENING3_MM9.mid
wii	Zelda: OoT	OcarinaRemixStereoV2.mid
wii	Pokemon	PokeParkWii_Obstacle_Hop.mid
wii	Metroid Prime	Revised_Metroid_Prime_3_Corruption_Title_Screen.mid
wii	Metal Gear Solid	SMGSTAR.mid
wii	Metal Gear Solid	SMGStardustRoad3.mid
wii	Zelda: OoT	SMG_DangersAfoot.mid
wii	Zelda: SS	SSBB-Area_6_Remix.mid
wii	Zelda: SS	SSBB-Kirby-Race1.mid
wii	Zelda: SS	SSBB-Main_Theme-AJ.mid
wii	Zelda: SS	SSBB-MeleeMenu_1.mid
wii	Zelda: SS	SSBBMenu.mid
wii	Zelda: SS	SSBB_-_StarFox64.mid
wii	Zelda: SS	SSBB_BattleResullts.mid
wii	Zelda: SS	SSBB_CruelBrawl.mid
wii	Zelda: SS	SSBB_Gritzy_Desertv1_1.mid
wii	Zelda: SS	SSBB_Gritzy_Desertv1_1GS.mid
wii	Zelda: SS	SSBB_Metroid_Victory.mid
wii	Zelda: SS	SSBB_Online_Wait.mid
wii	Zelda: SS	SSBB_Waiting_Room.mid
wii	Zelda: MM	Sammers.mid
wii	CV: Aria	Saria_TP.mid
wii	Zelda: SS	SkywardSword_Boss3-1.mid
wii	Zelda: SS	SkywardSword_KnightAcademy.mid
wii	Zelda: SS	Skyward_Sword-The_Goddess_Song_Metal.mid
wii	Zelda: SS	Skyward_Sword_-_Ballad_of_Goddess.mid
wii	Zelda: SS	Skyward_Sword_-_The_Goddess_Song.mid
wii	Sonic	SonicU_-_ApotosDay.mid
wii	Sonic	SonicU_-_TornadoDef1.mid
wii	Sonic	SonicU_-_TornadoDef2.mid
wii	Chrono Trigger	Stage_Select_9.mid
wii	Sonic	TP-woods1.mid
wii	Street Fighter	TPTransferofPowers.mid
wii	Chrono Trigger	T_MegaMan9_Introduction1.mid
wii	Chrono Trigger	T_MegaMan9_Introduction2.mid
wii	Chrono Trigger	T_MegaMan9_Introduction3.mid
wii	Zelda: SS	T_MegaMan9_WilyFortress1.mid
wii	Zelda: SS	Trailer_-_Zelda_Twilight_Princess.mid
wii	Zelda: SS	Twilight-Princess-Dark_Lord_Ganondorf.mid
wii	Zelda: SS	Twilight-Princess-Death_mountain.mid
wii	Zelda: SS	Twilight-Princess-Hyrule_Castle.mid
wii	Zelda: SS	Twilight-Princess-Hyrule_Field_Night.mid
wii	Zelda: SS	Twilight-Princess-Intro.mid
wii	Zelda: SS	Twilight-Princess-Ordon_Village.mid
wii	Zelda: SS	Twilight-Princess-Sacred_Grove.mid
wii	Zelda: SS	Twilight_Princess_-_Castle_Town_East_Road.mid
wii	Zelda: SS	Twilight_Princess_-_Illia.mid
wii	Zelda: SS	Twilight_Princess_-_Intro.mid
wii	Zelda: SS	Twilight_Princess_-_Mirror_Restored.mid
wii	Zelda: SS	Twilight_Princess_-_Talking_to_Impaz.mid
wii	Zelda: SS	Twilight_Princess_Hyrule_Field_Night.mid
wii	Zelda	Wii_Music_Zelda.mid
wii	Zelda: SS	Wii__Super_Smash_Bros._Brawl__Boss_Battle_1__v1.1.mid
wii	Zelda: SS	Wii__Super_Smash_Bros._Brawl__End_Credits_Subspace_Emissary.mid
wii	Yoshi's Island	Yoshi_Story_Ending_Brawl.mid
wii	Chrono Cross	ZTP-hyrlcstl3.mid
wii	Zelda: SS	Zelda_TP_Boss1-4_pt1.mid
wii	Zelda: SS	Zelda_TP_Boss3-7_pt2.mid
wii	Super Mario Bros	cy_nsmbw_w3_v1_0.mid
wii	Super Mario Bros	cy_nsmbw_world_5_ow_theme_v1_0.mid
wii	Chrono Trigger	divineprotection.mid
wii	Zelda: MM	dksummit.mid
wii	Zelda: SS	doopliss_dimentio_charming_magician_1.mid
wii	Zelda: SS	doopliss_dimentiofinal_spm_1.mid
wii	Zelda: SS	doopliss_dimentioshowtime_1.mid
wii	Zelda: SS	enter_the_darknessseq.mid
wii	Zelda: TP	enter_the_twilight_realmseq.mid
wii	Sonic	faron_woods2seq.mid
wii	Zelda: SS	hawk_grasshowlseq.mid
wii	Zelda: SS	hawk_grassseq.mid
wii	Zelda: SS	jrlepage_-_XG_-_ssbb_-_mario_kart_circuit.mid
wii	Final Fantasy	link_offensive_battle.mid
wii	Zelda: MM	mm10-wily2.mid
wii	Zelda: MM	mm10_Strikeman.mid
wii	Zelda: MM	mm10_chill_man_-_absolute_chill_fixed.mid
wii	Zelda: MM	mm10_desertcommando.mid
wii	Zelda: MM	mm10_futureworld.mid
wii	Zelda: MM	mm10_shop_bass.mid
wii	Zelda: MM	mm10_specialstage1_v1_1.mid
wii	Zelda: MM	mm10_specialstage3-DS.mid
wii	Zelda: MM	mm10_wilycapsule.mid
wii	Zelda: MM	mm10_wilystage1_v2.mid
wii	Zelda: MM	mm10_wilystage5_daleksam.mid
wii	Zelda: MM	mm10fb.mid
wii	Zelda: MM	mm10sheepmanfixed.mid
wii	Zelda: MM	mm10wilyboss.mid
wii	Zelda: MM	mm9_-_galaxyman.mid
wii	Zelda: MM	mm9_-_tornadoman.mid
wii	Zelda: MM	mm9_hornetman.mid
wii	Zelda: MM	mm9_shop-shoppingnetwork.mid
wii	Super Mario Bros	nsmbwiiKoopaKidCastle.mid
wii	Super Mario Bros	nsmbwiiKoopaKidFortress.mid
wii	Chrono Trigger	practiceseq.mid
wii	Zelda: SS	shadowdragon_ssbb_gs.mid
wii	Gradius	shalpp-gradiuswii-aircraft-1_2.mid
wii	Sonic	sonicunleashed_apotos_daytime_-_windmill_isle.mid
wii	Zelda: MM	spm_sammers_kingdom_gerudo.mid
wii	Zelda: SS	ssbb_-_battlefield2.mid
wii	Zelda: SS	ssbb_-_flatzone2.mid
wii	Zelda: SS	ssbb_HiddenMountain_and_Forest.mid
wii	Zelda: SS	ssbb_ghappears.mid
wii	Zelda: MM	ssbb_goldenhammer1_1.mid
wii	Zelda: SS	ssbb_nazonomurasamejou.mid
wii	Zelda: SS	su_themebrass.mid
wii	Sonic	the_light_spirit_appears2.mid
wii	Zelda: TP	tp_hyrule_twilight.mid
wii	Secret of Mana	tp_secret_village3.mid
wii	Sonic	tpgoronmines2.mid
wii	Zelda: TP	twilight.mid
wii	Zelda: SS	twilight_princess_-_lost_woods.mid
wii	Zelda: SS	twilight_princess_boss_blizzeta_pt2.mid
wii	Zelda: SS	twilight_princess_boss_diababa_pt2.mid
wii	Zelda: TP	twilightpalace_outside.mid
wii	Zelda: SS	twilightprincess_boss_stallordpt2.mid
wii	Zelda: SS	vessel_fullseq.mid
wii	Zelda: SS	wii-twilight-princess-hyrule-field-main-theme-andrew-bassett.mid
wii	Zelda: SS	wiiTPBossDefeatedGM.mid
wii	Zelda: SS	wiiTPBossDefeatedXG.mid
wii	Zelda: SS	wiiThe_Legend_of_Zelda_-_Twilight_Princess_-_Horseback_Victory.mid
wii	Zelda	zelda_opening_monologue.mid
wii	Zelda	zelda_tpdramaticbattle.mid
wii	Zelda	zeldas_lullaby.mid
wii	Zelda	zeldas_lullabyseq.mid
wii	Zelda	zeldatp_intro.mid
wii	Zelda	zeldatp_kakariko_village.mid
wii	Zelda	zeldatp_snowpeak_ruins.mid
wiiu	Super Mario Bros	NSMBU_Overworld.mid
wiiu	Super Mario Bros	NSMBU_World_3-1.mid
wiiu	Zelda: SS	SSBWU-Megaman2_AirMan.mid
wiiu	Zelda: SS	ducktalesremasteredbosstheme_by_sb.mid
xbox	Zelda: WW	aWWRx.mid
xbox	Chrono Trigger	halo_action.mid
xbox360	Zelda: SS	2_Sonic_06_Boss_1_midi.mid
xbox360	Zelda: SS	BOSS.mid
xbox360	Chrono Trigger	Lost_Labyrinth_Act_1.mid
xbox360	Sonic	S2006_Extend.mid
xbox360	Chrono Trigger	STH-06-Resurrection_of_Mephiles-KM.mid
xbox360	Sonic	Sonic4_-_LostLabyAct2XG.mid
xbox360	Sonic	Sonic4_-_MadGear1XG.mid
xbox360	Sonic	Sonic4_-_MadGear2XG.mid
xbox360	Sonic	Sonic4_-_MadGear3XG.mid
xbox360	Sonic	Sonic4_-_SplashHillRemixXG.mid
xbox360	Sonic	Sonic_06_-_DreamsofAbsolution.mid
xbox360	Sonic	Sonic_4_-_Splash_Hill_Zone_1.mid
xbox360	Zelda: SS	Town_Mission_04.mid
xbox360	Crash Bandicoot	Wedding_Crash_Midi_INCMPLT.mid
xbox360	Zelda: MM	sthd-endcammy.mid
xbox360	Donkey Kong	sthd-endken1.mid
3ds	_unknown_	02_Opening_Movie.mid
3ds	_unknown_	18road.mid
3ds	_unknown_	Battle-_Battle_Royal_SM_-_ShinkoNetCavy.mid
3ds	_unknown_	Battle-_VS_Alola_Legends_SM.mid
3ds	_unknown_	Battle-_VS_Gladion_SM_-_ShinkoNetCavy.mid
3ds	_unknown_	Battle-_VS_Guzma_SM_-_ShinkoNetCavy.mid
3ds	_unknown_	Battle-_VS_Hau_SM_-_ShinkoNetCavy.mid
3ds	_unknown_	Battle-_VS_Kahuna_SM_-_ShinkoNetCavy.mid
3ds	_unknown_	Battle-_VS_Lusamine_SM_-_Revle.mid
3ds	_unknown_	Battle-_VS_RedBlue_SM_-_ShinkoNetCavy.mid
3ds	_unknown_	Battle-_VS_Trainer_SM_-_ShinkoNetCavy.mid
3ds	_unknown_	Battle-_VS_Ultra_Beast_SM_-_ShinkoNetCavy.mid
3ds	_unknown_	Boutique.mid
3ds	_unknown_	EliteFour.mid
3ds	_unknown_	Explodatorium_by_fullMETAL.mid
3ds	_unknown_	Kalos_Gym_Leader_Remix_9.mid
3ds	_unknown_	LetsGoHomeTogether.mid
3ds	_unknown_	ORAS_-_Sky_Pillar_by_fakt13.mid
3ds	_unknown_	Orne.mid
3ds	_unknown_	PKMN_Sun_Moon_Unused_Battle_Theme_By_Incinium_Ver_2.mid
3ds	_unknown_	PKMN_X_Y_Route_8_By_Incinium.mid
3ds	_unknown_	PMD_Gates_to_infinity-_Wrapped_in_a_light.mid
3ds	_unknown_	PMD_RaggedMountain.mid
3ds	_unknown_	PS_HardStage.mid
3ds	_unknown_	PXYSnowbelleCity.mid
3ds	_unknown_	PXYSuperTraining.mid
3ds	_unknown_	Phazonruler-PKMSunandMoon-Route-2.mid
3ds	_unknown_	SM_Battle_Vs_Trainer.mid
3ds	_unknown_	Santalune_Forest.mid
3ds	_unknown_	ShovelKn_Stage1_2.mid
3ds	_unknown_	Sorrow.mid
3ds	_unknown_	Super_Mario_3D_Land_Star_Theme_8.mid
3ds	_unknown_	Super_Training.mid
3ds	_unknown_	TilePuzzle.mid
3ds	_unknown_	VS_XERNEAS_YVELTAL_ZYGARDE.mid
3ds	_unknown_	VS_shitenno.mid
3ds	_unknown_	XY.mid
3ds	_unknown_	XY_-_Kalos_Power_Plant.mid
3ds	_unknown_	XY_synca.mid
3ds	_unknown_	flare_M.mid
3ds	_unknown_	lm2-outlandish.mid
3ds	_unknown_	oraswild.mid
dreamcast	_unknown_	008SaveRoom.mid
dreamcast	_unknown_	08_keys_the_ruin.mid
dreamcast	_unknown_	15-airorcedelta.mid
dreamcast	_unknown_	AFO-Alien_theme.mid
dreamcast	_unknown_	AFOArmy.mid
dreamcast	_unknown_	AMomentOfRelief.mid
dreamcast	_unknown_	Air_Voyage.mid
dreamcast	_unknown_	Airship_Battle.mid
dreamcast	_unknown_	Alliwant.mid
dreamcast	_unknown_	Asilverdrop.mid
dreamcast	_unknown_	Bangai-O_-_Level_4.mid
dreamcast	_unknown_	Bombardmentnes.mid
dreamcast	_unknown_	BombermanOnlinetitlescreen.mid
dreamcast	_unknown_	BurningStorm2012b.mid
dreamcast	_unknown_	Chao_Remix.mid
dreamcast	_unknown_	Chuchu.mid
dreamcast	_unknown_	Code-Veronica_Alexia_1.mid
dreamcast	_unknown_	Code-Veronica_Battle_game.mid
dreamcast	_unknown_	GLcastle.mid
dreamcast	_unknown_	GRNMRK.mid
dreamcast	_unknown_	GauntletLegends.mid
dreamcast	_unknown_	Going_To_Where_The_Wind_Blows_c1900.mid
dreamcast	_unknown_	Grandia2RaoulHills.mid
dreamcast	_unknown_	Grandia2_BattleVersion1.mid
dreamcast	_unknown_	Grandia2_BattleVersion3.mid
dreamcast	_unknown_	Grandia2_Have_faith_in_yourself.mid
dreamcast	_unknown_	GuiltyGearX-BaikenV2.mid
dreamcast	_unknown_	GuiltyGearX-Chipp.mid
dreamcast	_unknown_	GuiltyGearX-DizzyV2.mid
dreamcast	_unknown_	GuiltyGearX-MayV2.mid
dreamcast	_unknown_	GuiltyGearX-MilliaRageV2.mid
dreamcast	_unknown_	GuiltyGearX-Testament.mid
dreamcast	_unknown_	HOTD2ST1.mid
dreamcast	_unknown_	Hand_combat.mid
dreamcast	_unknown_	HolyOrders.mid
dreamcast	_unknown_	Hotaru_Futaba-Fullmoon_-_Heartfull.mid
dreamcast	_unknown_	Hotd10x.mid
dreamcast	_unknown_	Hotd205.mid
dreamcast	_unknown_	Hotd206.mid
dreamcast	_unknown_	Ikaruga_StoneLike_v1-1.mid
dreamcast	_unknown_	Ikaruga_TheStoneLike.mid
dreamcast	_unknown_	Image_of_Hero.mid
dreamcast	_unknown_	InvincibilitySA.mid
dreamcast	_unknown_	JSR-ETB.mid
dreamcast	_unknown_	JSR-Miller.mid
dreamcast	_unknown_	JSR-Misch.mid
dreamcast	_unknown_	JSR-Sneak.mid
dreamcast	_unknown_	LOSTWORLDDANGER.mid
dreamcast	_unknown_	LWleadinglightsnik.mid
dreamcast	_unknown_	LeadingLightsV2.mid
dreamcast	_unknown_	Live_And_Learn.mid
dreamcast	_unknown_	LostColony.mid
dreamcast	_unknown_	Love_Hina-_Sakura_Saku.mid
dreamcast	_unknown_	MVCroll.mid
dreamcast	_unknown_	Magician.mid
dreamcast	_unknown_	Million1.mid
dreamcast	_unknown_	Million2.mid
dreamcast	_unknown_	Million3.mid
dreamcast	_unknown_	Million4.mid
dreamcast	_unknown_	MvC_Onslaught_V1_0JD.mid
dreamcast	_unknown_	Origin_of_Revolution_%28part1%29.mid
dreamcast	_unknown_	Origin_of_Revolution_%28part2%29.mid
dreamcast	_unknown_	PSOFalz.mid
dreamcast	_unknown_	PhantasyStarOnline-ImageofHero.mid
dreamcast	_unknown_	Precipice.mid
dreamcast	_unknown_	PurelySoldier2012.mid
dreamcast	_unknown_	RedMountain.mid
dreamcast	_unknown_	Resident_Evil_-_Code_Veronica_-_The_Code_Is_Veronica_%28Piano_Version%29.mid
dreamcast	_unknown_	Ruins_%28Random_Encounters%29.mid
dreamcast	_unknown_	Ruins_%28explore_to_Danger%29.mid
dreamcast	_unknown_	Rush2049OverStats.mid
dreamcast	_unknown_	SA-Cosmic_Wall_V2.mid
dreamcast	_unknown_	SA-Knuckles.mid
dreamcast	_unknown_	SA-WindyValley.mid
dreamcast	_unknown_	SADX_Dilapidated_Way-KM.mid
dreamcast	_unknown_	SADX_Egg_Hornet-KM.mid
dreamcast	_unknown_	SADX_Lost_World-Danger-KM.mid
dreamcast	_unknown_	SADX_Theme_of_E-102-KM.mid
dreamcast	_unknown_	SA_Leading_Lights.mid
dreamcast	_unknown_	SCHMENK_rainoftears.mid
dreamcast	_unknown_	SC_-_Stage_of_History.mid
dreamcast	_unknown_	SC_Gathering.mid
dreamcast	_unknown_	SNOWSJIM.mid
dreamcast	_unknown_	SONG01.mid
dreamcast	_unknown_	Saiyajin_Metal_Harbor_1_V2.mid
dreamcast	_unknown_	Set_Free.mid
dreamcast	_unknown_	Shenell2.mid
dreamcast	_unknown_	Shenmue.mid
dreamcast	_unknown_	Shenmue_-_%28Optiumized%29.mid
dreamcast	_unknown_	Shenmue_2-Queens_St.mid
dreamcast	_unknown_	Shenmue_Harp_Version.mid
dreamcast	_unknown_	Silent_Hill15.mid
dreamcast	_unknown_	Skies_of_Arcadia_Deck_Battle.mid
dreamcast	_unknown_	Sky_battle.mid
dreamcast	_unknown_	SkydeckAGoGo.mid
dreamcast	_unknown_	SonAdvWnhlV1Ztp.mid
dreamcast	_unknown_	SoulCal_Sophitia.mid
dreamcast	_unknown_	Spaceport_Introducing_U.mid
dreamcast	_unknown_	SupportingMe.mid
dreamcast	_unknown_	TEDIUM.mid
dreamcast	_unknown_	T_CyberTeamInAkihabara_Birth_TvSize11a.mid
dreamcast	_unknown_	T_DeadorAlive2_Kasumi.mid
dreamcast	_unknown_	T_DeadorAlive2_Kasumi_XG.mid
dreamcast	_unknown_	Taz.mid
dreamcast	_unknown_	Tears_%26_Flow2012.mid
dreamcast	_unknown_	Tech_Romancer-_Intro.mid
dreamcast	_unknown_	Tech_Romancer-_Twinzam_V.mid
dreamcast	_unknown_	TheMovie.mid
dreamcast	_unknown_	TheSandman.mid
dreamcast	_unknown_	The_Suspended_Doll_ver2.mid
dreamcast	_unknown_	ThemeOfRyu.mid
dreamcast	_unknown_	Tikal_Remix_XG.mid
dreamcast	_unknown_	TornadoScramble.mid
dreamcast	_unknown_	Twinkle_Cart.mid
dreamcast	_unknown_	Tyrant3VerB.mid
dreamcast	_unknown_	UT_Strider.mid
dreamcast	_unknown_	VirtuaTennisBeginningaDestiny.mid
dreamcast	_unknown_	VirtuaTennisGloriousCup.mid
dreamcast	_unknown_	VirtuaTennisNameEntry.mid
dreamcast	_unknown_	VirtuaTennisOnTheRun.mid
dreamcast	_unknown_	VirtuaTennisThePower.mid
dreamcast	_unknown_	VirtuaTennisUnyieldingSpirit.mid
dreamcast	_unknown_	WDWMRT-POFC.mid
dreamcast	_unknown_	Warmac.mid
dreamcast	_unknown_	airport.mid
dreamcast	_unknown_	alexia.mid
dreamcast	_unknown_	bman_dc_chuchurocket_wehaveawinner.mid
dreamcast	_unknown_	bman_dc_soa_dungeoncave.mid
dreamcast	_unknown_	bman_dc_soa_militaryfacility.mid
dreamcast	_unknown_	bman_dc_soulcalibur_duelists.mid
dreamcast	_unknown_	bye_bye_Chao_theme.mid
dreamcast	_unknown_	casinopolis-nightspinball-ms.mid
dreamcast	_unknown_	ccr_dc_01.mid
dreamcast	_unknown_	chao12.mid
dreamcast	_unknown_	chao_g_born_d2.mid
dreamcast	_unknown_	chao_g_dead.mid
dreamcast	_unknown_	chaogarden.mid
dreamcast	_unknown_	chaokindergarten.mid
dreamcast	_unknown_	dc_msr_cbprs_ztp.mid
dreamcast	_unknown_	duo_sa_itdoesntmatter.mid
dreamcast	_unknown_	duo_sa_redmt_asot.mid
dreamcast	_unknown_	duo_sa_sphw_rtdsh.mid
dreamcast	_unknown_	earth_and_sea_PG.mid
dreamcast	_unknown_	ecoastAzure_ASK.mid
dreamcast	_unknown_	eggman.mid
dreamcast	_unknown_	ewsd_mansion_ml.mid
dreamcast	_unknown_	fangmei.mid
dreamcast	_unknown_	fangmei_goodbye.mid
dreamcast	_unknown_	for_true_story.mid
dreamcast	_unknown_	funkyradio.mid
dreamcast	_unknown_	greenforestgm.mid
dreamcast	_unknown_	headsortails_torch.mid
dreamcast	_unknown_	hero.mid
dreamcast	_unknown_	hotd2_end.mid
dreamcast	_unknown_	innerlogic.mid
dreamcast	_unknown_	londo.mid
dreamcast	_unknown_	manmochinashop2.mid
dreamcast	_unknown_	mvcOpening.mid
dreamcast	_unknown_	nozomi2.mid
dreamcast	_unknown_	omgMy_heart.mid
dreamcast	_unknown_	opening.mid
dreamcast	_unknown_	openyourheart.mid
dreamcast	_unknown_	pso.mid
dreamcast	_unknown_	psomx_image_ztp.mid
dreamcast	_unknown_	pumpkinhill.mid
dreamcast	_unknown_	rai.mid
dreamcast	_unknown_	rayman2enteringpirateship.mid
dreamcast	_unknown_	redmntn2_fatalM4.mid
dreamcast	_unknown_	rumbling_hwy-1.mid
dreamcast	_unknown_	sa_chao_remix-2.mid
dreamcast	_unknown_	sa_dc_02.mid
dreamcast	_unknown_	sa_dc_03.mid
dreamcast	_unknown_	sa_dc_04.mid
dreamcast	_unknown_	sa_dc_05.mid
dreamcast	_unknown_	sa_dc_06.mid
dreamcast	_unknown_	sa_dc_08.mid
dreamcast	_unknown_	sa_dc_09.mid
dreamcast	_unknown_	sa_dc_11.mid
dreamcast	_unknown_	sa_dc_12_v2.mid
dreamcast	_unknown_	sa_dc_13.mid
dreamcast	_unknown_	sa_dc_14.mid
dreamcast	_unknown_	sa_dc_15.mid
dreamcast	_unknown_	sa_dc_16.mid
dreamcast	_unknown_	sa_dc_17.mid
dreamcast	_unknown_	sa_dc_18.mid
dreamcast	_unknown_	sa_dc_19.mid
dreamcast	_unknown_	sa_dc_20.mid
dreamcast	_unknown_	sa_dc_21.mid
dreamcast	_unknown_	sa_dc_26.mid
dreamcast	_unknown_	sa_fegg1.mid
dreamcast	_unknown_	sa_fegg2.mid
dreamcast	_unknown_	sa_metalharbor.mid
dreamcast	_unknown_	sa_sd_lostworld.mid
dreamcast	_unknown_	sashwy.mid
dreamcast	_unknown_	scleavingtheworldbehind.mid
dreamcast	_unknown_	shenhua.mid
dreamcast	_unknown_	shenightfall.mid
dreamcast	_unknown_	shenmue-tomato.mid
dreamcast	_unknown_	shenmue2_beverly_hills_wharf.mid
dreamcast	_unknown_	shenmue_agony.mid
dreamcast	_unknown_	shenmue_bar_man_mo.mid
dreamcast	_unknown_	shenmue_beautiful_china_country_shop.mid
dreamcast	_unknown_	shenmue_earthsea.mid
dreamcast	_unknown_	shenmue_eternity.mid
dreamcast	_unknown_	shenmue_morning.mid
dreamcast	_unknown_	shenmue_rain.mid
dreamcast	_unknown_	shenmue_sea.mid
dreamcast	_unknown_	shenrmx2.mid
dreamcast	_unknown_	skyrail.mid
dreamcast	_unknown_	soa_airpirateisland.mid
dreamcast	_unknown_	soa_battle-2.mid
dreamcast	_unknown_	soabattlev12.mid
dreamcast	_unknown_	sonadv_chgdn_ztp.mid
dreamcast	_unknown_	speedhighway-atdawn-ms.mid
dreamcast	_unknown_	stage_15.mid
dreamcast	_unknown_	stationsquare-ts.mid
dreamcast	_unknown_	temjin.mid
dreamcast	_unknown_	theair4.mid
dreamcast	_unknown_	tomato.mid
dreamcast	_unknown_	viper.mid
dreamcast	_unknown_	volopt.mid
dreamcast	_unknown_	waydowntheline.mid
dreamcast	_unknown_	windyvalley-windyhill-ajf.mid
dreamcast	_unknown_	wvtndo.mid
dreamcast	_unknown_	yafutoma.mid
dreamcast	_unknown_	zb_mkgold_versus.mid
ds	_unknown_	0026.mid
ds	_unknown_	005_-_Beach_Cave.mid
ds	_unknown_	01_-_Title_Screen.mid
ds	_unknown_	08_A_ship_of_fools.mid
ds	_unknown_	1pm.mid
ds	_unknown_	22172.mid
ds	_unknown_	2nd_unova_route_theme_2.mid
ds	_unknown_	30682_I-Don_t-Want-To-Say-Goodbye.mid
ds	_unknown_	4pm.mid
ds	_unknown_	AJAA-Explanation.mid
ds	_unknown_	AJAA-Suspense.mid
ds	_unknown_	AJAATrucy.mid
ds	_unknown_	AJ_Inform_the_Truth.mid
ds	_unknown_	Amp_Plains_v1.mid
ds	_unknown_	Amp_Plains_v5.mid
ds	_unknown_	Anno-Explore_A_New_World_I.mid
ds	_unknown_	Anno-First_Settlement_I.mid
ds	_unknown_	Anno-First_Settlement_II.mid
ds	_unknown_	Anno_Explore_A_New_World_II.mid
ds	_unknown_	Anno_Main_Theme.mid
ds	_unknown_	Area_F.mid
ds	_unknown_	Arrival_At_The_New_World.mid
ds	_unknown_	Awakening_from_the_Nightmare.mid
ds	_unknown_	Axel_and_Saix.mid
ds	_unknown_	BB-PWAA_Blue_Badger.mid
ds	_unknown_	BW1Ending.mid
ds	_unknown_	BW2Kyurem-Finished.mid
ds	_unknown_	BWRival.mid
ds	_unknown_	Back2Back_v1_5.mid
ds	_unknown_	Battle_N_BW.mid
ds	_unknown_	Battle_Subway_Arrangement.mid
ds	_unknown_	Battle_Tower_Dude.mid
ds	_unknown_	Bedroom.mid
ds	_unknown_	Birdcycle.mid
ds	_unknown_	BlackWhiteGaryRemix.mid
ds	_unknown_	Black_White_Trainer_Battle.mid
ds	_unknown_	Blaze.mid
ds	_unknown_	BomberBarbara_v1_1.mid
ds	_unknown_	BomberBarbara_v2.mid
ds	_unknown_	Brain_training_dagelijkse_training_af.mid
ds	_unknown_	Brine_Cave.mid
ds	_unknown_	CDOS_pinn_v1_2.mid
ds	_unknown_	CHAOTIC_PLAYGROUND.mid
ds	_unknown_	CIRCUIT2.mid
ds	_unknown_	COOE-Lighthouse-GM.mid
ds	_unknown_	COOE-Lighthouse-SC8850.mid
ds	_unknown_	CPoR-Troubled_Times.mid
ds	_unknown_	Chain_Chomp_Theme.mid
ds	_unknown_	Chain_Chomp_Theme_DS.mid
ds	_unknown_	Chamber_of_Ruin.mid
ds	_unknown_	Champion_Lance.mid
ds	_unknown_	CherenBW2.mid
ds	_unknown_	ClubDojo.mid
ds	_unknown_	Cornered.mid
ds	_unknown_	Courage.mid
ds	_unknown_	CourseClear2.mid
ds	_unknown_	Credits_v3.mid
ds	_unknown_	Cynthia.mid
ds	_unknown_	CyrusBattlev1_2.mid
ds	_unknown_	DESTINY.mid
ds	_unknown_	DH_iron_blue_intention.mid
ds	_unknown_	DPDIALGA.mid
ds	_unknown_	DPPt_-_Route_209.mid
ds	_unknown_	DPPt_Trainer_8Bit.mid
ds	_unknown_	DSTrial.mid
ds	_unknown_	DaiSeas.mid
ds	_unknown_	DamonGant.mid
ds	_unknown_	DawnofSorrow_DraculasTears.mid
ds	_unknown_	DawnofSorrow_SubterraneanHell.mid
ds	_unknown_	Decisive_Battle_N_BW.mid
ds	_unknown_	DialgaPalkiaMIDIBeta.mid
ds	_unknown_	DistantTraces.mid
ds	_unknown_	Do_Your_Best_As_Always.mid
ds	_unknown_	DontEverForget.mid
ds	_unknown_	Dont_Ever_Forget_MIDI.mid
ds	_unknown_	Driftveil_City_BW.mid
ds	_unknown_	Dusks_Holy_Mark.mid
ds	_unknown_	EO_Save.mid
ds	_unknown_	EVIL_INVITATION.mid
ds	_unknown_	Emerald_Mist.mid
ds	_unknown_	Far_Amp_Plains.mid
ds	_unknown_	Fawful_Theme.mid
ds	_unknown_	Field.mid
ds	_unknown_	Fight.mid
ds	_unknown_	Frontier_Brain.mid
ds	_unknown_	Futaba_Town.mid
ds	_unknown_	GAMBATTEtheme.mid
ds	_unknown_	GAMBATTEtheme2.mid
ds	_unknown_	GBTRAIN.mid
ds	_unknown_	GRVela_Nova_v1_0.mid
ds	_unknown_	GS4-Explanation.mid
ds	_unknown_	GS4-Testimony-Moderate.mid
ds	_unknown_	GSDD_Battle.mid
ds	_unknown_	GSDD_Map.mid
ds	_unknown_	GTS.mid
ds	_unknown_	GYM_LEADER_DEFEAT.mid
ds	_unknown_	Game_Corner.mid
ds	_unknown_	Gamecorner_Voltorbflip.mid
ds	_unknown_	Gloomy_Memories.mid
ds	_unknown_	Goldenrod.mid
ds	_unknown_	Gumbo.mid
ds	_unknown_	Gym_Leader.mid
ds	_unknown_	Heart.mid
ds	_unknown_	Heavy_Lobster.mid
ds	_unknown_	Heroes_of_Mana_-_World_Map_-_A_Moments_Rest.mid
ds	_unknown_	Hiun_City.mid
ds	_unknown_	House.mid
ds	_unknown_	Into_The_Dark_Night.mid
ds	_unknown_	JDC_GoLHailv13.mid
ds	_unknown_	JakeTheme_v7.mid
ds	_unknown_	Javier.mid
ds	_unknown_	Jaws_of_a_Scorched_Earth.mid
ds	_unknown_	KANOKO.mid
ds	_unknown_	KKWestern2.mid
ds	_unknown_	KK_Etude.mid
ds	_unknown_	KK_Jazz.mid
ds	_unknown_	Koopa_Battle.mid
ds	_unknown_	Koopaseum.mid
ds	_unknown_	Kurogane.mid
ds	_unknown_	Kyurem.mid
ds	_unknown_	Lament_to_the_Master.mid
ds	_unknown_	LavenderTown.mid
ds	_unknown_	LaytonsTheme2.mid
ds	_unknown_	LegendaryBattleDS.mid
ds	_unknown_	LoH.mid
ds	_unknown_	LocicandTrick.mid
ds	_unknown_	Lost_Memories.mid
ds	_unknown_	Lyra.mid
ds	_unknown_	M64DS_Bob-omb_Squad_MG.mid
ds	_unknown_	MH3o3_Bowsers_Castle-KM.mid
ds	_unknown_	MKDS-_-Luigis_mansion.mid
ds	_unknown_	MKDS_1PlayerMenu.mid
ds	_unknown_	MKDS_Figure_8_Beta.mid
ds	_unknown_	MKDS_TickTockClock.mid
ds	_unknown_	MKDS_TitleScreen.mid
ds	_unknown_	MKDSbadresults.mid
ds	_unknown_	ML-HJ.mid
ds	_unknown_	ML2_ShroobFinal.mid
ds	_unknown_	ML2_ShroobPre.mid
ds	_unknown_	ML3title.mid
ds	_unknown_	MLFTChateaudePeachv1_1.mid
ds	_unknown_	MLFTCombatStandart1.mid
ds	_unknown_	MLFTEcranTitrev1_1.mid
ds	_unknown_	MLFTEmpireXhampi_.mid
ds	_unknown_	MLFTEntrainement.mid
ds	_unknown_	MLFTForetToadbois.mid
ds	_unknown_	MLFTInfosMachineSpatiotemporelle.mid
ds	_unknown_	MLFTLaCentrale.mid
ds	_unknown_	MLFTMenuChargerv2.mid
ds	_unknown_	MLFTPanique.mid
ds	_unknown_	MLFTTortue-jet.mid
ds	_unknown_	MLFTVillagedeHolijoli.mid
ds	_unknown_	Main_Lobby.mid
ds	_unknown_	Maison_Goron_-_basoon-timpani-taikodrum.mid
ds	_unknown_	Malaks_Labyrinth.mid
ds	_unknown_	Mario_Luigi_Battle.mid
ds	_unknown_	Mario_and_Luigi_Bowsers_Inside_Story_-_Broque_Madames_Theme.mid
ds	_unknown_	Mario_and_Luigi_RPG_3_-_In_the_Final.mid
ds	_unknown_	Mega_Man_ZX_-_Area_C_-_Brilliant_Show_Window.mid
ds	_unknown_	Mega_Man_ZX_-_Area_F_-_Wonder_Panorama.mid
ds	_unknown_	Mega_Man_ZX_-_Area_I_-_Misty_Rain.mid
ds	_unknown_	Mega_Man_ZX_Advent_-_Bio_Lab_-_Organic_Line.mid
ds	_unknown_	Mega_Man_ZX_Advent_-_Ouroboros_-_United_Forces.mid
ds	_unknown_	Mega_Man_ZX_Advent_-_Waterfall_Ruins_-_Oriental_Sentinels.mid
ds	_unknown_	Mini_Game_1.mid
ds	_unknown_	Mini_Game_2.mid
ds	_unknown_	MkDS_Figure_8_Circuit.mid
ds	_unknown_	Moderate.mid
ds	_unknown_	MokonamodokimoDOKIDOKI_KAPUUU.mid
ds	_unknown_	Monster_House_v2.mid
ds	_unknown_	Mr_Bear.mid
ds	_unknown_	Munchy_monk_2.mid
ds	_unknown_	Mystery_Dungeon_-_Sky_Tower.mid
ds	_unknown_	N64_Frappe.mid
ds	_unknown_	NB.mid
ds	_unknown_	NIGHT.mid
ds	_unknown_	Name_Entry.mid
ds	_unknown_	Neverland.mid
ds	_unknown_	NewSuperMarioBros-GameOver-WingrooveandSbLive-.mid
ds	_unknown_	New_City_I.mid
ds	_unknown_	New_City_II.mid
ds	_unknown_	New_Super_Mario_Bros_-_Main_Title.mid
ds	_unknown_	New_Super_Mario_Bros_-_Prologue.mid
ds	_unknown_	New_Super_Mario_Bros_-_Special_Stage.mid
ds	_unknown_	New_Super_Mario_Bros_-_Stage_Clear.mid
ds	_unknown_	New_Super_Mario_Bros_-_World_1_-_Map.mid
ds	_unknown_	Ninja_Scribble-Get_Ready.mid
ds	_unknown_	Noxus.mid
ds	_unknown_	Nuvema_Town.mid
ds	_unknown_	Order_of_the_Demon.mid
ds	_unknown_	OrderofEcclesia_RhapsodyoftheForsaken.mid
ds	_unknown_	Organisation_XIII-1.mid
ds	_unknown_	PBWEnding.mid
ds	_unknown_	PDPP_EternaCity.mid
ds	_unknown_	PDPVSCC.mid
ds	_unknown_	PH_intro.mid
ds	_unknown_	PHmonster_ship.mid
ds	_unknown_	PKBW_AL_Kio_V1-1.mid
ds	_unknown_	PKBW_BLACKCITY_KIO_v1-1.mid
ds	_unknown_	PKBW_EC_Kio_1-1.mid
ds	_unknown_	PKBW_VR_Kio.mid
ds	_unknown_	PKMN-D_P-Route202.mid
ds	_unknown_	PKMNDP_-_GymLeaderRemix.mid
ds	_unknown_	PKMN_BW_wild_battle_midi.mid
ds	_unknown_	PMDEoS_Dont_ever_forget.mid
ds	_unknown_	PMDEoTD_Goodnight.mid
ds	_unknown_	PMDPgymbattle.mid
ds	_unknown_	PMDSqua.mid
ds	_unknown_	PMD_DuskForest.mid
ds	_unknown_	PMD_HiddenHighland.mid
ds	_unknown_	PMD_LowerBrineCave.mid
ds	_unknown_	PWAA-Suspense.mid
ds	_unknown_	PWAATrialXG.mid
ds	_unknown_	PWAA_-_Cornered_-Remix-.mid
ds	_unknown_	PWAA_-_Examination_-Remix-.mid
ds	_unknown_	PWAA_-_Inform_the_Truth.mid
ds	_unknown_	PWAA_Cornered_v2.mid
ds	_unknown_	Pac_Pix_Level_Theme_A.mid
ds	_unknown_	Phoenix_Wright-Jake_Marshall.mid
ds	_unknown_	Phoenix_Wright.mid
ds	_unknown_	Phoenix_Wright_-_Ace_Attourney_-_Suspense.mid
ds	_unknown_	Phoenix_Wright_-_Godot.mid
ds	_unknown_	Pickmoogleplant.mid
ds	_unknown_	PipeWorks.mid
ds	_unknown_	PkmBW2_Black_White_Kyurem.mid
ds	_unknown_	Poundamnee.mid
ds	_unknown_	Poundamneee.mid
ds	_unknown_	Questionnaire.mid
ds	_unknown_	REEF.mid
ds	_unknown_	RHtraining.mid
ds	_unknown_	RIDDLE.mid
ds	_unknown_	RatMan.mid
ds	_unknown_	Relic_Song.mid
ds	_unknown_	Repose_By_Latios.mid
ds	_unknown_	Reshiram.mid
ds	_unknown_	ReshiramZekromPremonitionsRemix.mid
ds	_unknown_	Reshiram_Battle-Epic_Battle_Remix_and__Dance.mid
ds	_unknown_	Riku_ver_2-0.mid
ds	_unknown_	Rival_Battle.mid
ds	_unknown_	Rival_Battle_Theme.mid
ds	_unknown_	Rock_the_Mic.mid
ds	_unknown_	RockinKK.mid
ds	_unknown_	Route10.mid
ds	_unknown_	Route_110.mid
ds	_unknown_	Route_202.mid
ds	_unknown_	Route_43.mid
ds	_unknown_	Route_47.mid
ds	_unknown_	Roxas_days.mid
ds	_unknown_	SILENT_PRISON.mid
ds	_unknown_	SONG_005.mid
ds	_unknown_	Sherlotta_barrier_break.mid
ds	_unknown_	Sheryaar_theme_music.mid
ds	_unknown_	Sinis_Trio_Battle.mid
ds	_unknown_	Siwan3.mid
ds	_unknown_	SkaChaCha.mid
ds	_unknown_	SkaChaChaGS.mid
ds	_unknown_	Sneaking.mid
ds	_unknown_	Sorrow_s_Distortion.mid
ds	_unknown_	Speed_Racer_title.mid
ds	_unknown_	SpiritTracksInTown.mid
ds	_unknown_	Star-hill.mid
ds	_unknown_	StarHill.mid
ds	_unknown_	StarShrine.mid
ds	_unknown_	Star_Wolf.mid
ds	_unknown_	SubwayTrainer.mid
ds	_unknown_	Suzu.mid
ds	_unknown_	Sylux.mid
ds	_unknown_	Syrcus_tower.mid
ds	_unknown_	TCUTK_Hospital_Hope_routine.mid
ds	_unknown_	TCUTK_On_the_cutting_edge_of_medicine.mid
ds	_unknown_	TWTNW.mid
ds	_unknown_	T_SuperRobotTaisenK_Angelica.mid
ds	_unknown_	T_SuperRobotTaisenK_Mist.mid
ds	_unknown_	Temporal_Tower.mid
ds	_unknown_	TheGreatDonPaolov1.mid
ds	_unknown_	TheLastSleep_by_Nitrotitan.mid
ds	_unknown_	The_End.mid
ds	_unknown_	The_Path_You_Travel_By_Latios.mid
ds	_unknown_	The_Steel_Samurai.mid
ds	_unknown_	The_Village_Awakens.mid
ds	_unknown_	Through_The_Sea_Of_Time.mid
ds	_unknown_	Through_the_Sea_of_Time.mid
ds	_unknown_	Through_the_Sea_of_Time_v1.mid
ds	_unknown_	ThwompCaverns.mid
ds	_unknown_	ThwompVolcano.mid
ds	_unknown_	TimeHollow-ThemeOfSorrow.mid
ds	_unknown_	Time_To_Rest_-_After_The_Battle.mid
ds	_unknown_	Tingles_Houseseq.mid
ds	_unknown_	TinyWoods.mid
ds	_unknown_	Title.mid
ds	_unknown_	ToH_battle.mid
ds	_unknown_	ToH_town.mid
ds	_unknown_	ToadTownRuins.mid
ds	_unknown_	Trainer.mid
ds	_unknown_	TrainerWhite.mid
ds	_unknown_	Trauma_Center_DS_-_Operation.mid
ds	_unknown_	Unholy_Vespers.mid
ds	_unknown_	VGAllegro.mid
ds	_unknown_	VGMAndyDS.mid
ds	_unknown_	VGMDrake.mid
ds	_unknown_	VGMSasha.mid
ds	_unknown_	VGMTag.mid
ds	_unknown_	VGMVonBolt.mid
ds	_unknown_	VGumshoe.mid
ds	_unknown_	VerityValorAucityCavern.mid
ds	_unknown_	WarioBas.mid
ds	_unknown_	WarioWareTouched-BigHurl.mid
ds	_unknown_	We_Will_Prevail.mid
ds	_unknown_	White_Tree_Hollow_Entrance.mid
ds	_unknown_	WildBattleTheme.mid
ds	_unknown_	Windmill_Village_1.mid
ds	_unknown_	Wise_Old_man_arranged.mid
ds	_unknown_	Wizardry_Lab.mid
ds	_unknown_	Wrapped_in_Black_v2.mid
ds	_unknown_	XIV_Xion.mid
ds	_unknown_	Xion_Battle.mid
ds	_unknown_	YTnG_TheSky.mid
ds	_unknown_	YoobsBelly.mid
ds	_unknown_	You_are_my_love.mid
ds	_unknown_	YuKyo_No_Kaze_densetsu.mid
ds	_unknown_	ZXA__BioLab.mid
ds	_unknown_	ZXA__Relief.mid
ds	_unknown_	ZX__Area_MN.mid
ds	_unknown_	Zekrom.mid
ds	_unknown_	adx_mkds-options.mid
ds	_unknown_	airshipremix.mid
ds	_unknown_	andysanthem.mid
ds	_unknown_	anicro_am1.mid
ds	_unknown_	anicro_nyp.mid
ds	_unknown_	asosaf_1.mid
ds	_unknown_	asosaf_2.mid
ds	_unknown_	awdskindle.mid
ds	_unknown_	awdsnormalcopower.mid
ds	_unknown_	beachcave.mid
ds	_unknown_	blue_badger_music_box.mid
ds	_unknown_	bowsersvillaone.mid
ds	_unknown_	broquemonsieurtheme.mid
ds	_unknown_	bugroomandaquarium.mid
ds	_unknown_	cac_am2_sbr.mid
ds	_unknown_	cac_am3_gm.mid
ds	_unknown_	cac_kbo_bar.mid
ds	_unknown_	cac_urb_fsr.mid
ds	_unknown_	cantus.mid
ds	_unknown_	cds-village.mid
ds	_unknown_	cynthia_battle_redone_MIDI.mid
ds	_unknown_	deserthills.mid
ds	_unknown_	detention.mid
ds	_unknown_	determination.mid
ds	_unknown_	ds_brain_sm01.mid
ds	_unknown_	ds_pwaa_sm01_v1_1.mid
ds	_unknown_	ds_pwaa_sm02.mid
ds	_unknown_	ds_pwaa_sm03.mid
ds	_unknown_	duel.mid
ds	_unknown_	duo_sra_coralcave1.mid
ds	_unknown_	elite_4_bw.mid
ds	_unknown_	entralink.mid
ds	_unknown_	faywongreed.mid
ds	_unknown_	foggyforest.mid
ds	_unknown_	friends.mid
ds	_unknown_	gears_go_awry.mid
ds	_unknown_	godot_tone1.mid
ds	_unknown_	happy_wah.mid
ds	_unknown_	harvest_moon_spring.mid
ds	_unknown_	hiunmidi.mid
ds	_unknown_	jollyrogerbay_kitmix.mid
ds	_unknown_	kbusdx86.mid
ds	_unknown_	kbusdx87.mid
ds	_unknown_	kkwestern.mid
ds	_unknown_	koimaro.mid
ds	_unknown_	lovewithme.mid
ds	_unknown_	mainroom.mid
ds	_unknown_	mariodeserttheme.mid
ds	_unknown_	marioh3o3-peachfield.mid
ds	_unknown_	mariolpit-battle.mid
ds	_unknown_	mariopartydscredits.mid
ds	_unknown_	mbyb-monopoly_pause.mid
ds	_unknown_	memoriesmidi.mid
ds	_unknown_	menu_screen.mid
ds	_unknown_	meteos_menu.mid
ds	_unknown_	midnighweirdo.mid
ds	_unknown_	mike_meekins.mid
ds	_unknown_	mkds_airship_v1_0.mid
ds	_unknown_	mkds_gba_skygarden.mid
ds	_unknown_	mkds_waluigipinball2.mid
ds	_unknown_	ml2_gadd.mid
ds	_unknown_	ml2_toadtown.mid
ds	_unknown_	ml2bowsers.mid
ds	_unknown_	mlpit_koopaseum.mid
ds	_unknown_	mlpit_thwomp_volcano_exterior.mid
ds	_unknown_	mlpit_title.mid
ds	_unknown_	mlpit_training1.mid
ds	_unknown_	mph_vs_kanden.mid
ds	_unknown_	mph_vs_noxus.mid
ds	_unknown_	mph_vs_spire.mid
ds	_unknown_	mph_vs_sylux.mid
ds	_unknown_	mph_vs_trace.mid
ds	_unknown_	mph_vs_weavel.mid
ds	_unknown_	ndamneepou.mid
ds	_unknown_	nds-mkds-bowsercastle.mid
ds	_unknown_	nds-mkds-cheepcheepbeach.mid
ds	_unknown_	nds-mkds-delfinosquare-fixed-again.mid
ds	_unknown_	nds-mkds-gbaluigicircuit-gbapeachcircuit-1.mid
ds	_unknown_	nds-mkds-gcnbabypark-1.mid
ds	_unknown_	nds-mkds-gcnmushroombridge.mid
ds	_unknown_	nds-mkds-grandprix-goodresults-fixed.mid
ds	_unknown_	nds-mkds-luigismansion.mid
ds	_unknown_	nds-mkds-n64moomoofarm.mid
ds	_unknown_	nds-mkds-rainbowroad.mid
ds	_unknown_	nds-mkds-singleplayermenu-v1-2.mid
ds	_unknown_	nds-mkds-sneskoopabeach.mid
ds	_unknown_	nds-mkds-titlescreen.mid
ds	_unknown_	nds-mkds-waluigipinball-wariostadium.mid
ds	_unknown_	new_zinna.mid
ds	_unknown_	observatory.mid
ds	_unknown_	overworld-1.mid
ds	_unknown_	overworld.mid
ds	_unknown_	overworld_1.mid
ds	_unknown_	overworldph.mid
ds	_unknown_	painting.mid
ds	_unknown_	pkmnBW_Gate.mid
ds	_unknown_	pkmnbw_wildbattle.mid
ds	_unknown_	pmd_eosopening.mid
ds	_unknown_	pmdpp_champbattle.mid
ds	_unknown_	portraitofruin_geargoawry.mid
ds	_unknown_	prelude1.mid
ds	_unknown_	prelude2.mid
ds	_unknown_	prelude3.mid
ds	_unknown_	prelude4.mid
ds	_unknown_	prelude5.mid
ds	_unknown_	prelude6.mid
ds	_unknown_	prismplants.mid
ds	_unknown_	ready_steady_go.mid
ds	_unknown_	reminisce.mid
ds	_unknown_	rendship_PH.mid
ds	_unknown_	rhythmheaven4thmix.mid
ds	_unknown_	rival_encouter_hg_beta.mid
ds	_unknown_	route-216-217.mid
ds	_unknown_	ryuryudesert.mid
ds	_unknown_	shroobfinal2.mid
ds	_unknown_	sorrowooe.mid
ds	_unknown_	squidwardfad.mid
ds	_unknown_	sr_mirage_road.mid
ds	_unknown_	steel_samurai_ringtone.mid
ds	_unknown_	stolenturnaboutv2.mid
ds	_unknown_	superpp-giddysky1.mid
ds	_unknown_	t_k_41.mid
ds	_unknown_	tag_power.mid
ds	_unknown_	tarv_zxa_target_chaser_FINAL_2.mid
ds	_unknown_	themedegavin_-_melto_v3.mid
ds	_unknown_	tk_02_training.mid
ds	_unknown_	tk_11_silversubmarine.mid
ds	_unknown_	tk_21_frozenfantasy.mid
ds	_unknown_	trainer_nes.mid
ds	_unknown_	treasuretown.mid
ds	_unknown_	underground.mid
ds	_unknown_	velanova.mid
ds	_unknown_	waluigipinball_remix.mid
ds	_unknown_	waluigipinballswingband.mid
ds	_unknown_	warioware_touched-ashley.mid
ds	_unknown_	yi2athletic.mid
ds	_unknown_	yids_map1.mid
ds	_unknown_	yids_map2.mid
ds	_unknown_	yshislandmuseum.mid
ds	_unknown_	zSide.mid
ds	_unknown_	zph-dungeon.mid
ds	_unknown_	zph-island.mid
ds	_unknown_	zxa_flashover_tarv.mid
gameboy	_unknown_	01-TitleScreen.mid
gameboy	_unknown_	03-LightLab.mid
gameboy	_unknown_	031203.mid
gameboy	_unknown_	04-LightLab2.mid
gameboy	_unknown_	04-StageIntro.mid
gameboy	_unknown_	05-Airman.mid
gameboy	_unknown_	05-Cutman.mid
gameboy	_unknown_	06-Elecman.mid
gameboy	_unknown_	06-StageIntro.mid
gameboy	_unknown_	06-Woodman.mid
gameboy	_unknown_	06-World_of_sky.mid
gameboy	_unknown_	07-Iceman.mid
gameboy	_unknown_	07-Metalman.mid
gameboy	_unknown_	08-Fireman.mid
gameboy	_unknown_	08-Raining_town.mid
gameboy	_unknown_	09-Needleman.mid
gameboy	_unknown_	0_newbarktown.mid
gameboy	_unknown_	10-BattleWin.mid
gameboy	_unknown_	10-Hardman.mid
gameboy	_unknown_	11-Topman.mid
gameboy	_unknown_	11-WeaponPromo.mid
gameboy	_unknown_	12-Magnetman.mid
gameboy	_unknown_	12-WilyIntro.mid
gameboy	_unknown_	13-WilyStage1.mid
gameboy	_unknown_	14-BattleWin.mid
gameboy	_unknown_	14-WilyStage2.mid
gameboy	_unknown_	15-BattleWin.mid
gameboy	_unknown_	15-Ending.mid
gameboy	_unknown_	15-WeaponPromo.mid
gameboy	_unknown_	16-WeaponPromo.mid
gameboy	_unknown_	16-WilyIntro.mid
gameboy	_unknown_	17-BattleWin.mid
gameboy	_unknown_	17-GameOver.mid
gameboy	_unknown_	17-WilyStage1.mid
gameboy	_unknown_	18-WeaponPromo.mid
gameboy	_unknown_	18-WilyIntro.mid
gameboy	_unknown_	19-Ending.mid
gameboy	_unknown_	19-GameOver.mid
gameboy	_unknown_	19-WilyStage1.mid
gameboy	_unknown_	1up.mid
gameboy	_unknown_	2.mid
gameboy	_unknown_	20-ProtomanWhistle.mid
gameboy	_unknown_	20-WilyStage2.mid
gameboy	_unknown_	21-PunkIntro.mid
gameboy	_unknown_	21-WilyAttack.mid
gameboy	_unknown_	22-WilyDefeat.mid
gameboy	_unknown_	22-WilyMeeting.mid
gameboy	_unknown_	23-Ending.mid
gameboy	_unknown_	23-WilyStage1.mid
gameboy	_unknown_	24-WilyStage2.mid
gameboy	_unknown_	25-WilyPromo.mid
gameboy	_unknown_	26-WilyDefeat.mid
gameboy	_unknown_	27-CastCredits.mid
gameboy	_unknown_	28-Ending.mid
gameboy	_unknown_	2credits.mid
gameboy	_unknown_	2dome.mid
gameboy	_unknown_	2escape.mid
gameboy	_unknown_	2hequeen.mid
gameboy	_unknown_	2item.mid
gameboy	_unknown_	4_In_1_Fun_Pack_Theme.mid
gameboy	_unknown_	A-crscnt.mid
gameboy	_unknown_	A-fairyw.mid
gameboy	_unknown_	A-gmover.mid
gameboy	_unknown_	A-level1.mid
gameboy	_unknown_	A-level4.mid
gameboy	_unknown_	A-level6.mid
gameboy	_unknown_	A-level7.mid
gameboy	_unknown_	A-level8.mid
gameboy	_unknown_	A-lynna1.mid
gameboy	_unknown_	A-lynna2.mid
gameboy	_unknown_	A-maple1.mid
gameboy	_unknown_	A-maple2.mid
gameboy	_unknown_	A-mpath.mid
gameboy	_unknown_	A-past.mid
gameboy	_unknown_	A-ralph.mid
gameboy	_unknown_	A-sad.mid
gameboy	_unknown_	A-sea.mid
gameboy	_unknown_	A-tomb.mid
gameboy	_unknown_	A-tune1.mid
gameboy	_unknown_	A-tune2.mid
gameboy	_unknown_	A-tune3.mid
gameboy	_unknown_	A-zora.mid
gameboy	_unknown_	A_Town_In_Chaos-DAY.mid
gameboy	_unknown_	A_btower.mid
gameboy	_unknown_	A_end1.mid
gameboy	_unknown_	A_end2.mid
gameboy	_unknown_	A_ganon.mid
gameboy	_unknown_	A_level5.mid
gameboy	_unknown_	AdventuresofArle_BattleTheme.mid
gameboy	_unknown_	AdventuresofArle_LoadMenu.mid
gameboy	_unknown_	AdventuresofArle_TitleTheme.mid
gameboy	_unknown_	Amanda.mid
gameboy	_unknown_	Arderial_Castle.mid
gameboy	_unknown_	BALLKIDE-1.mid
gameboy	_unknown_	BALLKIDE.mid
gameboy	_unknown_	BKGB_Lvl1_Kio_3.mid
gameboy	_unknown_	BKGB_Lvl2_Kio_5.mid
gameboy	_unknown_	Ballade.mid
gameboy	_unknown_	Balloon.mid
gameboy	_unknown_	Balloon_Kid.mid
gameboy	_unknown_	Balloon_Kid_Final_Stage.mid
gameboy	_unknown_	Balloon_Kid_Game_Over.mid
gameboy	_unknown_	Balloon_Kid_Stage1.mid
gameboy	_unknown_	Balloon_Kid_Stage4.mid
gameboy	_unknown_	Balloon_Kid_Stage_2.mid
gameboy	_unknown_	Balloon_Kid_Stage_5.mid
gameboy	_unknown_	Balloon_Kid_Stage_Clear.mid
gameboy	_unknown_	Banquet_hall.mid
gameboy	_unknown_	Batman_-_Gotham_City.mid
gameboy	_unknown_	Batman_-_Intro.mid
gameboy	_unknown_	Batman_Ending.mid
gameboy	_unknown_	BattleWin.mid
gameboy	_unknown_	Battle_1_%28Ver._X.X%29.mid
gameboy	_unknown_	Battle_2_%28Ver._X.X%29.mid
gameboy	_unknown_	Battleofholy.mid
gameboy	_unknown_	Bc-lev3.mid
gameboy	_unknown_	Bc-lev6.mid
gameboy	_unknown_	Bicycle.mid
gameboy	_unknown_	BillTedstage.mid
gameboy	_unknown_	Bionic01.mid
gameboy	_unknown_	BlueStone_Shop.mid
gameboy	_unknown_	BlueTableMain.mid
gameboy	_unknown_	Blue_Oak_Champion_Battle.mid
gameboy	_unknown_	Brightcastle.mid
gameboy	_unknown_	Btas_bb1.mid
gameboy	_unknown_	Btas_bb2.mid
gameboy	_unknown_	Btas_bb3.mid
gameboy	_unknown_	Btas_bt.mid
gameboy	_unknown_	Btas_cwn.mid
gameboy	_unknown_	Btas_mfr.mid
gameboy	_unknown_	Btas_piy.mid
gameboy	_unknown_	Btas_rdl.mid
gameboy	_unknown_	Btas_rt.mid
gameboy	_unknown_	Bubble_Bobble.mid
gameboy	_unknown_	Bubble_Ghost_Enter_the_Maze.mid
gameboy	_unknown_	Bubbly_Clouds.mid
gameboy	_unknown_	CBRipeseeds.mid
gameboy	_unknown_	CB_btstage2.mid
gameboy	_unknown_	CHAIM.mid
gameboy	_unknown_	Cam_Song_12.mid
gameboy	_unknown_	Cam_Song_16.mid
gameboy	_unknown_	Cam_Song_20.mid
gameboy	_unknown_	Cam_Song_21.mid
gameboy	_unknown_	Cam_Song_31.mid
gameboy	_unknown_	Caribean.mid
gameboy	_unknown_	Carikant.mid
gameboy	_unknown_	CastleEntrance.mid
gameboy	_unknown_	Castle_2.mid
gameboy	_unknown_	CerulGM.mid
gameboy	_unknown_	CerulXG.mid
gameboy	_unknown_	ChaiKingdomByCryogen.mid
gameboy	_unknown_	Cloudy_Park.mid
gameboy	_unknown_	Coo_the_Owl.mid
gameboy	_unknown_	Creators_World.mid
gameboy	_unknown_	Credits.mid
gameboy	_unknown_	CrisisTheme.mid
gameboy	_unknown_	Critical.mid
gameboy	_unknown_	Cuttheme.mid
gameboy	_unknown_	DBZLSW_Battle_Theme.mid
gameboy	_unknown_	DG_SML_Muda.mid
gameboy	_unknown_	DL_Azalea.mid
gameboy	_unknown_	DL_Level2.mid
gameboy	_unknown_	DL_Luckyno.mid
gameboy	_unknown_	DL_MrWrite%26Mabe.mid
gameboy	_unknown_	DL_Owl.mid
gameboy	_unknown_	DL_Route10.mid
gameboy	_unknown_	DL_SML-L1.mid
gameboy	_unknown_	DL_Windfish.mid
gameboy	_unknown_	DQ1_2_-_Dungeon.mid
gameboy	_unknown_	DQ1_2_-_Frightening_Dungeon.mid
gameboy	_unknown_	DQ1_2_-_Requiem.mid
gameboy	_unknown_	DQ1_2_-_Unknown_World.mid
gameboy	_unknown_	DQ3_-_Dungeon_-_World_Above_-Remix-.mid
gameboy	_unknown_	DQ3_-_Fighting_Theme_-Remix-.mid
gameboy	_unknown_	DQ3_-_Unknown_World.mid
gameboy	_unknown_	DW1GOVER.mid
gameboy	_unknown_	DW1GTOWN.mid
gameboy	_unknown_	DW3GCAST.mid
gameboy	_unknown_	DW3GSAD.mid
gameboy	_unknown_	DarkCastle3.mid
gameboy	_unknown_	DarkCastle4.mid
gameboy	_unknown_	Defeat.mid
gameboy	_unknown_	Deleting_Photo.mid
gameboy	_unknown_	DinDance1.mid
gameboy	_unknown_	Don%27t_Give_Up%21_%28Drums_Mix%29.mid
gameboy	_unknown_	DonkeyKongLand-Site.mid
gameboy	_unknown_	DonkeyKongLand_-_BlimpXG.mid
gameboy	_unknown_	DonkeyKongLand_Clouds.mid
gameboy	_unknown_	Donkey_Kong_Country.mid
gameboy	_unknown_	Dont_Give_Up_Drums_Mix.mid
gameboy	_unknown_	DrLightLabTheme.mid
gameboy	_unknown_	DrLightLabTheme2.mid
gameboy	_unknown_	DrMario-EndingXG.mid
gameboy	_unknown_	DrMario_Chillv2.mid
gameboy	_unknown_	DrMario_Endingv2.mid
gameboy	_unknown_	Dr_Mario-Chill_XG.mid
gameboy	_unknown_	Dr_Mario-Menu_XG.mid
gameboy	_unknown_	Dr_Mario_2P_Win.mid
gameboy	_unknown_	Dr_Mario_Chill_rmx_XG.mid
gameboy	_unknown_	Dr_Mario_Fever.mid
gameboy	_unknown_	Dr_Mario_Fever3.mid
gameboy	_unknown_	Dr_Mario_Fever_rmx_XG.mid
gameboy	_unknown_	DragonSlayer-Field.mid
gameboy	_unknown_	Dreamhouse.mid
gameboy	_unknown_	Duel.mid
gameboy	_unknown_	End.mid
gameboy	_unknown_	Entrance_of_the_Forbidden_Gate.mid
gameboy	_unknown_	Eusine.mid
gameboy	_unknown_	Face_Shrine.mid
gameboy	_unknown_	Fat-Wario.mid
gameboy	_unknown_	FinalBat.mid
gameboy	_unknown_	Final_Battle.mid
gameboy	_unknown_	Final_Map%28CrySoundFusion%29.mid
gameboy	_unknown_	Final_Map_%28Ver._X.X%29.mid
gameboy	_unknown_	Finalbatt-V1.2.mid
gameboy	_unknown_	Fire-Wario.mid
gameboy	_unknown_	Flag.mid
gameboy	_unknown_	Flat-Wario.mid
gameboy	_unknown_	Fleckoballad.mid
gameboy	_unknown_	FlightOfTheZinger.mid
gameboy	_unknown_	FollowMe.mid
gameboy	_unknown_	Forest_Frenzy.mid
gameboy	_unknown_	Fortifiedzone-zone3.mid
gameboy	_unknown_	Freeza_Battle%28CrySoundfusion%29.mid
gameboy	_unknown_	Freeza_Battle_%28Ver._X.X%29.mid
gameboy	_unknown_	FrigidSeaWarioLand3.mid
gameboy	_unknown_	Frogger-Theme.mid
gameboy	_unknown_	GBBTime1.mid
gameboy	_unknown_	GBC-31.mid
gameboy	_unknown_	GBCAMCR1.mid
gameboy	_unknown_	GBCCheck.mid
gameboy	_unknown_	GBCPaint.mid
gameboy	_unknown_	GBCam_CreditsPart2.mid
gameboy	_unknown_	GBCamera_album.mid
gameboy	_unknown_	GBHardmanByCryogen.mid
gameboy	_unknown_	GBJAZZ.mid
gameboy	_unknown_	GBMarsByCryogen.mid
gameboy	_unknown_	GBWILY1A.mid
gameboy	_unknown_	GB_Camera_DJ_Sample_1.mid
gameboy	_unknown_	GB_Donkey_Kong_Stage_9-8.mid
gameboy	_unknown_	GB_Elecman.mid
gameboy	_unknown_	GB_Robocop_Lvl1.mid
gameboy	_unknown_	GB_SML_Stage_4-3_Remix_V1.mid
gameboy	_unknown_	GBbeat4.mid
gameboy	_unknown_	GBchose5.mid
gameboy	_unknown_	GBclash.mid
gameboy	_unknown_	GBelec.mid
gameboy	_unknown_	GBend5.mid
gameboy	_unknown_	GBfight4.mid
gameboy	_unknown_	GBfight5.mid
gameboy	_unknown_	GBintro4.mid
gameboy	_unknown_	GBjet5.mid
gameboy	_unknown_	GBmagnet.mid
gameboy	_unknown_	GBpw4.mid
gameboy	_unknown_	GBsel2b.mid
gameboy	_unknown_	GBsel4a.mid
gameboy	_unknown_	GBsel4b.mid
gameboy	_unknown_	GBtitle2.mid
gameboy	_unknown_	GBtop.mid
gameboy	_unknown_	GBweap3.mid
gameboy	_unknown_	GBweap4.mid
gameboy	_unknown_	GBweap5.mid
gameboy	_unknown_	GBwily3b.mid
gameboy	_unknown_	GBwily4.mid
gameboy	_unknown_	GBwily5.mid
gameboy	_unknown_	GBwilyi2.mid
gameboy	_unknown_	GBwyapp4.mid
gameboy	_unknown_	GPTB-1.mid
gameboy	_unknown_	GQBattle-V1.1.mid
gameboy	_unknown_	GQEnd-V1.1.mid
gameboy	_unknown_	GQINTRO.mid
gameboy	_unknown_	GQOVRWLD.mid
gameboy	_unknown_	GQOverworld.mid
gameboy	_unknown_	GQintro-V1.1.mid
gameboy	_unknown_	GQvillage-V1.1.mid
gameboy	_unknown_	GSCCherrygroveCity.mid
gameboy	_unknown_	GSCDarkCave.mid
gameboy	_unknown_	GSCElmsLab-1.mid
gameboy	_unknown_	GSCElmsLab.mid
gameboy	_unknown_	GSCGameCorner.mid
gameboy	_unknown_	GSCGymLeaderBattle.mid
gameboy	_unknown_	GSCNewBarkTown.mid
gameboy	_unknown_	GSCPhoneNumberRecieved.mid
gameboy	_unknown_	GSCRival.mid
gameboy	_unknown_	GSCRivalBattle.mid
gameboy	_unknown_	GSCUnionCave.mid
gameboy	_unknown_	GSC_Azalea_Town.mid
gameboy	_unknown_	GSC_Cave.mid
gameboy	_unknown_	GSC_Route2.mid
gameboy	_unknown_	GS_Rivial.mid
gameboy	_unknown_	GS_staduim.mid
gameboy	_unknown_	GS_trainer.mid
gameboy	_unknown_	G_GBMegaman1_TitleScreen.mid
gameboy	_unknown_	GameAndWatchGallery-OilPanic.mid
gameboy	_unknown_	GameCenterPolka.mid
gameboy	_unknown_	GameandWatchGallery3Greenhouse.mid
gameboy	_unknown_	Gb1sel.mid
gameboy	_unknown_	Gb2air.mid
gameboy	_unknown_	Gb2chose.mid
gameboy	_unknown_	Gb2fight.mid
gameboy	_unknown_	Gb2hard.mid
gameboy	_unknown_	Gb2metal.mid
gameboy	_unknown_	Gb2needl.mid
gameboy	_unknown_	Gb2weap.mid
gameboy	_unknown_	Gb2win.mid
gameboy	_unknown_	Gb4endb.mid
gameboy	_unknown_	Gb4lab.mid
gameboy	_unknown_	Gb5pro.mid
gameboy	_unknown_	Gbbattle.mid
gameboy	_unknown_	Gbgmovr3.mid
gameboy	_unknown_	Gbgtit.mid
gameboy	_unknown_	Gbtitle3.mid
gameboy	_unknown_	Gbubblyclouds.mid
gameboy	_unknown_	Gdedede.mid
gameboy	_unknown_	GenericCourse.mid
gameboy	_unknown_	GetawayOver.mid
gameboy	_unknown_	Ggreengreens.mid
gameboy	_unknown_	GhostlyCeledon.mid
gameboy	_unknown_	Ginyu_Battle%28CrySoundFusion%29.mid
gameboy	_unknown_	Ginyu_Battle_%28Ver._X.X%29.mid
gameboy	_unknown_	Goldenrod_City2.mid
gameboy	_unknown_	Grandmaster_Duel.mid
gameboy	_unknown_	Greengreens.mid
gameboy	_unknown_	Gwgtitle.mid
gameboy	_unknown_	H-garden.mid
gameboy	_unknown_	H-market.mid
gameboy	_unknown_	H-park.mid
gameboy	_unknown_	H-ruins.mid
gameboy	_unknown_	H-shrine.mid
gameboy	_unknown_	Hamtaro_-_Ham_Hams_Unite_Acorn_Shrine.mid
gameboy	_unknown_	Heartful_Tears.mid
gameboy	_unknown_	Heartful_Tears_%28Orchestrated%29.mid
gameboy	_unknown_	Hibou_remix_clochettes_hautbois_cordes.mid
gameboy	_unknown_	HighSkies.mid
gameboy	_unknown_	IcarusGBW1.mid
gameboy	_unknown_	Illusia.mid
gameboy	_unknown_	Imakuni%27s_Song.mid
gameboy	_unknown_	InnerHallways.mid
gameboy	_unknown_	InsideMakuTree01.mid
gameboy	_unknown_	Intromggbc.mid
gameboy	_unknown_	JDC_BTGBLvl2.mid
gameboy	_unknown_	JDC_BTGBLvl4GB.mid
gameboy	_unknown_	JDC_BTGBLvl4_1_1.mid
gameboy	_unknown_	JDC_ChosenW2.mid
gameboy	_unknown_	JDC_QuintR.mid
gameboy	_unknown_	JDC_RW2Metalv13.mid
gameboy	_unknown_	JDC_RW3Wily2.mid
gameboy	_unknown_	JDC_SML1WX-3.mid
gameboy	_unknown_	JDC_SML2SZ2_11.mid
gameboy	_unknown_	JDC_TitleRW2.mid
gameboy	_unknown_	JourneytoChaos.mid
gameboy	_unknown_	JpRemix%5B1%5D.mid
gameboy	_unknown_	Juniormxg.mid
gameboy	_unknown_	Jupiter.mid
gameboy	_unknown_	K-1up.mid
gameboy	_unknown_	K-clear.mid
gameboy	_unknown_	K1_Castle_LoLoLo_V.2.mid
gameboy	_unknown_	K1_End.mid
gameboy	_unknown_	KBBLevel1.mid
gameboy	_unknown_	KDL2Castle.mid
gameboy	_unknown_	KDL2Kingdedede.mid
gameboy	_unknown_	KDL2_-_DCastleArr.mid
gameboy	_unknown_	KDL_-_Green_Greens_-Remix-.mid
gameboy	_unknown_	KDstg2.mid
gameboy	_unknown_	KI_BatCave.mid
gameboy	_unknown_	KantoGymLeader.mid
gameboy	_unknown_	Kanto_Gym_Leader.mid
gameboy	_unknown_	Kbblvl01.mid
gameboy	_unknown_	Kbblvl02.mid
gameboy	_unknown_	Kbblvl03.mid
gameboy	_unknown_	Kbblvl04.mid
gameboy	_unknown_	Kbblvl05.mid
gameboy	_unknown_	Kbblvl06.mid
gameboy	_unknown_	Kd2BigForest.mid
gameboy	_unknown_	Kdldede.mid
gameboy	_unknown_	Kdlflt.mid
gameboy	_unknown_	Kdltitl2.mid
gameboy	_unknown_	Key_Cavern_%28Woodflute_Remix%29.mid
gameboy	_unknown_	Key_Kavern.mid
gameboy	_unknown_	Kingdedede.mid
gameboy	_unknown_	Knight%27s_Quest_Map_Theme.mid
gameboy	_unknown_	Koholint_Island.mid
gameboy	_unknown_	Korobeiniki.mid
gameboy	_unknown_	L1-lvlA.mid
gameboy	_unknown_	L1-lvlB.mid
gameboy	_unknown_	L3_Albano.mid
gameboy	_unknown_	L3_Sinistrals.mid
gameboy	_unknown_	L5_Orcha.mid
gameboy	_unknown_	LAColorD.mid
gameboy	_unknown_	LAoverworld.mid
gameboy	_unknown_	LUF3FTS.mid
gameboy	_unknown_	Ladie.mid
gameboy	_unknown_	Laindoor.mid
gameboy	_unknown_	Lalev2.mid
gameboy	_unknown_	Lalev4.mid
gameboy	_unknown_	Landofthesuperitalian.mid
gameboy	_unknown_	Lashop.mid
gameboy	_unknown_	Level_1.mid
gameboy	_unknown_	Lightwd.mid
gameboy	_unknown_	Luckynum.mid
gameboy	_unknown_	Lufia3_Battle_Arr_Xg.mid
gameboy	_unknown_	Lufia3_Tower_of_Illusion_Arr.mid
gameboy	_unknown_	Lufia3_TrueErimBattle.mid
gameboy	_unknown_	LufiaSBatt.mid
gameboy	_unknown_	M-manGBwily-remix.mid
gameboy	_unknown_	MIIRoS_SR388_MZMArrangement_Nova.mid
gameboy	_unknown_	MIIRoS_SamusAranFanfare_MZMArrangement.mid
gameboy	_unknown_	Mana_Tree%5B1%5D.mid
gameboy	_unknown_	Manbo%27s_Mambo.mid
gameboy	_unknown_	MapRemix.mid
gameboy	_unknown_	Marins_House.mid
gameboy	_unknown_	Mars%27_BGM.mid
gameboy	_unknown_	Mars-X.mid
gameboy	_unknown_	Mars.mid
gameboy	_unknown_	Mars_2.mid
gameboy	_unknown_	Mega2end.mid
gameboy	_unknown_	MegaMan2_GB_NeedleMan.mid
gameboy	_unknown_	Megaman-_Dr_Wilys_Revenge_--_Wily_Station_2.mid
gameboy	_unknown_	Megaman_2_Title.mid
gameboy	_unknown_	Mercury.mid
gameboy	_unknown_	Mercury1_1ByCryogen.mid
gameboy	_unknown_	Mercury_2.mid
gameboy	_unknown_	Met_II_v2.mid
gameboy	_unknown_	Mexico_Zone.mid
gameboy	_unknown_	MintyHot.mid
gameboy	_unknown_	Ml.mid
gameboy	_unknown_	Ml1wld4.mid
gameboy	_unknown_	Ml2bhive.mid
gameboy	_unknown_	Ml2bonus.mid
gameboy	_unknown_	Ml2bwin.mid
gameboy	_unknown_	Ml2castl.mid
gameboy	_unknown_	Ml2clear.mid
gameboy	_unknown_	Ml2gover.mid
gameboy	_unknown_	Ml2map.mid
gameboy	_unknown_	Ml2mario.mid
gameboy	_unknown_	Ml2over1.mid
gameboy	_unknown_	Ml2pumpk.mid
gameboy	_unknown_	Ml2space.mid
gameboy	_unknown_	Ml2spzn1.mid
gameboy	_unknown_	Ml2spzn2V1_4.mid
gameboy	_unknown_	Ml2spzn2v1_3.mid
gameboy	_unknown_	Ml2star.mid
gameboy	_unknown_	Ml2tree.mid
gameboy	_unknown_	Ml2turtl.mid
gameboy	_unknown_	Ml2wario.mid
gameboy	_unknown_	Ml2wcout.mid
gameboy	_unknown_	Mt_Moon.mid
gameboy	_unknown_	Mt_tararanch1.mid
gameboy	_unknown_	Mtgbcmainmenu.mid
gameboy	_unknown_	Neptune.mid
gameboy	_unknown_	Neptune_2.mid
gameboy	_unknown_	NinjaGaidenShadowStage1.mid
gameboy	_unknown_	North_Face_Shrine.mid
gameboy	_unknown_	Nostalgie.mid
gameboy	_unknown_	OOSINSIDE.mid
gameboy	_unknown_	OOS_Intro_%28Part_1%29.mid
gameboy	_unknown_	OW1.mid
gameboy	_unknown_	OoAAmbi.mid
gameboy	_unknown_	Opening2.mid
gameboy	_unknown_	Orwin.mid
gameboy	_unknown_	PBResults_MD.mid
gameboy	_unknown_	PKGSC_GoldenrodCity.mid
gameboy	_unknown_	PKMNGSC_-_DarkCaveFrozenTears.mid
gameboy	_unknown_	PKMNGSC_-_KantoGymLeader.mid
gameboy	_unknown_	PKMNGSC_-_Route10.mid
gameboy	_unknown_	PKMNGSC_-_Rt2VForestArrange.mid
gameboy	_unknown_	PKMNGSC_-_ThemeofSurfRemix.mid
gameboy	_unknown_	PKMNGSGoldenrodCityOrch.mid
gameboy	_unknown_	PKMNIP.mid
gameboy	_unknown_	PKMNRBY_-_LavenderTownDnBXG.mid
gameboy	_unknown_	PKMNRT10.mid
gameboy	_unknown_	PKMNTCG2_-_GreatRocketBattle.mid
gameboy	_unknown_	PKMNTCG2_-_GreatRocketLeaderBattle.mid
gameboy	_unknown_	PKMNTCG2_-_RonaldXG.mid
gameboy	_unknown_	PKMNTCG_Imakuni.mid
gameboy	_unknown_	PKMNTCG_Water_Club.mid
gameboy	_unknown_	PKMN_-_ChampionBattle.mid
gameboy	_unknown_	PKMN_-_GymLeaderRemix.mid
gameboy	_unknown_	PKMN_-_Route3-10Rock.mid
gameboy	_unknown_	PKMN_-_TrainerBattleRemix.mid
gameboy	_unknown_	PKMN_CRYSTAL_ASH.mid
gameboy	_unknown_	PKMN_CRYSTAL_GARY.mid
gameboy	_unknown_	PKMN_CRYSTAL_SUICUNE.mid
gameboy	_unknown_	PKMN_G%26S_Lance%26PKMN_Trainer_Red.mid
gameboy	_unknown_	PKMN_GSC_Bike_V1_1.mid
gameboy	_unknown_	PKMN_Route_1.mid
gameboy	_unknown_	PKMN_Surfing.mid
gameboy	_unknown_	PRBLAVEN.mid
gameboy	_unknown_	PRB_-_Trainer_Battle_-Remix-.mid
gameboy	_unknown_	Parachute_in_Shell_Island.mid
gameboy	_unknown_	Pitfall_-_Prison.mid
gameboy	_unknown_	Pitfall_-_Title_Screen.mid
gameboy	_unknown_	Pitfall_-_Underground_Caverns.mid
gameboy	_unknown_	Pitfall_-_Volcano.mid
gameboy	_unknown_	Pk_gs_b4tbatt.mid
gameboy	_unknown_	PkmRB-1.mid
gameboy	_unknown_	PkmRB-10.mid
gameboy	_unknown_	PkmRB-12.mid
gameboy	_unknown_	PkmRB-24.mid
gameboy	_unknown_	PkmRB-Around.mid
gameboy	_unknown_	PkmRB-Battle1.mid
gameboy	_unknown_	PkmRB-Battle2.mid
gameboy	_unknown_	PkmRB-Battle3.mid
gameboy	_unknown_	PkmRB-Battle4.mid
gameboy	_unknown_	PkmRB-Bike.mid
gameboy	_unknown_	PkmRB-Caught.mid
gameboy	_unknown_	PkmRB-Celadon.mid
gameboy	_unknown_	PkmRB-Center.mid
gameboy	_unknown_	PkmRB-Cerulean.mid
gameboy	_unknown_	PkmRB-Cinnabar.mid
gameboy	_unknown_	PkmRB-Corner.mid
gameboy	_unknown_	PkmRB-Credits.mid
gameboy	_unknown_	PkmRB-Enc1.mid
gameboy	_unknown_	PkmRB-Enc2.mid
gameboy	_unknown_	PkmRB-Enc3.mid
gameboy	_unknown_	PkmRB-Evolving.mid
gameboy	_unknown_	PkmRB-Forest.mid
gameboy	_unknown_	PkmRB-Gym.mid
gameboy	_unknown_	PkmRB-Hall.mid
gameboy	_unknown_	PkmRB-Hideout.mid
gameboy	_unknown_	PkmRB-Indigo.mid
gameboy	_unknown_	PkmRB-Intro.mid
gameboy	_unknown_	PkmRB-Item.mid
gameboy	_unknown_	PkmRB-Item2.mid
gameboy	_unknown_	PkmRB-Item3.mid
gameboy	_unknown_	PkmRB-Lab.mid
gameboy	_unknown_	PkmRB-Lavender.mid
gameboy	_unknown_	PkmRB-LavenderTown-ASH.mid
gameboy	_unknown_	PkmRB-LevelUp.mid
gameboy	_unknown_	PkmRB-Mansion.mid
gameboy	_unknown_	PkmRB-MtMoon.mid
gameboy	_unknown_	PkmRB-Oak.mid
gameboy	_unknown_	PkmRB-Pallet.mid
gameboy	_unknown_	PkmRB-Rival.mid
gameboy	_unknown_	PkmRB-Ship.mid
gameboy	_unknown_	PkmRB-SilphCo.mid
gameboy	_unknown_	PkmRB-Surfing.mid
gameboy	_unknown_	PkmRB-Title.mid
gameboy	_unknown_	PkmRB-Tower.mid
gameboy	_unknown_	PkmRB-Vermilion.mid
gameboy	_unknown_	PkmRB-Viridian.mid
gameboy	_unknown_	Pkmn_RB_Route_3_Arranged.mid
gameboy	_unknown_	Pkmnbttleheavymetalremixversion1.mid
gameboy	_unknown_	Pkmne4.mid
gameboy	_unknown_	Pkmnel4.mid
gameboy	_unknown_	Pkpbhisc.mid
gameboy	_unknown_	Pktccred.mid
gameboy	_unknown_	Pktcimak.mid
gameboy	_unknown_	Pktclgcd.mid
gameboy	_unknown_	Pktcmenu.mid
gameboy	_unknown_	Pktcrnld.mid
gameboy	_unknown_	Pluto.mid
gameboy	_unknown_	Pluto_Version1-point-1.mid
gameboy	_unknown_	Pocket_Monsters_Route_24_Eurobeat.mid
gameboy	_unknown_	Punk.mid
gameboy	_unknown_	Quint.mid
gameboy	_unknown_	RBYGymLeaderSpeedMetal.mid
gameboy	_unknown_	RBY_Trainer_Battle_Remix.mid
gameboy	_unknown_	RMSub.mid
gameboy	_unknown_	RedLight.mid
gameboy	_unknown_	RoadToTheMakuTree.mid
gameboy	_unknown_	Rock_Mountain.mid
gameboy	_unknown_	Ronald2.mid
gameboy	_unknown_	Rooftop.mid
gameboy	_unknown_	Route37_2.mid
gameboy	_unknown_	Route37_rock.mid
gameboy	_unknown_	Route_1_w_drums.mid
gameboy	_unknown_	Rudy_the_Clown_Part_1.mid
gameboy	_unknown_	Rudy_the_Clown_Part_2.mid
gameboy	_unknown_	Ruins.mid
gameboy	_unknown_	Ruins_-Guitar_Mix.mid
gameboy	_unknown_	RushTheme.mid
gameboy	_unknown_	S-clear.mid
gameboy	_unknown_	S-dance.mid
gameboy	_unknown_	S-date.mid
gameboy	_unknown_	S-evil.mid
gameboy	_unknown_	S-goron.mid
gameboy	_unknown_	S-hcave.mid
gameboy	_unknown_	S-level1.mid
gameboy	_unknown_	S-level2.mid
gameboy	_unknown_	S-level5.mid
gameboy	_unknown_	S-level7%28fix%29.mid
gameboy	_unknown_	S-level8.mid
gameboy	_unknown_	S-market.mid
gameboy	_unknown_	S-onoxc.mid
gameboy	_unknown_	S-peak.mid
gameboy	_unknown_	S-pirate.mid
gameboy	_unknown_	S-rites.mid
gameboy	_unknown_	S-subdnc.mid
gameboy	_unknown_	S-subros.mid
gameboy	_unknown_	S-sunken.mid
gameboy	_unknown_	S-temple.mid
gameboy	_unknown_	S-tgrove.mid
gameboy	_unknown_	S-twinrv.mid
gameboy	_unknown_	S-wmill_%28fixed%29.mid
gameboy	_unknown_	SKJ-50a.mid
gameboy	_unknown_	SML-Chai.mid
gameboy	_unknown_	SML-Ending.mid
gameboy	_unknown_	SML-Ruins.mid
gameboy	_unknown_	SML-rmx.mid
gameboy	_unknown_	SML2-1.mid
gameboy	_unknown_	SML2Over.mid
gameboy	_unknown_	SML2Overv2.mid
gameboy	_unknown_	SML2Space.mid
gameboy	_unknown_	SML2SpaceZoneMapTUK.mid
gameboy	_unknown_	SML2TreeZoneMap.mid
gameboy	_unknown_	SML2Turtle.mid
gameboy	_unknown_	SML2_-_SpaceLand2.mid
gameboy	_unknown_	SML2_Castle.mid
gameboy	_unknown_	SMLChai.mid
gameboy	_unknown_	SMLRuinsByCryogen.mid
gameboy	_unknown_	SMLTurtle2.mid
gameboy	_unknown_	SML_-_Ruins_-Arranged-.mid
gameboy	_unknown_	SML_2-3_Arr.mid
gameboy	_unknown_	SML_4-1.mid
gameboy	_unknown_	SML_Ruins.mid
gameboy	_unknown_	SML_TempleRuins.mid
gameboy	_unknown_	SML_W4_%28Remix%29.mid
gameboy	_unknown_	SML_World_4.mid
gameboy	_unknown_	SML_w4_chai.mid
gameboy	_unknown_	SMLruin.mid
gameboy	_unknown_	S_desert.mid
gameboy	_unknown_	S_dspair.mid
gameboy	_unknown_	S_onoxb.mid
gameboy	_unknown_	SaGaon.mid
gameboy	_unknown_	Saiyuki-_For_Real.mid
gameboy	_unknown_	Saiyuki-_For_Real_%28guitar%29.mid
gameboy	_unknown_	Saiyuki-_For_Real_%28piano_version%29.mid
gameboy	_unknown_	Saiyuki-_Still_Time.mid
gameboy	_unknown_	Saiyuki-_Tight_Rope.mid
gameboy	_unknown_	Saturn.mid
gameboy	_unknown_	SaturnByCryogen.mid
gameboy	_unknown_	SeasonsGO.mid
gameboy	_unknown_	ShadowHold.mid
gameboy	_unknown_	SherbetLandStage2ByCryogen_2.mid
gameboy	_unknown_	Silver_-_Viridian_Forest.mid
gameboy	_unknown_	Silver_BeforeTheContest.mid
gameboy	_unknown_	Sml2bonu.mid
gameboy	_unknown_	Sml2cart.mid
gameboy	_unknown_	Sml2lune.mid
gameboy	_unknown_	Sml2th.mid
gameboy	_unknown_	Snowman-Wario.mid
gameboy	_unknown_	Sonia.mid
gameboy	_unknown_	SoulEraserIntroByCryogen.mid
gameboy	_unknown_	SoulEraserVelcanaByCryogen.mid
gameboy	_unknown_	South_Face_Shrine.mid
gameboy	_unknown_	Spring-Wario.mid
gameboy	_unknown_	StAnne.mid
gameboy	_unknown_	StageIntro.mid
gameboy	_unknown_	StageMusic02.mid
gameboy	_unknown_	StageMusic03.mid
gameboy	_unknown_	Stop_That_Train.mid
gameboy	_unknown_	StoryMusik.mid
gameboy	_unknown_	StoryMusikOrchestral.mid
gameboy	_unknown_	Suicune_CrystalVer.mid
gameboy	_unknown_	Sunflower_Elementary_1.mid
gameboy	_unknown_	Sunstar2.mid
gameboy	_unknown_	SunstarBattle.mid
gameboy	_unknown_	SuperMarioLand2-MacroZone.mid
gameboy	_unknown_	SuperMarioLand2-SpaceZone2.mid
gameboy	_unknown_	SuperMarioLand2FinalStage-MiguelMartins.mid
gameboy	_unknown_	SuperMarioLand2_SpaceZone2.mid
gameboy	_unknown_	SuperMarioLand2_Stage1.mid
gameboy	_unknown_	SuperMarioLand2_TurtleZone2XG.mid
gameboy	_unknown_	SuperMarioLand_Chai.mid
gameboy	_unknown_	SuperMarioLand_Ending.mid
gameboy	_unknown_	SuperMarioLand_Ruins.mid
gameboy	_unknown_	SuperMrioLand2-OverworldMap.mid
gameboy	_unknown_	Super_Mario_Land-Level2_Stage1.mid
gameboy	_unknown_	Super_Mario_Land-World_4_by_Matthew_Collinson.mid
gameboy	_unknown_	Super_Mario_Land_6Coins_-_Space_Zone.mid
gameboy	_unknown_	Super_Mario_Land_Ending.mid
gameboy	_unknown_	Surfing_Remix.mid
gameboy	_unknown_	TCG_-_Trainer_Battle_Darkmind_V2.mid
gameboy	_unknown_	TITLE.mid
gameboy	_unknown_	TM_Mt_Moon_v1_1.mid
gameboy	_unknown_	T_DigiCharat_Onlyone.mid
gameboy	_unknown_	T_DigiCharat_Onlyone_TvSize12Final.mid
gameboy	_unknown_	T_MegaMan5_DrLightTheme.mid
gameboy	_unknown_	T_MegaMan5_TitleTheme.mid
gameboy	_unknown_	T_NinjaGaidenShadow_Intro.mid
gameboy	_unknown_	T_NinjaGaidenShadow_Stage3.mid
gameboy	_unknown_	T_SaGa2_BattleTheme_MedievalArrange.mid
gameboy	_unknown_	T_SaGaLegend3_EventTheme03.mid
gameboy	_unknown_	T_StreetFighterIIGB_Chunli.mid
gameboy	_unknown_	T_StreetFighterIIGB_Ryu.mid
gameboy	_unknown_	T_StreetFighterIIGB_Title.mid
gameboy	_unknown_	T_TekkamanGB_Menu.mid
gameboy	_unknown_	T_TekkamanGB_TitleScreen.mid
gameboy	_unknown_	Tal_Tal_Termina.mid
gameboy	_unknown_	Taltal.mid
gameboy	_unknown_	Tamagochi_Smile_Game_Okinawa_Version.mid
gameboy	_unknown_	Tamagotchi_Smile_Game.mid
gameboy	_unknown_	Tatrisa.mid
gameboy	_unknown_	Team_Rocket_Headquarters_the_final_challenge.mid
gameboy	_unknown_	Team_Rocket_Headquarters_the_final_challenge_revamped_villanous_version.mid
gameboy	_unknown_	TerraTheme.mid
gameboy	_unknown_	Tet_Music_A-KM.mid
gameboy	_unknown_	Tetrepic.mid
gameboy	_unknown_	The_Amazing_Spider_Man_-_Theme.mid
gameboy	_unknown_	The_Legacy_%28March_Mix%29.mid
gameboy	_unknown_	The_PPG.mid
gameboy	_unknown_	The_Real_Super_Credits.mid
gameboy	_unknown_	Theme.mid
gameboy	_unknown_	TitleScreen.mid
gameboy	_unknown_	ToadsLevel3.mid
gameboy	_unknown_	TreasureChart.mid
gameboy	_unknown_	Ttrisrmx.mid
gameboy	_unknown_	TtrsDXOpt.mid
gameboy	_unknown_	Turok2gbtitle_Jazz_remix.mid
gameboy	_unknown_	Uranus-1.mid
gameboy	_unknown_	Uranus.mid
gameboy	_unknown_	Venus-1.mid
gameboy	_unknown_	Venus.mid
gameboy	_unknown_	Violet_City.mid
gameboy	_unknown_	Viridian_City_Carnival.mid
gameboy	_unknown_	VsEeveerin.mid
gameboy	_unknown_	WARIO_LAND_LEVEL_THEME_from_Mt_Teapot.mid
gameboy	_unknown_	WFTIR.mid
gameboy	_unknown_	WINDFISH.mid
gameboy	_unknown_	WIP_Route_38.mid
gameboy	_unknown_	WL2-InsideTheRuins.mid
gameboy	_unknown_	WL2-_Level_1-1.mid
gameboy	_unknown_	WL2-mini-wario-GB.mid
gameboy	_unknown_	WL2-mini-wario.mid
gameboy	_unknown_	WL2_Really_Final_ChapterV1.1.mid
gameboy	_unknown_	WL3-AboveTheCloudsDay.mid
gameboy	_unknown_	WL3-AboveTheCloudsNight.mid
gameboy	_unknown_	WL3-EastCrater.mid
gameboy	_unknown_	WL3-Ending1.mid
gameboy	_unknown_	WL3-PoolOfRain-Night.mid
gameboy	_unknown_	WL3-PoolOfRain.mid
gameboy	_unknown_	WL3-StageComplete.mid
gameboy	_unknown_	WL3-StageMusic01.mid
gameboy	_unknown_	WL3-VampireWario.mid
gameboy	_unknown_	WL3_Sea.mid
gameboy	_unknown_	WL3_Volcanos_Base-1.mid
gameboy	_unknown_	WL3_Woods.mid
gameboy	_unknown_	WL3_day.mid
gameboy	_unknown_	WL3_towninchaos_day.mid
gameboy	_unknown_	WLSML3BeachCourse3v2.mid
gameboy	_unknown_	WarioLand-Ice.mid
gameboy	_unknown_	WarioLand-StoveCanyonStage2.mid
gameboy	_unknown_	WarioLand2-Chapter8-2.mid
gameboy	_unknown_	WarioLand2-CrazyWario.mid
gameboy	_unknown_	WarioLand2-DefeatFourDucks.mid
gameboy	_unknown_	WarioLand3DesertRuins.mid
gameboy	_unknown_	WarioLand3OutoftheWoods.mid
gameboy	_unknown_	WarioLand3OutoftheWoodsWarioLand4Arrangement.mid
gameboy	_unknown_	WarioLandWaterLevelByCryogen_2.mid
gameboy	_unknown_	Wario_Land_-_ParsleyWoodsMap.mid
gameboy	_unknown_	Wario_Land_2.mid
gameboy	_unknown_	Wario_Land_2_-_Raid_Of_The_Black_Sugar_Pirates.mid
gameboy	_unknown_	Wario_Land_3_-_Golf.mid
gameboy	_unknown_	Wario_Land_A_Level.mid
gameboy	_unknown_	Wario_Land_Its_the_Statue.mid
gameboy	_unknown_	Wario_Land_Mt_Teapot.mid
gameboy	_unknown_	Wario_Rice_Beach_Map.mid
gameboy	_unknown_	Wario_Stove_Canyon_Map.mid
gameboy	_unknown_	Wario_Syrup_Castle.mid
gameboy	_unknown_	Wario_Syrup_Castle_Map.mid
gameboy	_unknown_	Wario_Water_Levels.mid
gameboy	_unknown_	WeaponPromo.mid
gameboy	_unknown_	What~687.mid
gameboy	_unknown_	What~688.mid
gameboy	_unknown_	What~928.mid
gameboy	_unknown_	What~933.mid
gameboy	_unknown_	Wily1.mid
gameboy	_unknown_	WilyShip.mid
gameboy	_unknown_	WilysRevengeFortByCryogen.mid
gameboy	_unknown_	Windfish4895.mid
gameboy	_unknown_	Windfish_Final.mid
gameboy	_unknown_	Wing_Dungeon.mid
gameboy	_unknown_	Wl2-levelend.mid
gameboy	_unknown_	Wl2-map.mid
gameboy	_unknown_	Worms-Theme.mid
gameboy	_unknown_	Xekkusu_-_TunnelScene2OrbitalHouseMix.mid
gameboy	_unknown_	Z-LA_Overworld_Arrangement.mid
gameboy	_unknown_	Z-OoA_LynnaCity.mid
gameboy	_unknown_	Z4a-sea.mid
gameboy	_unknown_	Z4awake.mid
gameboy	_unknown_	Z4begin.mid
gameboy	_unknown_	Z4clear.mid
gameboy	_unknown_	Z4hen.mid
gameboy	_unknown_	Z4instrm.mid
gameboy	_unknown_	Z4item.mid
gameboy	_unknown_	Z4knalet.mid
gameboy	_unknown_	Z4level5.mid
gameboy	_unknown_	Z4level6.mid
gameboy	_unknown_	Z4level7.mid
gameboy	_unknown_	Z4level8.mid
gameboy	_unknown_	Z4mambo.mid
gameboy	_unknown_	Z4nightm.mid
gameboy	_unknown_	Z4owl.mid
gameboy	_unknown_	Z4puzzle.mid
gameboy	_unknown_	Z4rapids.mid
gameboy	_unknown_	Z4side.mid
gameboy	_unknown_	Z4stairs.mid
gameboy	_unknown_	Z4sword.mid
gameboy	_unknown_	Z4thead.mid
gameboy	_unknown_	Z4vanish.mid
gameboy	_unknown_	Z4wfroom.mid
gameboy	_unknown_	Z4win.mid
gameboy	_unknown_	ZLA_Link_Marin_Mabe.mid
gameboy	_unknown_	ZLA_Mabe_Pianos.mid
gameboy	_unknown_	ZLA_Mabe_Village.mid
gameboy	_unknown_	Z_OofShero%27scave.mid
gameboy	_unknown_	Zgbanima.mid
gameboy	_unknown_	Zgbcave.mid
gameboy	_unknown_	Zgbch3.mid
gameboy	_unknown_	Zgbch6.mid
gameboy	_unknown_	Zgbforet.mid
gameboy	_unknown_	Zgbhouse.mid
gameboy	_unknown_	Zgbmouet.mid
gameboy	_unknown_	Zgbreve.mid
gameboy	_unknown_	ageslev2.mid
gameboy	_unknown_	agrambattle.mid
gameboy	_unknown_	alleywaytitlescreen.mid
gameboy	_unknown_	asagi_tr-gm.mid
gameboy	_unknown_	aspiration.mid
gameboy	_unknown_	asterix_-_egypt.mid
gameboy	_unknown_	balladofthewindfish.mid
gameboy	_unknown_	bbcc2.mid
gameboy	_unknown_	bbcc26.mid
gameboy	_unknown_	bbcc29.mid
gameboy	_unknown_	bbcc2a.mid
gameboy	_unknown_	bbcc2clear.mid
gameboy	_unknown_	bbcc2clock.mid
gameboy	_unknown_	bbcc2gameover.mid
gameboy	_unknown_	bbcc2potion.mid
gameboy	_unknown_	bbcc2shield.mid
gameboy	_unknown_	bbccb2.mid
gameboy	_unknown_	begintheme.mid
gameboy	_unknown_	bkgb_title_kio_7.mid
gameboy	_unknown_	bkggreen.mid
gameboy	_unknown_	bkidttle.mid
gameboy	_unknown_	blobette.mid
gameboy	_unknown_	breagers-V1.1.mid
gameboy	_unknown_	bubble_ghost.mid
gameboy	_unknown_	by-mars.mid
gameboy	_unknown_	castle.mid
gameboy	_unknown_	cave-remix.mid
gameboy	_unknown_	ceruleancity.mid
gameboy	_unknown_	champion_blue.mid
gameboy	_unknown_	chill.mid
gameboy	_unknown_	cinnabar_mansion.mid
gameboy	_unknown_	coolbt3.mid
gameboy	_unknown_	crystalraientsui4pkmn_.mid
gameboy	_unknown_	d_taltal.mid
gameboy	_unknown_	dark-tower-V1.1.mid
gameboy	_unknown_	darkcastle.mid
gameboy	_unknown_	darkmatter.mid
gameboy	_unknown_	darkmatterappear.mid
gameboy	_unknown_	darkoan-V1.2.mid
gameboy	_unknown_	desert.mid
gameboy	_unknown_	dhgbbgma.mid
gameboy	_unknown_	dhgbbgmb.mid
gameboy	_unknown_	dlrrchars.mid
gameboy	_unknown_	dlrrgameover.mid
gameboy	_unknown_	dlrrsprol.mid
gameboy	_unknown_	dreamlandtheme.mid
gameboy	_unknown_	drm4in1.mid
gameboy	_unknown_	drmending.mid
gameboy	_unknown_	eagletowerremix.mid
gameboy	_unknown_	fatwario.mid
gameboy	_unknown_	final_fantasy_adventure_title_screen__elaboration.mid
gameboy	_unknown_	finalbout.mid
gameboy	_unknown_	gamecornerv2.mid
gameboy	_unknown_	gameover.mid
gameboy	_unknown_	gatorhighscore.mid
gameboy	_unknown_	gb3_wily_castle2.mid
gameboy	_unknown_	gb5title.mid
gameboy	_unknown_	gbanimation.mid
gameboy	_unknown_	gbc-album.mid
gameboy	_unknown_	gbc-runrunrungame.mid
gameboy	_unknown_	gbc-userid.mid
gameboy	_unknown_	gbc_mg_sm01.mid
gameboy	_unknown_	gbc_mg_sm02.mid
gameboy	_unknown_	gbc_mg_sm03_XG.mid
gameboy	_unknown_	gbc_mg_sm04_ragtime.mid
gameboy	_unknown_	gbc_mg_sm05_GS.mid
gameboy	_unknown_	gbc_mg_sm06_GS.mid
gameboy	_unknown_	gbc_mg_sm07_GS.mid
gameboy	_unknown_	gbc_zoos_Tarm_ruins.mid
gameboy	_unknown_	gbletsplay.mid
gameboy	_unknown_	gblink.mid
gameboy	_unknown_	gbrunrunrun.mid
gameboy	_unknown_	gbrunrunrunwin.mid
gameboy	_unknown_	gbsadmusic.mid
gameboy	_unknown_	gbwl3glflose.mid
gameboy	_unknown_	gk-vfmusicc.mid
gameboy	_unknown_	godzilla-1.mid
gameboy	_unknown_	godzilla-comical.mid
gameboy	_unknown_	godzilla-title.mid
gameboy	_unknown_	golliwogg_cakewalk.mid
gameboy	_unknown_	gsbattlegm.mid
gameboy	_unknown_	gsbattlexg.mid
gameboy	_unknown_	gscave.mid
gameboy	_unknown_	gwg-Title.mid
gameboy	_unknown_	gwg-fire.mid
gameboy	_unknown_	gwg-gc2c.mid
gameboy	_unknown_	gwg-mhle.mid
gameboy	_unknown_	gym.mid
gameboy	_unknown_	gymleader.mid
gameboy	_unknown_	gymleader2.mid
gameboy	_unknown_	happyeggs.mid
gameboy	_unknown_	hatrisnev11.mid
gameboy	_unknown_	hm-vfmusica.mid
gameboy	_unknown_	hm-vfmusicb.mid
gameboy	_unknown_	hm-vftitle.mid
gameboy	_unknown_	holon.mid
gameboy	_unknown_	ice_zone.mid
gameboy	_unknown_	jema.mid
gameboy	_unknown_	johto-gym-leader-battle.mid
gameboy	_unknown_	junglestrike-title.mid
gameboy	_unknown_	kbb-badending.mid
gameboy	_unknown_	kbb-bonus.mid
gameboy	_unknown_	kbb-borderline.mid
gameboy	_unknown_	kbb-credits.mid
gameboy	_unknown_	kbb-dedede.mid
gameboy	_unknown_	kbb-map.mid
gameboy	_unknown_	kbb-ranking.mid
gameboy	_unknown_	kbb-stage1.mid
gameboy	_unknown_	kbb-stage10.mid
gameboy	_unknown_	kbb-stage11.mid
gameboy	_unknown_	kbb-stage2.mid
gameboy	_unknown_	kbb-stage3.mid
gameboy	_unknown_	kbb-stage4.mid
gameboy	_unknown_	kbb-stage5.mid
gameboy	_unknown_	kbb-stage6.mid
gameboy	_unknown_	kbb-stage7.mid
gameboy	_unknown_	kbb-stage8.mid
gameboy	_unknown_	kbb-stage9.mid
gameboy	_unknown_	kbb-stageintro.mid
gameboy	_unknown_	kbb-thrublock.mid
gameboy	_unknown_	kbb-title.mid
gameboy	_unknown_	kbb-topscore.mid
gameboy	_unknown_	kbbbonus.mid
gameboy	_unknown_	kbbsave.mid
gameboy	_unknown_	kd-st1.mid
gameboy	_unknown_	kdedede.mid
gameboy	_unknown_	kdl2rick.mid
gameboy	_unknown_	kdl2st7.mid
gameboy	_unknown_	kdlcandy.mid
gameboy	_unknown_	kdldefeat.mid
gameboy	_unknown_	kdlgameover.mid
gameboy	_unknown_	kdlst1.mid
gameboy	_unknown_	kdlstg2.mid
gameboy	_unknown_	kdmc--v1.mid
gameboy	_unknown_	kdts--v1.mid
gameboy	_unknown_	kidicaru.mid
gameboy	_unknown_	kracko.mid
gameboy	_unknown_	la1.mid
gameboy	_unknown_	la_mysterious_rock.mid
gameboy	_unknown_	laanimal.mid
gameboy	_unknown_	laboat.mid
gameboy	_unknown_	lacavern.mid
gameboy	_unknown_	laegg.mid
gameboy	_unknown_	lafaerie.mid
gameboy	_unknown_	lahouse.mid
gameboy	_unknown_	lalev1.mid
gameboy	_unknown_	lalev3.mid
gameboy	_unknown_	lamabe.mid
gameboy	_unknown_	lamoblin.mid
gameboy	_unknown_	laovrwld.mid
gameboy	_unknown_	laphone.mid
gameboy	_unknown_	lapower.mid
gameboy	_unknown_	lastare2.mid
gameboy	_unknown_	latitle.mid
gameboy	_unknown_	latrendy.mid
gameboy	_unknown_	lava.mid
gameboy	_unknown_	lava_lair.mid
gameboy	_unknown_	lavilla.mid
gameboy	_unknown_	lawoods.mid
gameboy	_unknown_	lawrite.mid
gameboy	_unknown_	let_the_heart_sing_with_the_melody.mid
gameboy	_unknown_	loopz-a.mid
gameboy	_unknown_	loselife.mid
gameboy	_unknown_	lost.mid
gameboy	_unknown_	lostworl.mid
gameboy	_unknown_	luf3fod2.mid
gameboy	_unknown_	lynna_past_remix_zooa_gl7.mid
gameboy	_unknown_	lynna_present_remix_zooa_gl7.mid
gameboy	_unknown_	m2_Item.mid
gameboy	_unknown_	m2_MainTunnel.mid
gameboy	_unknown_	m2_credits.mid
gameboy	_unknown_	mabe_village_orchestra.mid
gameboy	_unknown_	maintheme.mid
gameboy	_unknown_	mario-star.mid
gameboy	_unknown_	mario-underwater.mid
gameboy	_unknown_	marioChina.mid
gameboy	_unknown_	marioEnding.mid
gameboy	_unknown_	marioland_chai_kingdom.mid
gameboy	_unknown_	mariolevelone.mid
gameboy	_unknown_	menu.mid
gameboy	_unknown_	mggbcBestShots.mid
gameboy	_unknown_	mggbcCaddie.mid
gameboy	_unknown_	mggbcComplete.mid
gameboy	_unknown_	mggbcDormie.mid
gameboy	_unknown_	mggbcEven.mid
gameboy	_unknown_	mggbcFailure.mid
gameboy	_unknown_	mggbcField.mid
gameboy	_unknown_	mggbcMarionClubhouse.mid
gameboy	_unknown_	mggbcMarionCourse.mid
gameboy	_unknown_	mggbcPutts.mid
gameboy	_unknown_	mhde.mid
gameboy	_unknown_	mhgstart.mid
gameboy	_unknown_	mhsgc.mid
gameboy	_unknown_	mhsgce.mid
gameboy	_unknown_	mischief.mid
gameboy	_unknown_	mk3_zb_pit3_gb.mid
gameboy	_unknown_	mk4gbc_theme1_zb.mid
gameboy	_unknown_	mkii_zb_fat_gb.mid
gameboy	_unknown_	mkii_zb_pit2_gb.mid
gameboy	_unknown_	mkii_zb_title_gb.mid
gameboy	_unknown_	mkii_zb_tomb_gb2.mid
gameboy	_unknown_	ml1airpl.mid
gameboy	_unknown_	ml1bonus.mid
gameboy	_unknown_	ml1clear.mid
gameboy	_unknown_	ml1daisy.mid
gameboy	_unknown_	ml1fail.mid
gameboy	_unknown_	ml1gover.mid
gameboy	_unknown_	ml1pipe.mid
gameboy	_unknown_	ml1prize.mid
gameboy	_unknown_	ml1star.mid
gameboy	_unknown_	ml2haunt.mid
gameboy	_unknown_	ml2macro.mid
gameboy	_unknown_	molemania_snow.mid
gameboy	_unknown_	mtmoon.mid
gameboy	_unknown_	mtmoon2.mid
gameboy	_unknown_	nayru.mid
gameboy	_unknown_	nayrusong.mid
gameboy	_unknown_	nbajamgb2.mid
gameboy	_unknown_	nbajamtitlescr1.mid
gameboy	_unknown_	newbarktown4.mid
gameboy	_unknown_	ngshadow.mid
gameboy	_unknown_	ooa_ralph_dance.mid
gameboy	_unknown_	oracles_field.mid
gameboy	_unknown_	pallettown.mid
gameboy	_unknown_	pallettown1.mid
gameboy	_unknown_	panne2.mid
gameboy	_unknown_	parastarhs.mid
gameboy	_unknown_	pb-intro.mid
gameboy	_unknown_	pc_btower_inside.mid
gameboy	_unknown_	pc_btower_outside.mid
gameboy	_unknown_	penguland3.mid
gameboy	_unknown_	pewtermix.mid
gameboy	_unknown_	pgs_route27_orch.mid
gameboy	_unknown_	pgs_route29_orch.mid
gameboy	_unknown_	pikachubeach.mid
gameboy	_unknown_	pikahouse.mid
gameboy	_unknown_	pk2orch.mid
gameboy	_unknown_	pk_gs_cherrygrovecity1-1.mid
gameboy	_unknown_	pk_gs_newbarktown.mid
gameboy	_unknown_	pk_gs_rsnp.mid
gameboy	_unknown_	pk_gsroute30.mid
gameboy	_unknown_	pk_gsvioletcity.mid
gameboy	_unknown_	pkc_buena.mid
gameboy	_unknown_	pkc_title.mid
gameboy	_unknown_	pkgary.mid
gameboy	_unknown_	pkglrmx.mid
gameboy	_unknown_	pkgroute30.mid
gameboy	_unknown_	pkgsc_azalea.mid
gameboy	_unknown_	pkgsc_burnedtower.mid
gameboy	_unknown_	pkgsc_dragonsden.mid
gameboy	_unknown_	pkgsc_ecruteak.mid
gameboy	_unknown_	pkgsc_goldenrod.mid
gameboy	_unknown_	pkgsc_kimono.mid
gameboy	_unknown_	pkgsc_park.mid
gameboy	_unknown_	pkgsc_route38.mid
gameboy	_unknown_	pkgsc_surfing.mid
gameboy	_unknown_	pkgsc_teamrocket.mid
gameboy	_unknown_	pkgsc_tintower.mid
gameboy	_unknown_	pkgsc_vermillion.mid
gameboy	_unknown_	pkgslead.mid
gameboy	_unknown_	pkmn-gym.mid
gameboy	_unknown_	pkmn-rb-lt.mid
gameboy	_unknown_	pkmn_gs-caveReMix.mid
gameboy	_unknown_	pkmn_gsc_Ecruteak_Night.mid
gameboy	_unknown_	pkmn_veridianforest.mid
gameboy	_unknown_	pkmngs_bicycle_big_band_remix_v2.mid
gameboy	_unknown_	pkmngs_route_29_v1-1.mid
gameboy	_unknown_	pkmngs_surfing_v1_2.mid
gameboy	_unknown_	pkmngsc_bug_contest_v1_0.mid
gameboy	_unknown_	pkmngsc_kanto_leader_v1_0.mid
gameboy	_unknown_	pkmntcg_duel_time_xg.mid
gameboy	_unknown_	pkmntcg_gym_leader_duel_v2.mid
gameboy	_unknown_	pkmntcg_title.mid
gameboy	_unknown_	pkmntrans.mid
gameboy	_unknown_	pkroute24.mid
gameboy	_unknown_	pkvirid1.mid
gameboy	_unknown_	pmforest.mid
gameboy	_unknown_	portal.mid
gameboy	_unknown_	ppggbcrrbs.mid
gameboy	_unknown_	prb_route1_orchestrated.mid
gameboy	_unknown_	print_error.mid
gameboy	_unknown_	ptcgbattle.mid
gameboy	_unknown_	qixtitle2.mid
gameboy	_unknown_	queensl2.mid
gameboy	_unknown_	rainbowsixmenu.mid
gameboy	_unknown_	ralph.mid
gameboy	_unknown_	rask-chai.mid
gameboy	_unknown_	rask-chaitwo.mid
gameboy	_unknown_	rc_dungeon.mid
gameboy	_unknown_	rc_dungeon2_1.mid
gameboy	_unknown_	rc_outworld1.mid
gameboy	_unknown_	rc_outworld1rmx.mid
gameboy	_unknown_	rc_outworld2.mid
gameboy	_unknown_	rc_outworld3.mid
gameboy	_unknown_	rc_outworld3rmx.mid
gameboy	_unknown_	rc_titlescreen.mid
gameboy	_unknown_	readyspidey.mid
gameboy	_unknown_	realdarkmatter.mid
gameboy	_unknown_	ripeseeds.mid
gameboy	_unknown_	rivaltrainer.mid
gameboy	_unknown_	rivaltrainer2.mid
gameboy	_unknown_	rmplace.mid
gameboy	_unknown_	rmtitle.mid
gameboy	_unknown_	rock_of_the_Windfish.mid
gameboy	_unknown_	rocket.mid
gameboy	_unknown_	rocketbattle.mid
gameboy	_unknown_	route-27-26-metal.mid
gameboy	_unknown_	route-27-orchestral.mid
gameboy	_unknown_	runtitle.mid
gameboy	_unknown_	rushifell-V1.2.mid
gameboy	_unknown_	shalpp-sml2-starman.mid
gameboy	_unknown_	showmearound1.mid
gameboy	_unknown_	skullpirates.mid
gameboy	_unknown_	sml-Birabuto.mid
gameboy	_unknown_	sml-Muda.mid
gameboy	_unknown_	sml1-1.mid
gameboy	_unknown_	sml1-3.mid
gameboy	_unknown_	sml2_treezonemap.mid
gameboy	_unknown_	sml2bns.mid
gameboy	_unknown_	sml2booh.mid
gameboy	_unknown_	sml2end.mid
gameboy	_unknown_	sml2haunted2a.mid
gameboy	_unknown_	sml2map.mid
gameboy	_unknown_	sml2outsidecastle.mid
gameboy	_unknown_	sml2thl1.mid
gameboy	_unknown_	sml2tre1.mid
gameboy	_unknown_	sml2trtl1.mid
gameboy	_unknown_	sml3-ice.mid
gameboy	_unknown_	sml3_1-3.mid
gameboy	_unknown_	sml3_1-4.mid
gameboy	_unknown_	sml3results.mid
gameboy	_unknown_	sml_1-1.mid
gameboy	_unknown_	sml_airplane_stage_caribbean_remix.mid
gameboy	_unknown_	sml_chaiworldremix.mid
gameboy	_unknown_	sml_tatanga.mid
gameboy	_unknown_	smlgameover.mid
gameboy	_unknown_	smlsky.mid
gameboy	_unknown_	smlstar.mid
gameboy	_unknown_	smlundr.mid
gameboy	_unknown_	sohbatle.mid
gameboy	_unknown_	sohcave.mid
gameboy	_unknown_	sohchrch.mid
gameboy	_unknown_	sohforst.mid
gameboy	_unknown_	sohgrave.mid
gameboy	_unknown_	soholdmn.mid
gameboy	_unknown_	sohshman.mid
gameboy	_unknown_	sohstory.mid
gameboy	_unknown_	sohswamp.mid
gameboy	_unknown_	sohtitle.mid
gameboy	_unknown_	sohwell.mid
gameboy	_unknown_	sohwin.mid
gameboy	_unknown_	sufing.mid
gameboy	_unknown_	superscrabbletitlescreen.mid
gameboy	_unknown_	tarmruins.mid
gameboy	_unknown_	tbtraining.mid
gameboy	_unknown_	tcg_lightning_jazz.mid
gameboy	_unknown_	tdxcomlose.mid
gameboy	_unknown_	tdxnewhi.mid
gameboy	_unknown_	tdxopt.mid
gameboy	_unknown_	templeruins.mid
gameboy	_unknown_	tennisgbtitlescreen.mid
gameboy	_unknown_	tet_b.mid
gameboy	_unknown_	theme2.mid
gameboy	_unknown_	thondpzl.mid
gameboy	_unknown_	thwomp.mid
gameboy	_unknown_	tm_warioblast_round1.mid
gameboy	_unknown_	tm_warioblast_round2.mid
gameboy	_unknown_	tm_warioblast_round3.mid
gameboy	_unknown_	tm_warioblast_round4.mid
gameboy	_unknown_	tm_warioblast_round5.mid
gameboy	_unknown_	tm_warioblast_round6.mid
gameboy	_unknown_	tm_warioblast_round7.mid
gameboy	_unknown_	tm_warioblast_round8.mid
gameboy	_unknown_	tta2s4.mid
gameboy	_unknown_	ttagbpmze.mid
gameboy	_unknown_	ttahfrst.mid
gameboy	_unknown_	ttalc.mid
gameboy	_unknown_	ttas4int.mid
gameboy	_unknown_	ttavugrd.mid
gameboy	_unknown_	turok2gb_building.mid
gameboy	_unknown_	turok2gbtitle.mid
gameboy	_unknown_	turtlerockVtwo.mid
gameboy	_unknown_	untitled.mid
gameboy	_unknown_	verm1.mid
gameboy	_unknown_	vermrem2.mid
gameboy	_unknown_	vs_champion_lance_and_trainer_red.mid
gameboy	_unknown_	w3train.mid
gameboy	_unknown_	w4end.mid
gameboy	_unknown_	wario.mid
gameboy	_unknown_	wario2.mid
gameboy	_unknown_	warioland3titlescreen.mid
gameboy	_unknown_	wbcont.mid
gameboy	_unknown_	wbgover.mid
gameboy	_unknown_	wbrintro.mid
gameboy	_unknown_	wbround1.mid
gameboy	_unknown_	wbtitle.mid
gameboy	_unknown_	wdwqmrtds.mid
gameboy	_unknown_	wdwqmrtjc.mid
gameboy	_unknown_	wdwqmrtlose.mid
gameboy	_unknown_	wdwqmrtrrc.mid
gameboy	_unknown_	wdwqmrttls.mid
gameboy	_unknown_	wdwqmrtwin.mid
gameboy	_unknown_	windfish689.mid
gameboy	_unknown_	wl-invincibility.mid
gameboy	_unknown_	wl-lava.mid
gameboy	_unknown_	wl-mainthemelvel.mid
gameboy	_unknown_	wl-map.mid
gameboy	_unknown_	wl-minigame1.mid
gameboy	_unknown_	wl-minigame2.mid
gameboy	_unknown_	wl-mt_teapot_level.mid
gameboy	_unknown_	wl-title.mid
gameboy	_unknown_	wl-train.mid
gameboy	_unknown_	wl-water.mid
gameboy	_unknown_	wl2-cellar.mid
gameboy	_unknown_	wl2-fire.mid
gameboy	_unknown_	wl2-minigames.mid
gameboy	_unknown_	wl2-save.mid
gameboy	_unknown_	wl2Ruins-2.mid
gameboy	_unknown_	wl2bobo.mid
gameboy	_unknown_	wl2bouncy.mid
gameboy	_unknown_	wl2cave.mid
gameboy	_unknown_	wl2chintro.mid
gameboy	_unknown_	wl2crdts.mid
gameboy	_unknown_	wl2end.mid
gameboy	_unknown_	wl2faucet.mid
gameboy	_unknown_	wl2flat.mid
gameboy	_unknown_	wl2getintheteacup.mid
gameboy	_unknown_	wl2return.mid
gameboy	_unknown_	wl2roof.mid
gameboy	_unknown_	wl2ruin2.mid
gameboy	_unknown_	wl2thorn.mid
gameboy	_unknown_	wl2woods.mid
gameboy	_unknown_	wl3-aticnight.mid
gameboy	_unknown_	wl3_end.mid
gameboy	_unknown_	wl3_endb.mid
gameboy	_unknown_	x-tunnelscene.mid
gameboy	_unknown_	x-tunnelscene2.mid
gameboy	_unknown_	yc_1p_music_a.mid
gameboy	_unknown_	yc_1p_music_a_lvl_11_99.mid
gameboy	_unknown_	yc_1p_music_b.mid
gameboy	_unknown_	yc_1p_music_c.mid
gameboy	_unknown_	yc_title.mid
gameboy	_unknown_	z_OofAMakuroad.mid
gameboy	_unknown_	z_OofAcrescentisland.mid
gameboy	_unknown_	z_OofAcrowndungeon%2B.mid
gameboy	_unknown_	z_OofAinside.mid
gameboy	_unknown_	z_OofAmoonlitgrotto.mid
gameboy	_unknown_	z_OofAtokayhouse.mid
gameboy	_unknown_	z_OofSancientruins.mid
gameboy	_unknown_	z_OofSdancingdragon.mid
gameboy	_unknown_	z_OofSexcrypt.mid
gameboy	_unknown_	z_OofShoronvillage.mid
gameboy	_unknown_	z_OofSmermaidcave.mid
gameboy	_unknown_	z_OofSpoisonmoth%27slair.mid
gameboy	_unknown_	z_OofStarmruins.mid
gameboy	_unknown_	z_OofSunicorncave.mid
gameboy	_unknown_	zeltop2.mid
gameboy	_unknown_	zoopgb.mid
gamecube	_unknown_	041_Torvus_Bog.mid
gamecube	_unknown_	103_-_outset_islandseq.mid
gamecube	_unknown_	116_Bombardment.mid
gamecube	_unknown_	131_ocean.mid
gamecube	_unknown_	15-FinalBattle.mid
gamecube	_unknown_	2am.mid
gamecube	_unknown_	4PM.mid
gamecube	_unknown_	4Swords_FortuneTeller_zb.mid
gamecube	_unknown_	4Swords_HyruleCastle_zb.mid
gamecube	_unknown_	4Swords_hyruleLightWorld_zb.mid
gamecube	_unknown_	4am.mid
gamecube	_unknown_	4swords_Story1_zb.mid
gamecube	_unknown_	AC_200_to_300.mid
gamecube	_unknown_	AC_AbleSisters.mid
gamecube	_unknown_	AC_KKSlider_DJ_KK_remixXG.mid
gamecube	_unknown_	AC_KKSlider_Eurobeat_remix.mid
gamecube	_unknown_	AC_KKSlider_Go_KK_Rider_remix.mid
gamecube	_unknown_	AC_KKSlider_Go_KK_Rider_remixXG.mid
gamecube	_unknown_	AC_KKSlider_Rock.mid
gamecube	_unknown_	AMstartgame.mid
gamecube	_unknown_	APcitypartMIDI.mid
gamecube	_unknown_	ARK.mid
gamecube	_unknown_	Agate_Village.mid
gamecube	_unknown_	Apple_TV.mid
gamecube	_unknown_	AsaStarwolf.mid
gamecube	_unknown_	Ashnard.mid
gamecube	_unknown_	BK_The_true_mirror.mid
gamecube	_unknown_	BK_The_true_mirror_-guitar_ver-.mid
gamecube	_unknown_	Battle-1.mid
gamecube	_unknown_	BattleTheme.mid
gamecube	_unknown_	Battle_At_Sea.mid
gamecube	_unknown_	Biolizard.mid
gamecube	_unknown_	BlueStone_EncounterWithRenegades.mid
gamecube	_unknown_	BlueStone_FarFromOurWorld.mid
gamecube	_unknown_	BowserMiniGame.mid
gamecube	_unknown_	Bowser_Glitz.mid
gamecube	_unknown_	BowsersInTheHouseV1-2.mid
gamecube	_unknown_	Brave_the_Way.mid
gamecube	_unknown_	Brawl-Nicked-Sauria.mid
gamecube	_unknown_	Brinstar.mid
gamecube	_unknown_	BustAMove_3000_BGM_11.mid
gamecube	_unknown_	Butsutekkai12.mid
gamecube	_unknown_	COLORMAN.mid
gamecube	_unknown_	Chapter-3-Faith.mid
gamecube	_unknown_	Chapter2-Trialv2.mid
gamecube	_unknown_	Chapter_1_Ideal.mid
gamecube	_unknown_	Chibi-Robo_-_Im-a_Gonna_Do_Somethin_-_Hirofumi_Taniguchi_.mid
gamecube	_unknown_	Chibi-Robo_-_Striking_With_The_Spoon_-_Hirofumi_Taniguchi.mid
gamecube	_unknown_	Chibi-Robo_-_Strive_For_SUper_Chibi-Robo_-_Hirofumi_Taniguchi.mid
gamecube	_unknown_	Chibi-Robo_-_The_Pirates_Of_Many_Orders_-_Hirofumi_Taniguchi.mid
gamecube	_unknown_	Chibi-Robo_-_Timid_Love_-_Hirofumi_Taniguchi.mid
gamecube	_unknown_	Circus-1.mid
gamecube	_unknown_	Circus.mid
gamecube	_unknown_	Corneria-MiltaryOrch-Remix.mid
gamecube	_unknown_	Corneria.mid
gamecube	_unknown_	CosinoPark.mid
gamecube	_unknown_	CubivoreFieldTheme.mid
gamecube	_unknown_	DBZ_Budokai_-_Cell_Games_Arena_Stage.mid
gamecube	_unknown_	DBZ_Budokai_-_Planet_Namek_Stage.mid
gamecube	_unknown_	DBZ_Budokai_-_World_Tournament_II.mid
gamecube	_unknown_	DaDude_MP_Elevator.mid
gamecube	_unknown_	Dampe.mid
gamecube	_unknown_	Dan_-_MKDDWaluigiStadium.mid
gamecube	_unknown_	Death_Mountain.mid
gamecube	_unknown_	Delfino_Plaza_theme_with_bongos.mid
gamecube	_unknown_	DragonRoostBML.mid
gamecube	_unknown_	DragonRoostIslandGMNB.mid
gamecube	_unknown_	DragonRoostIslandGMv1_1.mid
gamecube	_unknown_	DragonRoostIslandXGNB.mid
gamecube	_unknown_	DragonRoostIslandXGv1_1.mid
gamecube	_unknown_	Dungeon.mid
gamecube	_unknown_	ECHOES.mid
gamecube	_unknown_	EarthGodsLyric.mid
gamecube	_unknown_	Earth_Gods_Lyric_Jam.mid
gamecube	_unknown_	Earth_Temple.mid
gamecube	_unknown_	Ending.mid
gamecube	_unknown_	EndofallthingsTenial.mid
gamecube	_unknown_	EternalOath.mid
gamecube	_unknown_	Eternal_Engine.mid
gamecube	_unknown_	F-Zero_GX_-_Big_Blue.mid
gamecube	_unknown_	F-Zero_GX_-_Fire_Field.mid
gamecube	_unknown_	F-Zero_GX_-_Lightning.mid
gamecube	_unknown_	F-Zero_GX_-_Mute_City.mid
gamecube	_unknown_	F-Zero_GX_-_Phantom_Road.mid
gamecube	_unknown_	F-Zero_GX_-_Sand_Ocean.mid
gamecube	_unknown_	F-Zero_GX_-_Time_for_Kill.mid
gamecube	_unknown_	F-Zero_GX_Intro.mid
gamecube	_unknown_	FIELD.mid
gamecube	_unknown_	FROZENHY.mid
gamecube	_unknown_	FZGX_Casino_Palace-KM.mid
gamecube	_unknown_	FZGX_F-Zero_Shop-KM.mid
gamecube	_unknown_	FZGX_Green_Plant-KMv1-1.mid
gamecube	_unknown_	FZGX_Intro-KMv1-1.mid
gamecube	_unknown_	FZGX_Options-KM-GS.mid
gamecube	_unknown_	FZGX_Options-KM-XG.mid
gamecube	_unknown_	FZGX_Pilot_Profiles-KMv1-1.mid
gamecube	_unknown_	FZGX_Sand_Ocean-KM.mid
gamecube	_unknown_	FZGX_Story_2-Red_Canyon-KM.mid
gamecube	_unknown_	Fanfare.mid
gamecube	_unknown_	Fatalize.mid
gamecube	_unknown_	Festival_Annuel.mid
gamecube	_unknown_	FightingTheSpirit.mid
gamecube	_unknown_	FinalRush.mid
gamecube	_unknown_	Find_Wizard_Card-1.mid
gamecube	_unknown_	Flaahgra.mid
gamecube	_unknown_	Flanoir.mid
gamecube	_unknown_	Flatzone_v4XG.mid
gamecube	_unknown_	FullForceNes.mid
gamecube	_unknown_	FullForceNes_GS.mid
gamecube	_unknown_	Full_Force.mid
gamecube	_unknown_	Full_force3.mid
gamecube	_unknown_	GCN__Shadow_the_Hedgehog__All_Hail_Shadow.mid
gamecube	_unknown_	GCN__TimeSplitters_2__Anaconda__2.mid
gamecube	_unknown_	GXBigBlue.mid
gamecube	_unknown_	Game_Cube_intro.mid
gamecube	_unknown_	Genis.mid
gamecube	_unknown_	GiFTPiA_-_SHITAJIKI_-_Hirofumi_Taniguchi_and_Yousuke_Obitsumi.mid
gamecube	_unknown_	GiantBreadBug.mid
gamecube	_unknown_	Glitz_Pitz1_v2.mid
gamecube	_unknown_	Glitz_Pitz_2.mid
gamecube	_unknown_	Glitzville_at_Night.mid
gamecube	_unknown_	Goblin_s_Lair.mid
gamecube	_unknown_	Goutset.mid
gamecube	_unknown_	Hero_of_the_Winds.mid
gamecube	_unknown_	Hollow1.mid
gamecube	_unknown_	HooktailBattle.mid
gamecube	_unknown_	House_of_Salvation.mid
gamecube	_unknown_	HydroDynamo.mid
gamecube	_unknown_	HyruleTdrmix.mid
gamecube	_unknown_	HyruleTempleFireEmblemRemix.mid
gamecube	_unknown_	Hyrule_Temple_Mystery_Remix.mid
gamecube	_unknown_	Hyrule_Temple_Spirit_Remix.mid
gamecube	_unknown_	Icicle_Mountain.mid
gamecube	_unknown_	Icicle_Mt_Pianos_2.mid
gamecube	_unknown_	Identity.mid
gamecube	_unknown_	In_a_Shadowy_Woods.mid
gamecube	_unknown_	Incinerator_DroneMecha_Hive.mid
gamecube	_unknown_	Jalhalla.mid
gamecube	_unknown_	Jalhalla_Appears.mid
gamecube	_unknown_	KKCondor.mid
gamecube	_unknown_	KKLullaby.mid
gamecube	_unknown_	KK_Song.mid
gamecube	_unknown_	KK_Western_BM.mid
gamecube	_unknown_	KRA77007.mid
gamecube	_unknown_	Kalle_Demos.mid
gamecube	_unknown_	Keen-edged_blade.mid
gamecube	_unknown_	Keep_your_guard_up.mid
gamecube	_unknown_	Krystal1.mid
gamecube	_unknown_	LMTheme.mid
gamecube	_unknown_	LM_Outside.mid
gamecube	_unknown_	LM_The_Mansion.mid
gamecube	_unknown_	LMclear.mid
gamecube	_unknown_	LMlab.mid
gamecube	_unknown_	LakeHylia-1.mid
gamecube	_unknown_	LakeHylia.mid
gamecube	_unknown_	Lake_Hylia.mid
gamecube	_unknown_	Last_battle_Decision2.mid
gamecube	_unknown_	Like_a_glint_of_light2.mid
gamecube	_unknown_	Like_a_glint_of_light3.mid
gamecube	_unknown_	Limpidly_flow.mid
gamecube	_unknown_	Lloyd.mid
gamecube	_unknown_	Loyd.mid
gamecube	_unknown_	Luigi-s_Mansion.mid
gamecube	_unknown_	Lukes_Theme.mid
gamecube	_unknown_	MGTTEcranTitre.mid
gamecube	_unknown_	MGTTMenuPrincipal.mid
gamecube	_unknown_	MGTTMortSubite.mid
gamecube	_unknown_	MGTTOpenCocotierv_2.mid
gamecube	_unknown_	MGTT_Skins_Match-KM-GM.mid
gamecube	_unknown_	MGTT_Skins_Match-KM.mid
gamecube	_unknown_	MKDD-BabyPark-GM.mid
gamecube	_unknown_	MKDD-BabyPark.mid
gamecube	_unknown_	MKDD-MushroomCity-GM.mid
gamecube	_unknown_	MKDDCircuitsOrchestral.mid
gamecube	_unknown_	MKDDMushroomCity.mid
gamecube	_unknown_	MKDDRainbowRoad.mid
gamecube	_unknown_	MPT_Peach_Dome_Court_Exhibition.mid
gamecube	_unknown_	MP_BurningTrail.mid
gamecube	_unknown_	MP_Flaahgra.mid
gamecube	_unknown_	MP_Frigate2.mid
gamecube	_unknown_	MP_Magmoor_Caverns_V2-0_GS_By_Nova.mid
gamecube	_unknown_	MP_Magmoor_Caverns_V2-0_XG_By_Nova.mid
gamecube	_unknown_	MP_MainMenu.mid
gamecube	_unknown_	MP_TitleTheme.mid
gamecube	_unknown_	MSunshine_Pinna_Park.mid
gamecube	_unknown_	MSunshine_Warp_Zone.mid
gamecube	_unknown_	Magma_Heat.mid
gamecube	_unknown_	Makars_Prayer_v2.mid
gamecube	_unknown_	MarioGolfTT_-_CoinAttack.mid
gamecube	_unknown_	Mario_Kart_DD_Rainbow_Road_Orchestrated.mid
gamecube	_unknown_	Mario_Power_Tennis_Menu_Screen.mid
gamecube	_unknown_	Menu2.mid
gamecube	_unknown_	MetalReHarbor.mid
gamecube	_unknown_	MgmrCav.mid
gamecube	_unknown_	MiasmaStream.mid
gamecube	_unknown_	Molgera.mid
gamecube	_unknown_	Monster_Dance_no_drums.mid
gamecube	_unknown_	Mushroom_Kingdom2.mid
gamecube	_unknown_	Mushroom_Kingdom_2_Rock_Remix_2.mid
gamecube	_unknown_	Mysmnr1.mid
gamecube	_unknown_	Mysterious_Bird_Attack.mid
gamecube	_unknown_	Only_Me.mid
gamecube	_unknown_	Only_Me_-_Lullaby_Edition.mid
gamecube	_unknown_	Outset_Island5.mid
gamecube	_unknown_	PIKMIN1.mid
gamecube	_unknown_	PK_COL_Cipher_Admin_Battle.mid
gamecube	_unknown_	PK_COL_Pyrite_Town.mid
gamecube	_unknown_	PM2_X-Naut_Base-KM-GS.mid
gamecube	_unknown_	PM2_X-Naut_Base-KM.mid
gamecube	_unknown_	PMTTYD-LordCrump_MVG_Battle.mid
gamecube	_unknown_	PMTTYD-XNaut_Base.mid
gamecube	_unknown_	PMTTYD-petalb.mid
gamecube	_unknown_	PMTTYD-sad.mid
gamecube	_unknown_	PMTTYD_LordCrumpMagnus.mid
gamecube	_unknown_	PMTTYD_RogueportSewers.mid
gamecube	_unknown_	PMTTYD_ShadowPeach.mid
gamecube	_unknown_	PMTTYD_ShadowQueen.mid
gamecube	_unknown_	PMTTYD_danger.mid
gamecube	_unknown_	PMTTYOD_Petal_Meadows.mid
gamecube	_unknown_	PMTYD-Smorg_Battle.mid
gamecube	_unknown_	PM_Ttyd_Final_Battle.mid
gamecube	_unknown_	PM_Ttyd_Final_Battle_Pre.mid
gamecube	_unknown_	PM_Ttyd_Lord_Crump.mid
gamecube	_unknown_	PM_tyd_battle.mid
gamecube	_unknown_	PSO_Jungle_A_Lush_Load.mid
gamecube	_unknown_	PTRGHOST.mid
gamecube	_unknown_	Paper-Mario-2---Glitzville.mid
gamecube	_unknown_	Paper_Mario_2_Battle_v2.mid
gamecube	_unknown_	PendingTitle.mid
gamecube	_unknown_	PhendranaDepths.mid
gamecube	_unknown_	PhendrenaDrifts.mid
gamecube	_unknown_	Pikmin-Forest_Navelv2.mid
gamecube	_unknown_	Pikmin.mid
gamecube	_unknown_	Pikmin2-PerplexingPool_Louie_XG_GS.mid
gamecube	_unknown_	Pikmin2-PerplexingPool_Olimar_XG_GS.mid
gamecube	_unknown_	Pikmin2-TitanDweevil.mid
gamecube	_unknown_	Pikmin_MapScreen.mid
gamecube	_unknown_	Pikmin_Night_Comes.mid
gamecube	_unknown_	Pit_of_100_trials.mid
gamecube	_unknown_	PkmnXDGoD_MirorB_Nova.mid
gamecube	_unknown_	Police_Station.mid
gamecube	_unknown_	Potion_Shop.mid
gamecube	_unknown_	Princia_Ramode3.mid
gamecube	_unknown_	PrisonLane.mid
gamecube	_unknown_	Puppet_Ganon3_V2_1.mid
gamecube	_unknown_	RE0SaveRoomArranged.mid
gamecube	_unknown_	RE_saverooms.mid
gamecube	_unknown_	RachelFeltham_LsM_outside.mid
gamecube	_unknown_	RaveOnRevised.mid
gamecube	_unknown_	Realm_of_the_Heavens.mid
gamecube	_unknown_	Relic_Stone_Shrine.mid
gamecube	_unknown_	Resident_Evil_Safe_Haven_MegaMac.mid
gamecube	_unknown_	Results_-_4th_or_Worse_V1-1.mid
gamecube	_unknown_	RidleyRemix.mid
gamecube	_unknown_	Rouge_by_Asa.mid
gamecube	_unknown_	S-ANB-Ending-arr.mid
gamecube	_unknown_	SH_Bingo_Highway-KM-GS.mid
gamecube	_unknown_	SH_Bingo_Highway-KMv1-1.mid
gamecube	_unknown_	SH_Team_Chaotix-KM.mid
gamecube	_unknown_	SMC_Options_Extras-KM.mid
gamecube	_unknown_	SMS-PinnaPark-GM.mid
gamecube	_unknown_	SMS-RiccoHarbor-NightRemix.mid
gamecube	_unknown_	SMSMT.mid
gamecube	_unknown_	SMSRiccoHarbor.mid
gamecube	_unknown_	SMS_Airstrip.mid
gamecube	_unknown_	SMS_Dolphic_Island_FZero_like_Rock_Remix_V1.mid
gamecube	_unknown_	SMS_SandBird.mid
gamecube	_unknown_	SPYHUNTER_LEVEL2MUSIC_remix.mid
gamecube	_unknown_	SR_Digital_Dimension-KM.mid
gamecube	_unknown_	SR_SandRuins.mid
gamecube	_unknown_	SR_SegaCarnival.mid
gamecube	_unknown_	STHLAVA.mid
gamecube	_unknown_	Samus_vs_meta-ridley.mid
gamecube	_unknown_	SeaGate.mid
gamecube	_unknown_	Semifinal.mid
gamecube	_unknown_	Serenite.mid
gamecube	_unknown_	ShTH_Blue_Falcon-KM.mid
gamecube	_unknown_	ShTH_Brief_Relief-KM.mid
gamecube	_unknown_	ShTH_Eclipse_Cannon-KM.mid
gamecube	_unknown_	ShTH_Egg_Dealer-KM.mid
gamecube	_unknown_	ShTH_Heavy_Dog-KM.mid
gamecube	_unknown_	ShTH_No_Way_Out-KM.mid
gamecube	_unknown_	ShTH_Options-KM.mid
gamecube	_unknown_	ShTH_Shut_Your_Mouth-KM.mid
gamecube	_unknown_	Sheena.mid
gamecube	_unknown_	Shifting_Sands.mid
gamecube	_unknown_	Smorgsmorgsmorg.mid
gamecube	_unknown_	SoulCal_-_Hellfire.mid
gamecube	_unknown_	Space_Pirate_Battle.mid
gamecube	_unknown_	Star_Fox_Adv_Menu.mid
gamecube	_unknown_	Star_Fox_Adv_Shackled_Key.mid
gamecube	_unknown_	Star_Fox_Adv_Shackled_Snowhorn_Night.mid
gamecube	_unknown_	Star_Fox_Adv_Snowhorn.mid
gamecube	_unknown_	Star_Fox_Adv_Thorntail_night.mid
gamecube	_unknown_	StoneLike.mid
gamecube	_unknown_	Stoned.mid
gamecube	_unknown_	Storage3.mid
gamecube	_unknown_	Super_Smash_Bros._Melee_-_Dr._Mario.mid
gamecube	_unknown_	Survival_From_the_Force.mid
gamecube	_unknown_	TOS-Anchoret.mid
gamecube	_unknown_	TOS-deepest_woods.mid
gamecube	_unknown_	TOS_BeatTheAngel.mid
gamecube	_unknown_	TOS_in_a__shadowy_woods.mid
gamecube	_unknown_	TROPHY.mid
gamecube	_unknown_	T_StarFoxAdventures_Thorntail11.mid
gamecube	_unknown_	T_StarFoxAdventures_ThorntailNight.mid
gamecube	_unknown_	TalesOfSymphonia_Opening_Cutscene.mid
gamecube	_unknown_	Tales_of_Symphonia_-_Fighting_of_The_Spirit_-_Remix.mid
gamecube	_unknown_	Tales_of_Symphonia_-_Kratos.mid
gamecube	_unknown_	TalesofSymphonia-FightingoftheSpirit-RayZa.mid
gamecube	_unknown_	TalesofSymphonia-NobodyKnows-RayZa.mid
gamecube	_unknown_	TalesofSymphonia-Struggle_to_Survive.mid
gamecube	_unknown_	TallonOverworld.mid
gamecube	_unknown_	TechnoHarbor.mid
gamecube	_unknown_	Tetra_Discovered.mid
gamecube	_unknown_	Tetra_Encounter.mid
gamecube	_unknown_	TheLetterP.mid
gamecube	_unknown_	The_Inn.mid
gamecube	_unknown_	The_end_of_a_thought.mid
gamecube	_unknown_	ThemeOfStarFox.mid
gamecube	_unknown_	ToS_Intro.mid
gamecube	_unknown_	Tos_Kratos.mid
gamecube	_unknown_	Tower_of_the_Gods.mid
gamecube	_unknown_	Training_Battle-longer.mid
gamecube	_unknown_	Venom2.mid
gamecube	_unknown_	Viewtiful_Joe-Stage_2-2.mid
gamecube	_unknown_	Walking_on_Tethe_Alla.mid
gamecube	_unknown_	Waluigi_Stadium_Mario_Colleseum_Arr.mid
gamecube	_unknown_	WarioWare-StrengthInNumbers.mid
gamecube	_unknown_	WarioWare-TheMazeThatPaysXG.mid
gamecube	_unknown_	WarioWareInc_zb_Allstars.mid
gamecube	_unknown_	Wario_World_-_Greenhorn_Forest.mid
gamecube	_unknown_	Warp_Zone.mid
gamecube	_unknown_	WhiteJungle.mid
gamecube	_unknown_	WindWaker_DragonRoost.mid
gamecube	_unknown_	WindWaker_FarewellHyruleKing.mid
gamecube	_unknown_	Wind_Temple-1.mid
gamecube	_unknown_	Wind_Waker_-_Get_Item.mid
gamecube	_unknown_	Wind_Waker_-_Get_Master_Sword.mid
gamecube	_unknown_	Wind_Waker_-_Grandma.mid
gamecube	_unknown_	Wind_Waker_-_Hyrule_Castle.mid
gamecube	_unknown_	Wind_Waker_-_Inside_a_House.mid
gamecube	_unknown_	Wind_Waker_-_Orcas_House.mid
gamecube	_unknown_	Wind_Waker_-_Puppet_Ganon_Snake_Mode.mid
gamecube	_unknown_	Wind_Waker_-_Wind_Temple.mid
gamecube	_unknown_	Wind_Waker_Overworld_Remix_dw.mid
gamecube	_unknown_	WisdomTriforce.mid
gamecube	_unknown_	X_email.mid
gamecube	_unknown_	ZFSA_BlueMaidenVillage2.mid
gamecube	_unknown_	ZFSA_RealmoftheHeavens.mid
gamecube	_unknown_	ZFSA_RoyalGuardian.mid
gamecube	_unknown_	Ztmremix.mid
gamecube	_unknown_	_kfodfogsbymax.mid
gamecube	_unknown_	ac-0500.mid
gamecube	_unknown_	ac-0600.mid
gamecube	_unknown_	ac-0800.mid
gamecube	_unknown_	ac-0900-v2.mid
gamecube	_unknown_	ac-1300.mid
gamecube	_unknown_	ac-1400.mid
gamecube	_unknown_	ac-1500.mid
gamecube	_unknown_	ac-titlescreen.mid
gamecube	_unknown_	ac_1100.mid
gamecube	_unknown_	ac_1200.mid
gamecube	_unknown_	ac_1300.mid
gamecube	_unknown_	ac_1700.mid
gamecube	_unknown_	ac_crazyredd.mid
gamecube	_unknown_	ac_kfunk.mid
gamecube	_unknown_	ac_kkrider.mid
gamecube	_unknown_	ac_only-me.mid
gamecube	_unknown_	ac_rain.mid
gamecube	_unknown_	ac_working-for-nook_sblive.mid
gamecube	_unknown_	ac_xmas-eve.mid
gamecube	_unknown_	air_41_city.mid
gamecube	_unknown_	aryll.mid
gamecube	_unknown_	balloon.mid
gamecube	_unknown_	bartmansthemelolbelowdeckwindwaker.mid
gamecube	_unknown_	battle.mid
gamecube	_unknown_	beat_the_angel.mid
gamecube	_unknown_	bellflower.mid
gamecube	_unknown_	below_deck.mid
gamecube	_unknown_	blademountain.mid
gamecube	_unknown_	boilingpot.mid
gamecube	_unknown_	bowserbattle2.mid
gamecube	_unknown_	bowsiewowsie.mid
gamecube	_unknown_	bubblywashingmachine.mid
gamecube	_unknown_	casino_palace.mid
gamecube	_unknown_	city_arrangement.mid
gamecube	_unknown_	coronamountain.mid
gamecube	_unknown_	derris-kharlan_appear.mid
gamecube	_unknown_	derriskharlan.mid
gamecube	_unknown_	derriskharlanshrine.mid
gamecube	_unknown_	djkkslider.mid
gamecube	_unknown_	dragon_roost_gs.mid
gamecube	_unknown_	dragon_roost_xg.mid
gamecube	_unknown_	dragonroostisland.mid
gamecube	_unknown_	duo_sh_grandmetropolis.mid
gamecube	_unknown_	echo.mid
gamecube	_unknown_	eightkeydomain.mid
gamecube	_unknown_	floatingintheair.mid
gamecube	_unknown_	forest-stage.mid
gamecube	_unknown_	forest_of_the_treant.mid
gamecube	_unknown_	foret_des_champignon.mid
gamecube	_unknown_	fountainofdreams.mid
gamecube	_unknown_	fz-Mute_City.mid
gamecube	_unknown_	fzero_gx-james_mccloud.mid
gamecube	_unknown_	fzgxpp.mid
gamecube	_unknown_	gamecube_menu_looped.mid
gamecube	_unknown_	gamluig2.mid
gamecube	_unknown_	get_item_jingle.mid
gamecube	_unknown_	gx_story2.mid
gamecube	_unknown_	haven.mid
gamecube	_unknown_	heroes_main.mid
gamecube	_unknown_	hima.mid
gamecube	_unknown_	hmawl_gustafa.mid
gamecube	_unknown_	hoteldelfino.mid
gamecube	_unknown_	infiltration-sequencedbykeithwelker.mid
gamecube	_unknown_	inside_anywhere_v2.mid
gamecube	_unknown_	insidethewhale.mid
gamecube	_unknown_	it_can_waver_and_fight.mid
gamecube	_unknown_	jabun.mid
gamecube	_unknown_	jrlepage_-_XG_-_f-zero_gx_-_options.mid
gamecube	_unknown_	jungleisland.mid
gamecube	_unknown_	kar-fha.mid
gamecube	_unknown_	kar_skysands.mid
gamecube	_unknown_	karbeanpark.mid
gamecube	_unknown_	karmetal.mid
gamecube	_unknown_	karukxgbymax.mid
gamecube	_unknown_	kazenouta.mid
gamecube	_unknown_	kk_lament_aircheck.mid
gamecube	_unknown_	kk_rider_rock_mix.mid
gamecube	_unknown_	kkcruisin.mid
gamecube	_unknown_	kkdirge.mid
gamecube	_unknown_	kklovesong.mid
gamecube	_unknown_	kkriderslider.mid
gamecube	_unknown_	krysta1-116chGM.mid
gamecube	_unknown_	last_battle_will.mid
gamecube	_unknown_	lavacupoftea.mid
gamecube	_unknown_	levelup.mid
gamecube	_unknown_	lm.mid
gamecube	_unknown_	lmtitl.mid
gamecube	_unknown_	luigi.mid
gamecube	_unknown_	luigismansion.mid
gamecube	_unknown_	magmoor.mid
gamecube	_unknown_	makar.mid
gamecube	_unknown_	mansion_theme_1_1.mid
gamecube	_unknown_	mantastorm.mid
gamecube	_unknown_	mario_circuit__orchestrated___soundblaster_live_.mid
gamecube	_unknown_	mariogtt-course2.mid
gamecube	_unknown_	mariogtt-course5.mid
gamecube	_unknown_	mariokartddoptions.mid
gamecube	_unknown_	metal_mushroom.mid
gamecube	_unknown_	mirorb.mid
gamecube	_unknown_	mithos.mid
gamecube	_unknown_	mkda_cooking_with_scorpion3.mid
gamecube	_unknown_	monkeygolf2.mid
gamecube	_unknown_	morshusmansion.mid
gamecube	_unknown_	mp7Moulinville.mid
gamecube	_unknown_	mp_Samus.mid
gamecube	_unknown_	mp_ost_16_IceValley.mid
gamecube	_unknown_	mtpca.mid
gamecube	_unknown_	mts.mid
gamecube	_unknown_	mushroom_kingdom.mid
gamecube	_unknown_	normal_battle_v2.mid
gamecube	_unknown_	northclear_2.mid
gamecube	_unknown_	outset.mid
gamecube	_unknown_	outset_island-1.mid
gamecube	_unknown_	outset_island.mid
gamecube	_unknown_	papermariotyd-menuscreenGS.mid
gamecube	_unknown_	pcbattle.mid
gamecube	_unknown_	phendrana_phazon.mid
gamecube	_unknown_	pikmin2-valley-of-repose-day1-fixed.mid
gamecube	_unknown_	pkc_bat1.mid
gamecube	_unknown_	pm2_smorgbattle.mid
gamecube	_unknown_	pm2title.mid
gamecube	_unknown_	pmrpg_undergroundxg.mid
gamecube	_unknown_	pmttyd_cortezbattle.mid
gamecube	_unknown_	presea.mid
gamecube	_unknown_	psycho_mantis_v11.mid
gamecube	_unknown_	pyramid_cave2.mid
gamecube	_unknown_	regaltheme.mid
gamecube	_unknown_	rendezvous.mid
gamecube	_unknown_	restfull.mid
gamecube	_unknown_	robostart.mid
gamecube	_unknown_	ruinmode.mid
gamecube	_unknown_	sagelaruto.mid
gamecube	_unknown_	samus_appears.mid
gamecube	_unknown_	save_game.mid
gamecube	_unknown_	sc2historyunfolds.mid
gamecube	_unknown_	search_a_seal_tethe_alla.mid
gamecube	_unknown_	skysandspiano.mid
gamecube	_unknown_	sms-sandbird.mid
gamecube	_unknown_	sms_airstrip.mid
gamecube	_unknown_	sms_bianco.mid
gamecube	_unknown_	sms_shadow_mario.mid
gamecube	_unknown_	sms_toobad.mid
gamecube	_unknown_	smsbattle1.mid
gamecube	_unknown_	smsbianco.mid
gamecube	_unknown_	sophie.mid
gamecube	_unknown_	tac_challenge.mid
gamecube	_unknown_	talesofsymphonia.mid
gamecube	_unknown_	talk_about_sylvarant.mid
gamecube	_unknown_	the_struggle_to_survive.mid
gamecube	_unknown_	tm_ac_kkballad.mid
gamecube	_unknown_	todaytomorrow.mid
gamecube	_unknown_	tos_drytrail.mid
gamecube	_unknown_	tos_iselia.mid
gamecube	_unknown_	tos_mithos.mid
gamecube	_unknown_	tos_overcome.mid
gamecube	_unknown_	tos_raine_ml.mid
gamecube	_unknown_	tso_v3.mid
gamecube	_unknown_	twodaysago.mid
gamecube	_unknown_	undertheocean.mid
gamecube	_unknown_	wave_race_blue_storm_-_ocean_city_harbor_sunny.mid
gamecube	_unknown_	wind_waker_intro.mid
gamecube	_unknown_	wind_waker_theme_pg.mid
gamecube	_unknown_	windfall_island.mid
gamecube	_unknown_	windwaker.mid
gamecube	_unknown_	windwakerintro2.mid
gamecube	_unknown_	withus.mid
gamecube	_unknown_	wndwaker.mid
gamecube	_unknown_	xdpurification.mid
gamecube	_unknown_	zelos.mid
gamecube	_unknown_	zelos_serious.mid
gba	_unknown_	%28catac%29.mid
gba	_unknown_	%28clockt%29.mid
gba	_unknown_	%28park%2812mb%29.mid
gba	_unknown_	%28park%284mb%29.mid
gba	_unknown_	%28tower%29.mid
gba	_unknown_	017_Undefeated_Spirit.mid
gba	_unknown_	029_Rise_to_the_challenge.mid
gba	_unknown_	097_gomaabura.mid
gba	_unknown_	098_gomadoufu.mid
gba	_unknown_	0_rivalrs_v2.mid
gba	_unknown_	1445.mid
gba	_unknown_	1psvl.mid
gba	_unknown_	1pvsc.mid
gba	_unknown_	1up.mid
gba	_unknown_	5.mid
gba	_unknown_	AMD_Battle.mid
gba	_unknown_	AMastera_FatheraThiefv1.mid
gba	_unknown_	AW2_lash.mid
gba	_unknown_	AW2_sensei_fixed.mid
gba	_unknown_	Accelerondo.mid
gba	_unknown_	Adv_Wars_Andy_v2.mid
gba	_unknown_	Advance_Wars_Eagle.mid
gba	_unknown_	Andy.mid
gba	_unknown_	AndysAnthem_ver4.mid
gba	_unknown_	Andys_Theme.mid
gba	_unknown_	Anguish.mid
gba	_unknown_	Aqua_Rock_GM.mid
gba	_unknown_	Aqua_Rock_XG.mid
gba	_unknown_	Arlee.mid
gba	_unknown_	Astos.mid
gba	_unknown_	AstroboyTOF_title.mid
gba	_unknown_	AstroboyTOF_title_GS.mid
gba	_unknown_	AudaciousMarchv1.mid
gba	_unknown_	B1L_minishcap_cave.mid
gba	_unknown_	B1L_minishcap_cloudtops.mid
gba	_unknown_	B1L_minishcap_cuccochase.mid
gba	_unknown_	B1L_minishcap_darkhyrulecastle.mid
gba	_unknown_	B1L_minishcap_fairyfountain.mid
gba	_unknown_	B1L_minishcap_hyruletown.mid
gba	_unknown_	B1L_minishcap_minishvillage.mid
gba	_unknown_	B1L_minishcap_minishwoods.mid
gba	_unknown_	B1L_minishcap_royalcrypt.mid
gba	_unknown_	B1L_minishcap_vaatibattle.mid
gba	_unknown_	BDF_Itsukushima.mid
gba	_unknown_	BL_gnk_minigames.mid
gba	_unknown_	BN2batt.mid
gba	_unknown_	BN3N1pri.mid
gba	_unknown_	BOWLETTA.mid
gba	_unknown_	BOWLETTB.mid
gba	_unknown_	BTA_TownMelody.mid
gba	_unknown_	BT_-_Desert.mid
gba	_unknown_	BT_brainbomber.mid
gba	_unknown_	Battle1.mid
gba	_unknown_	BattleGM.mid
gba	_unknown_	BattleXG.mid
gba	_unknown_	Battle_of_Another_Side.mid
gba	_unknown_	Battlethemeremix.mid
gba	_unknown_	BeanbeanChristmas.mid
gba	_unknown_	Beanbean_Castle.mid
gba	_unknown_	BlackDragon.mid
gba	_unknown_	BlackFang.mid
gba	_unknown_	Black_sun.mid
gba	_unknown_	BleachAdvTraining.mid
gba	_unknown_	Bowletta_anger.mid
gba	_unknown_	BricksterbotDance.mid
gba	_unknown_	Bricksterbots.mid
gba	_unknown_	Brinstar.mid
gba	_unknown_	BustinOutGym.mid
gba	_unknown_	BustinOutGymXG.mid
gba	_unknown_	CBHanyouiy.mid
gba	_unknown_	CB_Blimp_Bonana.mid
gba	_unknown_	CB_Bonus.mid
gba	_unknown_	CB_NGin.mid
gba	_unknown_	CB_Neo_Cortex.mid
gba	_unknown_	CB_Ntrncd_Briefing.mid
gba	_unknown_	CB_Ntrncd_Evil_Coco.mid
gba	_unknown_	CB_Ntrncd_Intro.mid
gba	_unknown_	CB_Ntrncd_Wake_Boarding.mid
gba	_unknown_	CB_Shudder2.mid
gba	_unknown_	CLOCKTOWER.mid
gba	_unknown_	CacklettaBattle.mid
gba	_unknown_	Catacombs%28JM%29.mid
gba	_unknown_	Champion_Rival.mid
gba	_unknown_	Chucklehuck_Woods.mid
gba	_unknown_	Colin.mid
gba	_unknown_	Cosmic_angel_zone.mid
gba	_unknown_	CreamLock.mid
gba	_unknown_	Crisis.mid
gba	_unknown_	Cyril.mid
gba	_unknown_	DBZSW_PowerfulRivals.mid
gba	_unknown_	DBZ_2_Theme.mid
gba	_unknown_	DE-AW2Opening.mid
gba	_unknown_	DEPARTURE.mid
gba	_unknown_	DR_GS_FusionDragon.mid
gba	_unknown_	DR_GS_SaturosMenardiBattle.mid
gba	_unknown_	Dark_Arena_-_Storyline.mid
gba	_unknown_	Dark_Arena_-_Title.mid
gba	_unknown_	DeepwoodShrine.mid
gba	_unknown_	Dewford_Town.mid
gba	_unknown_	Disney_Sports_-_Title_Screen.mid
gba	_unknown_	DistantUtopia.mid
gba	_unknown_	Donut_Plains_Remix.mid
gba	_unknown_	Drake.mid
gba	_unknown_	ELEMENTE.mid
gba	_unknown_	ENDING.mid
gba	_unknown_	EXE1ACDC.mid
gba	_unknown_	EXE1ACDCElem.mid
gba	_unknown_	EXE1ACDCElemNet.mid
gba	_unknown_	EXE1Den.mid
gba	_unknown_	EXE1EnemyDeleted.mid
gba	_unknown_	EXE1LanHouse.mid
gba	_unknown_	EXE1OvenNet.mid
gba	_unknown_	EXE1Theme.mid
gba	_unknown_	EXE1VirusBusting.mid
gba	_unknown_	EXE_RO_Starman_V1_0.mid
gba	_unknown_	Edgar_And_Sabin.mid
gba	_unknown_	Egg_Rocket.mid
gba	_unknown_	Egg_Utopia.mid
gba	_unknown_	Escaping_Catastrophy.mid
gba	_unknown_	Eternal_Blazing_Sunshine.mid
gba	_unknown_	F-F-Fire.mid
gba	_unknown_	F-ZeroMVOver.mid
gba	_unknown_	F-Zero_Climax_-_Big_Blue.mid
gba	_unknown_	F-Zero_Climax_-_Fire_Field.mid
gba	_unknown_	F-Zero_Climax_-_Illusion_V1_1.mid
gba	_unknown_	F-Zero_Climax_-_Mute_City.mid
gba	_unknown_	F-Zero_Climax_-_Port_Town.mid
gba	_unknown_	F-Zero_Climax_-_Red_Canyon.mid
gba	_unknown_	F-Zero_Climax_-_Sand_Ocean.mid
gba	_unknown_	F-Zero_Climax_-_Silence.mid
gba	_unknown_	F-Zero_Climax_-_White_Land.mid
gba	_unknown_	F-Zero_GP_Legend-Lighting.mid
gba	_unknown_	F-Zero_GP_Legend_-_Big_Blue.mid
gba	_unknown_	F-Zero_GP_Legend_-_Fire_Field.mid
gba	_unknown_	F-Zero_GP_Legend_-_Illusion.mid
gba	_unknown_	F-Zero_GP_Legend_-_Lightning.mid
gba	_unknown_	F-Zero_GP_Legend_-_Mist_Flow.mid
gba	_unknown_	F-Zero_GP_Legend_-_Mute_City.mid
gba	_unknown_	F-Zero_GP_Legend_-_Port_Town.mid
gba	_unknown_	F-Zero_GP_Legend_-_Red_Canyon.mid
gba	_unknown_	F-Zero_GP_Legend_-_Red_Canyon_X.mid
gba	_unknown_	F-Zero_GP_Legend_-_Sand_Ocean.mid
gba	_unknown_	F-Zero_GP_Legend_-_Silence.mid
gba	_unknown_	F-Zero_GP_Legend_-_Silence_X.mid
gba	_unknown_	F-Zero_GP_Legend_-_White_Land.mid
gba	_unknown_	F-Zero_GP_Legend_-_White_Land_X.mid
gba	_unknown_	F-Zero_MV_-_Ancient_Mesa.mid
gba	_unknown_	F-Zero_MV_-_Beacon_Port.mid
gba	_unknown_	F-Zero_MV_-_Bianca_City_V2_3.mid
gba	_unknown_	F-Zero_MV_-_Cloud_Carpet-1.mid
gba	_unknown_	F-Zero_MV_-_Crater_Land.mid
gba	_unknown_	F-Zero_MV_-_Empyrean_Colony_-Remix-.mid
gba	_unknown_	F-Zero_MV_-_Fire_Field.mid
gba	_unknown_	F-Zero_MV_-_Stark_Farm.mid
gba	_unknown_	F-Zero_MV_-_Synobazz_-Remix-.mid
gba	_unknown_	F-Zero_MV_-_Tenth_Zone_East.mid
gba	_unknown_	FE-TogetherWeRide.mid
gba	_unknown_	FE6_Roy_Journey_No_Quicktime.mid
gba	_unknown_	FE7_A_Knights_Oath_Arranged.mid
gba	_unknown_	FE8-Comrades.mid
gba	_unknown_	FEEliwood.mid
gba	_unknown_	FEKnight.mid
gba	_unknown_	FE_shipsandhomes.mid
gba	_unknown_	FRLG_Lavender.mid
gba	_unknown_	FZC_Alternate_Theme-KM.mid
gba	_unknown_	FZC_Course_Intro-KMv1-1.mid
gba	_unknown_	FZC_Illusion-KM.mid
gba	_unknown_	FZC_Mute_City_Arr-KM.mid
gba	_unknown_	FZC_Silence-KM.mid
gba	_unknown_	FZC_Storyline-KM.mid
gba	_unknown_	FZGPL_Credits-KM.mid
gba	_unknown_	FZGP_Mutecity.mid
gba	_unknown_	FZMV_Crater_Land-KM.mid
gba	_unknown_	FZMV_Empyrean_Colony-KM.mid
gba	_unknown_	FZMV_Synobazz-KM.mid
gba	_unknown_	FZMV_Tenth_Zone_East-KM.mid
gba	_unknown_	FZMV_Title-KM-GS.mid
gba	_unknown_	FZMV_Title-KM.mid
gba	_unknown_	FZMV_Unused1.mid
gba	_unknown_	FZMV_Unused2.mid
gba	_unknown_	FZMVleaguedone1.mid
gba	_unknown_	Fallen_Angel_Battle_BGM_V_101.mid
gba	_unknown_	Fire_-_The_Ultimate_Koopa.mid
gba	_unknown_	Fire_Emblem_-_10_Distant_Travels.mid
gba	_unknown_	Fire_Emblem_Theme.mid
gba	_unknown_	Fire_Emblem_WithIntro2.mid
gba	_unknown_	Fire_emblem_hot_talk.mid
gba	_unknown_	ForbiddenAreaGM.mid
gba	_unknown_	ForbiddenAreaXG.mid
gba	_unknown_	FourSwordsv2.mid
gba	_unknown_	Free_Duel_-_Tier_2.mid
gba	_unknown_	Fzmvcr1.mid
gba	_unknown_	GOTITEM.mid
gba	_unknown_	GS-_Final_Beacon.mid
gba	_unknown_	GSLABoatBattle.mid
gba	_unknown_	GSLA_Children.mid
gba	_unknown_	GSLA_JLighthouse.mid
gba	_unknown_	GSLA_agatio_battle.mid
gba	_unknown_	GS_-_Battle_Theme_-Remix-.mid
gba	_unknown_	GS_-_Saturos_Battle_-Remix-.mid
gba	_unknown_	GS_Babi.mid
gba	_unknown_	GS_BabiLighthouse.mid
gba	_unknown_	GS_Battle.mid
gba	_unknown_	GS_Desert.mid
gba	_unknown_	GS_FloodedAltin.mid
gba	_unknown_	GS_GameOver.mid
gba	_unknown_	GS_Ivan.mid
gba	_unknown_	GS_Main_Theme.mid
gba	_unknown_	GS_Main_Theme_Extended.mid
gba	_unknown_	GS_MercuryLighthouse.mid
gba	_unknown_	GS_MoapaBattle.mid
gba	_unknown_	GS_SaturosBattle.mid
gba	_unknown_	GS_Spirit.mid
gba	_unknown_	GS_VenusLighthouse.mid
gba	_unknown_	Game_Over.mid
gba	_unknown_	Gary2.mid
gba	_unknown_	GekidoAdv_2.mid
gba	_unknown_	GoldenSun1OverworldMix.mid
gba	_unknown_	GoldenSun2_Alone.mid
gba	_unknown_	GoldenSun2_AquaRock.mid
gba	_unknown_	GoldenSun2_AwakenGMXGv103.mid
gba	_unknown_	GoldenSun2_BoatBattles_GMv250.mid
gba	_unknown_	GoldenSun2_BoatBattles_XGv2.mid
gba	_unknown_	GoldenSun2_Caves.mid
gba	_unknown_	GoldenSun2_Death.mid
gba	_unknown_	GoldenSun2_EpilogueGMXG.mid
gba	_unknown_	GoldenSun2_FelixBattleGMXG.mid
gba	_unknown_	GoldenSun2_GarohGMXG.mid
gba	_unknown_	GoldenSun2_JennaBattle_GMv3.mid
gba	_unknown_	GoldenSun2_JennaBattle_XGv3.mid
gba	_unknown_	GoldenSun2_LemurianShip.mid
gba	_unknown_	GoldenSun2_MarsLighthouse.mid
gba	_unknown_	GoldenSun2_Prox.mid
gba	_unknown_	GoldenSun2_ThemeArg1.mid
gba	_unknown_	GoldenSunRises.mid
gba	_unknown_	GoldenSun_AltinCavesGMXG.mid
gba	_unknown_	GoldenSun_PartyMemberRevival.mid
gba	_unknown_	GoldenSun_SaturosBattleGMv102.mid
gba	_unknown_	GoldenSun_SaturosBattleXGv2.mid
gba	_unknown_	GoldenSun_TroubleEncounter.mid
gba	_unknown_	GoldenSun_ValeGMXG.mid
gba	_unknown_	Golden_Sun_3.mid
gba	_unknown_	Golden_Sun_Lalivero.mid
gba	_unknown_	Golden_Sun_McCoys_Palace_2.mid
gba	_unknown_	Golden_Sun_Menu_Screen.mid
gba	_unknown_	Golden_Sun_The_Lost_Age_Yallem.mid
gba	_unknown_	Golden_Sun_The_Lost_Age_Yallem_Remix.mid
gba	_unknown_	Golden_sun_theme.mid
gba	_unknown_	Goo_Lagoon.mid
gba	_unknown_	Guardianlevel.mid
gba	_unknown_	Gwarharv2.mid
gba	_unknown_	Hallowbastion.mid
gba	_unknown_	Harvest_Moon_-_Meet_Love.mid
gba	_unknown_	HawkeTHM.mid
gba	_unknown_	HawkeTheme.mid
gba	_unknown_	HeroTheme.mid
gba	_unknown_	HoohooMountain.mid
gba	_unknown_	Ice_mountain_1_XG.mid
gba	_unknown_	Imil.mid
gba	_unknown_	IndoorsGM.mid
gba	_unknown_	InescapableFatev1-1.mid
gba	_unknown_	InsideAlpha.mid
gba	_unknown_	InternetGM.mid
gba	_unknown_	InternetXG.mid
gba	_unknown_	Island_Paradise_Remix_V1.mid
gba	_unknown_	JDC_EXE1Batt.mid
gba	_unknown_	JDC_JJAChelo.mid
gba	_unknown_	JJAWDv1_1.mid
gba	_unknown_	JJA_Title.mid
gba	_unknown_	JOKESEND.mid
gba	_unknown_	K64ArenaBattle.mid
gba	_unknown_	KAM-Rainbow_Route.mid
gba	_unknown_	KEFKA.mid
gba	_unknown_	KHCOM-AnsemBattle.mid
gba	_unknown_	KHCOM-MarluxiaBattle.mid
gba	_unknown_	KHCOM-RikuBattle.mid
gba	_unknown_	KHCOM-Tension.mid
gba	_unknown_	KHmem_title.mid
gba	_unknown_	KNIDYogurtYard.mid
gba	_unknown_	KanbeisTheme.mid
gba	_unknown_	Kat_Ana_Theme.mid
gba	_unknown_	KnightBN.mid
gba	_unknown_	Ko-Wahi_Theme.mid
gba	_unknown_	KolimaForest.mid
gba	_unknown_	Kraid.mid
gba	_unknown_	Krillin_Powers_Up2.mid
gba	_unknown_	LHsu.mid
gba	_unknown_	LIGHTNING_3.mid
gba	_unknown_	Leaf_Forest1.mid
gba	_unknown_	Little_Fungitown.mid
gba	_unknown_	Low_HP_Alarm.mid
gba	_unknown_	LyonOrganArrangement.mid
gba	_unknown_	M3AsYouWish.mid
gba	_unknown_	M3GoingAlone.mid
gba	_unknown_	M3MonkeysDeliveryServicev2.mid
gba	_unknown_	M3TimeRoom.mid
gba	_unknown_	M3_ALetterFromYou-1.mid
gba	_unknown_	M3_Like_looking_for_a_dropped_pickle.mid
gba	_unknown_	M3_Lobby.mid
gba	_unknown_	M3_MonkeySeeMonkeyDo.mid
gba	_unknown_	M3_Murisaki_Forest.mid
gba	_unknown_	MDPP-Menu.mid
gba	_unknown_	MF-SA-XEncounter.mid
gba	_unknown_	MF_Frozen_In_Time.mid
gba	_unknown_	MGATCarte.mid
gba	_unknown_	MGATChallenge.mid
gba	_unknown_	MGATDormie.mid
gba	_unknown_	MGATEcranTitre.mid
gba	_unknown_	MGATFieldCourse.mid
gba	_unknown_	MGATJoe.mid
gba	_unknown_	MGATLegend-1.mid
gba	_unknown_	MGATMainMenu.mid
gba	_unknown_	MGATMarionClubhouse.mid
gba	_unknown_	MGATOpening-1.mid
gba	_unknown_	MGATPalmsClub.mid
gba	_unknown_	MGATParcoursMarion.mid
gba	_unknown_	MGATParcoursPalmier.mid
gba	_unknown_	MGATPutts.mid
gba	_unknown_	MGATSave.mid
gba	_unknown_	MGATScores.mid
gba	_unknown_	MGATSherry-1.mid
gba	_unknown_	MGATTestsv_2.mid
gba	_unknown_	MGATTournoiMarion.mid
gba	_unknown_	MGATTournoiPalmier.mid
gba	_unknown_	MGATVermine-1.mid
gba	_unknown_	MGAT_Field_Course-KM.mid
gba	_unknown_	MGAT_coo-coo_course.mid
gba	_unknown_	MGAT_peach_castle.mid
gba	_unknown_	MIST_FLOW_6.mid
gba	_unknown_	MKAMenu.mid
gba	_unknown_	MKSCMenuext.mid
gba	_unknown_	MKSCRibbonRoad1.mid
gba	_unknown_	MKSC_Menu.mid
gba	_unknown_	MLSPANIC.mid
gba	_unknown_	MLSuperstarSaga_Battle.mid
gba	_unknown_	ML_BeanbeanCastle.mid
gba	_unknown_	ML_HOO2.mid
gba	_unknown_	ML_REMIX.mid
gba	_unknown_	MPT_GBA_EcranTitre.mid
gba	_unknown_	MPT_GBA_MainMenu_v4.mid
gba	_unknown_	MPT_GBA_Opening.mid
gba	_unknown_	MTPT_LevelUP.mid
gba	_unknown_	MTPT_SeniorRank2n1.mid
gba	_unknown_	MTPT_SeniorRank4n3.mid
gba	_unknown_	MZM_-_Escape.mid
gba	_unknown_	MZM_-_Kraids_Lair.mid
gba	_unknown_	MZM_-_Tourian.mid
gba	_unknown_	MZM_Intro.mid
gba	_unknown_	MZM_Ridley.mid
gba	_unknown_	Machine_Tower.mid
gba	_unknown_	Magicians_Tower.mid
gba	_unknown_	Magma_Aqua_RS_XG.mid
gba	_unknown_	MaidenOfTheDark.mid
gba	_unknown_	ManaHolySword.mid
gba	_unknown_	MarioGolfAdvance_BirdieShot.mid
gba	_unknown_	Mario_Bros._-_Phase_5.mid
gba	_unknown_	Marion_Course_v2.mid
gba	_unknown_	Marluxia2.mid
gba	_unknown_	MarsLighthouse.mid
gba	_unknown_	MasterPorkyOrchestrated.mid
gba	_unknown_	MasterPorkysTheme.mid
gba	_unknown_	Medabots_-_Robattle_Song_1.mid
gba	_unknown_	Medamayaki.mid
gba	_unknown_	MegaManBattleChipChallenge_Match-Finals_GM.mid
gba	_unknown_	MegaManBattleChipChallenge_Match-Finals_XG.mid
gba	_unknown_	MegaManZero2_StrongWill_GM.mid
gba	_unknown_	Mega_Man_Battle_Network_2_Gospel_Final_Battle_DW.mid
gba	_unknown_	Megaman-BattleNetwork3_N1-Grand-Prix-Battle.mid
gba	_unknown_	Megaman-Zero-2-Intro-stage.mid
gba	_unknown_	Mercury_Lighthouse.mid
gba	_unknown_	MetalSlugAdv_BaseCamp_v1_1.mid
gba	_unknown_	MinishCap_HyruleTown.mid
gba	_unknown_	MinishVillageGM.mid
gba	_unknown_	MinishVillageXGv1-2.mid
gba	_unknown_	Minish_Cap_-_Picori_Festival.mid
gba	_unknown_	Minish_Cap_-_Syrup_the_Witch.mid
gba	_unknown_	Mkadv_beaches.mid
gba	_unknown_	MonsterHouse-NoDrum.mid
gba	_unknown_	NEOGRHL1.mid
gba	_unknown_	NMID-BattleTower.mid
gba	_unknown_	Naruto_Op.mid
gba	_unknown_	NaturalKillerCyborgv1.mid
gba	_unknown_	Nell.mid
gba	_unknown_	Neo_Green_Hill.mid
gba	_unknown_	NmiDlABMKsP.mid
gba	_unknown_	OLfpw_braveheart.mid
gba	_unknown_	OLfpw_conquest.mid
gba	_unknown_	OLfpw_heorism.mid
gba	_unknown_	OLfpw_mysterious.mid
gba	_unknown_	OLfpw_pathos.mid
gba	_unknown_	OLfpw_toohot.mid
gba	_unknown_	OLfpwtitle.mid
gba	_unknown_	Oceanic_Museum-.mid
gba	_unknown_	OceansofBeanbeanKingdom_remade.mid
gba	_unknown_	Olaf.mid
gba	_unknown_	Oldale_Town.mid
gba	_unknown_	Only_One_Number_One2.mid
gba	_unknown_	PKMNRSE_-_GKRLegendaryBattleRemix.mid
gba	_unknown_	PKMNRubSapMagAquaTeamLeaderBttleArranged.mid
gba	_unknown_	PMDRRT_Sky_Tower.mid
gba	_unknown_	PPG_GBA_Stage_3.mid
gba	_unknown_	PRINCE.mid
gba	_unknown_	PRWF-_Theme.mid
gba	_unknown_	Pballzone.mid
gba	_unknown_	Pcgply.mid
gba	_unknown_	Pcresult.mid
gba	_unknown_	PiggyGuysv3.mid
gba	_unknown_	Pink_Shell.mid
gba	_unknown_	Pinobee_End_Credits.mid
gba	_unknown_	Pinobee_Good_Fairy_Movie_Mix.mid
gba	_unknown_	PkmRS-111.mid
gba	_unknown_	PkmRS-113.mid
gba	_unknown_	PkmRS-120.mid
gba	_unknown_	PkmRS-123.mid
gba	_unknown_	PkmRS-AShip.mid
gba	_unknown_	PkmRS-AquaE.mid
gba	_unknown_	PkmRS-Around.mid
gba	_unknown_	PkmRS-Attacking.mid
gba	_unknown_	PkmRS-BTower.mid
gba	_unknown_	PkmRS-Badge.mid
gba	_unknown_	PkmRS-Battle10.mid
gba	_unknown_	PkmRS-Battle3.mid
gba	_unknown_	PkmRS-Battle6.mid
gba	_unknown_	PkmRS-Battle7.mid
gba	_unknown_	PkmRS-Battle8.mid
gba	_unknown_	PkmRS-Battle9.mid
gba	_unknown_	PkmRS-Berry.mid
gba	_unknown_	PkmRS-Cable.mid
gba	_unknown_	PkmRS-Caught.mid
gba	_unknown_	PkmRS-CaveForest.mid
gba	_unknown_	PkmRS-Center.mid
gba	_unknown_	PkmRS-Chamber.mid
gba	_unknown_	PkmRS-Champ.mid
gba	_unknown_	PkmRS-ChampionE.mid
gba	_unknown_	PkmRS-Contest.mid
gba	_unknown_	PkmRS-Corner.mid
gba	_unknown_	PkmRS-Credits.mid
gba	_unknown_	PkmRS-Diving.mid
gba	_unknown_	PkmRS-EliteE.mid
gba	_unknown_	PkmRS-Enc1.mid
gba	_unknown_	PkmRS-Enc10.mid
gba	_unknown_	PkmRS-Enc2.mid
gba	_unknown_	PkmRS-Enc3.mid
gba	_unknown_	PkmRS-Enc4.mid
gba	_unknown_	PkmRS-Enc5.mid
gba	_unknown_	PkmRS-Enc6.mid
gba	_unknown_	PkmRS-Enc7.mid
gba	_unknown_	PkmRS-Enc8.mid
gba	_unknown_	PkmRS-Enc9.mid
gba	_unknown_	PkmRS-Entrance.mid
gba	_unknown_	PkmRS-EverGrande.mid
gba	_unknown_	PkmRS-Evolving.mid
gba	_unknown_	PkmRS-Fallarbor.mid
gba	_unknown_	PkmRS-Falls.mid
gba	_unknown_	PkmRS-Fortree.mid
gba	_unknown_	PkmRS-Gym.mid
gba	_unknown_	PkmRS-HMTM.mid
gba	_unknown_	PkmRS-Hall.mid
gba	_unknown_	PkmRS-Heal.mid
gba	_unknown_	PkmRS-HeavyRainfall-ASH.mid
gba	_unknown_	PkmRS-HelpMe.mid
gba	_unknown_	PkmRS-Hideout.mid
gba	_unknown_	PkmRS-Intro1.mid
gba	_unknown_	PkmRS-Intro2.mid
gba	_unknown_	PkmRS-Item.mid
gba	_unknown_	PkmRS-Lab.mid
gba	_unknown_	PkmRS-LevelUp.mid
gba	_unknown_	PkmRS-Lilycove.mid
gba	_unknown_	PkmRS-MagmaE.mid
gba	_unknown_	PkmRS-Mart.mid
gba	_unknown_	PkmRS-MtChimney.mid
gba	_unknown_	PkmRS-MtPyre.mid
gba	_unknown_	PkmRS-Museum.mid
gba	_unknown_	PkmRS-NoAttention.mid
gba	_unknown_	PkmRS-Oceanic.mid
gba	_unknown_	PkmRS-Oldale.mid
gba	_unknown_	PkmRS-Results.mid
gba	_unknown_	PkmRS-RivalT.mid
gba	_unknown_	PkmRS-Rustboro.mid
gba	_unknown_	PkmRS-Safari.mid
gba	_unknown_	PkmRS-Sailing.mid
gba	_unknown_	PkmRS-School.mid
gba	_unknown_	PkmRS-Shoal.mid
gba	_unknown_	PkmRS-Slateport.mid
gba	_unknown_	PkmRS-Surfing.mid
gba	_unknown_	PkmRS-Suspense1.mid
gba	_unknown_	PkmRS-Suspense2.mid
gba	_unknown_	PkmRS-TV.mid
gba	_unknown_	PkmRS-TheEnd.mid
gba	_unknown_	PkmRS-Title.mid
gba	_unknown_	PkmRS-Trick.mid
gba	_unknown_	PkmRS-VRoad.mid
gba	_unknown_	PkmRS_103.mid
gba	_unknown_	PkmRS_104.mid
gba	_unknown_	PkmRS_110.mid
gba	_unknown_	PkmRS_119.mid
gba	_unknown_	PkmRS_Battle1.mid
gba	_unknown_	PkmRS_Battle2.mid
gba	_unknown_	PkmRS_Battle4.mid
gba	_unknown_	PkmRS_Battle_5.mid
gba	_unknown_	PkmRS_Bike.mid
gba	_unknown_	PkmRS_Dewford.mid
gba	_unknown_	PkmRS_MagmaAquaE.mid
gba	_unknown_	PkmRS_Petalburg.mid
gba	_unknown_	PkmRS_RivalE.mid
gba	_unknown_	PkmRS_Verdanturf.mid
gba	_unknown_	PkmnRS-TrainerBattleRemix.mid
gba	_unknown_	QuickBN.mid
gba	_unknown_	RMZ3SnowfieldByCryogen.mid
gba	_unknown_	RMZ3_Bairu_V1_1.mid
gba	_unknown_	RMZ3_Base_V1_2.mid
gba	_unknown_	RMZ3_Desert_V1_2.mid
gba	_unknown_	RMZ3_Final_Battle_V1_5.mid
gba	_unknown_	RMZ3_Highway_V1_3.mid
gba	_unknown_	RMZ3_Ice_Base_V1_2.mid
gba	_unknown_	RMZ3_Last_Stage_V1_1.mid
gba	_unknown_	RMZ3_Omega_Battle_1_V1_2.mid
gba	_unknown_	RMZ3_Title_V1_1.mid
gba	_unknown_	RMZ3_Volcano_V1_3.mid
gba	_unknown_	RMZ4CaravanByCryogen.mid
gba	_unknown_	RSEGymLeaderBattle.mid
gba	_unknown_	RSEMagmaAquaBattle.mid
gba	_unknown_	RSETrainerBattle.mid
gba	_unknown_	RSE_Rival_Rock.mid
gba	_unknown_	RS_EliteFour.mid
gba	_unknown_	RainbowRoadSC.mid
gba	_unknown_	RayAdv_Cave.mid
gba	_unknown_	RayAdv_Mountain.mid
gba	_unknown_	Regi_Battle.mid
gba	_unknown_	Reminiscence-v2.mid
gba	_unknown_	Requiem.mid
gba	_unknown_	Rock4_5_-_AquamanEXE.mid
gba	_unknown_	Rock4_5_-_IcemanEXE.mid
gba	_unknown_	Rock4_5_-_SearchmanEXE-1v_1.mid
gba	_unknown_	Rockface_Rumble.mid
gba	_unknown_	Rse_gym_leader.mid
gba	_unknown_	Running_To_The_Match.mid
gba	_unknown_	SA3-Options.mid
gba	_unknown_	SA3-ToyKingdom-MiguelMartins.mid
gba	_unknown_	SA3_ChaosAngel2.mid
gba	_unknown_	SA3_ChaosAngelMap8Bit.mid
gba	_unknown_	SA3_Chaos_Angel_Map-KM.mid
gba	_unknown_	SA3_Cyber_Track_1-KMv1-1.mid
gba	_unknown_	SA3_OceanBaseMap.mid
gba	_unknown_	SA3_Ocean_Base_1-KM.mid
gba	_unknown_	SA3_Ocean_Base_Map--KM-GS.mid
gba	_unknown_	SA3_Ocean_Base_Map-KM.mid
gba	_unknown_	SA3_Options-KM.mid
gba	_unknown_	SACosmicAngelZone.mid
gba	_unknown_	SAEggRocketZone.mid
gba	_unknown_	SA_Egg_Rocket-KM.mid
gba	_unknown_	SA_Ice_Mountain_1-KM.mid
gba	_unknown_	SA_X-Zone-KM.mid
gba	_unknown_	SBL_ChucklehuckWoods.mid
gba	_unknown_	SMA2_status.mid
gba	_unknown_	SMAChooseAPlayer.mid
gba	_unknown_	SWORD.mid
gba	_unknown_	S_AdvAngelIslandZone1.mid
gba	_unknown_	Sa3_z4m_hk.mid
gba	_unknown_	Sacred_Strength.mid
gba	_unknown_	Sami.mid
gba	_unknown_	SandLizardsTheme.mid
gba	_unknown_	Saturos.mid
gba	_unknown_	SaveGameDialog.mid
gba	_unknown_	SelfDiscipline.mid
gba	_unknown_	SelfDisciplineRockArrangement.mid
gba	_unknown_	Sensei.mid
gba	_unknown_	Serious.mid
gba	_unknown_	Serris_Battle.mid
gba	_unknown_	ShatteredLife.mid
gba	_unknown_	Sky_Garden_Remix.mid
gba	_unknown_	Slug.mid
gba	_unknown_	Snowman.mid
gba	_unknown_	Sonja.mid
gba	_unknown_	SonjaAW.mid
gba	_unknown_	Sonja_Theme.mid
gba	_unknown_	Special_stage_XG.mid
gba	_unknown_	Splash_Screen.mid
gba	_unknown_	Stand_Up_Strong.mid
gba	_unknown_	StardustFields.mid
gba	_unknown_	Storage_Pipe.mid
gba	_unknown_	Strong_One.mid
gba	_unknown_	Surf_version_of_string.mid
gba	_unknown_	TCOPOWER.mid
gba	_unknown_	TMCCucco.mid
gba	_unknown_	TMCHyruleTown.mid
gba	_unknown_	TMCMinishWoods.mid
gba	_unknown_	TMCPalaceofWinds.mid
gba	_unknown_	TO-TKoL-Heroines_Theme.mid
gba	_unknown_	TO-TKoL-Interlude.mid
gba	_unknown_	TO-TKoL-Training_Theme.mid
gba	_unknown_	TO_KoL_BattleTheme2.mid
gba	_unknown_	TO_KoL_Battle_V1_1.mid
gba	_unknown_	TO_KoL_Conversation1.mid
gba	_unknown_	TO_KoL_Conversation2.mid
gba	_unknown_	TO_KoL_TitleScreen_V1_1.mid
gba	_unknown_	TO_TKoL_Stage_Clear_REZON.mid
gba	_unknown_	T_AdvanceGT2_FinishTheme.mid
gba	_unknown_	T_AdvanceGT2_Theme1.mid
gba	_unknown_	T_AkumajouConcerto_Juste.mid
gba	_unknown_	T_DoubleDragonAdvance_TitleTheme.mid
gba	_unknown_	T_LadySia_TitleTheme.mid
gba	_unknown_	T_LoveHinaAdvance_Open112.mid
gba	_unknown_	T_LoveHinaAdvance_Theme01.mid
gba	_unknown_	T_LoveHinaAdvance_Theme02.mid
gba	_unknown_	T_LoveHinaAdvance_Theme03.mid
gba	_unknown_	T_LoveHinaAdvance_Theme04.mid
gba	_unknown_	T_LoveHinaAdvance_Theme05.mid
gba	_unknown_	T_LoveHinaAdvance_Theme06.mid
gba	_unknown_	T_LoveHinaAdvance_Theme07.mid
gba	_unknown_	T_MegaManZero2_TitleTheme.mid
gba	_unknown_	T_StreetFighterZero3GBA_Ryu.mid
gba	_unknown_	T_SuperRobotTaisenA_Axel.mid
gba	_unknown_	T_SuperRobotTaisenA_Lamia.mid
gba	_unknown_	T_SuperRobotTaisenJudgement_Festenia.mid
gba	_unknown_	T_SuperRobotTaisenJudgement_Melua.mid
gba	_unknown_	T_SuperRobotTaisenOG_Aya.mid
gba	_unknown_	T_SuperRobotTaisenOG_Elzam.mid
gba	_unknown_	T_SuperRobotTaisenOG_Excellen_12.mid
gba	_unknown_	T_SuperRobotTaisenOG_Kyousuke.mid
gba	_unknown_	T_SuperRobotTaisenOG_Ryusei.mid
gba	_unknown_	T_SuperRobotTaisen_Ilmgalt.mid
gba	_unknown_	T_SuperRobotTaisen_Sanger.mid
gba	_unknown_	TeeheeValley.mid
gba	_unknown_	TeeheeValley3.mid
gba	_unknown_	Terra_Opening_Titles.mid
gba	_unknown_	TheGreatShip.mid
gba	_unknown_	TitleScreenGM.mid
gba	_unknown_	TitleScreenXG.mid
gba	_unknown_	Title_Screen.mid
gba	_unknown_	Title_Screen_bw_gba_style.mid
gba	_unknown_	Tourian.mid
gba	_unknown_	Tp_Thor.mid
gba	_unknown_	TrueArea53.mid
gba	_unknown_	Ttawsmu.mid
gba	_unknown_	Ttawspmc.mid
gba	_unknown_	Twinkle_Snow_Map.mid
gba	_unknown_	VGMAndysAnthem.mid
gba	_unknown_	VGMColinGBAredone.mid
gba	_unknown_	VGMHawke.mid
gba	_unknown_	VGMLash.mid
gba	_unknown_	VGMSturm.mid
gba	_unknown_	VK2K2.mid
gba	_unknown_	ValeHome.mid
gba	_unknown_	VenusLighthouse3-0.mid
gba	_unknown_	VirtuChemLab.mid
gba	_unknown_	WL4_Hall_of_Hieroglyphs.mid
gba	_unknown_	WPB-R_S_E.mid
gba	_unknown_	Wahi_Theme.mid
gba	_unknown_	Wario4ToyBlockTower.mid
gba	_unknown_	WarioLand4-SoundRoom.mid
gba	_unknown_	WarioWare_Twisted_Staying_Asheep.mid
gba	_unknown_	Wario_-_The_Toxic_Landfill.mid
gba	_unknown_	Wario_Adventure.mid
gba	_unknown_	WatersGym.mid
gba	_unknown_	WatersGymXG.mid
gba	_unknown_	WoK-gba-sb-12.mid
gba	_unknown_	Worthy_Rival_The_Hero_is_Here_V2.mid
gba	_unknown_	Z3_Break_Out.mid
gba	_unknown_	ZFS_Title_V1_3.mid
gba	_unknown_	ZMC-droplets.mid
gba	_unknown_	ZMCBEANSTALK.mid
gba	_unknown_	ZMCCREDI.mid
gba	_unknown_	ZMCGAME.mid
gba	_unknown_	ZMCHOUSE.mid
gba	_unknown_	ZMCPEACERETURNS.mid
gba	_unknown_	ZOMGITSOlaf.mid
gba	_unknown_	Zero2-Intro.mid
gba	_unknown_	Zombeat.mid
gba	_unknown_	aaaaband.mid
gba	_unknown_	alteredgbal1.mid
gba	_unknown_	aw2ending.mid
gba	_unknown_	battytwist.mid
gba	_unknown_	beanbeancastle.mid
gba	_unknown_	bhsuper.mid
gba	_unknown_	bkgr_battle.mid
gba	_unknown_	bkgr_bmb_v1.mid
gba	_unknown_	bkgr_breegull_beach.mid
gba	_unknown_	bkgr_breegull_beach_1.mid
gba	_unknown_	bkgr_freezing_furnace.mid
gba	_unknown_	bkgr_gameover.mid
gba	_unknown_	bkgr_jiggywiggystemple.mid
gba	_unknown_	bkgr_minigame.mid
gba	_unknown_	bkgr_mumbos_pad.mid
gba	_unknown_	bkgr_spillersharbor.mid
gba	_unknown_	bkgr_title.mid
gba	_unknown_	bombermantournament-dungeonXG.mid
gba	_unknown_	bouche_verdanturf_piano.mid
gba	_unknown_	bowsercastle2.mid
gba	_unknown_	cabbage.mid
gba	_unknown_	candy.mid
gba	_unknown_	castlearea.mid
gba	_unknown_	centraltower.mid
gba	_unknown_	clocktower-remix.mid
gba	_unknown_	com_finale.mid
gba	_unknown_	com_oblivion_B.mid
gba	_unknown_	com_oblivion_F.mid
gba	_unknown_	cotm.mid
gba	_unknown_	cotmend2.mid
gba	_unknown_	cyberworld.mid
gba	_unknown_	dbaatournament.mid
gba	_unknown_	dbzlg2battle.mid
gba	_unknown_	dda_ChinaTown_Blue-v2.mid
gba	_unknown_	dda_Truck_Blue.mid
gba	_unknown_	destroyeranthem.mid
gba	_unknown_	draculachd.mid
gba	_unknown_	dreams.mid
gba	_unknown_	dsbbmp.mid
gba	_unknown_	dsbccastle.mid
gba	_unknown_	dsbsy.mid
gba	_unknown_	dsbva.mid
gba	_unknown_	dsmcc.mid
gba	_unknown_	dsmdf.mid
gba	_unknown_	dsmhp.mid
gba	_unknown_	dsmppv.mid
gba	_unknown_	dusteroutside.mid
gba	_unknown_	emblem_fin.mid
gba	_unknown_	emerald.mid
gba	_unknown_	fe6_final.mid
gba	_unknown_	fe6_narshen.mid
gba	_unknown_	fe7-arenabattle.mid
gba	_unknown_	fe7-togetherweride.mid
gba	_unknown_	fe7_legend_of_the_dragon_god.mid
gba	_unknown_	fe7_raise_your_spirits.mid
gba	_unknown_	fe7winningroad.mid
gba	_unknown_	finalcackle.mid
gba	_unknown_	fomtautumn.mid
gba	_unknown_	fomtwinter.mid
gba	_unknown_	forest1.mid
gba	_unknown_	forestquartet.mid
gba	_unknown_	fortune-telling.mid
gba	_unknown_	fzmvintro.mid
gba	_unknown_	gadget_gba_new-york_v2.mid
gba	_unknown_	gadget_gba_paris_v1-1.mid
gba	_unknown_	gaiarock.mid
gba	_unknown_	garoh1_3.mid
gba	_unknown_	gba-pkmnfrlg-profoakencounter.mid
gba	_unknown_	gba-pkmnfrlg-wildpkmnbattle.mid
gba	_unknown_	gba-pkmnfrlg-wttwop.mid
gba	_unknown_	gba_colc_levelintro.mid
gba	_unknown_	gba_dede.mid
gba	_unknown_	gba_son_robotnik.mid
gba	_unknown_	gba_son_secr1.mid
gba	_unknown_	gbagr_underwater_bf.mid
gba	_unknown_	gmw_lawrencehall.mid
gba	_unknown_	golden_sun_-_battle_theme.mid
gba	_unknown_	golden_sun_overworld.mid
gba	_unknown_	goldensunmenu.mid
gba	_unknown_	grit.mid
gba	_unknown_	gs-batt.mid
gba	_unknown_	gs-tolbidocks.mid
gba	_unknown_	gs-venus.mid
gba	_unknown_	gs_Tolbi.mid
gba	_unknown_	gsthemef.mid
gba	_unknown_	gwg-modesel.mid
gba	_unknown_	gwg4_title.mid
gba	_unknown_	gwg4glry.mid
gba	_unknown_	happy_special_stage.mid
gba	_unknown_	hawkestheme.mid
gba	_unknown_	helterskelter.mid
gba	_unknown_	hm-bccmatch.mid
gba	_unknown_	hm-exe2kotobuki.mid
gba	_unknown_	hm-exe3battle.mid
gba	_unknown_	hm-exe3beastman.mid
gba	_unknown_	hm-exe3crisis.mid
gba	_unknown_	hm-exe3end.mid
gba	_unknown_	hm-exe3flashman.mid
gba	_unknown_	hm-exe3hero.mid
gba	_unknown_	hm-exe3n1grandprix.mid
gba	_unknown_	hm-exe3navicustomizer.mid
gba	_unknown_	hm-exe3plantman.mid
gba	_unknown_	hm-exe3sad.mid
gba	_unknown_	hm-exe3showdown.mid
gba	_unknown_	hm-exe3tension.mid
gba	_unknown_	hm-exe3undernet.mid
gba	_unknown_	hm-exe3wily.mid
gba	_unknown_	hm-exe45battle.mid
gba	_unknown_	hm-exe45blues.mid
gba	_unknown_	hm-exe45elecman.mid
gba	_unknown_	hm-exe45final.mid
gba	_unknown_	hm-exe45fireman.mid
gba	_unknown_	hm-exe45internet.mid
gba	_unknown_	hm-exe45metalman.mid
gba	_unknown_	hm-exe45searchman.mid
gba	_unknown_	hm-exe45shadowman.mid
gba	_unknown_	hm-exe45windmangame.mid
gba	_unknown_	hm-exe45woodman.mid
gba	_unknown_	hm-exe4asteroid.mid
gba	_unknown_	hm-exe4battle.mid
gba	_unknown_	hm-exe4crisis.mid
gba	_unknown_	hm-exe4denki.mid
gba	_unknown_	hm-exe4hero.mid
gba	_unknown_	hm-exe4indoors.mid
gba	_unknown_	hm-exe4navi.mid
gba	_unknown_	hm-exe4parkrobots.mid
gba	_unknown_	hm-exe4sad.mid
gba	_unknown_	hm-exe4title.mid
gba	_unknown_	hm-exe4tourney.mid
gba	_unknown_	hm-exe4uranet.mid
gba	_unknown_	hm-exe4win.mid
gba	_unknown_	hosikage.mid
gba	_unknown_	introfield2.mid
gba	_unknown_	jail2.mid
gba	_unknown_	karstagatiobattle.mid
gba	_unknown_	karstandagatio.mid
gba	_unknown_	kobore-mura.mid
gba	_unknown_	ledah.mid
gba	_unknown_	lockjaws_saga.mid
gba	_unknown_	lost_age_overworld.mid
gba	_unknown_	lufia-rol_ancient_bt.mid
gba	_unknown_	lufia-rol_bbt.mid
gba	_unknown_	lufia-rol_bt1.mid
gba	_unknown_	lufia-rol_bt2.mid
gba	_unknown_	m3-memory-of-life.mid
gba	_unknown_	m3ch1.mid
gba	_unknown_	magypsyparty.mid
gba	_unknown_	mariokart-sc_battle.mid
gba	_unknown_	marioluigi_battle.mid
gba	_unknown_	megaman_bttlntwrk3_beast_man_comp.mid
gba	_unknown_	megaman_bttlntwrk3_undernet_grand_remix_v2.mid
gba	_unknown_	metZM-kraidlairC.mid
gba	_unknown_	minish_cap_credits_arranged.mid
gba	_unknown_	minishcap_cloudtops.mid
gba	_unknown_	mirror_cabbagecavern.mid
gba	_unknown_	mirror_candyconstellation.mid
gba	_unknown_	mirror_clear.mid
gba	_unknown_	mirror_darkmetaknight.mid
gba	_unknown_	mirror_darkmetaknight2.mid
gba	_unknown_	mirror_darkmind2.mid
gba	_unknown_	mirror_end.mid
gba	_unknown_	mirror_goalgame.mid
gba	_unknown_	mirror_introstage.mid
gba	_unknown_	mirror_invincible.mid
gba	_unknown_	mirror_menu.mid
gba	_unknown_	mirror_mirrorshrine.mid
gba	_unknown_	mirror_oliveocean.mid
gba	_unknown_	mirror_opening.mid
gba	_unknown_	mirror_radishruins.mid
gba	_unknown_	mirror_speedeaters.mid
gba	_unknown_	mirror_title.mid
gba	_unknown_	mirror_waveride.mid
gba	_unknown_	mkda_intro_zb.mid
gba	_unknown_	mkda_palaca_zb.mid
gba	_unknown_	mkda_swampa_zb.mid
gba	_unknown_	mkda_temple_zb.mid
gba	_unknown_	mksc-Credits%28v1.1%29.mid
gba	_unknown_	mksc-SkyGarden%28v1.1%29.mid
gba	_unknown_	mksc64star.mid
gba	_unknown_	mksc_skygarden.mid
gba	_unknown_	mkscboopier.mid
gba	_unknown_	mksccircuits.mid
gba	_unknown_	mlbattle.mid
gba	_unknown_	moginasu.mid
gba	_unknown_	mogtank.mid
gba	_unknown_	monkeydeliveryservice.mid
gba	_unknown_	monkeylovesong.mid
gba	_unknown_	mot3_gentle_rain.mid
gba	_unknown_	mount-pyre-peak.mid
gba	_unknown_	mtcrenel-final.mid
gba	_unknown_	muscle_tower.mid
gba	_unknown_	mzm_maintheme.mid
gba	_unknown_	nightmare.mid
gba	_unknown_	norfair_zero.mid
gba	_unknown_	normal_CO_power_theme.mid
gba	_unknown_	ohooasis.mid
gba	_unknown_	pepermint_palace.mid
gba	_unknown_	pfrlg_vsmewtwo.mid
gba	_unknown_	piggyguys.mid
gba	_unknown_	pinobeethemesong2.mid
gba	_unknown_	pkr.mid
gba	_unknown_	pkrs_lilycove.mid
gba	_unknown_	pkrs_petalburg.mid
gba	_unknown_	pkrs_rayquazabattle.mid
gba	_unknown_	pkrs_route104.mid
gba	_unknown_	pkrs_verdanturf.mid
gba	_unknown_	prox.mid
gba	_unknown_	prselite4drama.mid
gba	_unknown_	pyoro.mid
gba	_unknown_	pyoro_r.mid
gba	_unknown_	r10k_mpartye_waluigi1.mid
gba	_unknown_	radishruins.mid
gba	_unknown_	rainbow_road_gba2.mid
gba	_unknown_	rainbowroute.mid
gba	_unknown_	rayquazav1-1.mid
gba	_unknown_	rayquazav1-2.mid
gba	_unknown_	regibattle.mid
gba	_unknown_	rhythmt-ninjaremix.mid
gba	_unknown_	rmexe4-5ro_Metalman_Blue.mid
gba	_unknown_	rswildpkmnarra.mid
gba	_unknown_	sa3_chaos_angel_xg.mid
gba	_unknown_	sa3ending.mid
gba	_unknown_	sa3goal1.mid
gba	_unknown_	sa3intro.mid
gba	_unknown_	sailing_on_the_lemurian_ship.mid
gba	_unknown_	sambadecombo.mid
gba	_unknown_	sasc.mid
gba	_unknown_	saturosmenardi.mid
gba	_unknown_	searemain.mid
gba	_unknown_	senseitheme.mid
gba	_unknown_	shop.mid
gba	_unknown_	shreddersentrance.mid
gba	_unknown_	shrine1.mid
gba	_unknown_	shrine2.mid
gba	_unknown_	sia_level2.mid
gba	_unknown_	sp.mid
gba	_unknown_	specialstage.mid
gba	_unknown_	spp2_lv1.mid
gba	_unknown_	srw_og_un.mid
gba	_unknown_	startsea.mid
gba	_unknown_	super_CO_power_theme.mid
gba	_unknown_	ta-battle.mid
gba	_unknown_	ta-brigori.mid
gba	_unknown_	ta-kechap.mid
gba	_unknown_	ta-name.mid
gba	_unknown_	ta-superkids.mid
gba	_unknown_	team_magma_aqua_remix.mid
gba	_unknown_	tgc-ca-sa.mid
gba	_unknown_	tla_magmarock.mid
gba	_unknown_	tm_bt_base.mid
gba	_unknown_	tm_bt_overworld.mid
gba	_unknown_	tmc_cloudtops.mid
gba	_unknown_	ttawscmi.mid
gba	_unknown_	utukusiiu-pusu.mid
gba	_unknown_	vaatistruth.mid
gba	_unknown_	vgKHCOMcutscene.mid
gba	_unknown_	volcanovaults.mid
gba	_unknown_	wario.mid
gba	_unknown_	warioware_airpain.mid
gba	_unknown_	wizard.mid
gba	_unknown_	yisland_castle_orch.mid
gba	_unknown_	youthm3.mid
gba	_unknown_	zmc_xgstory.mid
genesis	_unknown_	%28Jagd%29.mid
genesis	_unknown_	%28No_Time%29.mid
genesis	_unknown_	%28Sleight%29.mid
genesis	_unknown_	0E.mid
genesis	_unknown_	13-DeathEgg.mid
genesis	_unknown_	1Ending.mid
genesis	_unknown_	1_1green.mid
genesis	_unknown_	1_2Mar.mid
genesis	_unknown_	1_4Laby.mid
genesis	_unknown_	1_5Star.mid
genesis	_unknown_	1beatit.mid
genesis	_unknown_	2_ending_xg.mid
genesis	_unknown_	2_hidden_Palace_XG.mid
genesis	_unknown_	2_invincible_xg.mid
genesis	_unknown_	3_invincible_xg.mid
genesis	_unknown_	5-4-1.mid
genesis	_unknown_	AB_beast.mid
genesis	_unknown_	ABst-Round2.mid
genesis	_unknown_	ABst-Round3.mid
genesis	_unknown_	AGR-W-1.mid
genesis	_unknown_	ALEXKIDD.mid
genesis	_unknown_	AS-Slap-Up.mid
genesis	_unknown_	Aft55.mid
genesis	_unknown_	After_Burner_-_Super_Stripe.mid
genesis	_unknown_	Aftmu.mid
genesis	_unknown_	Aftpro.mid
genesis	_unknown_	Airwolf_GS.mid
genesis	_unknown_	Airwolf_XG.mid
genesis	_unknown_	AkiraVF2Gen1_1.mid
genesis	_unknown_	Alien_3_Game_Over.mid
genesis	_unknown_	AlteredBeast-GameOver.mid
genesis	_unknown_	Altered_Beast.mid
genesis	_unknown_	Altered_Beast_title.mid
genesis	_unknown_	AngelIsland1.mid
genesis	_unknown_	AngelIslandv2.mid
genesis	_unknown_	Angle_island1%262.mid
genesis	_unknown_	AoF_MrBig.mid
genesis	_unknown_	AqauticRuin2.mid
genesis	_unknown_	AquaticRuin1.mid
genesis	_unknown_	AquaticRuin_BadFuture.mid
genesis	_unknown_	AquaticRuin_Jungle.mid
genesis	_unknown_	Astpgpizzicato.mid
genesis	_unknown_	Astpgtoreandorsmarch.mid
genesis	_unknown_	Atom1.mid
genesis	_unknown_	Atom3.mid
genesis	_unknown_	Atom5.mid
genesis	_unknown_	Atom6.mid
genesis	_unknown_	Automation_1.mid
genesis	_unknown_	AzureLake.mid
genesis	_unknown_	Azure_City.mid
genesis	_unknown_	Azure_City_-_XG.mid
genesis	_unknown_	BFVJDC_IcecapGF.mid
genesis	_unknown_	BK2-Alien%5Bv2%5D.mid
genesis	_unknown_	BK2-MaxMan.mid
genesis	_unknown_	BK2-SORsuper.mid
genesis	_unknown_	BK2-SpnBrdg.mid
genesis	_unknown_	BM-eplg.mid
genesis	_unknown_	BM-st2.mid
genesis	_unknown_	BM-st4.mid
genesis	_unknown_	BTFINISH.mid
genesis	_unknown_	Batman-Over.mid
genesis	_unknown_	Batman-Streets.mid
genesis	_unknown_	Battle_Entry-Concentration.mid
genesis	_unknown_	Beasts.mid
genesis	_unknown_	Beating_On_The_Ship.mid
genesis	_unknown_	Bellon.mid
genesis	_unknown_	BigEarlBumpV2.mid
genesis	_unknown_	Big_Earl_Bump_Gm.mid
genesis	_unknown_	Big_Earl_Bump_Gs.mid
genesis	_unknown_	Bl-end.mid
genesis	_unknown_	Blade.mid
genesis	_unknown_	Bond1_sc.mid
genesis	_unknown_	Bridge%5Br4%5D.mid
genesis	_unknown_	BusterRodGByCryogen.mid
genesis	_unknown_	CALLING_FROM_HEAVEN.mid
genesis	_unknown_	CHUCK_ROCK_2_-_SON_OF_CHUCK_-_ENDING.mid
genesis	_unknown_	COI00.mid
genesis	_unknown_	COI01.mid
genesis	_unknown_	CallingWin.mid
genesis	_unknown_	Calling_From_Heaven3.mid
genesis	_unknown_	Capt._America__Stage_1.mid
genesis	_unknown_	CarnivalNightZone1.mid
genesis	_unknown_	CasinoNightZone.mid
genesis	_unknown_	Casino_Night_Zone.mid
genesis	_unknown_	Cave_Theme.mid
genesis	_unknown_	Centurion_Defender_Of_Rome-v2.mid
genesis	_unknown_	Chelgogo.mid
genesis	_unknown_	Chemical.mid
genesis	_unknown_	ChemicalPlant.mid
genesis	_unknown_	ChemicalPlant1.mid
genesis	_unknown_	Chemical_Plant-1.mid
genesis	_unknown_	Chemical_Plant.mid
genesis	_unknown_	Chemwlsn.mid
genesis	_unknown_	ChuckRock-Title.mid
genesis	_unknown_	Chuck_Rock_II_-_Son_of_Chuck_-_Dippy_the_Dinosaur.mid
genesis	_unknown_	CircusBattle.mid
genesis	_unknown_	ColIII_-_ColumnDiveXG.mid
genesis	_unknown_	Comix.mid
genesis	_unknown_	CompeteGM.mid
genesis	_unknown_	CompeteXG.mid
genesis	_unknown_	Coup.mid
genesis	_unknown_	Credits.mid
genesis	_unknown_	CyborgOver.mid
genesis	_unknown_	DBZGenSong1.mid
genesis	_unknown_	DBZGenSong7.mid
genesis	_unknown_	DDB3-6.mid
genesis	_unknown_	DHY-Scene4.mid
genesis	_unknown_	DHY_Scene2.mid
genesis	_unknown_	DRMBM_Exercise_Mode-KM.mid
genesis	_unknown_	DRMBM_Optionsv1-2.mid
genesis	_unknown_	DRMBM_Stages_1-4-KM-GS.mid
genesis	_unknown_	DRMBM_Stages_1-4-KM.mid
genesis	_unknown_	DRMBM_Stages_5-8-KM-GS.mid
genesis	_unknown_	DRMBM_Stages_5-8-KM.mid
genesis	_unknown_	DWrobin.mid
genesis	_unknown_	Dd-war.mid
genesis	_unknown_	Ddwar_Fireplain_Wingroove_v_1_00.mid
genesis	_unknown_	Ddwar_Plain1Fight_Wingroove_v1_00.mid
genesis	_unknown_	Ddwar_Plain1_Wingroove_v_1_02.mid
genesis	_unknown_	Ddwar_Plain2Fight_Wingroove_1_00.mid
genesis	_unknown_	Ddwar_Plain2_Wingroove_v_1_01.mid
genesis	_unknown_	Ddwar_Plain3Accoustic_Wingroove_v_1_00.mid
genesis	_unknown_	Ddwar_Plain3Fight_Wingroove_v_1_00.mid
genesis	_unknown_	Ddwar_Swamp_Wingroove_v_1_00.mid
genesis	_unknown_	DeathAdder.mid
genesis	_unknown_	DeathEgg.mid
genesis	_unknown_	Death_Egg.mid
genesis	_unknown_	Death_Palace3.mid
genesis	_unknown_	Dersert_Strike-Return_To_The_Gulf.mid
genesis	_unknown_	Desert_Strike.mid
genesis	_unknown_	Desert_Strike_Breifing_Room_1_DW.mid
genesis	_unknown_	Devilish_Intro_XG.mid
genesis	_unknown_	Devilish_Title_v2.mid
genesis	_unknown_	Dezo_Dungeons.mid
genesis	_unknown_	Diamond_Dust.mid
genesis	_unknown_	Disco.mid
genesis	_unknown_	Dochuki_GHrmx_loop.mid
genesis	_unknown_	DrWily3.mid
genesis	_unknown_	Dr_RMBM_Stages_1_to_8.mid
genesis	_unknown_	Dr_R_cutscene.mid
genesis	_unknown_	Dr_Robotniks_Mean_Bean_Machine_-_VS_Dr_Robotnik_XG.mid
genesis	_unknown_	Drr2pvs.mid
genesis	_unknown_	Drrend1.mid
genesis	_unknown_	Drrend2.mid
genesis	_unknown_	Drrfinal.mid
genesis	_unknown_	Drrgame1.mid
genesis	_unknown_	Drrgame2.mid
genesis	_unknown_	Drrmed.mid
genesis	_unknown_	Drrprac.mid
genesis	_unknown_	Drrselec.mid
genesis	_unknown_	Drrtitle.mid
genesis	_unknown_	Drrtroub.mid
genesis	_unknown_	Duel_Plus.mid
genesis	_unknown_	DukeMansion.mid
genesis	_unknown_	Dune_2_Radnor-s_Scheme.mid
genesis	_unknown_	Dune_2_Spice_Trip_WINGROOVE.mid
genesis	_unknown_	Dune_2_Turbulence.mid
genesis	_unknown_	Dungeon.mid
genesis	_unknown_	E2_fz_awe.mid
genesis	_unknown_	E2_fz_fm.mid
genesis	_unknown_	EC-Larcen-1.mid
genesis	_unknown_	EC-Larcen.mid
genesis	_unknown_	EC-Shadow.mid
genesis	_unknown_	EC-Xavier.mid
genesis	_unknown_	EC_-_Main_Menu.mid
genesis	_unknown_	EC_Xavier.mid
genesis	_unknown_	El_Viento_GameOver.mid
genesis	_unknown_	Elemental_Master-Continue.mid
genesis	_unknown_	Elemental_Master-End_Credits_Ver3.mid
genesis	_unknown_	Elemental_Master-GAME-OVER.mid
genesis	_unknown_	Elemental_Master-Sad_Story.mid
genesis	_unknown_	Elemental_Master-The_Magic_Ring-Story2-MDsound.mid
genesis	_unknown_	Elemental_Master-Title_Theme.mid
genesis	_unknown_	EmeraldHill.mid
genesis	_unknown_	EmeraldHillV3.mid
genesis	_unknown_	Emerald_Hill.mid
genesis	_unknown_	Emerald_Hill_Gospel_Mix.mid
genesis	_unknown_	Emerald_Hill_Zone.mid
genesis	_unknown_	Ending_Music.mid
genesis	_unknown_	Evilrhys.mid
genesis	_unknown_	Excalibur_Lighthouse.mid
genesis	_unknown_	Excalibur_Lighthouse_Remix.mid
genesis	_unknown_	F-22_2.mid
genesis	_unknown_	F-22_Title.mid
genesis	_unknown_	FBZ2GMv2.mid
genesis	_unknown_	FDPuzzle.mid
genesis	_unknown_	FP_Chuck_Rock_Final.mid
genesis	_unknown_	Failure.mid
genesis	_unknown_	Field_Motavia.mid
genesis	_unknown_	FightWithMaruyama.mid
genesis	_unknown_	File_Systems.mid
genesis	_unknown_	Final.mid
genesis	_unknown_	Final_Zone_%28Orchestrated%29.mid
genesis	_unknown_	FireShark-Clear.mid
genesis	_unknown_	FireShark-Continue.mid
genesis	_unknown_	FireShark-Ending.mid
genesis	_unknown_	FireShark-Naming.mid
genesis	_unknown_	FireShark-Over.mid
genesis	_unknown_	FireShark-Stage1.mid
genesis	_unknown_	FireShark-Stage2.mid
genesis	_unknown_	FireShark-Stage3.mid
genesis	_unknown_	FireShark-Stage4.mid
genesis	_unknown_	FireShark-Stage5.mid
genesis	_unknown_	FishOutOfWaterDeluxe.mid
genesis	_unknown_	Flashback_-_Journal.mid
genesis	_unknown_	Flashback_2ndStage_memory.mid
genesis	_unknown_	Flashback_Capture.mid
genesis	_unknown_	Flashback_End-Credits.mid
genesis	_unknown_	Flashback_Falling-2nd-stage.mid
genesis	_unknown_	Flashback_Game-over.mid
genesis	_unknown_	Flashback_Holocube.mid
genesis	_unknown_	Flashback_Intro.mid
genesis	_unknown_	Flashback_Options.mid
genesis	_unknown_	Flashback_Start.mid
genesis	_unknown_	Flashback_Titan-Travel.mid
genesis	_unknown_	Flashback_journal.mid
genesis	_unknown_	Flashback_taxi.mid
genesis	_unknown_	Flashback_teleportation.mid
genesis	_unknown_	Flickie_title.mid
genesis	_unknown_	Flora_1.mid
genesis	_unknown_	Flora_2.mid
genesis	_unknown_	FlourPowerXGReset.mid
genesis	_unknown_	FlyingBattery1.mid
genesis	_unknown_	FlyingBattery2.mid
genesis	_unknown_	Flying_Battery_FUNK.mid
genesis	_unknown_	Flyingbatteryfinal.mid
genesis	_unknown_	Fortune.mid
genesis	_unknown_	Freon1.mid
genesis	_unknown_	Freon_1.mid
genesis	_unknown_	Fto55.mid
genesis	_unknown_	Ftomu.mid
genesis	_unknown_	Funeral_March_of_the_Metal_Knights_remix.mid
genesis	_unknown_	GA2Level2.mid
genesis	_unknown_	GA2Level3.mid
genesis	_unknown_	GAI-m3.mid
genesis	_unknown_	GAI-m6.mid
genesis	_unknown_	GAI-oc2.mid
genesis	_unknown_	GAXE3_BGM18.mid
genesis	_unknown_	GForce_1.mid
genesis	_unknown_	GForce_2.mid
genesis	_unknown_	GForce_3.mid
genesis	_unknown_	GForce_4.mid
genesis	_unknown_	GForce_5.mid
genesis	_unknown_	GHOULS.mid
genesis	_unknown_	GHZxgmix.mid
genesis	_unknown_	GYMSEGA-Golden_Axe2-Level1.mid
genesis	_unknown_	G_AlienSoldier_Slap-Up.mid
genesis	_unknown_	G_Pulseman_NeoTokyo.mid
genesis	_unknown_	G_StreetsofRage2_Dreamer.mid
genesis	_unknown_	G_StreetsofRage2_UnderLogic.mid
genesis	_unknown_	Gaiaires.mid
genesis	_unknown_	Gen_Mean_Bean_Final.mid
genesis	_unknown_	Genesis__Yu_Yu_Hakusho_Makyo_Toitsusen__Jin.mid
genesis	_unknown_	Genesis__Zero_Wing__Legrous_-_New_Day_for_Me.mid
genesis	_unknown_	Ghoul_LV1.mid
genesis	_unknown_	Ghouls_Lev5.mid
genesis	_unknown_	Goden_Axe_-_Stage_1.mid
genesis	_unknown_	Goldaxe.mid
genesis	_unknown_	GoldenAxe-BattleField.mid
genesis	_unknown_	GoldenAxe-Conclusion.mid
genesis	_unknown_	GoldenAxe-DeathAdder.mid
genesis	_unknown_	GoldenAxe-Intro.mid
genesis	_unknown_	GoldenAxe-OldMap.mid
genesis	_unknown_	GoldenAxe-Showdown.mid
genesis	_unknown_	GoldenAxe-ThemeOfThief.mid
genesis	_unknown_	GransWorld.mid
genesis	_unknown_	GreenHill.mid
genesis	_unknown_	GreenHillGF.mid
genesis	_unknown_	GreenHillZone.mid
genesis	_unknown_	Green_Rod.mid
genesis	_unknown_	Greenhillyamaha.mid
genesis	_unknown_	Grndstrm1.mid
genesis	_unknown_	Grndstrm2.mid
genesis	_unknown_	GumBallMachine.mid
genesis	_unknown_	HAWEL.mid
genesis	_unknown_	Hard_Road.mid
genesis	_unknown_	Hellfire-Beginning.mid
genesis	_unknown_	Hellfire-Continue.mid
genesis	_unknown_	Hellfire-Ending.mid
genesis	_unknown_	Hellfire-Over.mid
genesis	_unknown_	Hellfire-Stage1.mid
genesis	_unknown_	Hellfire-Stage2.mid
genesis	_unknown_	Hellfire-Stage3.mid
genesis	_unknown_	Hellfire-Stage4.mid
genesis	_unknown_	Hellfire-Stage5.mid
genesis	_unknown_	Hellfire_Stage6.mid
genesis	_unknown_	HerLast.mid
genesis	_unknown_	Herzog2-Go.mid
genesis	_unknown_	HiddenPalace.mid
genesis	_unknown_	HiddenPalaceXG.mid
genesis	_unknown_	HiddenPalace_MJ_v1_1.mid
genesis	_unknown_	Hidden_Palace-1.mid
genesis	_unknown_	Hidden_Palace.mid
genesis	_unknown_	Hidden_Palace_Zone.mid
genesis	_unknown_	Hidden_Palace_Zone_Remix.mid
genesis	_unknown_	Hidden_palace__zone_%28sc-_55%29.mid
genesis	_unknown_	Hiryu.mid
genesis	_unknown_	Hokuto_no_Ken.mid
genesis	_unknown_	Hydra_Plus.mid
genesis	_unknown_	HydroCity3.mid
genesis	_unknown_	HyperStormHByCryogen.mid
genesis	_unknown_	IH-level1.mid
genesis	_unknown_	IH-level2.mid
genesis	_unknown_	IH-level4.mid
genesis	_unknown_	IP_GHZ_Past_FIX.mid
genesis	_unknown_	IceCap.mid
genesis	_unknown_	IceCapClubRemix_2.mid
genesis	_unknown_	IceCapDance.mid
genesis	_unknown_	IceCapLive2.mid
genesis	_unknown_	IceCapZone.mid
genesis	_unknown_	IceCapped.mid
genesis	_unknown_	IceRedlox.mid
genesis	_unknown_	Icecap_Snowdrift.mid
genesis	_unknown_	IceyCap.mid
genesis	_unknown_	Icy_Memories%28GM%29.mid
genesis	_unknown_	Icy_Memories%28XG%29.mid
genesis	_unknown_	Icy_Zone.mid
genesis	_unknown_	Idaten.mid
genesis	_unknown_	InnerCity%5Br2%5D.mid
genesis	_unknown_	InnerDarkside.mid
genesis	_unknown_	Invincibility_Legends_Remix.mid
genesis	_unknown_	Izayoi_%28reverb%29.mid
genesis	_unknown_	JGwondboycast.mid
genesis	_unknown_	JM-Chaos_Dragonv2.mid
genesis	_unknown_	Japonesque.mid
genesis	_unknown_	Jetta.mid
genesis	_unknown_	JewelMasterDeluxe.mid
genesis	_unknown_	JewelMaster_FishOutOfWater.mid
genesis	_unknown_	Jewel_Master_-_Now_You_Are_Gone.mid
genesis	_unknown_	Jijy_No_Rag.mid
genesis	_unknown_	Jungle_Strike.mid
genesis	_unknown_	KC-cities.mid
genesis	_unknown_	KC-hills.mid
genesis	_unknown_	KC-mountains-v1-1.mid
genesis	_unknown_	KC-woods.mid
genesis	_unknown_	KCCastles.mid
genesis	_unknown_	KONAMI.mid
genesis	_unknown_	KernalPagesRemix.mid
genesis	_unknown_	Kidchameleon.mid
genesis	_unknown_	King_of_Guardiana.mid
genesis	_unknown_	Kings_Bounty_Main_Theme.mid
genesis	_unknown_	Klax.mid
genesis	_unknown_	Knuckles%27_Theme.mid
genesis	_unknown_	LM-amon.mid
genesis	_unknown_	LSOverworld2-Arranged-GM.mid
genesis	_unknown_	LSOverworld2-GM.mid
genesis	_unknown_	LSOverworld2-V1-1-SC.mid
genesis	_unknown_	Labyrinth.mid
genesis	_unknown_	Labyrinth3.mid
genesis	_unknown_	Labyrinth_Zone.mid
genesis	_unknown_	Labyrinthyamaha.mid
genesis	_unknown_	Lapadana.mid
genesis	_unknown_	Laughter.mid
genesis	_unknown_	Laughter2.mid
genesis	_unknown_	Launch.mid
genesis	_unknown_	LavaReefZone.mid
genesis	_unknown_	Lava_Reef_Zone.mid
genesis	_unknown_	Lava_Reef_Zone_Apocalypse.mid
genesis	_unknown_	Lavareef_zone.mid
genesis	_unknown_	LegendsBonusMD.mid
genesis	_unknown_	Legends_MysticCave.mid
genesis	_unknown_	Lem2-Beach.mid
genesis	_unknown_	Light_Crusader_-_Castle_Ice_World.mid
genesis	_unknown_	Light_Crusader_-_Green_Row_Pup.mid
genesis	_unknown_	Like_a_Wind.mid
genesis	_unknown_	LongDistance.mid
genesis	_unknown_	Lotus_2_track_3_Remix.mid
genesis	_unknown_	MGP_1gs.mid
genesis	_unknown_	MGP_1xg.mid
genesis	_unknown_	MGP_2gs.mid
genesis	_unknown_	MGP_2xg.mid
genesis	_unknown_	MGP_3.mid
genesis	_unknown_	MGP_4gs.mid
genesis	_unknown_	MGP_4xg.mid
genesis	_unknown_	MK2Battle_Plan.mid
genesis	_unknown_	MK2Choose.mid
genesis	_unknown_	MKcourtyard_genEsis.mid
genesis	_unknown_	MUSHA.mid
genesis	_unknown_	MW3-Alsedo.mid
genesis	_unknown_	MW3-Begonia.mid
genesis	_unknown_	MW3-Castle.mid
genesis	_unknown_	MW3-Cave.mid
genesis	_unknown_	MW3-Desert.mid
genesis	_unknown_	MW3-Ending.mid
genesis	_unknown_	MW3-Forest.mid
genesis	_unknown_	MW3-GameOver.mid
genesis	_unknown_	MW3-Purapril.mid
genesis	_unknown_	MW3-Pyramid.mid
genesis	_unknown_	MW3-Queen.mid
genesis	_unknown_	MW3-Savage.mid
genesis	_unknown_	MW3-Shore.mid
genesis	_unknown_	MW3-Sky.mid
genesis	_unknown_	MW3-Sleep.mid
genesis	_unknown_	MW3-Space.mid
genesis	_unknown_	MW3-Title.mid
genesis	_unknown_	MW3-Underwater.mid
genesis	_unknown_	MW3-Welcome.mid
genesis	_unknown_	MW4-Castle.mid
genesis	_unknown_	MW4-Ending1.mid
genesis	_unknown_	MW4-Ending2.mid
genesis	_unknown_	MW4-Enemy.mid
genesis	_unknown_	MW4-Entrance1.mid
genesis	_unknown_	MW4-Entrance2.mid
genesis	_unknown_	MW4-Evil.mid
genesis	_unknown_	MW4-Genie2.mid
genesis	_unknown_	MW4-Island.mid
genesis	_unknown_	MW4-Item.mid
genesis	_unknown_	MW4-Over.mid
genesis	_unknown_	MW4-Pepe1.mid
genesis	_unknown_	MW4-Pepe2.mid
genesis	_unknown_	MW4-Pepe3.mid
genesis	_unknown_	MW4-Portals.mid
genesis	_unknown_	MW4-Prologue.mid
genesis	_unknown_	MW4-Pyramid.mid
genesis	_unknown_	MW4-Subterrania.mid
genesis	_unknown_	MW4-Title.mid
genesis	_unknown_	MW4-Town.mid
genesis	_unknown_	MW4-Volcano.mid
genesis	_unknown_	MadouMonogatari123_Prologue_XG_v12.mid
genesis	_unknown_	MadouMonogatari1_Genesis_Prologue_GM.mid
genesis	_unknown_	Main.mid
genesis	_unknown_	Main_Theme.mid
genesis	_unknown_	Marble.mid
genesis	_unknown_	Marble2.mid
genesis	_unknown_	MarbleGarden2ByCryogen.mid
genesis	_unknown_	MarbleGardenZone1.mid
genesis	_unknown_	MarbleGardenZone2.mid
genesis	_unknown_	Marble_Arr.mid
genesis	_unknown_	Marble_Down_Remix.mid
genesis	_unknown_	Marble_Zone_Remix.mid
genesis	_unknown_	Marbleyamaha.mid
genesis	_unknown_	March_in_the_dark.mid
genesis	_unknown_	MedusaMix.mid
genesis	_unknown_	MegaWaterSByCryogen.mid
genesis	_unknown_	Mega_Bomberman_Area_1_dw.mid
genesis	_unknown_	Mega_Bomberman_Area_2_dw.mid
genesis	_unknown_	Mega_Bomberman_Area_3_dw.mid
genesis	_unknown_	Mega_Bomberman_Area_4_dw.mid
genesis	_unknown_	Mega_Bomberman_Title_Theme_dw.mid
genesis	_unknown_	MegamanSnake.mid
genesis	_unknown_	Metallix.mid
genesis	_unknown_	Metropolis.mid
genesis	_unknown_	MetropolisZone6_final.mid
genesis	_unknown_	MickeyMania-Castle.mid
genesis	_unknown_	MickeyMania-Hallway.mid
genesis	_unknown_	MickeyMania-Hunters.mid
genesis	_unknown_	MickeyMania-Ride.mid
genesis	_unknown_	MickeyMania-Wharf.mid
genesis	_unknown_	Mikywr00.mid
genesis	_unknown_	Mikywr01.mid
genesis	_unknown_	MoamOrTu.mid
genesis	_unknown_	MonsterWorld4_Castle.mid
genesis	_unknown_	MonsterWorld4_GameOver.mid
genesis	_unknown_	MonsterWorld4_LunarGateway.mid
genesis	_unknown_	MonsterWorld4_RapadangaCity.mid
genesis	_unknown_	MonsterWorld4_TerranGateway.mid
genesis	_unknown_	Mosque.mid
genesis	_unknown_	Mountain_track.mid
genesis	_unknown_	Mp55.mid
genesis	_unknown_	Mpmu.mid
genesis	_unknown_	MrRK_-_Top_Gear_2_-_Track_1.mid
genesis	_unknown_	MrRK_-_Top_Gear_2_-_Track_2.mid
genesis	_unknown_	MrRK_-_Top_Gear_2_-_Track_3.mid
genesis	_unknown_	MrRK_-_Top_Gear_2_-_Track_4.mid
genesis	_unknown_	Musha2.mid
genesis	_unknown_	Musha_Aleste-Theme.mid
genesis	_unknown_	MvL_World2.mid
genesis	_unknown_	MvL_World_3.mid
genesis	_unknown_	Mvccom~1.mid
genesis	_unknown_	Mylover.mid
genesis	_unknown_	MystRmix.mid
genesis	_unknown_	Mystery2.mid
genesis	_unknown_	MysticCave.mid
genesis	_unknown_	MysticD-Clear.mid
genesis	_unknown_	MysticD-Ending.mid
genesis	_unknown_	MysticD-Intro.mid
genesis	_unknown_	MysticD-Scene1.mid
genesis	_unknown_	MysticD-Scene2.mid
genesis	_unknown_	MysticD-Scene3.mid
genesis	_unknown_	MysticD-Scene4.mid
genesis	_unknown_	MysticD-Scene5.mid
genesis	_unknown_	MysticD-Scene6.mid
genesis	_unknown_	MysticD-Start.mid
genesis	_unknown_	MysticD-Story.mid
genesis	_unknown_	MysticD-Title.mid
genesis	_unknown_	Mystic_Cave.mid
genesis	_unknown_	Mystic_Cave_VS.mid
genesis	_unknown_	Mystic_Caves_Funkay_Remix.mid
genesis	_unknown_	Mystic_Defender_Scene_1.mid
genesis	_unknown_	Natols.mid
genesis	_unknown_	Ninja_DojoV1.1.mid
genesis	_unknown_	Ninja_Step.mid
genesis	_unknown_	Nydra.mid
genesis	_unknown_	OilOcean.mid
genesis	_unknown_	OilOceanZone.mid
genesis	_unknown_	Ooze.mid
genesis	_unknown_	OozeInGame.mid
genesis	_unknown_	Out_Run%2C_Magical_Shower.mid
genesis	_unknown_	Overworld-Motavia.mid
genesis	_unknown_	PB.mid
genesis	_unknown_	PBGL-menu.mid
genesis	_unknown_	PHANTASY_STAR_2_BATTLE.mid
genesis	_unknown_	PHANTASY_STAR_2_OVERWORLD.mid
genesis	_unknown_	PHANTASY_STAR_2_SAVE_DATA.mid
genesis	_unknown_	PHANTASY_STAR_2_TOWN.mid
genesis	_unknown_	PRTMSG_TitleScreenV2_UAZ.mid
genesis	_unknown_	PS4-FinalBattle.mid
genesis	_unknown_	PS4-KingOfTerrors.mid
genesis	_unknown_	PS4-KingOfTerrorsMix.mid
genesis	_unknown_	PS4-Laughter.mid
genesis	_unknown_	PS4DungeonByCryogen.mid
genesis	_unknown_	PS4FalByCryogen.mid
genesis	_unknown_	PS4_Dezolis_Feild.mid
genesis	_unknown_	PU1MEMO.mid
genesis	_unknown_	Pain.mid
genesis	_unknown_	PalaceLavareef.mid
genesis	_unknown_	Pao_Pao.mid
genesis	_unknown_	Phantasy_Star_2_-_Searching.mid
genesis	_unknown_	Phantasy_Star_IV_-_Requiem_for_Lutz.mid
genesis	_unknown_	PinballPalace.mid
genesis	_unknown_	PopDitty.mid
genesis	_unknown_	PrayerWin.mid
genesis	_unknown_	Psycrow.mid
genesis	_unknown_	Pulseman_india1.mid
genesis	_unknown_	Pulseman_india2.mid
genesis	_unknown_	PwA_Chna.mid
genesis	_unknown_	RT2-Opening_Title_.mid
genesis	_unknown_	RT2_Dynamism.mid
genesis	_unknown_	RaceResults.mid
genesis	_unknown_	Raid%21.mid
genesis	_unknown_	Ranger-X_Opening_Credits.mid
genesis	_unknown_	RangerX-Clear2.mid
genesis	_unknown_	RangerX-Over.mid
genesis	_unknown_	RangerX-Stage5.mid
genesis	_unknown_	RangerX_Stage2.mid
genesis	_unknown_	Rapmaster_Rocket_Racket.mid
genesis	_unknown_	RayOfHope.mid
genesis	_unknown_	Regulus.mid
genesis	_unknown_	RenStimpy_Neighborhood.mid
genesis	_unknown_	RenStimpy_TheZoo.mid
genesis	_unknown_	Requiem_for_Lutz.mid
genesis	_unknown_	RexEscap.mid
genesis	_unknown_	Ri_Freon_1-KM.mid
genesis	_unknown_	Ri_Freon_2-KM.mid
genesis	_unknown_	Rick.mid
genesis	_unknown_	Rings_of_Power_-_House.mid
genesis	_unknown_	Rise_or_Fall2.mid
genesis	_unknown_	Ristar-Clear1.mid
genesis	_unknown_	Ristar-Clear2.mid
genesis	_unknown_	Ristar-Ring_Rink%28XG%29.mid
genesis	_unknown_	Ristar-Ring_Rink.mid
genesis	_unknown_	Ristar_IceScream_GM.mid
genesis	_unknown_	Ristar_IceScream_XG.mid
genesis	_unknown_	Ristar_ThemeofKaiser.mid
genesis	_unknown_	RoadRashRedwoodForest.mid
genesis	_unknown_	RoadRash_PC.mid
genesis	_unknown_	RoboWin.mid
genesis	_unknown_	Robot_Med.mid
genesis	_unknown_	Robotinick.mid
genesis	_unknown_	Rolomap.mid
genesis	_unknown_	Round_7.mid
genesis	_unknown_	Round_8.mid
genesis	_unknown_	Rug_Ride.mid
genesis	_unknown_	Run_Or_Die.mid
genesis	_unknown_	Ryan_Bury_-_Eternal_Champions_Theme_-_Club_Mix.mid
genesis	_unknown_	Ryan_Bury_-_Fire_Shark_-_Stage_5.mid
genesis	_unknown_	Ryan_Bury_-_Genesis_-_Batman_-_Sky_Over_Gotham_City_-_Part_2.mid
genesis	_unknown_	Ryan_Bury_-_Mean_Bean_Machine_Options.mid
genesis	_unknown_	Ryan_Bury_-_Worms_-_Symbolic_Remix.mid
genesis	_unknown_	Ryan_Bury_-_Worms_Remix.mid
genesis	_unknown_	Ryan_Bury_Eternal_Champions_Remix.mid
genesis	_unknown_	S%26K_1_up.mid
genesis	_unknown_	S%26Kdeathegg1A.mid
genesis	_unknown_	S%26Kdeathegg1B.mid
genesis	_unknown_	S%26Kflyingbattery1B.mid
genesis	_unknown_	S%26Kflyingbattery1C.mid
genesis	_unknown_	S%26Kflyingbattery2B.mid
genesis	_unknown_	S%26Kflyingbattery_VER._2.0.mid
genesis	_unknown_	S%26Kmushroom1A.mid
genesis	_unknown_	S%26Kmushroom1B.mid
genesis	_unknown_	S%26Kmushroom2B.mid
genesis	_unknown_	S%26Ksky.mid
genesis	_unknown_	S-K_Bonus_Stage_2-KM.mid
genesis	_unknown_	S-K_Death_Egg_1-KM.mid
genesis	_unknown_	S-K_Death_Egg_2-KM.mid
genesis	_unknown_	S-K_Lava_Reef_1-KM.mid
genesis	_unknown_	S-K_Mushroom_Hill_1-KM.mid
genesis	_unknown_	SAND.mid
genesis	_unknown_	SBL_MysticCaveZone.mid
genesis	_unknown_	SDSh-Bonus.mid
genesis	_unknown_	SDSh-BrnDwntwn.mid
genesis	_unknown_	SDSh-BttlRail.mid
genesis	_unknown_	SDSh-RailBrdg.mid
genesis	_unknown_	SDstart.mid
genesis	_unknown_	SEGA_GENESIS_--_Dune_2_--_Spice_Trip.mid
genesis	_unknown_	SG_FW_Game_Over.mid
genesis	_unknown_	SH2BONUS.mid
genesis	_unknown_	SH2STG1.mid
genesis	_unknown_	SKLavaReefByCryogen.mid
genesis	_unknown_	SOR13.mid
genesis	_unknown_	SOR1_Stage1.mid
genesis	_unknown_	SOR2_Stage7.mid
genesis	_unknown_	SOR2_Stage7_MD.mid
genesis	_unknown_	SOR2_Stage7_v1_2.mid
genesis	_unknown_	STAGE3-2.mid
genesis	_unknown_	STH-Green_Hill.mid
genesis	_unknown_	STH-Labyrinth_XG.mid
genesis	_unknown_	STH-Marble.mid
genesis	_unknown_	STH-Marble_GoodFutureRemix.mid
genesis	_unknown_	STH-Scrap_Brain.mid
genesis	_unknown_	STH-Scrap_Brain_PastRemix.mid
genesis	_unknown_	STH-Spring_Yard_EDITED.mid
genesis	_unknown_	STH-Star_Light.mid
genesis	_unknown_	STH2-Aquatic_Ruin_EDITED.mid
genesis	_unknown_	STH2-Casino_Night.mid
genesis	_unknown_	STH2-Casino_Night_2P.mid
genesis	_unknown_	STH2-Chemical_Plant.mid
genesis	_unknown_	STH2-Emerald_Hill_2P.mid
genesis	_unknown_	STH2-Emerald_Hill_EDITED.mid
genesis	_unknown_	STH2-Hill_Top.mid
genesis	_unknown_	STH2-Metropolis.mid
genesis	_unknown_	STH2-Mystic_Cave.mid
genesis	_unknown_	STH2-Mystic_Cave_2P_XG.mid
genesis	_unknown_	STH2-Oil_Ocean.mid
genesis	_unknown_	STH2-Special_Stage.mid
genesis	_unknown_	STH2_2-Player_Results-KM-GS.mid
genesis	_unknown_	STH2_2-Player_Results-KM.mid
genesis	_unknown_	STH2_Aquatic_Ruin-KM.mid
genesis	_unknown_	STH2_Aquatic_Ruin-RMX-KM.mid
genesis	_unknown_	STH2_Casino_Night-KMv1-1.mid
genesis	_unknown_	STH2_Casino_Night_2P-KM.mid
genesis	_unknown_	STH2_Chemical_Plant-KMv2.mid
genesis	_unknown_	STH2_Death_Egg-KM.mid
genesis	_unknown_	STH2_Emerald_Hill-KM.mid
genesis	_unknown_	STH2_Emerald_Hill_2P-KM.mid
genesis	_unknown_	STH2_Ending_RMX-KM.mid
genesis	_unknown_	STH2_Hidden_Palace-KM.mid
genesis	_unknown_	STH2_Hilltop-KM.mid
genesis	_unknown_	STH2_Metropolis-KM.mid
genesis	_unknown_	STH2_Mystic_Cave-KMv2.mid
genesis	_unknown_	STH2_Oil_Ocean-KM-v2.mid
genesis	_unknown_	STH2_Special_Stage-KM.mid
genesis	_unknown_	STH3-Ice_Cap.mid
genesis	_unknown_	STH3_Angel_Island_1-KM.mid
genesis	_unknown_	STH3_Angel_Island_2-KM.mid
genesis	_unknown_	STH3_Azure_Lake-KM.mid
genesis	_unknown_	STH3_Balloon_Park-KM.mid
genesis	_unknown_	STH3_Carnival_Night_1-KM.mid
genesis	_unknown_	STH3_Carnival_Night_2-KM.mid
genesis	_unknown_	STH3_Chrome_Gadget--KM.mid
genesis	_unknown_	STH3_Chrome_Gadget-KM-GS.mid
genesis	_unknown_	STH3_Competition_Menu-KM-GS.mid
genesis	_unknown_	STH3_Competition_Menu-KM.mid
genesis	_unknown_	STH3_Credits-KMv2.mid
genesis	_unknown_	STH3_Game_Over-KM.mid
genesis	_unknown_	STH3_Hydro_City_1-KM.mid
genesis	_unknown_	STH3_Hydro_City_2-KMv1-1.mid
genesis	_unknown_	STH3_Ice_Cap_1-KM.mid
genesis	_unknown_	STH3_Ice_Cap_RMX-KM.mid
genesis	_unknown_	STH3_Launch_Base_1-KM-GS.mid
genesis	_unknown_	STH3_Launch_Base_1-KM.mid
genesis	_unknown_	STH3_Launch_Base_1_8-Bit-KM.mid
genesis	_unknown_	STH3_Launch_Base_2-KM.mid
genesis	_unknown_	STH3_Marble_Garden_1-KM.mid
genesis	_unknown_	STH3_Marble_Garden_2-KM.mid
genesis	_unknown_	STH3_Stage_Clear-KM.mid
genesis	_unknown_	STH3_Title_Screen-KM.mid
genesis	_unknown_	STH_Final_Zone-KM.mid
genesis	_unknown_	STH_Game_Over-KM.mid
genesis	_unknown_	STH_Marble_Zone-KM.mid
genesis	_unknown_	STH_Marble_Zone-RMX-KM.mid
genesis	_unknown_	STH_Scrap_Brain-KM.mid
genesis	_unknown_	STH_Zone_Clear-KM.mid
genesis	_unknown_	STRIDER_INTRO.mid
genesis	_unknown_	SVolley-Game.mid
genesis	_unknown_	SW.mid
genesis	_unknown_	Sailormoon_Main.mid
genesis	_unknown_	Sbeast_castle.mid
genesis	_unknown_	Sbeast_title.mid
genesis	_unknown_	Schwa-EmeraldMix.mid
genesis	_unknown_	Scorch_2.mid
genesis	_unknown_	ScrapBrainZone.mid
genesis	_unknown_	ScrapBrain_GoodFuture.mid
genesis	_unknown_	Scrap_Brain_v4.mid
genesis	_unknown_	Sega_Techno-Soft_1989_Thunder-Force-II_07-03-05_Track-01.mid
genesis	_unknown_	Segatris.mid
genesis	_unknown_	Sh2end1.mid
genesis	_unknown_	ShF1-Ancient.mid
genesis	_unknown_	ShF1-Attack.mid
genesis	_unknown_	ShF1-Battle1.mid
genesis	_unknown_	ShF1-Battle2.mid
genesis	_unknown_	ShF1-Battle3.mid
genesis	_unknown_	ShF1-Battle4.mid
genesis	_unknown_	ShF1-Battle5.mid
genesis	_unknown_	ShF1-Battle6.mid
genesis	_unknown_	ShF1-Battle7.mid
genesis	_unknown_	ShF1-Castle.mid
genesis	_unknown_	ShF1-Chapter.mid
genesis	_unknown_	ShF1-Credits.mid
genesis	_unknown_	ShF1-Cure.mid
genesis	_unknown_	ShF1-Curse.mid
genesis	_unknown_	ShF1-Death.mid
genesis	_unknown_	ShF1-Discontinue.mid
genesis	_unknown_	ShF1-Epilogue.mid
genesis	_unknown_	ShF1-Headquarters.mid
genesis	_unknown_	ShF1-Intro.mid
genesis	_unknown_	ShF1-Item.mid
genesis	_unknown_	ShF1-Join1.mid
genesis	_unknown_	ShF1-Join2.mid
genesis	_unknown_	ShF1-Promo.mid
genesis	_unknown_	ShF1-Sad1.mid
genesis	_unknown_	ShF1-Sad2.mid
genesis	_unknown_	ShF1-Save.mid
genesis	_unknown_	ShF1-Ship.mid
genesis	_unknown_	ShF1-Start.mid
genesis	_unknown_	ShF1-Title.mid
genesis	_unknown_	ShF1-Town.mid
genesis	_unknown_	ShF2-After.mid
genesis	_unknown_	ShF2-Attack1.mid
genesis	_unknown_	ShF2-Attack2.mid
genesis	_unknown_	ShF2-Attack3.mid
genesis	_unknown_	ShF2-Attack4.mid
genesis	_unknown_	ShF2-Attack5.mid
genesis	_unknown_	ShF2-Battle1.mid
genesis	_unknown_	ShF2-Battle2.mid
genesis	_unknown_	ShF2-Battle3.mid
genesis	_unknown_	ShF2-Battle4.mid
genesis	_unknown_	ShF2-Castle.mid
genesis	_unknown_	ShF2-Credits.mid
genesis	_unknown_	ShF2-Cure.mid
genesis	_unknown_	ShF2-Curse.mid
genesis	_unknown_	ShF2-Death.mid
genesis	_unknown_	ShF2-Discontinue.mid
genesis	_unknown_	ShF2-Epilogue.mid
genesis	_unknown_	ShF2-FinalBattle.mid
genesis	_unknown_	ShF2-Headquarters.mid
genesis	_unknown_	ShF2-Intro.mid
genesis	_unknown_	ShF2-Item.mid
genesis	_unknown_	ShF2-Join1.mid
genesis	_unknown_	ShF2-Join2.mid
genesis	_unknown_	ShF2-Promo.mid
genesis	_unknown_	ShF2-Revive1.mid
genesis	_unknown_	ShF2-Revive2.mid
genesis	_unknown_	ShF2-Sad1.mid
genesis	_unknown_	ShF2-Sad2.mid
genesis	_unknown_	ShF2-Save.mid
genesis	_unknown_	ShF2-Shrine.mid
genesis	_unknown_	ShF2-Start.mid
genesis	_unknown_	ShF2-Title.mid
genesis	_unknown_	ShF2-Town1.mid
genesis	_unknown_	ShF2-Town2.mid
genesis	_unknown_	ShF2-Town3.mid
genesis	_unknown_	ShF2-What.mid
genesis	_unknown_	ShF2Over.mid
genesis	_unknown_	Shanghai1.mid
genesis	_unknown_	Shaq_Fu_Intro_Dojo.mid
genesis	_unknown_	Shaq_Fu_Intro_Dojo_Remix.mid
genesis	_unknown_	Shdark01.mid
genesis	_unknown_	Shf2base.mid
genesis	_unknown_	Shf2elvs.mid
genesis	_unknown_	Shf2shrn.mid
genesis	_unknown_	Shf2town.mid
genesis	_unknown_	Shf2wtch.mid
genesis	_unknown_	ShiningForce.mid
genesis	_unknown_	ShiningForce1Darksol.mid
genesis	_unknown_	Shining_Force_1_-_Kane%27s_death.mid
genesis	_unknown_	Shining_Force_2_-_Elven_Town.mid
genesis	_unknown_	SkyChase.mid
genesis	_unknown_	SkyChaseGF.mid
genesis	_unknown_	SkyChaseZone.mid
genesis	_unknown_	SkyChase_Zone%28late_remix%29.mid
genesis	_unknown_	Skychase467.mid
genesis	_unknown_	SnK_Flying_Battery_A.mid
genesis	_unknown_	Snowcont.mid
genesis	_unknown_	So1stg5.mid
genesis	_unknown_	So2mrx.mid
genesis	_unknown_	So2stg7.mid
genesis	_unknown_	SoR2Wave131.mid
genesis	_unknown_	SoRII1st.mid
genesis	_unknown_	Sol15.mid
genesis	_unknown_	Sol_Feace_06.mid
genesis	_unknown_	Sol_Feace_08.mid
genesis	_unknown_	Sol_Feace_09.mid
genesis	_unknown_	Sol_Feace_Game_Over.mid
genesis	_unknown_	Sol_Feace_Intro_pt1.mid
genesis	_unknown_	Sol_Feace_Track_03.mid
genesis	_unknown_	Sol_Feace_level_complete.mid
genesis	_unknown_	SoleilPlayground.mid
genesis	_unknown_	Soleil_Menu.mid
genesis	_unknown_	Solitary.mid
genesis	_unknown_	Son1grhl.mid
genesis	_unknown_	Sonata_1.mid
genesis	_unknown_	Sonata_2.mid
genesis	_unknown_	Sonata_Pre.mid
genesis	_unknown_	Space_Harrier_2_-_Space_Harrier_Saga.mid
genesis	_unknown_	Special_Stage-1.mid
genesis	_unknown_	Special_Stage.mid
genesis	_unknown_	Spice_Trip.mid
genesis	_unknown_	Spinball_Machine.mid
genesis	_unknown_	SplatterHouse_3_-_Music_25.mid
genesis	_unknown_	Splatter_House2_tr23.mid
genesis	_unknown_	Splatterhouse_2_-_Mansion_Ruins-11.mid
genesis	_unknown_	SpotGtH-Ship2.mid
genesis	_unknown_	SpringStadium1.mid
genesis	_unknown_	SpringStadiumZone1.mid
genesis	_unknown_	SpringYard.mid
genesis	_unknown_	Spring_Yard_Zone.mid
genesis	_unknown_	Springyardyamaha.mid
genesis	_unknown_	Sprinter.mid
genesis	_unknown_	SprkstrDesert.mid
genesis	_unknown_	StR1-Over.mid
genesis	_unknown_	StR2-Dreamer.mid
genesis	_unknown_	StR2-Stage8.mid
genesis	_unknown_	StR3-Alternate.mid
genesis	_unknown_	StR3-Bulldozer.mid
genesis	_unknown_	StR3-Disco.mid
genesis	_unknown_	StR3-Downtown.mid
genesis	_unknown_	StR3-Hideout.mid
genesis	_unknown_	StR3-Jet.mid
genesis	_unknown_	StR3-Lab.mid
genesis	_unknown_	StR3-MrX.mid
genesis	_unknown_	StR3-Shiva.mid
genesis	_unknown_	StR3-Subway.mid
genesis	_unknown_	StR3-Yamato.mid
genesis	_unknown_	StR3_Hideout.mid
genesis	_unknown_	Stage1.mid
genesis	_unknown_	Stages_2_5_7.mid
genesis	_unknown_	StarLight.mid
genesis	_unknown_	StarLightGF.mid
genesis	_unknown_	Star_Light_Zone2.mid
genesis	_unknown_	Stargate-Cave.mid
genesis	_unknown_	Starlight_Past.mid
genesis	_unknown_	Starlightyamaha.mid
genesis	_unknown_	SteelEmp-Stage52.mid
genesis	_unknown_	Streets_of_Rage_-_Title.mid
genesis	_unknown_	Streets_of_Rage_2__Level_1_Bar.mid
genesis	_unknown_	Streets_of_Rage_Round_4.mid
genesis	_unknown_	Streets_of_rage_2_-_Ending_Theme.mid
genesis	_unknown_	Strts_of_Rage_3_lv_1-3.mid
genesis	_unknown_	SuperFantasyZone-Shop.mid
genesis	_unknown_	SuperFantasyZone-Shop_sc.mid
genesis	_unknown_	SuperHangon_Genesis4.mid
genesis	_unknown_	SuperHangon_Genesis5.mid
genesis	_unknown_	SuperHangon_Genesis6.mid
genesis	_unknown_	SuperHangon_Genesis7.mid
genesis	_unknown_	SuperHangon_Genesis8.mid
genesis	_unknown_	Super_Monaco_GP_-_Concentration.mid
genesis	_unknown_	SwordOfVermilion_churchmusic.mid
genesis	_unknown_	Sword_of_Vermilion_-_Dungeon_Theme.mid
genesis	_unknown_	Syndicate%5Br8%5D.mid
genesis	_unknown_	T2-Final_Stage_GM.mid
genesis	_unknown_	T2-Final_Stage_XG.mid
genesis	_unknown_	TF2-LEV8.mid
genesis	_unknown_	TF2-lev6.mid
genesis	_unknown_	TF2Title.mid
genesis	_unknown_	TF2Try_AWE.mid
genesis	_unknown_	TF2_Stage4_awe.mid
genesis	_unknown_	TF2_Stage4_gm.mid
genesis	_unknown_	TF3_1_awe.mid
genesis	_unknown_	TF4-05.mid
genesis	_unknown_	TF4-05awe.mid
genesis	_unknown_	TF4-omake10.mid
genesis	_unknown_	TF4-omake8.mid
genesis	_unknown_	TF4-omake9.mid
genesis	_unknown_	TF4Stage8.mid
genesis	_unknown_	TF4_Opening_GM.mid
genesis	_unknown_	TF4__Omake-1_awe.mid
genesis	_unknown_	TF4__Omake-1_v2.mid
genesis	_unknown_	TForce3.mid
genesis	_unknown_	T_AlteredBeast_Ruins.mid
genesis	_unknown_	T_AlteredBeast_Ruins_WinGrooveVersion.mid
genesis	_unknown_	T_DevilHunterYoko_TouchMyHeart_TVSize.mid
genesis	_unknown_	T_MegaManWilyWars_WaterTower.mid
genesis	_unknown_	T_RaidenTrad_FightingThunder.mid
genesis	_unknown_	T_RaidenTrad_Gallantry.mid
genesis	_unknown_	T_RaidenTrad_Gallantry_XG.mid
genesis	_unknown_	T_RaidenTrad_RoughTumble.mid
genesis	_unknown_	T_RaidenTrad_RoughTumble_XG.mid
genesis	_unknown_	T_SEGASuperStreetFighterII_OptionMode.mid
genesis	_unknown_	T_SegaSailorMoon_Bgm18.mid
genesis	_unknown_	T_SegaSailorMoon_Intro.mid
genesis	_unknown_	T_SplatterHouse3_Death.mid
genesis	_unknown_	T_SplatterHouse3_Doors.mid
genesis	_unknown_	T_SplatterHouse3_FinalBattleTheme.mid
genesis	_unknown_	T_SplatterHouse3_FirstFloorTheme.mid
genesis	_unknown_	T_SplatterHouse3_Hiding.mid
genesis	_unknown_	T_SplatterHouse3_ThirdFloorTheme.mid
genesis	_unknown_	T_StreetFighter2_MainTheme.mid
genesis	_unknown_	T_StreetFighter2_MainTheme_2.mid
genesis	_unknown_	T_StreetFighter2_RyuTheme_2003Remix.mid
genesis	_unknown_	T_StreetFighterII_KenEnding1.mid
genesis	_unknown_	T_ThunderForce4_Omake01.mid
genesis	_unknown_	T_ThunderForce4_Omake02.mid
genesis	_unknown_	T_ThunderForce4_Omake03.mid
genesis	_unknown_	T_ThunderForce4_Omake04.mid
genesis	_unknown_	T_ThunderForce4_Strite_AirBattle.mid
genesis	_unknown_	T_ThunderForce4_Strite_AirBattle_Intro.mid
genesis	_unknown_	T_ZombiesAteMyNeighbors_Stage2.mid
genesis	_unknown_	Terrible_Beat.mid
genesis	_unknown_	Tf3gorgn.mid
genesis	_unknown_	Tf3ornbs.mid
genesis	_unknown_	Tf3seirn.mid
genesis	_unknown_	Tf4biobs.mid
genesis	_unknown_	TforceSt3.mid
genesis	_unknown_	TheCove.mid
genesis	_unknown_	TheGrotto.mid
genesis	_unknown_	TheLighthouseRLMix.mid
genesis	_unknown_	ThePhantasyJazz.mid
genesis	_unknown_	The_Adventures_of_Batman_and_Robin_-_Jokers_Theme.mid
genesis	_unknown_	The_Adventures_of_Batman_and_Robin_-_Not_Much_Time.mid
genesis	_unknown_	Thray2.mid
genesis	_unknown_	ThunderForceIV_-_SandHellMSGS.mid
genesis	_unknown_	ThunderForceIV_-_SpaceWalkMSGS.mid
genesis	_unknown_	TinyToonsBHT-Cave1.mid
genesis	_unknown_	TinyToonsBHT-Cave2.mid
genesis	_unknown_	TinyToonsBHT-Ship.mid
genesis	_unknown_	ToeJam%26Earl.mid
genesis	_unknown_	Toejam_And_Earl_Gs_Vr.mid
genesis	_unknown_	Toejam_And_Eral_Gm_Vr.mid
genesis	_unknown_	Toejam_Intro.mid
genesis	_unknown_	Toejam_and_Earl_-_Alien_Breakdown_-_drumnbach.mid
genesis	_unknown_	TownV1.1.mid
genesis	_unknown_	Toxic_Caves.mid
genesis	_unknown_	Twinkle_Tail_Tr6.mid
genesis	_unknown_	Twinkle_Tail_Tr9.mid
genesis	_unknown_	TwoTides-SecondPart-v2.mid
genesis	_unknown_	Undertow_1.mid
genesis	_unknown_	Undertow_2.mid
genesis	_unknown_	Uroboros.mid
genesis	_unknown_	VR-Title.mid
genesis	_unknown_	VampKillerWin.mid
genesis	_unknown_	Vampkill-lv5.mid
genesis	_unknown_	VaporTrail_STAGE_1.mid
genesis	_unknown_	Verla.mid
genesis	_unknown_	Verla2.mid
genesis	_unknown_	Verm_Intro.mid
genesis	_unknown_	Verm_NameEntry_symph.mid
genesis	_unknown_	Verm_NameEntry_synth.mid
genesis	_unknown_	Verm_Opening_symph.mid
genesis	_unknown_	Verm_Opening_synth.mid
genesis	_unknown_	Verm_Title_symph.mid
genesis	_unknown_	Verm_Title_synth.mid
genesis	_unknown_	Verytex_Title.mid
genesis	_unknown_	Visitor_Center.mid
genesis	_unknown_	Vm_Tidal_Surge-KM.mid
genesis	_unknown_	Vm_Underground_Vault-KM.mid
genesis	_unknown_	Volcano_Valley_Remix.mid
genesis	_unknown_	WB3-Clear.mid
genesis	_unknown_	WB3-Ending.mid
genesis	_unknown_	WB3-Entry.mid
genesis	_unknown_	WB3-Flying.mid
genesis	_unknown_	WB3-Over.mid
genesis	_unknown_	WB3-Stage1.mid
genesis	_unknown_	WB3-Stage2.mid
genesis	_unknown_	WB3-Stage3.mid
genesis	_unknown_	WB3-Stage4.mid
genesis	_unknown_	WB3-Stage5.mid
genesis	_unknown_	WB3-Stage6.mid
genesis	_unknown_	WB3-Stage7.mid
genesis	_unknown_	WB5MW3_Begining.mid
genesis	_unknown_	WB5MW3_Biomecha.mid
genesis	_unknown_	WB5MW3_Dungeon.mid
genesis	_unknown_	WSally1.mid
genesis	_unknown_	WTTMRemix.mid
genesis	_unknown_	Warsongp.mid
genesis	_unknown_	WeNeedAHero_FXLight.mid
genesis	_unknown_	Whirlwind_v3.mid
genesis	_unknown_	WilyTower2ByCryogen.mid
genesis	_unknown_	WilyTowerByCryogen.mid
genesis	_unknown_	WinterMotion.mid
genesis	_unknown_	WoKAbandonedCP.mid
genesis	_unknown_	WoK_ChemicalPlant.mid
genesis	_unknown_	Woi_2.mid
genesis	_unknown_	Wonderboy_MonsterWorld_Purapril.mid
genesis	_unknown_	XTJE.mid
genesis	_unknown_	XkyRauh_AP-1.mid
genesis	_unknown_	Xmen.mid
genesis	_unknown_	ZONE_6.mid
genesis	_unknown_	ZW-opening.mid
genesis	_unknown_	Zenkusa_-_StH2_EmeraldHillZone_seq.mid
genesis	_unknown_	Zenkusa_-_StH2_HillTopZone_seq.mid
genesis	_unknown_	Zenkusa_-_StH_GreenHillZone_seq.mid
genesis	_unknown_	Zenkusa_-_StH_LabyrinthZone_seq.mid
genesis	_unknown_	Zenkusa_-_StH_MarbleZone_seq.mid
genesis	_unknown_	Zenkusa_-_StH_ScrapBrainZone_seq.mid
genesis	_unknown_	Zenkusa_-_StH_SpecialStage_seq.mid
genesis	_unknown_	Zenkusa_-_StH_SpringYardZone_seq.mid
genesis	_unknown_	Zenkusa_-_StH_StarLightZone_seq.mid
genesis	_unknown_	Zenkusa_-_StH_Title_seq.mid
genesis	_unknown_	Zero_Wing_-_Out_Of_Lives.mid
genesis	_unknown_	Zero_Wing_Open_Your_Eyes_String_Quartet_dw.mid
genesis	_unknown_	Zool4.mid
genesis	_unknown_	Zwstage6.mid
genesis	_unknown_	_BREACH_2K2_.mid
genesis	_unknown_	a-bsq.mid
genesis	_unknown_	ab_l1.mid
genesis	_unknown_	addams_residence.mid
genesis	_unknown_	addams_stairs.mid
genesis	_unknown_	addams_title.mid
genesis	_unknown_	adirge.mid
genesis	_unknown_	aero.mid
genesis	_unknown_	aero2_fortred.mid
genesis	_unknown_	aero2_intro.mid
genesis	_unknown_	aero2_snow.mid
genesis	_unknown_	aero_phase1.mid
genesis	_unknown_	aero_title.mid
genesis	_unknown_	aerobiz2-title.mid
genesis	_unknown_	aladdin_gloomy_tune.mid
genesis	_unknown_	aladdin_level_complete.mid
genesis	_unknown_	alst-st1a.mid
genesis	_unknown_	ar-stage1.mid
genesis	_unknown_	ar-stage2.mid
genesis	_unknown_	ar-stage4.mid
genesis	_unknown_	ar-stage7.mid
genesis	_unknown_	auratown.mid
genesis	_unknown_	aztec.mid
genesis	_unknown_	balrog.mid
genesis	_unknown_	base.mid
genesis	_unknown_	batman_theme.mid
genesis	_unknown_	battrgf.mid
genesis	_unknown_	beach.mid
genesis	_unknown_	beast.mid
genesis	_unknown_	begonia.mid
genesis	_unknown_	biljean.mid
genesis	_unknown_	biomecha.mid
genesis	_unknown_	bioplanet.mid
genesis	_unknown_	bl_btear.mid
genesis	_unknown_	blueinte.mid
genesis	_unknown_	boasismou.mid
genesis	_unknown_	bond1.mid
genesis	_unknown_	bravoo.mid
genesis	_unknown_	bsgm2.mid
genesis	_unknown_	btoads-ice.mid
genesis	_unknown_	bubba.mid
genesis	_unknown_	bulk-skull.mid
genesis	_unknown_	busterrod.mid
genesis	_unknown_	caata-scene2.mid
genesis	_unknown_	caata-scene5.mid
genesis	_unknown_	caata-story2.mid
genesis	_unknown_	calgames.mid
genesis	_unknown_	calling.mid
genesis	_unknown_	carivalnight.mid
genesis	_unknown_	carnival1%2B2.mid
genesis	_unknown_	casino-night-alternate.mid
genesis	_unknown_	casino-night-extended-am.mid
genesis	_unknown_	casino.mid
genesis	_unknown_	castbl.mid
genesis	_unknown_	cbl01.mid
genesis	_unknown_	cbl02.mid
genesis	_unknown_	cbl03.mid
genesis	_unknown_	cbl04.mid
genesis	_unknown_	cbl05.mid
genesis	_unknown_	cbl07.mid
genesis	_unknown_	cbl08.mid
genesis	_unknown_	cbl09.mid
genesis	_unknown_	cd0.mid
genesis	_unknown_	cd1.mid
genesis	_unknown_	cd2.mid
genesis	_unknown_	cd3.mid
genesis	_unknown_	cd4.mid
genesis	_unknown_	centy_town.mid
genesis	_unknown_	chemicalremix.mid
genesis	_unknown_	chemrmx.mid
genesis	_unknown_	chromearranged.mid
genesis	_unknown_	chromegadget-kenji.mid
genesis	_unknown_	chromegadget_secondarranged.mid
genesis	_unknown_	chromeremix1_3.mid
genesis	_unknown_	city_of_atlantic_fanmix.mid
genesis	_unknown_	coi-door_v2.mid
genesis	_unknown_	coi03.mid
genesis	_unknown_	coi06.mid
genesis	_unknown_	coi07.mid
genesis	_unknown_	coi09.mid
genesis	_unknown_	coi10.mid
genesis	_unknown_	coi11.mid
genesis	_unknown_	coi13.mid
genesis	_unknown_	coi15.mid
genesis	_unknown_	coi16.mid
genesis	_unknown_	coi18.mid
genesis	_unknown_	coi21.mid
genesis	_unknown_	coi23.mid
genesis	_unknown_	coi25.mid
genesis	_unknown_	coi26.mid
genesis	_unknown_	coi27.mid
genesis	_unknown_	coi28.mid
genesis	_unknown_	coi29.mid
genesis	_unknown_	coi30.mid
genesis	_unknown_	coitdl.mid
genesis	_unknown_	combat.mid
genesis	_unknown_	combatcarstitle.mid
genesis	_unknown_	competit11.mid
genesis	_unknown_	cov_gleylancer_lev1.mid
genesis	_unknown_	creds6.mid
genesis	_unknown_	dark.mid
genesis	_unknown_	dee_jay.mid
genesis	_unknown_	deepridge.mid
genesis	_unknown_	defense.mid
genesis	_unknown_	degm2.mid
genesis	_unknown_	dezo.mid
genesis	_unknown_	dezo2.mid
genesis	_unknown_	dracula_castle.mid
genesis	_unknown_	drmbm_sg_01.mid
genesis	_unknown_	drmbm_sg_02.mid
genesis	_unknown_	dudida.mid
genesis	_unknown_	duo_chplantdynamic.mid
genesis	_unknown_	dwarmer.mid
genesis	_unknown_	dynamiteheaddy-endingXG.mid
genesis	_unknown_	dynamiteheaddy-escapeheroXG.mid
genesis	_unknown_	dynamiteheaddy-headdytheheroXG.mid
genesis	_unknown_	dynamiteheaddy-puppettower.mid
genesis	_unknown_	dynamiteheaddy-schumacherfly-1.mid
genesis	_unknown_	eggz.mid
genesis	_unknown_	elfinal.mid
genesis	_unknown_	ellis.mid
genesis	_unknown_	eltitle.mid
genesis	_unknown_	emergency.mid
genesis	_unknown_	emperor.mid
genesis	_unknown_	ending-1.mid
genesis	_unknown_	ending.mid
genesis	_unknown_	ending2.mid
genesis	_unknown_	fantasia_heck.mid
genesis	_unknown_	fbforest.mid
genesis	_unknown_	final_round.mid
genesis	_unknown_	flyingbattery.mid
genesis	_unknown_	flyingbattery_timetravel_kenji.mid
genesis	_unknown_	funkotronic_beat.mid
genesis	_unknown_	fz_mango.mid
genesis	_unknown_	garden1_v2.mid
genesis	_unknown_	garden2_v2.mid
genesis	_unknown_	garfield_level1.mid
genesis	_unknown_	gaxe-battle2.mid
genesis	_unknown_	gaxe-showdown2.mid
genesis	_unknown_	gaxeend.mid
genesis	_unknown_	gbuster_sega.mid
genesis	_unknown_	geckoyamori_sor2_4.mid
genesis	_unknown_	genchaos.mid
genesis	_unknown_	gg.mid
genesis	_unknown_	gg_dancetune.mid
genesis	_unknown_	ghillzone.mid
genesis	_unknown_	gmbalrog.mid
genesis	_unknown_	gnglevel2.mid
genesis	_unknown_	goal%21.mid
genesis	_unknown_	golden_axe-turtlevillage1.mid
genesis	_unknown_	golden_axe-turtlevillage2.mid
genesis	_unknown_	gorgon.mid
genesis	_unknown_	gothic.mid
genesis	_unknown_	gothicintro.mid
genesis	_unknown_	greenranger.mid
genesis	_unknown_	grnhill.mid
genesis	_unknown_	grnhl.mid
genesis	_unknown_	gsaremixscratch.mid
genesis	_unknown_	hakuna.mid
genesis	_unknown_	havoc.mid
genesis	_unknown_	herzog_funeral.mid
genesis	_unknown_	herzog_mournfulwar.mid
genesis	_unknown_	herzog_sleight.mid
genesis	_unknown_	heyrita.mid
genesis	_unknown_	hidden_p.mid
genesis	_unknown_	hilltopV15.mid
genesis	_unknown_	homage_to_sensible_soccer.mid
genesis	_unknown_	hydra.mid
genesis	_unknown_	hydra_vgcom.mid
genesis	_unknown_	ice.mid
genesis	_unknown_	ice_cap.mid
genesis	_unknown_	ice_lair.mid
genesis	_unknown_	icecap2.mid
genesis	_unknown_	icecap_jtremix.mid
genesis	_unknown_	icecgm.mid
genesis	_unknown_	icemix.mid
genesis	_unknown_	invincib.mid
genesis	_unknown_	invincibility.mid
genesis	_unknown_	invincible.mid
genesis	_unknown_	iron_blue.mid
genesis	_unknown_	iron_blueWin.mid
genesis	_unknown_	ironblue.mid
genesis	_unknown_	iz1-v001.mid
genesis	_unknown_	iz2-v001.mid
genesis	_unknown_	jonathanblade.mid
genesis	_unknown_	jp_mapmusic.mid
genesis	_unknown_	jp_pstation.mid
genesis	_unknown_	jp_visitorcenter.mid
genesis	_unknown_	jp_youlose.mid
genesis	_unknown_	knuckles.mid
genesis	_unknown_	labryint.mid
genesis	_unknown_	laby.mid
genesis	_unknown_	labyrinth2.mid
genesis	_unknown_	landale_r.mid
genesis	_unknown_	landstalk.mid
genesis	_unknown_	lastwave.mid
genesis	_unknown_	launchbase1%262v3.0.mid
genesis	_unknown_	lava1.mid
genesis	_unknown_	lavaburns.mid
genesis	_unknown_	lavaree1.mid
genesis	_unknown_	lavareef-rock-kenji.mid
genesis	_unknown_	lavareefA1.mid
genesis	_unknown_	lbz.mid
genesis	_unknown_	level1.mid
genesis	_unknown_	lkwdxg.mid
genesis	_unknown_	lm-gal3.mid
genesis	_unknown_	lm-lutz.mid
genesis	_unknown_	lm-ps4castle.mid
genesis	_unknown_	lm-ps4cave.mid
genesis	_unknown_	lm-ps4mtown.mid
genesis	_unknown_	locked-and-loaded.mid
genesis	_unknown_	lsoverworld.mid
genesis	_unknown_	lvlclear.mid
genesis	_unknown_	madden93synth.mid
genesis	_unknown_	marble8.mid
genesis	_unknown_	match1.mid
genesis	_unknown_	maui_mallard_the_test_of_duckhood_v1-1.mid
genesis	_unknown_	mbm_exercise.mid
genesis	_unknown_	mbm_stages5-8_lumina_v1-0.mid
genesis	_unknown_	md-scene6.mid
genesis	_unknown_	md_sk_sm04.mid
genesis	_unknown_	md_sk_sm05.mid
genesis	_unknown_	md_sk_sm05_remix.mid
genesis	_unknown_	md_sk_sm06.mid
genesis	_unknown_	md_sk_sm08_XG.mid
genesis	_unknown_	md_son2_mysc.mid
genesis	_unknown_	md_son2_robo.mid
genesis	_unknown_	md_son3_carn1.mid
genesis	_unknown_	md_spin_sm01remix_XG.mid
genesis	_unknown_	md_spin_sm03_XG.mid
genesis	_unknown_	md_spin_sm04_XG.mid
genesis	_unknown_	mgp_5.mid
genesis	_unknown_	michael_jackson_-_another_part_of_me.mid
genesis	_unknown_	mickey1.mid
genesis	_unknown_	might-and-magic2_encounter.mid
genesis	_unknown_	mk_gorolair_zb.mid
genesis	_unknown_	mk_palacegates-2_zb.mid
genesis	_unknown_	mk_pit_genEsis.mid
genesis	_unknown_	mk_throneroom_zb.mid
genesis	_unknown_	mk_titlescreen_zb.mid
genesis	_unknown_	mkcontinue_zb.mid
genesis	_unknown_	mom02.mid
genesis	_unknown_	mstcave2.mid
genesis	_unknown_	mw3_snow_field.mid
genesis	_unknown_	mystic.mid
genesis	_unknown_	mysticremix3.mid
genesis	_unknown_	neotokyo.mid
genesis	_unknown_	noway.mid
genesis	_unknown_	noway_2.mid
genesis	_unknown_	oiloceanremixmar2.mid
genesis	_unknown_	orgbeat.mid
genesis	_unknown_	otarocean.mid
genesis	_unknown_	outlanderroadthemeKindaSuckish.mid
genesis	_unknown_	owen.mid
genesis	_unknown_	palace_trouble.mid
genesis	_unknown_	panicpuppet8bit.mid
genesis	_unknown_	phantasystar3openingbyHA.mid
genesis	_unknown_	phst4.mid
genesis	_unknown_	pinky_and_the_brain.mid
genesis	_unknown_	polly.mid
genesis	_unknown_	port.mid
genesis	_unknown_	port3.mid
genesis	_unknown_	pp_theme.mid
genesis	_unknown_	pride_rock.mid
genesis	_unknown_	ps4-aircastle.mid
genesis	_unknown_	ps4-organicbeat.mid
genesis	_unknown_	ps4-rykros.mid
genesis	_unknown_	ps400.mid
genesis	_unknown_	ps402.mid
genesis	_unknown_	ps403.mid
genesis	_unknown_	ps404.mid
genesis	_unknown_	ps405.mid
genesis	_unknown_	ps406.mid
genesis	_unknown_	ps407.mid
genesis	_unknown_	ps409.mid
genesis	_unknown_	ps411.mid
genesis	_unknown_	ps412.mid
genesis	_unknown_	ps414.mid
genesis	_unknown_	ps416.mid
genesis	_unknown_	ps417.mid
genesis	_unknown_	ps419.mid
genesis	_unknown_	ps420.mid
genesis	_unknown_	ps421.mid
genesis	_unknown_	ps422.mid
genesis	_unknown_	ps424.mid
genesis	_unknown_	ps426.mid
genesis	_unknown_	ps427.mid
genesis	_unknown_	ps430.mid
genesis	_unknown_	ps431.mid
genesis	_unknown_	ps440.mid
genesis	_unknown_	ps441.mid
genesis	_unknown_	ps443.mid
genesis	_unknown_	ps448.mid
genesis	_unknown_	ps451.mid
genesis	_unknown_	ps4_jijy_no_rag.mid
genesis	_unknown_	ps4_title.mid
genesis	_unknown_	ps4_vehicle_battle.mid
genesis	_unknown_	ps4battle.mid
genesis	_unknown_	ps4endof.mid
genesis	_unknown_	ps4fab.mid
genesis	_unknown_	ps4fal3remix.mid
genesis	_unknown_	ps4main.mid
genesis	_unknown_	ps4mystery.mid
genesis	_unknown_	ps4space.mid
genesis	_unknown_	ps4thray.mid
genesis	_unknown_	psiv_motovw_swmx_ztp.mid
genesis	_unknown_	psivbehi.mid
genesis	_unknown_	psivdnc_rmx_ztp.mid
genesis	_unknown_	pstar2.mid
genesis	_unknown_	pstar3.mid
genesis	_unknown_	pstar4mystery2.mid
genesis	_unknown_	pu1end.mid
genesis	_unknown_	pu1game.mid
genesis	_unknown_	pu1sata1.mid
genesis	_unknown_	pu1sata2.mid
genesis	_unknown_	pulseman.mid
genesis	_unknown_	pyramid.mid
genesis	_unknown_	qksdburg.mid
genesis	_unknown_	qkslastb.mid
genesis	_unknown_	qksmahar.mid
genesis	_unknown_	qkstrans.mid
genesis	_unknown_	qshot1.mid
genesis	_unknown_	qshot3.mid
genesis	_unknown_	qshot4.mid
genesis	_unknown_	raflesia.mid
genesis	_unknown_	rapmaster.mid
genesis	_unknown_	rask-starlight.mid
genesis	_unknown_	rave.mid
genesis	_unknown_	ravedancetunerhythmix.mid
genesis	_unknown_	ravetune.mid
genesis	_unknown_	rbi94-canada-fixed-version3.0.mid
genesis	_unknown_	rbi94-usa-antheme-fixed-version3.0.mid
genesis	_unknown_	reinc_soul.mid
genesis	_unknown_	reincarnatedWin.mid
genesis	_unknown_	remixg.mid
genesis	_unknown_	ristar-6-1.mid
genesis	_unknown_	ristarlv1.mid
genesis	_unknown_	rknight2.mid
genesis	_unknown_	robotnick.mid
genesis	_unknown_	rocketknightadventures-1-1XG.mid
genesis	_unknown_	rrash2awe.mid
genesis	_unknown_	rrash2gm.mid
genesis	_unknown_	rshin-ld.mid
genesis	_unknown_	rusty1-1.mid
genesis	_unknown_	sandopolis.mid
genesis	_unknown_	segaB.mid
genesis	_unknown_	segagb.mid
genesis	_unknown_	sh2end2.mid
genesis	_unknown_	sh_starlight_ml.mid
genesis	_unknown_	shf2-battle2.mid
genesis	_unknown_	shf2-castle.mid
genesis	_unknown_	shf2-dwarves.mid
genesis	_unknown_	shf2-elves.mid
genesis	_unknown_	shf2walkabout.mid
genesis	_unknown_	shiningfb1.mid
genesis	_unknown_	shiningforce-hq.mid
genesis	_unknown_	shiningforce-shipbattle.mid
genesis	_unknown_	shiningforce-town.mid
genesis	_unknown_	show.mid
genesis	_unknown_	shychasezone.mid
genesis	_unknown_	sk-16-lumina-v1_1.mid
genesis	_unknown_	sk-lava-reef.mid
genesis	_unknown_	sk_battery1_z.mid
genesis	_unknown_	sk_fbza1.mid
genesis	_unknown_	sk_fbza2.mid
genesis	_unknown_	sk_sg_20.mid
genesis	_unknown_	sk_sg_21.mid
genesis	_unknown_	skflying.mid
genesis	_unknown_	skychase-kenji.mid
genesis	_unknown_	skysanc-zone.mid
genesis	_unknown_	smowtitl.mid
genesis	_unknown_	smstg2a.mid
genesis	_unknown_	snowcrmx.mid
genesis	_unknown_	snowover.mid
genesis	_unknown_	sol10.mid
genesis	_unknown_	sol11p.mid
genesis	_unknown_	sol6.mid
genesis	_unknown_	son%26knux.mid
genesis	_unknown_	son1fini.mid
genesis	_unknown_	son1hill.mid
genesis	_unknown_	son1marb.mid
genesis	_unknown_	son1scra.mid
genesis	_unknown_	son1star.mid
genesis	_unknown_	son2_2p_race.mid
genesis	_unknown_	son2_cpz_.mid
genesis	_unknown_	son2aqua.mid
genesis	_unknown_	son2chem.mid
genesis	_unknown_	son2end.mid
genesis	_unknown_	son2endGremix.mid
genesis	_unknown_	son2hil2.mid
genesis	_unknown_	son2hill.mid
genesis	_unknown_	son2metr.mid
genesis	_unknown_	son2oil2.mid
genesis	_unknown_	son2oilo.mid
genesis	_unknown_	son2wing.mid
genesis	_unknown_	son3_angelisland2.mid
genesis	_unknown_	son3angl.mid
genesis	_unknown_	son3ice.mid
genesis	_unknown_	son_endlevel.mid
genesis	_unknown_	son_ghz.mid
genesis	_unknown_	sonx.mid
genesis	_unknown_	sor-st1%5B1%5D.mid
genesis	_unknown_	sor-st1.mid
genesis	_unknown_	sor-st4_remix.mid
genesis	_unknown_	sor1.mid
genesis	_unknown_	sor2-1.mid
genesis	_unknown_	sor2_stage_1.mid
genesis	_unknown_	sor2_stage_1_go_straight_v2.mid
genesis	_unknown_	sor2_stage_2b.mid
genesis	_unknown_	sor2_stage_4.mid
genesis	_unknown_	sor2_stage_5.mid
genesis	_unknown_	sor2l5.mid
genesis	_unknown_	sor2lvl1.mid
genesis	_unknown_	sor2lvl6.mid
genesis	_unknown_	sor2special.mid
genesis	_unknown_	sor3_ending.mid
genesis	_unknown_	sor3_levelcomplete.mid
genesis	_unknown_	sor_good_ending.mid
genesis	_unknown_	sor_levelcomplete.mid
genesis	_unknown_	sor_round_3.mid
genesis	_unknown_	sorstg7.mid
genesis	_unknown_	sortitle.mid
genesis	_unknown_	sovcastle.mid
genesis	_unknown_	splash.mid
genesis	_unknown_	splinter.mid
genesis	_unknown_	srending.mid
genesis	_unknown_	starlight2-3.mid
genesis	_unknown_	starlightzone-3_0.mid
genesis	_unknown_	starlite.mid
genesis	_unknown_	sth2_fbz_hem.mid
genesis	_unknown_	sth2btb.mid
genesis	_unknown_	sth3c.mid
genesis	_unknown_	sth3title.mid
genesis	_unknown_	sthghz.mid
genesis	_unknown_	stranger_in_the_hidden_palace.mid
genesis	_unknown_	streets_of_rage.mid
genesis	_unknown_	streets_of_rage_ii_-_bar.mid
genesis	_unknown_	streets_of_rage_ii_3th_stage_area_1.mid
genesis	_unknown_	streets_of_rage_ii_5th_stage.mid
genesis	_unknown_	strider.mid
genesis	_unknown_	strife_drmbm5-8.mid
genesis	_unknown_	swdofvermshop.mid
genesis	_unknown_	syndicate_danger.mid
genesis	_unknown_	t_smart6.mid
genesis	_unknown_	t_smart7.mid
genesis	_unknown_	tails.mid
genesis	_unknown_	tf2-01.mid
genesis	_unknown_	tf2-02.mid
genesis	_unknown_	tf2-rayofhope.mid
genesis	_unknown_	tf2_exceed.mid
genesis	_unknown_	tf3hydra-1.mid
genesis	_unknown_	tf3hydra.mid
genesis	_unknown_	tf4-04.mid
genesis	_unknown_	tf4-04_awe.mid
genesis	_unknown_	tf4-b4.mid
genesis	_unknown_	tf4-b5.mid
genesis	_unknown_	theeye.mid
genesis	_unknown_	thunder_force_iii_-_cerberus.mid
genesis	_unknown_	title.mid
genesis	_unknown_	title2.mid
genesis	_unknown_	title_screeny.mid
genesis	_unknown_	tonoe.mid
genesis	_unknown_	toxic.mid
genesis	_unknown_	tpgardenmaze.mid
genesis	_unknown_	tpghosthouse.mid
genesis	_unknown_	tptheme.mid
genesis	_unknown_	trident.mid
genesis	_unknown_	underground_vault.mid
genesis	_unknown_	vamp_killer2.mid
genesis	_unknown_	vermcave.mid
genesis	_unknown_	vermilio.mid
genesis	_unknown_	vermstat.mid
genesis	_unknown_	vermvill.mid
genesis	_unknown_	verytex.mid
genesis	_unknown_	vf2md_ending.mid
genesis	_unknown_	viewpoint.mid
genesis	_unknown_	vr-start.mid
genesis	_unknown_	wcup90.mid
genesis	_unknown_	wickedflame.mid
genesis	_unknown_	woi01.mid
genesis	_unknown_	woi02.mid
genesis	_unknown_	woi03.mid
genesis	_unknown_	woi04.mid
genesis	_unknown_	woi05.mid
genesis	_unknown_	woi06.mid
genesis	_unknown_	woi07.mid
genesis	_unknown_	woi08.mid
genesis	_unknown_	woi09.mid
genesis	_unknown_	woi10.mid
genesis	_unknown_	woi11.mid
genesis	_unknown_	woi12.mid
genesis	_unknown_	woi13.mid
genesis	_unknown_	woi14.mid
genesis	_unknown_	woi15.mid
genesis	_unknown_	woi19.mid
genesis	_unknown_	woi20.mid
genesis	_unknown_	woi21.mid
genesis	_unknown_	woi22.mid
genesis	_unknown_	woi23.mid
genesis	_unknown_	woi24.mid
genesis	_unknown_	woi25.mid
genesis	_unknown_	woi27.mid
genesis	_unknown_	woi28.mid
genesis	_unknown_	woi29.mid
genesis	_unknown_	woi_1-1.mid
genesis	_unknown_	woib00.mid
genesis	_unknown_	woib03.mid
genesis	_unknown_	woib04.mid
genesis	_unknown_	woib05.mid
genesis	_unknown_	woib12.mid
genesis	_unknown_	woib13.mid
genesis	_unknown_	woib20.mid
genesis	_unknown_	worms.mid
genesis	_unknown_	wstitle.mid
genesis	_unknown_	xgsthmz.mid
genesis	_unknown_	xmen2stg2c.mid
genesis	_unknown_	xmen2stg3a.mid
genesis	_unknown_	xmenrmx.mid
genesis	_unknown_	yoo_hoo.mid
genesis	_unknown_	zedd-remix.mid
genesis	_unknown_	zedd2.mid
genesis	_unknown_	zeppelin.mid
genesis	_unknown_	zero_wing_natols.mid
genesis	_unknown_	zerowing-intro.mid
genesis	_unknown_	zw-gerbarra.mid
genesis	_unknown_	zwstg5.mid
n64	_unknown_	001124071846.mid
n64	_unknown_	001124071891.mid
n64	_unknown_	007Dam.mid
n64	_unknown_	007captr.mid
n64	_unknown_	007pausemenu.mid
n64	_unknown_	007watch.mid
n64	_unknown_	02mid.mid
n64	_unknown_	03-Kakariko_village.mid
n64	_unknown_	056_v3_z5ending1.mid
n64	_unknown_	21_Golden-I_QXG.mid
n64	_unknown_	32_Astronomical_Observatory_GM.mid
n64	_unknown_	32_Astronomical_Observatory_XG.mid
n64	_unknown_	64_09_waterlnd.mid
n64	_unknown_	64_36_02.mid
n64	_unknown_	64title.mid
n64	_unknown_	Aarmxv11.mid
n64	_unknown_	Adontheme.mid
n64	_unknown_	Adventure_Lets_Go2.mid
n64	_unknown_	AirBase.mid
n64	_unknown_	Album.mid
n64	_unknown_	AngelTeardrops.mid
n64	_unknown_	Angry_Aztec_%28Rattlesnake_Charmer_Remix%29.mid
n64	_unknown_	Area6Stereo.mid
n64	_unknown_	Armorines_Menu_Screen.mid
n64	_unknown_	Army_Dillo_%28Caves%29.mid
n64	_unknown_	Army_Dillo_%28Jungle%29.mid
n64	_unknown_	AsaAltair2.mid
n64	_unknown_	Asleep.mid
n64	_unknown_	AttackShip2.mid
n64	_unknown_	Awa.mid
n64	_unknown_	Aztec_Lobby.mid
n64	_unknown_	B-T_-_Cloud_Cuckooland.mid
n64	_unknown_	B-T_-_Klungo%27s_Theme.mid
n64	_unknown_	B-T_Grunty_Industrys_Inside.mid
n64	_unknown_	B-T_Grunty_Industrys_Outside.mid
n64	_unknown_	B-T_Wumbas_Wigam.mid
n64	_unknown_	B-T_pause.mid
n64	_unknown_	B-t_atlantis.mid
n64	_unknown_	B-t_terr.mid
n64	_unknown_	B1L_MNSG_touristcentre.mid
n64	_unknown_	B1L_mk64_battleresult.mid
n64	_unknown_	B64_01.mid
n64	_unknown_	BCMoonV3.mid
n64	_unknown_	BC_Title.mid
n64	_unknown_	BKGrLair.mid
n64	_unknown_	BKLrBrdg.mid
n64	_unknown_	BKMaze.mid
n64	_unknown_	BKMonster.mid
n64	_unknown_	BKPause.mid
n64	_unknown_	BKTTCove.mid
n64	_unknown_	BKWoodRMX.mid
n64	_unknown_	BK_EngineRoom_v2.mid
n64	_unknown_	BK_Gobi_Valley.mid
n64	_unknown_	BKgobi.mid
n64	_unknown_	BL_mn64_soup_a.mid
n64	_unknown_	BL_mnsg_iyo.mid
n64	_unknown_	BL_mnsg_oedocastle_A.mid
n64	_unknown_	BL_mnsg_oedocastle_B.mid
n64	_unknown_	BL_mnsg_yamato.mid
n64	_unknown_	BL_wr64_score.mid
n64	_unknown_	BL_ys_gamesv2.mid
n64	_unknown_	BL_ys_trial.mid
n64	_unknown_	BM64_-_Green_Garden_V1_1.mid
n64	_unknown_	BTSpaceyRemix.mid
n64	_unknown_	BT_Atlantis.mid
n64	_unknown_	BT_HailfirePeaks.mid
n64	_unknown_	BT_KLUNGO.mid
n64	_unknown_	Ballad.mid
n64	_unknown_	Battle.mid
n64	_unknown_	Battle_Room.mid
n64	_unknown_	Battletanx_-_Fremont_ST.mid
n64	_unknown_	Batula%27s_Theme.mid
n64	_unknown_	Bbq.mid
n64	_unknown_	Bcending.mid
n64	_unknown_	BigBlue.mid
n64	_unknown_	Big_Snowman3.mid
n64	_unknown_	Birdman.mid
n64	_unknown_	Bkmotznd.mid
n64	_unknown_	Bkwonderwing.mid
n64	_unknown_	Blue_Cave.mid
n64	_unknown_	Blue_Fog.mid
n64	_unknown_	Board_Shop1.mid
n64	_unknown_	BodyHarvestBattleTheme.mid
n64	_unknown_	BodyHarvestCalmTheme_.mid
n64	_unknown_	Bombbatt.mid
n64	_unknown_	BomberTie.mid
n64	_unknown_	Bomberman64BattleRemix.mid
n64	_unknown_	Bomberman64_Song03.mid
n64	_unknown_	Bomberman64_Song20.mid
n64	_unknown_	BombermanHero-Zip_XG.mid
n64	_unknown_	BombermanHero_-_Milky.mid
n64	_unknown_	BombermanHero_-_Monogenic.mid
n64	_unknown_	BombermanHero_-_Redial-1.mid
n64	_unknown_	BombermanHero_-_Zip.mid
n64	_unknown_	Bomermanhero_-_Unknown4.mid
n64	_unknown_	BondIsBack.mid
n64	_unknown_	BottlesChallenge2.mid
n64	_unknown_	Bottles_Puzzle.mid
n64	_unknown_	Bowser.mid
n64	_unknown_	Bowsers_Castle.mid
n64	_unknown_	Brawl_Idea_1_Hyrule_Field.mid
n64	_unknown_	BremenMarch.mid
n64	_unknown_	Bremen_March_Band.mid
n64	_unknown_	Bunker_V1_2.mid
n64	_unknown_	CBFD_Bullfish.mid
n64	_unknown_	CBFD_Conkers_Drunk.mid
n64	_unknown_	CCW.mid
n64	_unknown_	CCWFall.mid
n64	_unknown_	CI_-_Defense.mid
n64	_unknown_	Cafe_Latte.mid
n64	_unknown_	Candy%27s_Theme.mid
n64	_unknown_	Capt._Falcon_Wins.mid
n64	_unknown_	CaringtonInstitut1.mid
n64	_unknown_	Carrington.mid
n64	_unknown_	CarringtonInstitute.mid
n64	_unknown_	Cave_Dungeonv2.5.mid
n64	_unknown_	Cheese_Wedges_in_the_Sky.mid
n64	_unknown_	Chicago.mid
n64	_unknown_	Chicago_X.mid
n64	_unknown_	Clanball_Land_ELEZEID.mid
n64	_unknown_	ClickClockWoodGnawtysHouse.mid
n64	_unknown_	ClockTower.mid
n64	_unknown_	Clock_Town_Day_1.mid
n64	_unknown_	Clock_Town_Day_2_v2.mid
n64	_unknown_	Clock_Town_Day_3.mid
n64	_unknown_	Clocktower1.mid
n64	_unknown_	Clocktown-.mid
n64	_unknown_	Clocktown-v13.mid
n64	_unknown_	Clocktwn.mid
n64	_unknown_	CloudyClimb.mid
n64	_unknown_	Congo.mid
n64	_unknown_	Cranky%27s_Theme.mid
n64	_unknown_	Cromlech_Court.mid
n64	_unknown_	DDD.mid
n64	_unknown_	DVIE-1574111842.mid
n64	_unknown_	DVIE.mid
n64	_unknown_	DarkMoonCavernsXG.mid
n64	_unknown_	DeathMelody.mid
n64	_unknown_	DekuDance.mid
n64	_unknown_	Deku_Palace_Remix.mid
n64	_unknown_	Deku_Palace_v.1.mid
n64	_unknown_	Deku_Palace_v2.mid
n64	_unknown_	Deku_palace.mid
n64	_unknown_	Departure_of_Boba_Fett.mid
n64	_unknown_	DesertState.mid
n64	_unknown_	Desert_GS.mid
n64	_unknown_	Desert_Walk.mid
n64	_unknown_	Desert_XG_V127.mid
n64	_unknown_	Destroy_the_big_machine.mid
n64	_unknown_	Dharmanyo.mid
n64	_unknown_	Dharmanyo2.mid
n64	_unknown_	DireDireDocks.mid
n64	_unknown_	Dizzy_Land.mid
n64	_unknown_	Dondoran_Castle.mid
n64	_unknown_	DonkeyKong64-MiniGameIntroXG.mid
n64	_unknown_	Door_of_Time.mid
n64	_unknown_	Dream_Chaser_Silence_Morejatroid.mid
n64	_unknown_	Dream_Land.mid
n64	_unknown_	DryDryOutpost.mid
n64	_unknown_	DryDryRuins.mid
n64	_unknown_	DuelOfTheFates.mid
n64	_unknown_	Duel_Map.mid
n64	_unknown_	Edo2.mid
n64	_unknown_	End_Theme-remix.mid
n64	_unknown_	Epona_song.mid
n64	_unknown_	EscapeCastle.mid
n64	_unknown_	Eternal_Star.mid
n64	_unknown_	Eternal_Star1.mid
n64	_unknown_	Evans_Room.mid
n64	_unknown_	F-Zero_X_-_Climb_Up_And_Get_the_Last_Chance_-White_Land-.mid
n64	_unknown_	F-Zero_X_-_Crazy_Call_At_Cry_-Port_Town-.mid
n64	_unknown_	F-Zero_X_-_Decide_in_the_Eyes_-Big_Blue-.mid
n64	_unknown_	F-Zero_X_-_Devils_Call_In_Your_Heart_-Devils_Forest-.mid
n64	_unknown_	F-Zero_X_-_Dream_Chaser_-Silence-_V1_1.mid
n64	_unknown_	F-Zero_X_-_The_Long_Distance_of_Murder_-Red_Canyon-.mid
n64	_unknown_	F-Zero_X_-_Title_BGM.mid
n64	_unknown_	F-Zero_X_Kit_-_Japon_-Big_Blue_3-.mid
n64	_unknown_	F-Zero_X_Kit_-_Rainbow_Road_V1_1.mid
n64	_unknown_	F-Zero_X_Kit_-_Regeneration_-Silence_3-.mid
n64	_unknown_	F-Zero_X_Kit_-_Rollercoaster_-Mute_City_4-.mid
n64	_unknown_	FZX-EK_Big_Blue_3-KM.mid
n64	_unknown_	FZX-EK_Mute_City_4-KM.mid
n64	_unknown_	FZX-EK_Rainbow_Road-KM.mid
n64	_unknown_	FZX-EK_Silence_3-KM.mid
n64	_unknown_	FZX-EK_Track_Edit-KM.mid
n64	_unknown_	FZX_Big_Blue-KM.mid
n64	_unknown_	FZX_Devils_Forest-KM.mid
n64	_unknown_	FZX_Mute_City-KM.mid
n64	_unknown_	FZX_Port_Town-KM.mid
n64	_unknown_	FZX_Red_Canyon-KM.mid
n64	_unknown_	FZX_Sand_Ocean-KM.mid
n64	_unknown_	FZX_Silence-KM.mid
n64	_unknown_	FZX_Title-KM.mid
n64	_unknown_	FZX_White_Land-KM-v2-1.mid
n64	_unknown_	FesttempA.mid
n64	_unknown_	FesttempB.mid
n64	_unknown_	FinalBowserTheme.mid
n64	_unknown_	Flood_the_sheep_dip_pool.mid
n64	_unknown_	Forest1.mid
n64	_unknown_	Forest_Templev2.mid
n64	_unknown_	Forever_Forest.mid
n64	_unknown_	FourGiants.mid
n64	_unknown_	Fox_Wins.mid
n64	_unknown_	Franky2.mid
n64	_unknown_	Frappe_Beach_MK64REMIX.mid
n64	_unknown_	Freeze_v2.mid
n64	_unknown_	Freezeasy_Peak.mid
n64	_unknown_	FreezeezyPeak2.mid
n64	_unknown_	Fungi_Forest_Nighttime.mid
n64	_unknown_	Funky%27s_Theme.mid
n64	_unknown_	GE007-_Aztec.mid
n64	_unknown_	GE007_-_Control.mid
n64	_unknown_	GE007_-_Control_X.mid
n64	_unknown_	GE007_-_Cradle.mid
n64	_unknown_	GE007_-_Cradle_X.mid
n64	_unknown_	GE007_-_Dam.mid
n64	_unknown_	GE007_-_Dam_X.mid
n64	_unknown_	GE007_-_Facility.mid
n64	_unknown_	GE007_-_Facility_X.mid
n64	_unknown_	GE007_-_Frigate.mid
n64	_unknown_	GE007_-_Frigate_X.mid
n64	_unknown_	GE007_-_James_Bond_Theme.mid
n64	_unknown_	GE007_-_Runway.mid
n64	_unknown_	GE007_-_Silo.mid
n64	_unknown_	GE007_-_Silo_X.mid
n64	_unknown_	GE007_-_Watch_Theme.mid
n64	_unknown_	GE007_Caverns-KM.mid
n64	_unknown_	GE007_Cradle-KM.mid
n64	_unknown_	GE007_Frigate-KMv1-1.mid
n64	_unknown_	GE007_Opening-KMv1-1.mid
n64	_unknown_	GE007_Statue-KM.mid
n64	_unknown_	GORON_CITY.mid
n64	_unknown_	Game_Guy_Theme.mid
n64	_unknown_	Ganondorf.mid
n64	_unknown_	GanondorfBattle.mid
n64	_unknown_	Ganondorf_Battle.mid
n64	_unknown_	Ge007jc.mid
n64	_unknown_	Gef2.mid
n64	_unknown_	GeneralGuysMarch.mid
n64	_unknown_	GerudValleyPiano.mid
n64	_unknown_	GerudoValley2.mid
n64	_unknown_	GerudoVmix.mid
n64	_unknown_	Gerudo_Ballad.mid
n64	_unknown_	Gerudo_Valley.mid
n64	_unknown_	Gerudo_Valley_Techno_Island_ReMix.mid
n64	_unknown_	Gerudo_desert.mid
n64	_unknown_	GhostToysABC.mid
n64	_unknown_	Ghsttoys.mid
n64	_unknown_	Glacier_Coast.mid
n64	_unknown_	Gliter_mine.mid
n64	_unknown_	Gliter_mine_yes.mid
n64	_unknown_	Glitter_Gulch_Mine.mid
n64	_unknown_	Gloomy_Galleon.mid
n64	_unknown_	GoldustMusic.mid
n64	_unknown_	GoombaRoad.mid
n64	_unknown_	GorgeousBc3.mid
n64	_unknown_	Goron_Lulluby.mid
n64	_unknown_	Goron_Race.mid
n64	_unknown_	GotaMask%21_v1.1.mid
n64	_unknown_	GourmetABC.mid
n64	_unknown_	Great_Bay.mid
n64	_unknown_	GruntildasLairHeavyMetalRemix.mid
n64	_unknown_	Gruntildas_Lair_Waltz.mid
n64	_unknown_	GuerudoValleyBML.mid
n64	_unknown_	HM64MOUNTAIN.mid
n64	_unknown_	HM64SPRING.mid
n64	_unknown_	HM64WINTER.mid
n64	_unknown_	HM64_-_Bar.mid
n64	_unknown_	HM64_-_Ending_Credits.mid
n64	_unknown_	HM64_-_Flower_Bud_Village.mid
n64	_unknown_	HM64_-_Winter_Theme.mid
n64	_unknown_	HM64_Flower_Festival.mid
n64	_unknown_	Hag1.mid
n64	_unknown_	Hags.mid
n64	_unknown_	Hailfire_Peaks_%28Ice_Side%29.mid
n64	_unknown_	Hang_In_There_Peach.mid
n64	_unknown_	Happy_Mask_ManV1.2.mid
n64	_unknown_	Happy_Mask_Man_Remix.mid
n64	_unknown_	Hauntedwoods.mid
n64	_unknown_	Here_Comes_Trouble.mid
n64	_unknown_	Here_Comes_Trouble_Piano_.mid
n64	_unknown_	Hexentitle.mid
n64	_unknown_	Homage.mid
n64	_unknown_	Hot_Top_Volcano.mid
n64	_unknown_	Hub.mid
n64	_unknown_	Hyrule_Castle.mid
n64	_unknown_	Hyrule_Castle_2.mid
n64	_unknown_	Hyrule_feild_4_Concert.mid
n64	_unknown_	Ice_Cavern_%28Haunted_Remix%29.mid
n64	_unknown_	Icecavern2.mid
n64	_unknown_	Iguana22.mid
n64	_unknown_	Ikana_Canyon.mid
n64	_unknown_	Ikana_Castle.mid
n64	_unknown_	Ikana_Village.mid
n64	_unknown_	In_Clock_Tower-1.mid
n64	_unknown_	In_Clock_Tower.mid
n64	_unknown_	Industrial.mid
n64	_unknown_	Inside_Peach%27s_Castle.mid
n64	_unknown_	IntroGanon.mid
n64	_unknown_	Inverted_Stone_Tower_Temple.mid
n64	_unknown_	IsleOHags-CauldronKeep.mid
n64	_unknown_	Item_Mini-Game.mid
n64	_unknown_	JFGMizarsPalace.mid
n64	_unknown_	JFG_-_Tunnels.mid
n64	_unknown_	JFG_Floyd_Race.mid
n64	_unknown_	JFG_Sekhmet.mid
n64	_unknown_	JFG_Tawfret.mid
n64	_unknown_	JFGsel.mid
n64	_unknown_	JR%27s_Lagoon_%28Cuckooland_Mix%29.mid
n64	_unknown_	JabuJabuBelly.mid
n64	_unknown_	James_Bond.mid
n64	_unknown_	James_Bond_Polka.mid
n64	_unknown_	JapanSea.mid
n64	_unknown_	Jazz_Gerudo.mid
n64	_unknown_	Jerry_The_King_Lawer.mid
n64	_unknown_	JiggyWiggyChallange.mid
n64	_unknown_	Jinjo_Bigband.mid
n64	_unknown_	Jinjo_Village.mid
n64	_unknown_	Jolly_Roger_Bay-Guitar_Remix.mid
n64	_unknown_	Jolly_Roger_Bay_Guitar.mid
n64	_unknown_	JungleDay.mid
n64	_unknown_	JungleFalls.mid
n64	_unknown_	K25Depot.mid
n64	_unknown_	K64_RippleStar.mid
n64	_unknown_	K64_RockStar.mid
n64	_unknown_	KAKARIKOVILLAGE.mid
n64	_unknown_	KALINKA.mid
n64	_unknown_	KIMenu_Metal.mid
n64	_unknown_	Kai2.mid
n64	_unknown_	Kakariko.mid
n64	_unknown_	KakarikoWin.mid
n64	_unknown_	Kakariko_Town.mid
n64	_unknown_	KakoriForestJam.mid
n64	_unknown_	Kane.mid
n64	_unknown_	Kim_Wu_Dojo.mid
n64	_unknown_	King_Kut_Out.mid
n64	_unknown_	Kirb64finbosv3final.mid
n64	_unknown_	Kokiri-Orchestralv2.mid
n64	_unknown_	KoopaCastle.mid
n64	_unknown_	KoopaTheme.mid
n64	_unknown_	Koopa_Bros._Theme.mid
n64	_unknown_	LBMSA-Shop.mid
n64	_unknown_	LMBSA-Rukifellth.mid
n64	_unknown_	LWTECHNO.mid
n64	_unknown_	LW_Training.mid
n64	_unknown_	Lakewtree.mid
n64	_unknown_	Lankey-Fish.mid
n64	_unknown_	Last_Day_v1.4.mid
n64	_unknown_	Lavalava_Island.mid
n64	_unknown_	LeavingTheForest.mid
n64	_unknown_	Let%27s_Go_Lightly_%28good_cards_only%29.mid
n64	_unknown_	Let%27s_Go_Lightly_%28good_cards_only%29V2.0_FINAL.mid
n64	_unknown_	Light_Arrows_2.mid
n64	_unknown_	Lilith.mid
n64	_unknown_	Lobby.mid
n64	_unknown_	LosAngeles.mid
n64	_unknown_	LostWoodHotV21.mid
n64	_unknown_	Lost_Woods_-_Slaptup.mid
n64	_unknown_	M64MryGR.mid
n64	_unknown_	M64SLDMX.mid
n64	_unknown_	M64SLDMX_v2.mid
n64	_unknown_	MADMONSTERMANSION.mid
n64	_unknown_	MANEN.mid
n64	_unknown_	MAPREMIX.mid
n64	_unknown_	MARIO.mid
n64	_unknown_	MG64_Match_Course5.mid
n64	_unknown_	MG64_Stroke_Course2.mid
n64	_unknown_	MG_Results_2-KM.mid
n64	_unknown_	MG_Ring_Shot.mid
n64	_unknown_	MG_Shy_Guy_International-KM.mid
n64	_unknown_	MINIGA.mid
n64	_unknown_	MK64Desert.mid
n64	_unknown_	MK64FrappeXG.mid
n64	_unknown_	MK64_Bowsers_Castle-KM.mid
n64	_unknown_	MK64_Credits-KM.mid
n64	_unknown_	MK64_Raceway-KM.mid
n64	_unknown_	MK64_Rainbow_Road-KM.mid
n64	_unknown_	MK64_Toads_Turnpike-KM.mid
n64	_unknown_	MK64_endV3.mid
n64	_unknown_	MK64bttl.mid
n64	_unknown_	MK64lose.mid
n64	_unknown_	MKart64_starman.mid
n64	_unknown_	MNSGFestTempCXG.mid
n64	_unknown_	MNSG_Mt_Fear_Shoreline.mid
n64	_unknown_	MPAirbanquechampignon.mid
n64	_unknown_	MPAirboutiquechampignon.mid
n64	_unknown_	MPAirdeMarioParty.mid
n64	_unknown_	MPAirmaisondesmini-jeux.mid
n64	_unknown_	MPAirmaisondesoptions.mid
n64	_unknown_	MPJnglAd.mid
n64	_unknown_	MPTrpIsl.mid
n64	_unknown_	MPUnjeuimpitoyable.mid
n64	_unknown_	MP_Air_de_Bowser.mid
n64	_unknown_	MP_Air_de_Koopa_Troopa.mid
n64	_unknown_	MP_Aventure_dans_la_jungle.mid
n64	_unknown_	MP_Faster_Than_All.mid
n64	_unknown_	MP_Light.mid
n64	_unknown_	MP_MiniGame_Island.mid
n64	_unknown_	MP_MiniGame_Stadium.mid
n64	_unknown_	MP_StolenStar.mid
n64	_unknown_	MP_The_Wide%2C_Wide_Ocean.mid
n64	_unknown_	MPmg__Full_of_Danger.mid
n64	_unknown_	MT64tour.mid
n64	_unknown_	MT_Game_Point-KM.mid
n64	_unknown_	MT_Main_Menu-KM.mid
n64	_unknown_	MT_Results-KM.mid
n64	_unknown_	MT_Tournament_Round_2-KM.mid
n64	_unknown_	MTr2.mid
n64	_unknown_	MU.mid
n64	_unknown_	MadMazeMaul.mid
n64	_unknown_	MadMonsterMansion4.mid
n64	_unknown_	Mad_Jack.mid
n64	_unknown_	Mad_Monster_Mansion-_Inside_the_church.mid
n64	_unknown_	Magma_Mountain.mid
n64	_unknown_	MainTheme.mid
n64	_unknown_	Main_Theme.mid
n64	_unknown_	Maison_XylophoneRemix.mid
n64	_unknown_	Map.mid
n64	_unknown_	Mario64BowserMetal.mid
n64	_unknown_	Mario64End.mid
n64	_unknown_	MarioKart64-BowsersCastle.mid
n64	_unknown_	MarioOrchestral.mid
n64	_unknown_	MarioParty1_Credits.mid
n64	_unknown_	MarioParty3_RulesGMXG.mid
n64	_unknown_	MarioParty_Adventure.mid
n64	_unknown_	MarioParty_MinigameStadium.mid
n64	_unknown_	MarioParty_Mushroomshop.mid
n64	_unknown_	MarioParty_Opening.mid
n64	_unknown_	Mario_64_Course_1_Dixie_Remix.mid
n64	_unknown_	Mario_Kart_64_-_Results.mid
n64	_unknown_	Mario_Party-_Intro_-_final_version.mid
n64	_unknown_	Mario_Party_2_WOODY.mid
n64	_unknown_	Mario_Party_Adventure.mid
n64	_unknown_	Mario_and_Peachs_Theme_v3.mid
n64	_unknown_	MarketXX.mid
n64	_unknown_	MasterSword.mid
n64	_unknown_	Mayahem_Temple.mid
n64	_unknown_	Menu.mid
n64	_unknown_	MenuWin.mid
n64	_unknown_	Merlons_Tent.mid
n64	_unknown_	MetalCap.mid
n64	_unknown_	Metallic_Mario.mid
n64	_unknown_	MilkbarRevised.mid
n64	_unknown_	MiniGame.mid
n64	_unknown_	MiniGameStadium.mid
n64	_unknown_	Minigame_Island.mid
n64	_unknown_	Mischief_Makers_Theme_Elezeid.mid
n64	_unknown_	Mk64end2.mid
n64	_unknown_	Mk64snow.mid
n64	_unknown_	Mnfestivaltemplecastlev1.mid
n64	_unknown_	Mnoedocastleva.mid
n64	_unknown_	Mnoedocastlevb.mid
n64	_unknown_	Motzand.mid
n64	_unknown_	Mpmg_Ducking_and_Dodging.mid
n64	_unknown_	Mptkcoin.mid
n64	_unknown_	Mt64mainmenuv1_1_.mid
n64	_unknown_	Mt_Rugged_v2.mid
n64	_unknown_	Mumbo.mid
n64	_unknown_	MuteCity2.mid
n64	_unknown_	Mutsu.mid
n64	_unknown_	N64CKakarikoVillage.mid
n64	_unknown_	N64Forest_Minuet.mid
n64	_unknown_	N64HorseRace.mid
n64	_unknown_	N64_-_GE_-_Military_Intelligence_Archives_-_By_DaDude.mid
n64	_unknown_	N64_BK_Bubblegloop_Swamp_with_Frognoise_V1.mid
n64	_unknown_	N64__Conkers_Bad_Fur_Day__Don_Weasos_Theme__Metal_Remix.mid
n64	_unknown_	N64__Mario_Party_3__Shy_Guys_Drum_Mini-Game.mid
n64	_unknown_	N64__Paper_Mario__Nublado.mid
n64	_unknown_	N64__Super_Mario_64__Final_Bowser_Theme__Metal_Remix.mid
n64	_unknown_	Nabnuts.mid
n64	_unknown_	Night_Hunt.mid
n64	_unknown_	Nightmarecreatures_Stage1.mid
n64	_unknown_	Notice_Of_Death.mid
n64	_unknown_	OB64_Theme_of_the_Priest.mid
n64	_unknown_	OLkurtangle.mid
n64	_unknown_	Oath2OrderMix.mid
n64	_unknown_	Oath_To_Order.mid
n64	_unknown_	Obake.mid
n64	_unknown_	OceanPlanetAquanet.mid
n64	_unknown_	Options.mid
n64	_unknown_	OptionsMenuXG.mid
n64	_unknown_	Ordnance_Storage_Room.mid
n64	_unknown_	Oregon.mid
n64	_unknown_	OutsideQ.mid
n64	_unknown_	Overture_-_Ogre_Battle_64.mid
n64	_unknown_	Overworld.mid
n64	_unknown_	PDTIMER.mid
n64	_unknown_	PD_Menu-KM.mid
n64	_unknown_	PD_RMX_V1.1.mid
n64	_unknown_	PKMN_ST_Mewtwo_Battle.mid
n64	_unknown_	PM64GoomRoad.mid
n64	_unknown_	PM64MarioHouse.mid
n64	_unknown_	PM64Peach.mid
n64	_unknown_	PM64StarWay.mid
n64	_unknown_	PM64TubbaBlub.mid
n64	_unknown_	PM64TutKoopa.mid
n64	_unknown_	PMABOWS.mid
n64	_unknown_	PMEFMLL.mid
n64	_unknown_	PMTwink.mid
n64	_unknown_	PM_A_Party_At_Peachs_Castle-KM.mid
n64	_unknown_	PM_Bowsers_Castle-KM.mid
n64	_unknown_	PM_Crystal_King-KM.mid
n64	_unknown_	PM_Goomba_Village.mid
n64	_unknown_	PM_Raphael_Raven.mid
n64	_unknown_	PM_Shiver_Mountain-KM.mid
n64	_unknown_	PM_Twink.mid
n64	_unknown_	PMptunia.mid
n64	_unknown_	Paper_Mario_Walking_around_the_Blue_Candy_Cane.mid
n64	_unknown_	Pdendcr_v15.mid
n64	_unknown_	PeachCastleMarioCircuitArrangement.mid
n64	_unknown_	Peachs_Birthday_Cake.mid
n64	_unknown_	PelagicII.mid
n64	_unknown_	Pelagic_II.mid
n64	_unknown_	Pelagic_II_%28best_with_wingroov%29.mid
n64	_unknown_	Pelagic_II_X.mid
n64	_unknown_	Penny_Racers_end.mid
n64	_unknown_	PikachuGenkiDechu_MainTheme.mid
n64	_unknown_	Popstar1.mid
n64	_unknown_	Port_Town.mid
n64	_unknown_	PortofAdiaPenandInkRemix.mid
n64	_unknown_	Prelude_Of_Light.mid
n64	_unknown_	Puzzles_in_the_Caves.mid
n64	_unknown_	Q64_-_Dondoran_Castle.mid
n64	_unknown_	Race_Fanfare.mid
n64	_unknown_	Race_Results.mid
n64	_unknown_	RainbowRoad.mid
n64	_unknown_	Rainbow_Road.mid
n64	_unknown_	Rainbow_Road_Remix.mid
n64	_unknown_	Rainbow_Road_Theme_Extended_Version_v2.mid
n64	_unknown_	Rayman2-GameOver.mid
n64	_unknown_	Rayman2-Try_Again.mid
n64	_unknown_	Red_Canyon-space_station.mid
n64	_unknown_	Retry%2C_Quit_Theme_-_Mario_Kart_64.mid
n64	_unknown_	River_of_souls.mid
n64	_unknown_	Rmix02.mid
n64	_unknown_	Rmx.mid
n64	_unknown_	Rock_Solid.mid
n64	_unknown_	Rosa_sisters.mid
n64	_unknown_	RoyalFungus.mid
n64	_unknown_	RoyalRoom.mid
n64	_unknown_	RuneV2.mid
n64	_unknown_	Rusty_Bucket_Bay.mid
n64	_unknown_	SABREWULF.mid
n64	_unknown_	SBK2Robot.mid
n64	_unknown_	SBK2StarHighway.mid
n64	_unknown_	SBK2lindasCastle.mid
n64	_unknown_	SBKNightHighway.mid
n64	_unknown_	SBKSilverMtC.mid
n64	_unknown_	SBKSnowman.mid
n64	_unknown_	SBK_2_Starlight_Highway.mid
n64	_unknown_	SBKsilverMT.mid
n64	_unknown_	SILO.mid
n64	_unknown_	SOS.mid
n64	_unknown_	STAIRWAY.mid
n64	_unknown_	Sand_OceanXV1.1.mid
n64	_unknown_	Sarcarib.mid
n64	_unknown_	Serenade_of_Water.mid
n64	_unknown_	Shamwood.mid
n64	_unknown_	Sheik_Theme.mid
n64	_unknown_	Sheiks_Song.mid
n64	_unknown_	Shiver_Mountain.mid
n64	_unknown_	Shoreline2.mid
n64	_unknown_	Shoreline_Melody-Dire_Dire_Docks_Remix.mid
n64	_unknown_	Shuhodo.mid
n64	_unknown_	SilenceX.mid
n64	_unknown_	Sloprano_XG.mid
n64	_unknown_	Sloprano_XGv2_0.mid
n64	_unknown_	Snide.mid
n64	_unknown_	SnowField-1.mid
n64	_unknown_	SnowField.mid
n64	_unknown_	Snowboard_Kids_-_Rookie_Mt.mid
n64	_unknown_	Snowboard_Kids_2_Sunny_Mountain_%28Enhanced_Drums%29.mid
n64	_unknown_	Sofw.mid
n64	_unknown_	Sonata_of_Awakening.mid
n64	_unknown_	Sonata_of_AwakeningRE-mix.mid
n64	_unknown_	SongHealing.mid
n64	_unknown_	Song_002.mid
n64	_unknown_	Song_003.mid
n64	_unknown_	Song_010.mid
n64	_unknown_	Song_016_v2.mid
n64	_unknown_	Song_017.mid
n64	_unknown_	Song_020.mid
n64	_unknown_	Song_31.mid
n64	_unknown_	Song_Of_Healing_Final.mid
n64	_unknown_	Song_Of_Storm_-_Sioux_Remix.mid
n64	_unknown_	Song_of_Never-Ending_Storms.mid
n64	_unknown_	Sot2-0.mid
n64	_unknown_	SpaStage4.mid
n64	_unknown_	SpaStage5.mid
n64	_unknown_	SpacePort_Alpha.mid
n64	_unknown_	Spacedust_Alley.mid
n64	_unknown_	Spirit_temple.mid
n64	_unknown_	Star-Fox_theme.mid
n64	_unknown_	Star_Fox_64.mid
n64	_unknown_	Star_Wars_Rouge_Squadron_Anthme.mid
n64	_unknown_	Star_Wolf_Theme.mid
n64	_unknown_	Starfoxversusmode.mid
n64	_unknown_	Starman-robot_rave_remix.mid
n64	_unknown_	Start.mid
n64	_unknown_	Sthertoth.mid
n64	_unknown_	Stone_Tower.mid
n64	_unknown_	Stone_Tower_Temple_v3.mid
n64	_unknown_	Stonetwr.mid
n64	_unknown_	StormOfTheFunkRemix.mid
n64	_unknown_	Strong_Kong.mid
n64	_unknown_	Sunny_Mountain.mid
n64	_unknown_	Sunny_Mountain_Remix.mid
n64	_unknown_	Sunset_Bay.mid
n64	_unknown_	SuperMario64Title.mid
n64	_unknown_	SuperMario64_-_DireDireDocksRemixXG.mid
n64	_unknown_	Super_Mario_64_-_Slider.mid
n64	_unknown_	Super_Mario_64_-_Title_Screen.mid
n64	_unknown_	Super_Mario_64_Ending_and_Credits.mid
n64	_unknown_	Switch_on_the_snow_blower.mid
n64	_unknown_	T2Adia.mid
n64	_unknown_	T2Adn_15.mid
n64	_unknown_	TERMINAD.mid
n64	_unknown_	THREAD6.mid
n64	_unknown_	Tag_Barrel.mid
n64	_unknown_	Tayce_Ts_House.mid
n64	_unknown_	TempestCity.mid
n64	_unknown_	Temple1.mid
n64	_unknown_	Temple_of_Time.mid
n64	_unknown_	Terfield.mid
n64	_unknown_	Tet_Theme_Remix.mid
n64	_unknown_	TheFinalBattle_Flute_sextet.mid
n64	_unknown_	TheGreatMetalPoo.mid
n64	_unknown_	TheWayToPlay.mid
n64	_unknown_	The_Blue_Skies_Yonder.mid
n64	_unknown_	The_Golden_Hillside.mid
n64	_unknown_	The_Master%21.mid
n64	_unknown_	The_Master_v2.0.mid
n64	_unknown_	The_Winner.mid
n64	_unknown_	The_penguins_have_built_a_statue.mid
n64	_unknown_	Theme_%28Christmas_Remix%29.mid
n64	_unknown_	Theme_%28Dance_Remix%29.mid
n64	_unknown_	Thundering_Dynamo.mid
n64	_unknown_	Tiny.mid
n64	_unknown_	Title_Screen.mid
n64	_unknown_	Title_Screen579.mid
n64	_unknown_	Tnttitle.mid
n64	_unknown_	Toad%27s_Turnpike.mid
n64	_unknown_	ToadTown2.mid
n64	_unknown_	Toad_Town.mid
n64	_unknown_	Toad_Town_v1_1.mid
n64	_unknown_	Toads_Turnpike.mid
n64	_unknown_	Tony_Thai_-_N64_-_Goemon_-_Kompira_Mountain_XG.mid
n64	_unknown_	Training.mid
n64	_unknown_	Tree.mid
n64	_unknown_	Tree1.mid
n64	_unknown_	Turok2-PortOblivion.mid
n64	_unknown_	Turok2_-_Lair_Of_The_Blind_Ones.mid
n64	_unknown_	Turok3-OmicronCrimson.mid
n64	_unknown_	TurtleStone.mid
n64	_unknown_	UNDERTAKER.mid
n64	_unknown_	V1.1MP_Here%27s_The_Star.mid
n64	_unknown_	Valley_PKMNS_Kio.mid
n64	_unknown_	Village_Cocorico_refait_xylophone-panflute-violon.mid
n64	_unknown_	WR64DolphPark.mid
n64	_unknown_	Wario%27s_Battlefield.mid
n64	_unknown_	WatchYourStep.mid
n64	_unknown_	Watch_out_for_those_crazy_bears.mid
n64	_unknown_	Water_Temple.mid
n64	_unknown_	Wendy%27s_House.mid
n64	_unknown_	White_Land.mid
n64	_unknown_	Windmill.mid
n64	_unknown_	WingCap.mid
n64	_unknown_	Winged_Rhapsody.mid
n64	_unknown_	Witch.mid
n64	_unknown_	Witchy.mid
n64	_unknown_	Woodfall.mid
n64	_unknown_	World_Map.mid
n64	_unknown_	XkyMK64.mid
n64	_unknown_	YSRailLift.mid
n64	_unknown_	YSTTower.mid
n64	_unknown_	YSTitle.mid
n64	_unknown_	Yae.mid
n64	_unknown_	Yamato.mid
n64	_unknown_	Z5ZORA~1.mid
n64	_unknown_	Z5meetgd.mid
n64	_unknown_	Z5wierd.mid
n64	_unknown_	Z64MinuetForestExtended.mid
n64	_unknown_	Z64Zora.mid
n64	_unknown_	Z64_main_theme.mid
n64	_unknown_	Z64gerud.mid
n64	_unknown_	Z64lstwd.mid
n64	_unknown_	Z64shadowtemple2.mid
n64	_unknown_	Zazen_Mix.mid
n64	_unknown_	af1special.mid
n64	_unknown_	aftermath.mid
n64	_unknown_	alienC.mid
n64	_unknown_	amigaish.mid
n64	_unknown_	ancientlake.mid
n64	_unknown_	austin2.mid
n64	_unknown_	austin3%5B1%5D.mid
n64	_unknown_	austin3.mid
n64	_unknown_	aztekyremix.mid
n64	_unknown_	banjachu.mid
n64	_unknown_	basement.mid
n64	_unknown_	bcorionp2.mid
n64	_unknown_	big_blue.mid
n64	_unknown_	bigshow%5B1%5D.mid
n64	_unknown_	bk-advent.mid
n64	_unknown_	bk-fptree.mid
n64	_unknown_	bk-furnace.mid
n64	_unknown_	bk-mrvile.mid
n64	_unknown_	bk64_10_jigsaws.mid
n64	_unknown_	bk64_bbq.mid
n64	_unknown_	bk64_church_full_v1_2.mid
n64	_unknown_	bk64_clankers_cavern.mid
n64	_unknown_	bk64_file_a.mid
n64	_unknown_	bk64_freezeezy_peak-bells.mid
n64	_unknown_	bk64_freezeezy_peak.mid
n64	_unknown_	bk64_game_over.mid
n64	_unknown_	bk64_gobis-valley-aquatic.mid
n64	_unknown_	bk64_gobis-valley-jinxy.mid
n64	_unknown_	bk64_gobis-valley-main.mid
n64	_unknown_	bk64_gruntilda_battle.mid
n64	_unknown_	bk64_mumbos_mountain.mid
n64	_unknown_	bk64_n64_logo.mid
n64	_unknown_	bk64_rbb_crate.mid
n64	_unknown_	bk64_top_of_tower.mid
n64	_unknown_	bk_boggy_happy.mid
n64	_unknown_	bk_ccw_tot.mid
n64	_unknown_	bk_church_outside_v1_3.mid
n64	_unknown_	bk_ending.mid
n64	_unknown_	bk_gruntildalair.mid
n64	_unknown_	bk_gruntildas_lair.mid
n64	_unknown_	bk_grunty-lair_0a_main-var1.mid
n64	_unknown_	bk_grunty-lair_10_Gruntys_Furnace_Fun.mid
n64	_unknown_	bk_grunty-lair_11_Aquatic.mid
n64	_unknown_	bk_grunty-lair_1_Mumbos_Mountain.mid
n64	_unknown_	bk_grunty-lair_2b_Treasure_Trove_Cove.mid
n64	_unknown_	bk_grunty-lair_3b_Clankers_Cavern.mid
n64	_unknown_	bk_grunty-lair_4b_Bubblegloop_Swamp.mid
n64	_unknown_	bk_grunty-lair_5_Freezeezy_Peak.mid
n64	_unknown_	bk_grunty-lair_6b_Gobis_Valley.mid
n64	_unknown_	bk_grunty-lair_7_Mad_Monster_Mansion.mid
n64	_unknown_	bk_grunty-lair_8_Rusty_Bucket_Bay.mid
n64	_unknown_	bk_grunty-lair_9b_Click_Clock_Wood.mid
n64	_unknown_	bk_grunty_jazz.mid
n64	_unknown_	bk_gv_snake.mid
n64	_unknown_	bk_inside_clanker.mid
n64	_unknown_	bk_rbb_warehouse.mid
n64	_unknown_	bk_wozza.mid
n64	_unknown_	bkconcerto.mid
n64	_unknown_	bkgnawty-v2.mid
n64	_unknown_	bkwood.mid
n64	_unknown_	bkwoodfall.mid
n64	_unknown_	bkwoodspring.mid
n64	_unknown_	bkwoodwinter.mid
n64	_unknown_	blackman%5B1%5D.mid
n64	_unknown_	blastcorps-hardcomplete.mid
n64	_unknown_	blastcorps-jbomb.mid
n64	_unknown_	blastcorps-mooncomplete.mid
n64	_unknown_	blastcorps-skerries-1.mid
n64	_unknown_	blastcorpscarrick.mid
n64	_unknown_	blastcorpsremix.mid
n64	_unknown_	blastsim.mid
n64	_unknown_	bm64rainbowarr.mid
n64	_unknown_	bm64resortmix.mid
n64	_unknown_	bm64sirius_2.mid
n64	_unknown_	boggysigloosad.mid
n64	_unknown_	bomberman64-blueglacier.mid
n64	_unknown_	bombermanhero-redial.mid
n64	_unknown_	bottlesdance.mid
n64	_unknown_	bowser_1.mid
n64	_unknown_	bret2.mid
n64	_unknown_	bt-bottles-v1-1.mid
n64	_unknown_	bt64_ccl.mid
n64	_unknown_	bt64_ggm_arr.mid
n64	_unknown_	bt64_ggm_hut.mid
n64	_unknown_	bt64_ggm_race.mid
n64	_unknown_	bt64_gi_weldar.mid
n64	_unknown_	bt64_gloomy_spiral_mountain.mid
n64	_unknown_	bt64_happy_jinjo_house.mid
n64	_unknown_	bt64_hfp.mid
n64	_unknown_	bt64_jiggywiggys_temple.mid
n64	_unknown_	bt64_jrl-v1_1.mid
n64	_unknown_	bt64_mt_kickball_exterior.mid
n64	_unknown_	bt64_mt_targitzan.mid
n64	_unknown_	bt64_throne_room.mid
n64	_unknown_	bt64_throne_room_zombified.mid
n64	_unknown_	bt64_wigwam.mid
n64	_unknown_	bt_atlantis_ranch.mid
n64	_unknown_	bt_bottles.mid
n64	_unknown_	bt_cheato.mid
n64	_unknown_	bt_credits.mid
n64	_unknown_	bt_cuckooland_haunted.mid
n64	_unknown_	bt_fun_n_games-snowyremix.mid
n64	_unknown_	bt_fun_n_games.mid
n64	_unknown_	bt_fungames.mid
n64	_unknown_	bt_ggm_jungle.mid
n64	_unknown_	bt_ggm_mountain_1_1.mid
n64	_unknown_	bt_ggm_polka.mid
n64	_unknown_	bt_heggy.mid
n64	_unknown_	bt_industries_happy.mid
n64	_unknown_	bt_industries_tot.mid
n64	_unknown_	bt_ioh_spooky.mid
n64	_unknown_	bt_jinjo_snowy.mid
n64	_unknown_	bt_jinjo_village-elevatorremix.mid
n64	_unknown_	bt_jvtechno.mid
n64	_unknown_	bt_lagoon_desert.mid
n64	_unknown_	bt_maryrace_cc.mid
n64	_unknown_	bt_maryrace_ggm.mid
n64	_unknown_	bt_mayahem_stormy_1.1.mid
n64	_unknown_	bt_mumbo_jazz.mid
n64	_unknown_	bt_pab.mid
n64	_unknown_	bt_promo_v1_1.mid
n64	_unknown_	bt_theme_cuckoo.mid
n64	_unknown_	bt_theme_fairgrounds.mid
n64	_unknown_	bt_theme_latin.mid
n64	_unknown_	bt_theme_nesmario.mid
n64	_unknown_	bt_tntsticks.mid
n64	_unknown_	bt_tot.mid
n64	_unknown_	bt_witches.mid
n64	_unknown_	btthememarimbav1-1.mid
n64	_unknown_	bullet.mid
n64	_unknown_	bullionbillscabin.mid
n64	_unknown_	bunker.mid
n64	_unknown_	bunkernight.mid
n64	_unknown_	bwsrlose.mid
n64	_unknown_	bwstheme.mid
n64	_unknown_	byetwink.mid
n64	_unknown_	c64dun.mid
n64	_unknown_	carnival_realm_lobby_and_carnival_level_1.mid
n64	_unknown_	carringtonins.mid
n64	_unknown_	carringtoninstitute3.mid
n64	_unknown_	cauldronkeep.mid
n64	_unknown_	cbfd-itswar.mid
n64	_unknown_	cbfd-king.mid
n64	_unknown_	cbfd-weaso.mid
n64	_unknown_	cbfd_batstower_jazz.mid
n64	_unknown_	cbfd_conker-the-king.mid
n64	_unknown_	cbfd_going_down.mid
n64	_unknown_	cbfd_goingdown_tropical.mid
n64	_unknown_	cbfd_heist.mid
n64	_unknown_	cbfd_sloprano.mid
n64	_unknown_	cbfd_ugabuga.mid
n64	_unknown_	cbfd_weasels.mid
n64	_unknown_	cbfd_weaso_rock.mid
n64	_unknown_	cbfd_windy.mid
n64	_unknown_	cbfd_windy_and_co.mid
n64	_unknown_	cbfd_windy_funky.mid
n64	_unknown_	cbfd_windy_showbiz.mid
n64	_unknown_	cbfdgmpoo4.mid
n64	_unknown_	ccwlair.mid
n64	_unknown_	chameleontwist2-greatedolandXG.mid
n64	_unknown_	chameleontwist2-skylandXG.mid
n64	_unknown_	chameleontwist2-toylandGS.mid
n64	_unknown_	chameleontwist2-toylandXG.mid
n64	_unknown_	cinstitute.mid
n64	_unknown_	clinkerscavern.mid
n64	_unknown_	clockopolis.mid
n64	_unknown_	clocktown.mid
n64	_unknown_	cmed.mid
n64	_unknown_	cmed2.mid
n64	_unknown_	cots_final.mid
n64	_unknown_	countryv3.mid
n64	_unknown_	course1.mid
n64	_unknown_	course_start.mid
n64	_unknown_	coventry_cove.mid
n64	_unknown_	cradle.mid
n64	_unknown_	crescentisland.mid
n64	_unknown_	crystal_caves_v2.mid
n64	_unknown_	cuckooland.mid
n64	_unknown_	d-x.mid
n64	_unknown_	d64title.mid
n64	_unknown_	dDResearch.mid
n64	_unknown_	dam.mid
n64	_unknown_	dataDyne_Central.mid
n64	_unknown_	datapak.mid
n64	_unknown_	deku.mid
n64	_unknown_	dekupalace.mid
n64	_unknown_	desert2.mid
n64	_unknown_	diredock6.0.mid
n64	_unknown_	diredocks.mid
n64	_unknown_	discobond.mid
n64	_unknown_	docks_guitar.mid
n64	_unknown_	dooroftime.mid
n64	_unknown_	doubletrouble.mid
n64	_unknown_	doubletrouble2.mid
n64	_unknown_	drm64-queque.mid
n64	_unknown_	dude.mid
n64	_unknown_	dudelove%5B1%5D.mid
n64	_unknown_	duo_ToadTurnpikeMix.mid
n64	_unknown_	dx1.mid
n64	_unknown_	edocastle.mid
n64	_unknown_	egyptian.mid
n64	_unknown_	egyptian1.1.mid
n64	_unknown_	endtheme-1.mid
n64	_unknown_	ex-g_level_1.mid
n64	_unknown_	ex-g_space_station.mid
n64	_unknown_	finaljeo.mid
n64	_unknown_	flydragonfitend.mid
n64	_unknown_	fp_twinklies.mid
n64	_unknown_	frap.mid
n64	_unknown_	fungi.mid
n64	_unknown_	fz64options.mid
n64	_unknown_	fzxbigblue.mid
n64	_unknown_	fzxending.mid
n64	_unknown_	fzxporttown.mid
n64	_unknown_	fzxredcanyon.mid
n64	_unknown_	fzxretire.mid
n64	_unknown_	fzxsandocean.mid
n64	_unknown_	fzxsandocean3.mid
n64	_unknown_	fzxsandocean3gm.mid
n64	_unknown_	fzxsilence.mid
n64	_unknown_	fzxwhiteland.mid
n64	_unknown_	gangrel.mid
n64	_unknown_	ganondorf_organ.mid
n64	_unknown_	ge-multiplayer_XG.mid
n64	_unknown_	ge64Caverns.mid
n64	_unknown_	ge64Control.mid
n64	_unknown_	ge64Elevator_1.mid
n64	_unknown_	ge64Ge-pause.mid
n64	_unknown_	ge64aztec.mid
n64	_unknown_	ge64dam-rr.mid
n64	_unknown_	ge64dam.mid
n64	_unknown_	ge64faci.mid
n64	_unknown_	ge64runw.mid
n64	_unknown_	ge64silo-rr.mid
n64	_unknown_	ge64surf.mid
n64	_unknown_	geCradle.mid
n64	_unknown_	geFrigate2.mid
n64	_unknown_	geelevator2.mid
n64	_unknown_	gefrigate.mid
n64	_unknown_	getmask.mid
n64	_unknown_	gg.mid
n64	_unknown_	gindustries.mid
n64	_unknown_	gj-skedar_ruins.mid
n64	_unknown_	gldi64l4.mid
n64	_unknown_	glittergulchmine.mid
n64	_unknown_	gobifire.mid
n64	_unknown_	goomvillage.mid
n64	_unknown_	goron.mid
n64	_unknown_	grandcanyon2.mid
n64	_unknown_	gruntild.mid
n64	_unknown_	gruntyindustries.mid
n64	_unknown_	gruntylairhp.mid
n64	_unknown_	gvtech.mid
n64	_unknown_	hailfire2.mid
n64	_unknown_	hailfire_peaks.mid
n64	_unknown_	hailfireice-FINAL-.mid
n64	_unknown_	harbor.mid
n64	_unknown_	hauntedmerrygoround2.mid
n64	_unknown_	hazymaze.mid
n64	_unknown_	headbang.mid
n64	_unknown_	hfplavaindoors.mid
n64	_unknown_	hideout.mid
n64	_unknown_	hm64fall.mid
n64	_unknown_	holes.mid
n64	_unknown_	horrorlandv1-2.mid
n64	_unknown_	hyrulecourtyard.mid
n64	_unknown_	hyrulefieldtechnoremixer.mid
n64	_unknown_	ic010.mid
n64	_unknown_	indianapolis.mid
n64	_unknown_	indigo-gos.mid
n64	_unknown_	intune.mid
n64	_unknown_	isleohags.mid
n64	_unknown_	its_Kane_v2.mid
n64	_unknown_	jeopardy-1.mid
n64	_unknown_	jeopardy.mid
n64	_unknown_	jfg_flume.mid
n64	_unknown_	jiggywiggytemple.mid
n64	_unknown_	jinjobells.mid
n64	_unknown_	jolly_roger_bay_full.mid
n64	_unknown_	jollyroger.mid
n64	_unknown_	jrlepage_-_XG_-_star_soldier_vanishing_earth_-_scar.mid
n64	_unknown_	jrlepage_-_mario_kart_64_-_toad_turnpike.mid
n64	_unknown_	jrlepage_-_mk64_raceways.mid
n64	_unknown_	jrltown.mid
n64	_unknown_	k64_forest-arranged.mid
n64	_unknown_	k64beach.mid
n64	_unknown_	k64darkmap.mid
n64	_unknown_	k64neocave.mid
n64	_unknown_	k64snow.mid
n64	_unknown_	k_rool_fight_intro.mid
n64	_unknown_	kakariko3.mid
n64	_unknown_	kakariko_instrumental.mid
n64	_unknown_	kane5.mid
n64	_unknown_	keepcave.mid
n64	_unknown_	ki-main.mid
n64	_unknown_	ki2gargos.mid
n64	_unknown_	ki2kimwu.mid
n64	_unknown_	ki2orchid.mid
n64	_unknown_	ki2spinal.mid
n64	_unknown_	ki2tusk.mid
n64	_unknown_	ki2wulf.mid
n64	_unknown_	ki64orch.mid
n64	_unknown_	ki64tusk.mid
n64	_unknown_	kkrikwnd.mid
n64	_unknown_	klungos_theme_%28techno%29.mid
n64	_unknown_	ko%5E2.mid
n64	_unknown_	koopabeach-1.mid
n64	_unknown_	kpabeach.mid
n64	_unknown_	kroolisle.mid
n64	_unknown_	lab.mid
n64	_unknown_	lakeside.mid
n64	_unknown_	lanky_barrel.mid
n64	_unknown_	library.mid
n64	_unknown_	lordwoofakfak.mid
n64	_unknown_	lostwods_cave_rmix.mid
n64	_unknown_	lr_first.mid
n64	_unknown_	lzepona2.mid
n64	_unknown_	lzepona2_2.mid
n64	_unknown_	lzshiek.mid
n64	_unknown_	lztime.mid
n64	_unknown_	m64_slider.mid
n64	_unknown_	m64bomb.mid
n64	_unknown_	m64bowsr.mid
n64	_unknown_	m64crse1.mid
n64	_unknown_	m64docks.mid
n64	_unknown_	m64docks_%28Improved%29.mid
n64	_unknown_	m64endin.mid
n64	_unknown_	m64file.mid
n64	_unknown_	m64main.mid
n64	_unknown_	m64metal.mid
n64	_unknown_	m64metlm.mid
n64	_unknown_	m64slide.mid
n64	_unknown_	m64snow.mid
n64	_unknown_	m64water.mid
n64	_unknown_	m64waterworld3.mid
n64	_unknown_	m64wings.mid
n64	_unknown_	madamegrunty.mid
n64	_unknown_	magikarp.mid
n64	_unknown_	mankind.mid
n64	_unknown_	march_of_forest.mid
n64	_unknown_	mario308.mid
n64	_unknown_	mario_3creepycaverns.mid
n64	_unknown_	mario_64.mid
n64	_unknown_	mario_slide.mid
n64	_unknown_	mario_tower.mid
n64	_unknown_	mariop3-lookingahead.mid
n64	_unknown_	mayahem.mid
n64	_unknown_	mayahem_temple_interiors.mid
n64	_unknown_	mayahemcavern.mid
n64	_unknown_	mayankickball.mid
n64	_unknown_	menu_2.mid
n64	_unknown_	mermaid.mid
n64	_unknown_	mg64BestShots.mid
n64	_unknown_	mg64Bets.mid
n64	_unknown_	mg64BooClasic.mid
n64	_unknown_	mg64BooValley.mid
n64	_unknown_	mg64Complete.mid
n64	_unknown_	mg64Dormie.mid
n64	_unknown_	mg64Even.mid
n64	_unknown_	mg64Failure.mid
n64	_unknown_	mg64Intro.mid
n64	_unknown_	mg64KoopaParkv1_1.mid
n64	_unknown_	mg64Koopacupv1_1.mid
n64	_unknown_	mg64MainMenu.mid
n64	_unknown_	mg64MarioOpen.mid
n64	_unknown_	mg64MatchGameHoles.mid
n64	_unknown_	mg64RingshotMenu.mid
n64	_unknown_	mg64ShyguyDesert.mid
n64	_unknown_	mg64ShyguyInternational.mid
n64	_unknown_	mg64SpeedGolfv2_0.mid
n64	_unknown_	mg64TitleScreen.mid
n64	_unknown_	mg64ToadHighlandsv2_0.mid
n64	_unknown_	mg64TournamentHoles.mid
n64	_unknown_	mg64Tournamentresultsv1_1.mid
n64	_unknown_	mg64TrainingMenu.mid
n64	_unknown_	mg64Trainingv2_0.mid
n64	_unknown_	mg64mini-golfv2_0.mid
n64	_unknown_	mg64ringshotv2_0.mid
n64	_unknown_	mg64toadtournamentv2_0.mid
n64	_unknown_	mghighlandsmix.mid
n64	_unknown_	minuetofwoods.mid
n64	_unknown_	miracle.mid
n64	_unknown_	mix6.mid
n64	_unknown_	mk64-5.mid
n64	_unknown_	mk64-8.mid
n64	_unknown_	mk64.mid
n64	_unknown_	mk64_highway_qt.mid
n64	_unknown_	mk64_title_snowrock.mid
n64	_unknown_	mk64end.mid
n64	_unknown_	mk64koopa.mid
n64	_unknown_	mk64rai2.mid
n64	_unknown_	mk64rain.mid
n64	_unknown_	mk64results.mid
n64	_unknown_	mk64star.mid
n64	_unknown_	mkart64_frozenhyrule.mid
n64	_unknown_	mn_zazentown.mid
n64	_unknown_	mngsoupb.mid
n64	_unknown_	mnsgdancemixrv.mid
n64	_unknown_	mpbank.mid
n64	_unknown_	mpeternal.mid
n64	_unknown_	mpoption.mid
n64	_unknown_	mppeach.mid
n64	_unknown_	mprainbow.mid
n64	_unknown_	mpvillage.mid
n64	_unknown_	mrpatch.mid
n64	_unknown_	msuchicago.mid
n64	_unknown_	mt64ending.mid
n64	_unknown_	mtcbbw.mid
n64	_unknown_	mtcdld.mid
n64	_unknown_	mtcfc.mid
n64	_unknown_	mtcgfy.mid
n64	_unknown_	mtcmin.mid
n64	_unknown_	mtcmky.mid
n64	_unknown_	mtcredit.mid
n64	_unknown_	mtcreditsrmx2.mid
n64	_unknown_	multi2-1.mid
n64	_unknown_	multi2.mid
n64	_unknown_	mushroom.mid
n64	_unknown_	musicbox.mid
n64	_unknown_	mutecity.mid
n64	_unknown_	n64_f0x_sm01.mid
n64	_unknown_	n64_m64_sm01_remix_XG.mid
n64	_unknown_	nao%5B1%5D.mid
n64	_unknown_	nation1.mid
n64	_unknown_	newtkr.mid
n64	_unknown_	oath.mid
n64	_unknown_	ob64_revolted_gm.mid
n64	_unknown_	ogre6411.mid
n64	_unknown_	ogre6418.mid
n64	_unknown_	ogre6419.mid
n64	_unknown_	ogre6423.mid
n64	_unknown_	ogre6450.mid
n64	_unknown_	old_king_coal_lthh.mid
n64	_unknown_	openscr-1.mid
n64	_unknown_	oregontrail.mid
n64	_unknown_	overworld_fixed.mid
n64	_unknown_	paperm-overshivermountain.mid
n64	_unknown_	papermario-battle.mid
n64	_unknown_	papermario-battleXG.mid
n64	_unknown_	papmarbat.mid
n64	_unknown_	papmaryi.mid
n64	_unknown_	partySC.mid
n64	_unknown_	pd_Air_Force_One.mid
n64	_unknown_	pd_ci_x.mid
n64	_unknown_	pd_etd.mid
n64	_unknown_	pd_g5.mid
n64	_unknown_	pd_pelagic_ii_1.1.mid
n64	_unknown_	pdchicago.mid
n64	_unknown_	pdlvlclear.mid
n64	_unknown_	pdresearch.mid
n64	_unknown_	pdt_v2kt.mid
n64	_unknown_	pilotwi2.mid
n64	_unknown_	pkmnstadium_2_gym_leader_castle.mid
n64	_unknown_	pm_flower_cloud.mid
n64	_unknown_	pm_koopa_battle_1.1.mid
n64	_unknown_	pm_koopa_tropical.mid
n64	_unknown_	pm_koopavillage.mid
n64	_unknown_	pm_lavapiranha.mid
n64	_unknown_	pm_nbattle.mid
n64	_unknown_	pmruggedmtn.mid
n64	_unknown_	podrace.mid
n64	_unknown_	q64_shamwoodpalace_v2.mid
n64	_unknown_	questbrannoch.mid
n64	_unknown_	r2-beginning.mid
n64	_unknown_	raceway.mid
n64	_unknown_	rainroad-1.mid
n64	_unknown_	reigel_1-Asot.mid
n64	_unknown_	remix.mid
n64	_unknown_	renewed_Venom.mid
n64	_unknown_	requiemspirit.mid
n64	_unknown_	rock4.mid
n64	_unknown_	rock6%5B1%5D.mid
n64	_unknown_	rockvaletemple3.mid
n64	_unknown_	rush2049.mid
n64	_unknown_	rush2_menu.mid
n64	_unknown_	rvd.mid
n64	_unknown_	s6Luigi%27s_Engine_RoomV1.1.mid
n64	_unknown_	s7Magma_MountainV1.1.mid
n64	_unknown_	sMP_Bowser_ThemeV1.1.mid
n64	_unknown_	sanfrancisco.mid
n64	_unknown_	sekhmet.mid
n64	_unknown_	shalpp-mk64starman.mid
n64	_unknown_	shamrock.mid
n64	_unknown_	sharkfood_island.mid
n64	_unknown_	shybox.mid
n64	_unknown_	shyboxremix.mid
n64	_unknown_	smash_hyrule_64_4.mid
n64	_unknown_	smashbroscongo.mid
n64	_unknown_	sngofstrms.mid
n64	_unknown_	snowland-1.mid
n64	_unknown_	song_of_storms_midi.mid
n64	_unknown_	spiraldesert.mid
n64	_unknown_	starborn.mid
n64	_unknown_	starfox64credits.mid
n64	_unknown_	starfox_mainopening.mid
n64	_unknown_	starhavn.mid
n64	_unknown_	starhvn3.mid
n64	_unknown_	starwolf.mid
n64	_unknown_	stfx64area6.mid
n64	_unknown_	stfx64warp.mid
n64	_unknown_	stonecold.mid
n64	_unknown_	stonetower.mid
n64	_unknown_	stonetower1.mid
n64	_unknown_	stonetoweremix.mid
n64	_unknown_	stonetoweremixV3.mid
n64	_unknown_	stonetowertheme.mid
n64	_unknown_	swamp_cruise.mid
n64	_unknown_	taj.mid
n64	_unknown_	temple.mid
n64	_unknown_	terminafield.mid
n64	_unknown_	the_cave_of_bad_dreams.mid
n64	_unknown_	time_bgm.mid
n64	_unknown_	tiptupchoir.mid
n64	_unknown_	title.mid
n64	_unknown_	topsyturvy.mid
n64	_unknown_	tot_remix.mid
n64	_unknown_	trainride.mid
n64	_unknown_	trombonetremor.mid
n64	_unknown_	tubbachase.mid
n64	_unknown_	tubbafusion.mid
n64	_unknown_	twinrova.mid
n64	_unknown_	uground.mid
n64	_unknown_	undertak.mid
n64	_unknown_	venom.mid
n64	_unknown_	volcano.mid
n64	_unknown_	watchtheme.mid
n64	_unknown_	watertheme.mid
n64	_unknown_	weldar.mid
n64	_unknown_	wgahaukn.mid
n64	_unknown_	wganubis.mid
n64	_unknown_	wgcontin.mid
n64	_unknown_	wgcredit.mid
n64	_unknown_	wgexor.mid
n64	_unknown_	wggrox.mid
n64	_unknown_	wgkabuki.mid
n64	_unknown_	wgpagan.mid
n64	_unknown_	wgprove.mid
n64	_unknown_	wgtitle.mid
n64	_unknown_	wgvoodoo.mid
n64	_unknown_	wgwarhed.mid
n64	_unknown_	wicked_woods.mid
n64	_unknown_	wigwamchina.mid
n64	_unknown_	wildwest_gruntyswitchyworld.mid
n64	_unknown_	winMP_Power_of_StarsV1.1.mid
n64	_unknown_	windmill_hut2.mid
n64	_unknown_	windmillhut_raindropremix.mid
n64	_unknown_	windy.mid
n64	_unknown_	winmill_orchestra.mid
n64	_unknown_	woodfall_area.mid
n64	_unknown_	wrtheme.mid
n64	_unknown_	wvoption.mid
n64	_unknown_	wvpoints.mid
n64	_unknown_	wvwelcome.mid
n64	_unknown_	yoshgost.mid
n64	_unknown_	ys64batt.mid
n64	_unknown_	ys64ending_credits.mid
n64	_unknown_	ys64fina.mid
n64	_unknown_	ys64mood.mid
n64	_unknown_	ys64thun.mid
n64	_unknown_	ystowerclimbint.mid
n64	_unknown_	ystrialmode.mid
n64	_unknown_	z5bolero.mid
n64	_unknown_	z5ending4.mid
n64	_unknown_	z5fairy.mid
n64	_unknown_	z5ganondorf.mid
n64	_unknown_	z5gerudo.mid
n64	_unknown_	z5gerudo33.mid
n64	_unknown_	z5hracermx2.mid
n64	_unknown_	z5icecav.mid
n64	_unknown_	z5kokiri3.mid
n64	_unknown_	z5minigame.mid
n64	_unknown_	z5minuet.mid
n64	_unknown_	z5owl.mid
n64	_unknown_	z5serenade.mid
n64	_unknown_	z5woodsremix_5.mid
n64	_unknown_	z64-82.mid
n64	_unknown_	z64_dtvr.mid
n64	_unknown_	z64_mtrx.mid
n64	_unknown_	z64gerudo.mid
n64	_unknown_	z64gxmas.mid
n64	_unknown_	z64inwml.mid
n64	_unknown_	z64kokri.mid
n64	_unknown_	z64lnkhs.mid
n64	_unknown_	z64markt.mid
n64	_unknown_	z64sohrx.mid
n64	_unknown_	z6pirate.mid
n64	_unknown_	zd64-03.mid
n64	_unknown_	zd64-26.mid
n64	_unknown_	zd64r54f.mid
n64	_unknown_	zombified.mid
n64	_unknown_	zora_band.mid
n64	_unknown_	zorasdom.mid
nes	_unknown_	%27Bomb_Man%27s_Stage%27_Mega_Man_I_by_Mark_Richardson.mid
nes	_unknown_	%28BubMnGM%29.mid
nes	_unknown_	%28Invincible_V3%29.mid
nes	_unknown_	02MAxwar-Cutman.mid
nes	_unknown_	05MAxwar-Diveman.mid
nes	_unknown_	10_Main_Theme_original_GM.mid
nes	_unknown_	10_Main_Theme_original_XG.mid
nes	_unknown_	11.mid
nes	_unknown_	14MAxwar-Drillman.mid
nes	_unknown_	1999.mid
nes	_unknown_	3D_Worldrunner_Bonus.mid
nes	_unknown_	3D_Worldrunner_Main.mid
nes	_unknown_	3ending.mid
nes	_unknown_	47_Dr_WILY_STAGE_1.mid
nes	_unknown_	4elements.mid
nes	_unknown_	4end.mid
nes	_unknown_	5-2.mid
nes	_unknown_	720.mid
nes	_unknown_	8_Eyes.mid
nes	_unknown_	8_Eyes_-_Enterance.mid
nes	_unknown_	8eyes-spain1.mid
nes	_unknown_	8melodies.mid
nes	_unknown_	A3_cave.mid
nes	_unknown_	A3_over.mid
nes	_unknown_	A3_title.mid
nes	_unknown_	ABBBGM-B.mid
nes	_unknown_	ADFV_-_Battle_Theme.mid
nes	_unknown_	ADVMAP.mid
nes	_unknown_	ADVSTORY.mid
nes	_unknown_	ADVTITLE.mid
nes	_unknown_	AFLanding.mid
nes	_unknown_	AFLevel_1.mid
nes	_unknown_	AFLevel_End.mid
nes	_unknown_	AFLevel_Intro.mid
nes	_unknown_	AFintro.mid
nes	_unknown_	AI3-Credits.mid
nes	_unknown_	AI3-Shipwreck.mid
nes	_unknown_	AI3-Thundercloud.mid
nes	_unknown_	AIR.mid
nes	_unknown_	ANTARIntro.mid
nes	_unknown_	ANTARLevel_Complete.mid
nes	_unknown_	ANTARLevel_Music.mid
nes	_unknown_	ANTARending_.mid
nes	_unknown_	Adventure_Island_-_Level_2_-_Remix.mid
nes	_unknown_	Adventure_Island_-_Underworld.mid
nes	_unknown_	Adventure_Island_II-Bonus.mid
nes	_unknown_	Adventure_Island_II-Caves.mid
nes	_unknown_	Adventure_Island_II-Choose_an_Egg.mid
nes	_unknown_	Adventure_Island_II-Congratulations%21.mid
nes	_unknown_	Adventure_Island_II-Credits.mid
nes	_unknown_	Adventure_Island_II-Death.mid
nes	_unknown_	Adventure_Island_II-Desert.mid
nes	_unknown_	Adventure_Island_II-Eggplant.mid
nes	_unknown_	Adventure_Island_II-Game_Over.mid
nes	_unknown_	Adventure_Island_II-Goal.mid
nes	_unknown_	Adventure_Island_II-Ice_Caves.mid
nes	_unknown_	Adventure_Island_II-Map_Screen.mid
nes	_unknown_	Adventure_Island_II-Over_the_Clouds.mid
nes	_unknown_	Adventure_Island_II-Overworld_1.mid
nes	_unknown_	Adventure_Island_II-Overworld_2_%28Re-upload%29.mid
nes	_unknown_	Adventure_Island_II-Overworld_3.mid
nes	_unknown_	Adventure_Island_II-Skip_This_Island.mid
nes	_unknown_	Adventure_Island_II-Title_Screen.mid
nes	_unknown_	Adventure_Island_II-UnderwaterV2.mid
nes	_unknown_	Adventure_Island_II-Underworld_1.mid
nes	_unknown_	Adventure_Island_II-Underworld_2.mid
nes	_unknown_	Adventure_Island_Level_1.mid
nes	_unknown_	Adventure_Island_Level_2.mid
nes	_unknown_	Adventureislandrock.mid
nes	_unknown_	AdventuresOfLolo-Stage_Music.mid
nes	_unknown_	AdvislEggplant.mid
nes	_unknown_	AiSenshiNicolDungeon.mid
nes	_unknown_	Air1_2.mid
nes	_unknown_	Airman.mid
nes	_unknown_	Airship_%282%29.mid
nes	_unknown_	Airship_v.2.mid
nes	_unknown_	Airshipv2.mid
nes	_unknown_	Airshipv3.mid
nes	_unknown_	AkumajouDensetsu_Prayer.mid
nes	_unknown_	Albatros.mid
nes	_unknown_	Alfred_Chicken_Level_1.mid
nes	_unknown_	Ali-BubbleMan.mid
nes	_unknown_	Alternate_Battle.mid
nes	_unknown_	Amagon-Area_Clear.mid
nes	_unknown_	Amagon-Death.mid
nes	_unknown_	Amagon-Ending.mid
nes	_unknown_	Amagon-Start_2.mid
nes	_unknown_	Amagon-Title_2.mid
nes	_unknown_	Amagon-Zone_2_Jungle.mid
nes	_unknown_	Amagon-Zone_3_River.mid
nes	_unknown_	Amagon-Zone_4_Rain_Forest.mid
nes	_unknown_	Amagon-Zone_5_-_Rocky_Mountain.mid
nes	_unknown_	Anticipation.mid
nes	_unknown_	Anticipation10.mid
nes	_unknown_	Anticipation11.mid
nes	_unknown_	Anticipation12.mid
nes	_unknown_	Anticipation2.mid
nes	_unknown_	Anticipation3.mid
nes	_unknown_	Anticipation4.mid
nes	_unknown_	Anticipation5.mid
nes	_unknown_	Anticipation6.mid
nes	_unknown_	Anticipation7.mid
nes	_unknown_	Anticipation8.mid
nes	_unknown_	Anticipation9.mid
nes	_unknown_	AoL_palace-V1-1.mid
nes	_unknown_	AotKT_Bomb_Disabled.mid
nes	_unknown_	Arcadia_-_Green_Fields.mid
nes	_unknown_	Area-5.mid
nes	_unknown_	Area0walkfast.mid
nes	_unknown_	Area0walkslow.mid
nes	_unknown_	Area2.mid
nes	_unknown_	Area6.mid
nes	_unknown_	Area_4.mid
nes	_unknown_	Aryuga.mid
nes	_unknown_	Astyanax-Redwood.mid
nes	_unknown_	Astyanax-Remlia.mid
nes	_unknown_	Astyanax1.mid
nes	_unknown_	Astyanax2.mid
nes	_unknown_	Astyanax3.mid
nes	_unknown_	Athena-Cavern.mid
nes	_unknown_	Athena-Forest.mid
nes	_unknown_	Athena-Hell.mid
nes	_unknown_	Athena-Ice.mid
nes	_unknown_	Athena-Labyrinth.mid
nes	_unknown_	Athena-Over.mid
nes	_unknown_	Athena-Sea.mid
nes	_unknown_	Athena-Sky.mid
nes	_unknown_	Athena-Start.mid
nes	_unknown_	Athletic.mid
nes	_unknown_	Attica_-_Town_of_Elyseus.mid
nes	_unknown_	Aurora8Bit.mid
nes	_unknown_	B-wings_Stage.mid
nes	_unknown_	B2_Stage_6.mid
nes	_unknown_	BB-Elecky.mid
nes	_unknown_	BBSavrik.mid
nes	_unknown_	BBTechno.mid
nes	_unknown_	BD_Credits.mid
nes	_unknown_	BEETLEJUICE.mid
nes	_unknown_	BJUICE-LEV1.mid
nes	_unknown_	BMFIN.mid
nes	_unknown_	BM_Level1mix.mid
nes	_unknown_	BOH-Cell.mid
nes	_unknown_	BOH-Credits.mid
nes	_unknown_	BOH-RescuedCrew.mid
nes	_unknown_	BOH-comt.mid
nes	_unknown_	BOMB.mid
nes	_unknown_	BTDDLvl2.mid
nes	_unknown_	BWings.mid
nes	_unknown_	B_world.mid
nes	_unknown_	Balloon_Fight-Complete.mid
nes	_unknown_	Balloon_Fight_-_Game_Over_GS.mid
nes	_unknown_	Balloon_Fight_-_Main_Theme_%28Dancing_Balloon%21_remix%29.mid
nes	_unknown_	Bandits.mid
nes	_unknown_	Bard%27sMelody.mid
nes	_unknown_	Basilisk.mid
nes	_unknown_	Batman-_Level_2.mid
nes	_unknown_	Batman2_-_GothamInDanger.mid
nes	_unknown_	Batman2_-_UrgentXG.mid
nes	_unknown_	BatmanNESlvl3.mid
nes	_unknown_	BatmanNESlvl4.mid
nes	_unknown_	Batman_-_Stage1XG.mid
nes	_unknown_	Batmango.mid
nes	_unknown_	Battle2.mid
nes	_unknown_	Battle_Of_Olympus_Phrygia_Slow_Remix.mid
nes	_unknown_	Bbccpipe.mid
nes	_unknown_	Bbremiv2.mid
nes	_unknown_	Bbtitle.mid
nes	_unknown_	Bbtitle2.mid
nes	_unknown_	Bclvl1mg.mid
nes	_unknown_	BeginningThree.mid
nes	_unknown_	Better_Nara_and_Mara_DQ4_Battle_Theme.mid
nes	_unknown_	Birdo_Battle.mid
nes	_unknown_	BladesofSteelGameFinished.mid
nes	_unknown_	Blastar2.mid
nes	_unknown_	BlasterMaster.mid
nes	_unknown_	Blaster_Master-Stage_6_v2.mid
nes	_unknown_	Blaster_Master_Level_3.mid
nes	_unknown_	Blaster_Master_Stage_II.mid
nes	_unknown_	Blizzard.mid
nes	_unknown_	Bloody_Tears-1.mid
nes	_unknown_	Bloody_Tears.mid
nes	_unknown_	BmRoJ_Main_Theme-KM.mid
nes	_unknown_	Bmbrm2_end.mid
nes	_unknown_	Bmstg2.mid
nes	_unknown_	Bmstg7.mid
nes	_unknown_	Boat_Duel_Back_View_V2.mid
nes	_unknown_	Boat_Duel_Top_View.mid
nes	_unknown_	BombFireWorks.mid
nes	_unknown_	BomberMan2_-_Stage3.mid
nes	_unknown_	Bomberman2-Powerup.mid
nes	_unknown_	Bomberman_II_-_Level.mid
nes	_unknown_	Bombman1.mid
nes	_unknown_	Bonks_Adventure_1_1.mid
nes	_unknown_	BonusGame.mid
nes	_unknown_	Bonus_Chance.mid
nes	_unknown_	BoomerangKid-Outback.mid
nes	_unknown_	BoomerangKid-Title.mid
nes	_unknown_	BoukenV2.mid
nes	_unknown_	Boulder_World.mid
nes	_unknown_	BowserBattle.mid
nes	_unknown_	Bradinsky--ThickRemix.mid
nes	_unknown_	Brightma.mid
nes	_unknown_	Brinstar.mid
nes	_unknown_	Bronx_2.mid
nes	_unknown_	BrutusPF.mid
nes	_unknown_	Btsurf.mid
nes	_unknown_	BubBob2_-_MainBGM.mid
nes	_unknown_	Bub_Bad.mid
nes	_unknown_	Bub_Invincible.mid
nes	_unknown_	Bub_Monsters.mid
nes	_unknown_	BubbleMan-X.mid
nes	_unknown_	BubbleMan.mid
nes	_unknown_	BubblemanByCryogen.mid
nes	_unknown_	Bubblman.mid
nes	_unknown_	BublBobl_RK.mid
nes	_unknown_	Bubl_End.mid
nes	_unknown_	Bucky-GreenPlanet-1.mid
nes	_unknown_	Burai_Fighter_-_Taxan.mid
nes	_unknown_	Burgertime-Main.mid
nes	_unknown_	CBKAnightmare.mid
nes	_unknown_	CB_Waterelement.mid
nes	_unknown_	CC-Bonus.mid
nes	_unknown_	CC-BonusEnd.mid
nes	_unknown_	CC-GameOver.mid
nes	_unknown_	CC-Intro.mid
nes	_unknown_	CC-Intro2.mid
nes	_unknown_	CC-Key.mid
nes	_unknown_	CC-Level1.mid
nes	_unknown_	CC-Level2.mid
nes	_unknown_	CC-Level3.mid
nes	_unknown_	CC-Level4.mid
nes	_unknown_	CC-Level5.mid
nes	_unknown_	CC-Level6.mid
nes	_unknown_	CC-Title.mid
nes	_unknown_	CDRR2_NES_Title_Screen.mid
nes	_unknown_	CF-Level1.mid
nes	_unknown_	CGdiskV1.1.mid
nes	_unknown_	CHIP10.mid
nes	_unknown_	CHIP1A.mid
nes	_unknown_	CHIP1B.mid
nes	_unknown_	CHIP1C.mid
nes	_unknown_	CHIP1J.mid
nes	_unknown_	CHIP1TTL.mid
nes	_unknown_	CNDRRL1.mid
nes	_unknown_	CNDRRL2.mid
nes	_unknown_	CaD_Cave.mid
nes	_unknown_	CaptBell2.mid
nes	_unknown_	Caribbean-Forest.mid
nes	_unknown_	Castle-1.mid
nes	_unknown_	Castle.mid
nes	_unknown_	CastleCorneria.mid
nes	_unknown_	Castle_%284%29.mid
nes	_unknown_	Castlequest_-_Death.mid
nes	_unknown_	Castlequest_-_Groken_Castle.mid
nes	_unknown_	Castlequest_-_Title_Screen.mid
nes	_unknown_	Castlequest__-_Oxygen_Tanks.mid
nes	_unknown_	Cave.mid
nes	_unknown_	CentaurMan-HeadbangerRemix.mid
nes	_unknown_	Centaurm.mid
nes	_unknown_	CentaurmanByCryogen.mid
nes	_unknown_	CentaurmanFulminantMix.mid
nes	_unknown_	CentuarMan.mid
nes	_unknown_	Centuar_Guy.mid
nes	_unknown_	Chaos_Temple_%284%29.mid
nes	_unknown_	ChaosworldBattle.mid
nes	_unknown_	Chapter2-TheStoneAge.mid
nes	_unknown_	Chargema.mid
nes	_unknown_	ChargemanByCryogen.mid
nes	_unknown_	China.mid
nes	_unknown_	Chip%26Dale_final_Stage.mid
nes	_unknown_	ChipNDale2_-_FatCatHQ.mid
nes	_unknown_	Choo_Choo_Man.mid
nes	_unknown_	Chosen1.mid
nes	_unknown_	Chosen5.mid
nes	_unknown_	City-Museum.mid
nes	_unknown_	City_Theme_Remix.mid
nes	_unknown_	ClashD.mid
nes	_unknown_	Clinger_Winger.mid
nes	_unknown_	Clue_Room_Jam.mid
nes	_unknown_	Cobra_Base.mid
nes	_unknown_	Cobra_triangle_ice.mid
nes	_unknown_	Cobra_triangle_mine.mid
nes	_unknown_	Code_Name_Viper-Game_Over.mid
nes	_unknown_	Code_Name_Viper_Stage_1_DW.mid
nes	_unknown_	CotCP-Kim_Shop.mid
nes	_unknown_	CotCP-Stage1.mid
nes	_unknown_	CotCP-Stage2.mid
nes	_unknown_	CotCP-Stage3.mid
nes	_unknown_	CotCP-Stage4.mid
nes	_unknown_	CotCP-Stage5.mid
nes	_unknown_	CotCP-Stage_Map.mid
nes	_unknown_	Credits.mid
nes	_unknown_	CreditsV2.mid
nes	_unknown_	CreditsWin.mid
nes	_unknown_	Crete_-_The_Island_Maze.mid
nes	_unknown_	Crusoe_-_Wizardry_Camp.mid
nes	_unknown_	CryscaveV2.0.mid
nes	_unknown_	CrysoceaV2.0.mid
nes	_unknown_	CryspyraV1.2.mid
nes	_unknown_	Crystal_Man.mid
nes	_unknown_	CrystalisCreditsRemix.mid
nes	_unknown_	Crystalis_-_Tower.mid
nes	_unknown_	Crystalis_Overworld_Remix.mid
nes	_unknown_	Crystalm.mid
nes	_unknown_	Crysta~1.mid
nes	_unknown_	Crystowe.mid
nes	_unknown_	Cutman-HeavyMetal-Masterpiece.mid
nes	_unknown_	Cutman.mid
nes	_unknown_	Cutremix.mid
nes	_unknown_	DCAquarius.mid
nes	_unknown_	DD-end1.mid
nes	_unknown_	DD-end2.mid
nes	_unknown_	DD-intro.mid
nes	_unknown_	DD-star.mid
nes	_unknown_	DD-subsp.mid
nes	_unknown_	DD.mid
nes	_unknown_	DD1.mid
nes	_unknown_	DD2L8DDIT.mid
nes	_unknown_	DD3ItalyAS.mid
nes	_unknown_	DD3OutsideEgyptAS.mid
nes	_unknown_	DDIII-Warehousev1.mid
nes	_unknown_	DDII_-_IntoTheTurfRemix.mid
nes	_unknown_	DG_C3_Evergreen.mid
nes	_unknown_	DG_C3_Mad_Forest.mid
nes	_unknown_	DG_C3_Stream.mid
nes	_unknown_	DG_C3_Vampire_Killer.mid
nes	_unknown_	DIZZY.mid
nes	_unknown_	DIZZYBNS.mid
nes	_unknown_	DIZZYMC.mid
nes	_unknown_	DM_Fever-KM.mid
nes	_unknown_	DM_Title_Screen-KMv2.mid
nes	_unknown_	DOKO12.mid
nes	_unknown_	DT2-Bermuda.mid
nes	_unknown_	DT2-Egypt.mid
nes	_unknown_	DT2-MapScreen.mid
nes	_unknown_	DT2-Mu.mid
nes	_unknown_	DT2-NiagaraFalls.mid
nes	_unknown_	DT2-Scotland.mid
nes	_unknown_	DT_NES_Title.mid
nes	_unknown_	DUBLDRGN.mid
nes	_unknown_	DUCKTALESMOONCAPS.mid
nes	_unknown_	DW1Dragonlords_room.mid
nes	_unknown_	DW2Theme.mid
nes	_unknown_	DW3CASTL.mid
nes	_unknown_	DW3CAVE.mid
nes	_unknown_	DW3DEATH.mid
nes	_unknown_	DW3FLY.mid
nes	_unknown_	DW3JIPNG.mid
nes	_unknown_	DW3LEVEL.mid
nes	_unknown_	DW3ORGAN.mid
nes	_unknown_	DW3PYRAM.mid
nes	_unknown_	DW3SHIP.mid
nes	_unknown_	DW3SLEEP.mid
nes	_unknown_	DW3TEMPL.mid
nes	_unknown_	DW3TOWER.mid
nes	_unknown_	DW3TOWN.mid
nes	_unknown_	DW3UNDER.mid
nes	_unknown_	DW3VLLGE.mid
nes	_unknown_	DW3WORLD.mid
nes	_unknown_	DW3_Battle.mid
nes	_unknown_	DW4TALN.mid
nes	_unknown_	DWIII_Castle.mid
nes	_unknown_	DarkForest.mid
nes	_unknown_	DarkMan2.mid
nes	_unknown_	Dark_World.mid
nes	_unknown_	Dark_World_Cave.mid
nes	_unknown_	Dark_World_Heavens_Castle.mid
nes	_unknown_	Dark_World_Tower.mid
nes	_unknown_	Darkman-Level-1.mid
nes	_unknown_	Darkman-Level-3.mid
nes	_unknown_	Darkman-Level-5.mid
nes	_unknown_	Darkman-Level-6.mid
nes	_unknown_	Darkman-Level-7.mid
nes	_unknown_	Dash_Galaxy-Elevator_Shaft.mid
nes	_unknown_	Dash_Galaxy_-_Intro.mid
nes	_unknown_	Dash_Galaxy_-_Title.mid
nes	_unknown_	Dd145.mid
nes	_unknown_	Dd1th.mid
nes	_unknown_	Dd3-map.mid
nes	_unknown_	Ddl3cave.mid
nes	_unknown_	DerBeginn.mid
nes	_unknown_	Dive_Guy.mid
nes	_unknown_	Dive_Man.mid
nes	_unknown_	Dive_Man_%28Cecil%27s_Extended_Dance_Mix%29.mid
nes	_unknown_	DocMarTune.mid
nes	_unknown_	Doko01.mid
nes	_unknown_	Donkey_Kong.mid
nes	_unknown_	DoubleDragon-Stage1.mid
nes	_unknown_	DoubleDragon2_-_Level_1_-_IntoTheTurf.mid
nes	_unknown_	DoubleDragon2_Island.mid
nes	_unknown_	Downhill.mid
nes	_unknown_	Dq3-01.mid
nes	_unknown_	Dq3_le2.mid
nes	_unknown_	Dq3b1.mid
nes	_unknown_	Dq3b2.mid
nes	_unknown_	Dq3f1.mid
nes	_unknown_	DrJekyllMrHyde.mid
nes	_unknown_	DrMario_hf_Mix.mid
nes	_unknown_	DraculaBattle.mid
nes	_unknown_	DraculasCurse_Prayer.mid
nes	_unknown_	DragonSlayer4_Dungeon1.mid
nes	_unknown_	DragonSpirit_level2.mid
nes	_unknown_	DragonWarriorIVbattle.mid
nes	_unknown_	Dragon_Quest_IV_-_The_Gypsies_Journey.mid
nes	_unknown_	Dragon_Warrior.mid
nes	_unknown_	Dragon_Warrior_Tantagel_Castle.mid
nes	_unknown_	Dragon_ball_song.mid
nes	_unknown_	Dragonsden2.mid
nes	_unknown_	Dragonslair.mid
nes	_unknown_	Dragonslairts.mid
nes	_unknown_	DrillMan-X.mid
nes	_unknown_	Drill_Dude.mid
nes	_unknown_	Drillman.mid
nes	_unknown_	DuckHunt.mid
nes	_unknown_	DuckTales_TheMoon.mid
nes	_unknown_	Duck_Tales-African_Mines.mid
nes	_unknown_	Duck_Tales_-_Amazon.mid
nes	_unknown_	Duck_Tales_-_Magic_Coin.mid
nes	_unknown_	Duck_Tales_2_-_Ancient_Castle.mid
nes	_unknown_	Duck_Tales_2_-_Pirate_Ship.mid
nes	_unknown_	Duck_Tales_Title.mid
nes	_unknown_	Ducktales_2_Niagra_Falls.mid
nes	_unknown_	Dungeon5_arr_awe.mid
nes	_unknown_	Dw1out.mid
nes	_unknown_	Dw1title.mid
nes	_unknown_	Dw2death.mid
nes	_unknown_	Dw3_Credit.mid
nes	_unknown_	Dw3enm.mid
nes	_unknown_	Dw3intro.mid
nes	_unknown_	Dw3out.mid
nes	_unknown_	Dw4death.mid
nes	_unknown_	Dw4wagonwheelmarch.mid
nes	_unknown_	Earth_Bound_Zero_Nightmare_Battle_v3.mid
nes	_unknown_	EggSNTm2.mid
nes	_unknown_	Egypt.mid
nes	_unknown_	Elec_Man.mid
nes	_unknown_	Elecman.mid
nes	_unknown_	ElecmanByCryogen.mid
nes	_unknown_	Elia_Maiden_Of_Water.mid
nes	_unknown_	Enc.mid
nes	_unknown_	End1_0.mid
nes	_unknown_	Ending-1.mid
nes	_unknown_	Ending.mid
nes	_unknown_	Ending1.mid
nes	_unknown_	Ending_Theme_-_Let%27s_Return.mid
nes	_unknown_	Enemy.mid
nes	_unknown_	Enemy1.mid
nes	_unknown_	Enemy3-1.mid
nes	_unknown_	Enemy3.mid
nes	_unknown_	Eolis.mid
nes	_unknown_	Escape.mid
nes	_unknown_	EternalWind.mid
nes	_unknown_	Eureka2.mid
nes	_unknown_	F13CABIN.mid
nes	_unknown_	FDS_BIOS_-_Startup.mid
nes	_unknown_	FQBM.mid
nes	_unknown_	F_basket.mid
nes	_unknown_	F_castle.mid
nes	_unknown_	F_gover.mid
nes	_unknown_	F_jungle.mid
nes	_unknown_	F_land.mid
nes	_unknown_	F_tea.mid
nes	_unknown_	F_water.mid
nes	_unknown_	F_win.mid
nes	_unknown_	Fate_accepted.mid
nes	_unknown_	Fateaccepted.mid
nes	_unknown_	FaxDwarf.mid
nes	_unknown_	FaxFinal_PianoMix_v2.mid
nes	_unknown_	FaxTimer.mid
nes	_unknown_	Faxanadu-Time_Freeze.mid
nes	_unknown_	Faxanadu2.mid
nes	_unknown_	Faxanadu_Church_DW.mid
nes	_unknown_	Faxanadu_Overworld_Arranged_dw.mid
nes	_unknown_	Faxdbr.mid
nes	_unknown_	Faxdead.mid
nes	_unknown_	Faxdeadremix.mid
nes	_unknown_	Faxfog.mid
nes	_unknown_	Faxtw.mid
nes	_unknown_	Fierce.mid
nes	_unknown_	FillipiantFoe.mid
nes	_unknown_	Final_Fantasy_2_-_Airship.mid
nes	_unknown_	Final_Fantasy_I_Town.mid
nes	_unknown_	Final_Fantasy_Prelude.mid
nes	_unknown_	Finish.mid
nes	_unknown_	FireMan-X.mid
nes	_unknown_	FireManR.mid
nes	_unknown_	Fireman.mid
nes	_unknown_	FiremanByCryogen.mid
nes	_unknown_	FlameMan1.mid
nes	_unknown_	Flameman.mid
nes	_unknown_	Flameman2.mid
nes	_unknown_	Flappy.mid
nes	_unknown_	FlappyBGM.mid
nes	_unknown_	Flash1_0.mid
nes	_unknown_	FlashMan_Arranged.mid
nes	_unknown_	Flashman.mid
nes	_unknown_	FlashmanByCryogen.mid
nes	_unknown_	Flute.mid
nes	_unknown_	ForbiddenLandEureka.mid
nes	_unknown_	Forest2.mid
nes	_unknown_	Four_Fiends_Remix_Fixed.mid
nes	_unknown_	Francontinue.mid
nes	_unknown_	Frankenstein.mid
nes	_unknown_	FridayThe13th.mid
nes	_unknown_	FridayThe13th_-_MapDark.mid
nes	_unknown_	FridayThe13th_-_MapEvilXGArr.mid
nes	_unknown_	Friday_The_13th.mid
nes	_unknown_	Fw02.mid
nes	_unknown_	Fw03.mid
nes	_unknown_	GIJAF_Attackedfromtheair.mid
nes	_unknown_	GIJOEAF.mid
nes	_unknown_	GLegend_Area0.mid
nes	_unknown_	GLegend_Lander.mid
nes	_unknown_	GLegend_Title.mid
nes	_unknown_	GPalace_2.mid
nes	_unknown_	GQ2CAVE.mid
nes	_unknown_	GREMLIA.mid
nes	_unknown_	G_Terminator2_Stage1.mid
nes	_unknown_	G_intro.mid
nes	_unknown_	G_rm4end.mid
nes	_unknown_	GameOver-1.mid
nes	_unknown_	GameOver.mid
nes	_unknown_	Game_Over1.mid
nes	_unknown_	Ganon.mid
nes	_unknown_	Gargoyle%27s_Quest_Castle_Theme.mid
nes	_unknown_	Gargoyle%27s_Quest_House_Theme.mid
nes	_unknown_	Gargoyle%27s_Quest_Lethe%27s_Castle_theme.mid
nes	_unknown_	Gargoyle%27s_Quest_Overworld_Theme.mid
nes	_unknown_	Gargoyle%27s_Quest_Title_Theme.mid
nes	_unknown_	Gargoyle%27s_Quest_Town_Theme.mid
nes	_unknown_	GargoyleshouseV3.mid
nes	_unknown_	Gauntlet_Remix.mid
nes	_unknown_	Gauntlet_Remix_II.mid
nes	_unknown_	Gauntlet_SongA_Metal_Remix.mid
nes	_unknown_	Gauntlet_SongB.mid
nes	_unknown_	Gauntlet_SongC.mid
nes	_unknown_	Gauntlet_SongD.mid
nes	_unknown_	GeminiMan.mid
nes	_unknown_	Gemini_Man.mid
nes	_unknown_	Gemini_Man_808.mid
nes	_unknown_	GettotheHawksbill.mid
nes	_unknown_	Go_Above_the_Clouds_v1-1.mid
nes	_unknown_	Golgo_13_Dai_1_Shou_Kamigami_No_Tasogare_-_Unused_Track.mid
nes	_unknown_	Golgo_13_Mafat_Conspiracy-Building_2.mid
nes	_unknown_	Golgo_13_Mafat_Conspiracy-Credits.mid
nes	_unknown_	Golgo_13_Mafat_Conspiracy-Final_Request.mid
nes	_unknown_	Golgo_13_Riddle_Of_Icarus_-_Unused_Track.mid
nes	_unknown_	Goonice.mid
nes	_unknown_	Goonies_-_CaveLevelArrangement.mid
nes	_unknown_	Gooniesw.mid
nes	_unknown_	Goonmaz.mid
nes	_unknown_	Goonsub.mid
nes	_unknown_	Goonwarp.mid
nes	_unknown_	Gpiano.mid
nes	_unknown_	Gpunchout.mid
nes	_unknown_	Grad12_1.mid
nes	_unknown_	Grad21_1.mid
nes	_unknown_	Grad21_2_v2.mid
nes	_unknown_	Grad22_1.mid
nes	_unknown_	Grad22_2.mid
nes	_unknown_	Grad23_2.mid
nes	_unknown_	Grad24_2_v2.mid
nes	_unknown_	Grape_Garden.mid
nes	_unknown_	Gravity_Guy.mid
nes	_unknown_	Gravitym.mid
nes	_unknown_	Gremlins_2_prologue.mid
nes	_unknown_	Groovy.mid
nes	_unknown_	GuardianLegend_AlienFlight.mid
nes	_unknown_	GuardianLegend_Area1-2.mid
nes	_unknown_	GuardianLegend_Area10.mid
nes	_unknown_	GuardianLegend_Area3-4.mid
nes	_unknown_	GuardianLegend_Computer.mid
nes	_unknown_	GuardianLegend_CrystalFlight.mid
nes	_unknown_	GuardianLegend_GameOver.mid
nes	_unknown_	GuardianLegend_Title.mid
nes	_unknown_	GuardianLegend_UnderseaFlight.mid
nes	_unknown_	GuerillaWar-lev2%28Wingroove%29v.1.00.mid
nes	_unknown_	GuerillaWarL1.mid
nes	_unknown_	Gunsmoke.mid
nes	_unknown_	Gutsman.mid
nes	_unknown_	Gwstage4.mid
nes	_unknown_	Gwstart.mid
nes	_unknown_	Gyroman.mid
nes	_unknown_	Gyromite_-_Title_Screen.mid
nes	_unknown_	HardMan.mid
nes	_unknown_	Hardman_.mid
nes	_unknown_	Hardman_Arranged.mid
nes	_unknown_	Hardmanstage.mid
nes	_unknown_	Hbase.mid
nes	_unknown_	Heart-SyniKal.mid
nes	_unknown_	Heat1_0.mid
nes	_unknown_	Heat_Man.mid
nes	_unknown_	Heatman.mid
nes	_unknown_	Hokuto_No_Ken_Stage_1_-_Arranged.mid
nes	_unknown_	ICARUS.mid
nes	_unknown_	ICE-bnus.mid
nes	_unknown_	ICE-main.mid
nes	_unknown_	ICE-win.mid
nes	_unknown_	IHTrack1WCanada.mid
nes	_unknown_	IHTrack2NewJersey.mid
nes	_unknown_	IHTrack3SCalifornia.mid
nes	_unknown_	IHTrack4Michigan.mid
nes	_unknown_	IHTrack5Illinois.mid
nes	_unknown_	IHTrack6Ohio.mid
nes	_unknown_	IHTrack7ECanada.mid
nes	_unknown_	IHTrack8Colorado.mid
nes	_unknown_	IHTrack9TradewestSpeedbowl.mid
nes	_unknown_	IW-World2.mid
nes	_unknown_	Ice_Caverns_-_Deep_Duck_Trouble_-_Minimalist_Arrangement_-_GM.mid
nes	_unknown_	Ice_Climber_Main_Theme.mid
nes	_unknown_	Ice_Man_Remix.mid
nes	_unknown_	Ice_World.mid
nes	_unknown_	Iceclimber.mid
nes	_unknown_	Iceland.mid
nes	_unknown_	Iceman-Nu_Style-Metal.mid
nes	_unknown_	Iceman.mid
nes	_unknown_	Icerockorchestra.mid
nes	_unknown_	Illuminator.mid
nes	_unknown_	Imerchant.mid
nes	_unknown_	Inside.mid
nes	_unknown_	Inside_a_tower.mid
nes	_unknown_	Intro1_0.mid
nes	_unknown_	Item.mid
nes	_unknown_	JDC_BTLvl03B.mid
nes	_unknown_	JDC_DSArea2.mid
nes	_unknown_	JDC_DSArea5.mid
nes	_unknown_	JDC_DSArea5R_v12.mid
nes	_unknown_	JDC_DSConv.mid
nes	_unknown_	JDC_FaxChurc.mid
nes	_unknown_	JDC_MKraid.mid
nes	_unknown_	JDC_Metal.mid
nes	_unknown_	JDC_NR1MDev.mid
nes	_unknown_	JDC_RRContin.mid
nes	_unknown_	JDC_RRDeath.mid
nes	_unknown_	JDC_SRRLvl6.mid
nes	_unknown_	JDC_TetNBGMC.mid
nes	_unknown_	JDC_WFort2.mid
nes	_unknown_	JDC_Wily6.mid
nes	_unknown_	JILost_-_Famicom_-_Akumajo_Densetsu_-_Beginning.mid
nes	_unknown_	JILost_-_NES_-_Skate_or_Die_2_-_Title.mid
nes	_unknown_	JILost_-_NES_-_Wizards_and_Warriors_III_-_Final_Road.mid
nes	_unknown_	JTF_NG1A5_3U.mid
nes	_unknown_	JTSLevel1.mid
nes	_unknown_	JUI_FaxMasco.mid
nes	_unknown_	Japan.mid
nes	_unknown_	Jaws_get-ready.mid
nes	_unknown_	Jaws_title.mid
nes	_unknown_	Jb01.mid
nes	_unknown_	JourneySilius_-_Stage1AND5XG.mid
nes	_unknown_	JourneySilius_-_Stage3XG.mid
nes	_unknown_	JourneySilius_-_TitleScreenXG.mid
nes	_unknown_	Journey_To_The_Moon_%287%27%27_Romantic_Space_Remix%29.mid
nes	_unknown_	Joust-Title.mid
nes	_unknown_	Just_a_Bad_Dream.mid
nes	_unknown_	KAOrangeOcean.mid
nes	_unknown_	KICastle.mid
nes	_unknown_	KI_Title-KM.mid
nes	_unknown_	KIst4.mid
nes	_unknown_	KM0c.mid
nes	_unknown_	KM8.mid
nes	_unknown_	KW-escp.mid
nes	_unknown_	KW-final.mid
nes	_unknown_	KW-goemn_V2.mid
nes	_unknown_	KW-kman.mid
nes	_unknown_	KW-last.mid
nes	_unknown_	KW-main.mid
nes	_unknown_	KW-mike.mid
nes	_unknown_	KW-moai.mid
nes	_unknown_	KW-robot.mid
nes	_unknown_	KW-rscue.mid
nes	_unknown_	KW-skull.mid
nes	_unknown_	KW-stone.mid
nes	_unknown_	KW-toad.mid
nes	_unknown_	KW-twinb.mid
nes	_unknown_	KaEnding2.mid
nes	_unknown_	Kaarena.mid
nes	_unknown_	Kaipsbl.mid
nes	_unknown_	KalinkaRmx.mid
nes	_unknown_	Kazahk.mid
nes	_unknown_	KickMaster_final_.mid
nes	_unknown_	KidIcarus-Dungeonv2.mid
nes	_unknown_	KidIcarus-Level1.mid
nes	_unknown_	KidIcarus-Underworld.mid
nes	_unknown_	Kid_Icarus_-_OverworldA-J.mid
nes	_unknown_	Kid_Niki.mid
nes	_unknown_	Kidcastl.mid
nes	_unknown_	Kidend.mid
nes	_unknown_	Kidi.mid
nes	_unknown_	Kidicarfl.mid
nes	_unknown_	Kidicarno.mid
nes	_unknown_	Kidicarsl.mid
nes	_unknown_	Kidskyp.mid
nes	_unknown_	King_Hippo.mid
nes	_unknown_	Klxcaves.mid
nes	_unknown_	Klxfairy.mid
nes	_unknown_	Klxtitle.mid
nes	_unknown_	KnightMan.mid
nes	_unknown_	KnightStore.mid
nes	_unknown_	KnightTest.mid
nes	_unknown_	Knight_Man.mid
nes	_unknown_	KoopaKidBattle.mid
nes	_unknown_	Kraid%27s_Lair.mid
nes	_unknown_	Kraid_Conga.mid
nes	_unknown_	Kraid_MJ.mid
nes	_unknown_	KraidsPianoHideout.mid
nes	_unknown_	Kraidshideoutterrorremix.mid
nes	_unknown_	KrionConquest_Stage1.mid
nes	_unknown_	Kung-Fu_Heroes-Bonus.mid
nes	_unknown_	Kung-Fu_Heroes-Bonus_2.mid
nes	_unknown_	Kung-Fu_Heroes-Break_Time.mid
nes	_unknown_	Kung-Fu_Heroes-Ending.mid
nes	_unknown_	Kung-Fu_Heroes-Stage_1-1_Standard.mid
nes	_unknown_	Kung-Fu_Heroes-Stage_1-2.mid
nes	_unknown_	Kung-Fu_Heroes-Stage_1-4.mid
nes	_unknown_	Kung-Fu_Heroes-Stage_2-2.mid
nes	_unknown_	Kung-Fu_Heroes-Stage_Complete.mid
nes	_unknown_	Kung-Fu_Heroes-Start.mid
nes	_unknown_	Kung-Fu_Heroes_-_Stage_Complete.mid
nes	_unknown_	Kyle_Hideout.mid
nes	_unknown_	LOLO3BOS.mid
nes	_unknown_	LOTW_Dungeon1.mid
nes	_unknown_	LUIZELD.mid
nes	_unknown_	LWINGS-DANGER.mid
nes	_unknown_	LWINGS-L1.mid
nes	_unknown_	Labyrinth.mid
nes	_unknown_	Laconia.mid
nes	_unknown_	Laconia_-_Where_Land_Ends.mid
nes	_unknown_	Laconia_2.mid
nes	_unknown_	Lame_Heat.mid
nes	_unknown_	LapisMix.mid
nes	_unknown_	Last_Ninja-Level_1_Central_Park.mid
nes	_unknown_	Let_Me_Know_the_Truth.mid
nes	_unknown_	Level-1.mid
nes	_unknown_	Level_1.mid
nes	_unknown_	Level_5.mid
nes	_unknown_	Level_6.mid
nes	_unknown_	Level_8_-_Intruder_Excluder.mid
nes	_unknown_	Level_Screen_Music.mid
nes	_unknown_	Leyla.mid
nes	_unknown_	LittleNemoStage2.mid
nes	_unknown_	LittleNemoStage5.mid
nes	_unknown_	Little_Nemo_-_Topsy-Turvy_%28MWS_v1.2%29.mid
nes	_unknown_	Little_Ninja_Bro.mid
nes	_unknown_	Little_Ninjabro.mid
nes	_unknown_	Living_Dead.mid
nes	_unknown_	Lnbfield.mid
nes	_unknown_	Lolo.mid
nes	_unknown_	Lolo1lvl.mid
nes	_unknown_	Lolo2clr.mid
nes	_unknown_	Lolo2lvl.mid
nes	_unknown_	Lolo2pw.mid
nes	_unknown_	Lolo3lvl.mid
nes	_unknown_	LoseLife.mid
nes	_unknown_	LotWHome.mid
nes	_unknown_	LowGmanFrozenWasteStage2.mid
nes	_unknown_	LowGmanIronNailStage1.mid
nes	_unknown_	LowGmanTheTowerStage4.mid
nes	_unknown_	LunarBall_main.mid
nes	_unknown_	Lunar_Ball_Theme.mid
nes	_unknown_	Lupin_III_Title.mid
nes	_unknown_	Lv1dojo.mid
nes	_unknown_	LycanHomicide.mid
nes	_unknown_	M1item.mid
nes	_unknown_	M2bonus.mid
nes	_unknown_	M2fnfare.mid
nes	_unknown_	M2gover.mid
nes	_unknown_	M3Water.mid
nes	_unknown_	M3gover.mid
nes	_unknown_	M3win1.mid
nes	_unknown_	MARIOBRO.mid
nes	_unknown_	MBBAND2.mid
nes	_unknown_	MCKidsL2.mid
nes	_unknown_	MCkids-level1.mid
nes	_unknown_	MDARTSplaying.mid
nes	_unknown_	MG2.mid
nes	_unknown_	MG_-_Outside_-Remix-.mid
nes	_unknown_	MGr_Theme_Of_Tara-KM.mid
nes	_unknown_	MIS7WE.mid
nes	_unknown_	MKAUTO.mid
nes	_unknown_	MKHHOUSE.mid
nes	_unknown_	MKMINE.mid
nes	_unknown_	MKPIRATE.mid
nes	_unknown_	MKSPACE.mid
nes	_unknown_	MKTITLE.mid
nes	_unknown_	MKWORLD.mid
nes	_unknown_	MQ-Castle.mid
nes	_unknown_	MQ-Overworld.mid
nes	_unknown_	MQ2.mid
nes	_unknown_	Mach_Rider-You_Are_Mach_Rider.mid
nes	_unknown_	Mafat_Conspiracy-Danger.mid
nes	_unknown_	Mafat_Conspiracy-Drive.mid
nes	_unknown_	Mafat_Conspiracy-Game_Over.mid
nes	_unknown_	Mafat_Conspiracy-Game_Over_2.mid
nes	_unknown_	Mafat_Conspiracy-Night.mid
nes	_unknown_	Mafat_Conspiracy-Stage_Intro.mid
nes	_unknown_	Mafat_Conspiracy_Building.mid
nes	_unknown_	Magicflute.mid
nes	_unknown_	Magicianmap.mid
nes	_unknown_	MagnetMan_2.mid
nes	_unknown_	Magnetma.mid
nes	_unknown_	Magnetman.mid
nes	_unknown_	Malroth.mid
nes	_unknown_	ManiacMansionBustinInRemix.mid
nes	_unknown_	Maniac_Mansion-Broken_Record.mid
nes	_unknown_	Mansion.mid
nes	_unknown_	Maranara.mid
nes	_unknown_	Mario2Orleans.mid
nes	_unknown_	Mario2end.mid
nes	_unknown_	Mario_2.mid
nes	_unknown_	Mario_Starman.mid
nes	_unknown_	Mario_Techno_Remix.mid
nes	_unknown_	Mariobattlejazz.mid
nes	_unknown_	MariobrosPhase1.mid
nes	_unknown_	Master5.mid
nes	_unknown_	Master6.mid
nes	_unknown_	Matoya%27s_Cave_%283%29.mid
nes	_unknown_	Matoya.mid
nes	_unknown_	Maxhawk.mid
nes	_unknown_	Meaningful_Revenge.mid
nes	_unknown_	MegaMan2_EndingPart1.mid
nes	_unknown_	MegaMan_3-Superbattle_3.mid
nes	_unknown_	MegaMan_ChosenTheme.mid
nes	_unknown_	Mega_Man_2_-_Metal_Man_-_4_Hand_Piano.mid
nes	_unknown_	Mega_Man_2_Bubblemans_Stage.mid
nes	_unknown_	Mega_Man_2_Dr_Wiley.mid
nes	_unknown_	Mega_Man_3_-_Magnet_Man.mid
nes	_unknown_	Mega_Man_3_-_Proto_Man.mid
nes	_unknown_	Mega_Man_5_-_Dr._Wily_Battle.mid
nes	_unknown_	Mega_Man_5_-_Napalm_Man.mid
nes	_unknown_	Mega_Man_II_-_Intro.mid
nes	_unknown_	Mega_Man_V_-_Gravity_Man.mid
nes	_unknown_	Megablast.mid
nes	_unknown_	Megaman1bomermanstage-Dendog.mid
nes	_unknown_	Megaman2_QuickMan_SM.mid
nes	_unknown_	Megaman3-Snakeman.mid
nes	_unknown_	Megaman_3_Wily_Castle_Stages_3_%26_4.mid
nes	_unknown_	Megaman_5-Skull_Castle.mid
nes	_unknown_	Megaman_6-Knight_Man.mid
nes	_unknown_	MendelFatguys.mid
nes	_unknown_	MendelMap.mid
nes	_unknown_	MendelMoon.mid
nes	_unknown_	MetEscape.mid
nes	_unknown_	Metal1_2.mid
nes	_unknown_	MetalMan_3Loop.mid
nes	_unknown_	Metal_Gear-Disembark.mid
nes	_unknown_	Metal_Gear-Promotion.mid
nes	_unknown_	Metal_Gear.mid
nes	_unknown_	Metalman.mid
nes	_unknown_	MetalstormLvl1.mid
nes	_unknown_	MetalstormLvl3.mid
nes	_unknown_	Metlstrm.mid
nes	_unknown_	Metrbbw.mid
nes	_unknown_	Metrgrw.mid
nes	_unknown_	Metrma.mid
nes	_unknown_	Metrthe.mid
nes	_unknown_	MickeyMousecapades-FunHouse.mid
nes	_unknown_	Mike_Tysons_Punch-Out%21%21.mid
nes	_unknown_	Mike_Tysons_Punch_Out-Game_Over.mid
nes	_unknown_	Monopoly.mid
nes	_unknown_	MonsterParty2.mid
nes	_unknown_	MordamirV2.mid
nes	_unknown_	MrXCompleteWorksByCryogen.mid
nes	_unknown_	MrXclmationtimes5.mid
nes	_unknown_	Ms_wintr.mid
nes	_unknown_	Mtrd_Brinstar-KM.mid
nes	_unknown_	Mtrd_Title-KM.mid
nes	_unknown_	Music_box.mid
nes	_unknown_	NES_Makafushigi.mid
nes	_unknown_	NES_Mega_Man_Wily_Battle.mid
nes	_unknown_	NES_U3_British.mid
nes	_unknown_	NES__Magic_of_Scheherazade__Ambush_Combat__2.mid
nes	_unknown_	NES__Mega_Man_2__Dr_Wily_Stage_1__16.mid
nes	_unknown_	NES__Mega_Man_3__Dr_Wily_Stage_1__6.mid
nes	_unknown_	NES__Mega_Man__Wily_Stage_1__3__GS.mid
nes	_unknown_	NES__Mega_Man__Wily_Stage_2__6__GS.mid
nes	_unknown_	NES__Mouryou_Senki_Madara__Overworld_1.mid
nes	_unknown_	NES__Mouryou_Senki_Madara__Temple.mid
nes	_unknown_	NES__Samurai_Zombie_Nation__Oyagi.mid
nes	_unknown_	NES__Star_Force__Power_Up_2.mid
nes	_unknown_	NES__Super_Dodge_Ball__Iceland__Arranged.mid
nes	_unknown_	Napalm_Man.mid
nes	_unknown_	Needlema.mid
nes	_unknown_	Nekketsu_kakutou_densetsu_Opening_Theme.mid
nes	_unknown_	NemoHouse3.mid
nes	_unknown_	Nemolast.mid
nes	_unknown_	Nemoorch.mid
nes	_unknown_	Nesrbi1.mid
nes	_unknown_	Nesrbi2.mid
nes	_unknown_	NinjaBro.mid
nes	_unknown_	NinjaJajamaruKunIntro.mid
nes	_unknown_	NinjaJajamaruKunLevelStart.mid
nes	_unknown_	Ninja_Gaiden_Mine.mid
nes	_unknown_	Ninja_Jajamaru_kun_Level_Locke_gb7.mid
nes	_unknown_	Nintendo_World_Cup_-_Golden_Goal.mid
nes	_unknown_	Nintendo_World_Cup_-_Losing_Is_Not_An_Option.mid
nes	_unknown_	Nonhuman1.mid
nes	_unknown_	Norfair.mid
nes	_unknown_	O5_CR_Entire_Title_2.mid
nes	_unknown_	O5_CR_Gravity_Man.mid
nes	_unknown_	OLfantzoneopaopa.mid
nes	_unknown_	OLfantzoneround1.mid
nes	_unknown_	OLfantzoneshop.mid
nes	_unknown_	OLhomealoneHouse.mid
nes	_unknown_	OLhomealoneOhNo.mid
nes	_unknown_	OLhomealoneTreehouse.mid
nes	_unknown_	OLhomealonetitle.mid
nes	_unknown_	OLlaserambush.mid
nes	_unknown_	OLlaserbattle.mid
nes	_unknown_	OLlaserbegin.mid
nes	_unknown_	OLlaserending.mid
nes	_unknown_	OLlaserfinalbase.mid
nes	_unknown_	OLlaserfinalenemy.mid
nes	_unknown_	OLlaserhelecopter.mid
nes	_unknown_	OLlaserhelecopter2.mid
nes	_unknown_	OLlaserinside.mid
nes	_unknown_	OLlaseroutside.mid
nes	_unknown_	OLskyhawkbase.mid
nes	_unknown_	OLskyhawkdock.mid
nes	_unknown_	OLskyhawkname.mid
nes	_unknown_	OLskyhawktitle.mid
nes	_unknown_	Ocean_World.mid
nes	_unknown_	OhMyGodItsaMeMario.mid
nes	_unknown_	OldSchoolBrinstarDepths.mid
nes	_unknown_	Omnizero_-_Hiryu_No_Ken_Remix.mid
nes	_unknown_	Only_the_lonely_boy.mid
nes	_unknown_	Options.mid
nes	_unknown_	Orange_Ocean-1.mid
nes	_unknown_	Orange_Ocean.mid
nes	_unknown_	Outside-World-Pop.mid
nes	_unknown_	Overworld-1.mid
nes	_unknown_	Overworld.mid
nes	_unknown_	PICDRAW.mid
nes	_unknown_	PIRATES.mid
nes	_unknown_	POW_-_Lvl1.mid
nes	_unknown_	POW_-_Lvl4EnemyWarehouses.mid
nes	_unknown_	POW_-_Lvl5Tank.mid
nes	_unknown_	POW_-_PowerUpGauntlet.mid
nes	_unknown_	POdflam.mid
nes	_unknown_	POdream.mid
nes	_unknown_	POpiston.mid
nes	_unknown_	POsoda.mid
nes	_unknown_	POtbout.mid
nes	_unknown_	Palace.mid
nes	_unknown_	PalaceRock.mid
nes	_unknown_	Palace_2.mid
nes	_unknown_	Palutena.mid
nes	_unknown_	Pandemonium.mid
nes	_unknown_	Pandemoniumfastversion.mid
nes	_unknown_	Peloponnesus.mid
nes	_unknown_	PetesHideout.mid
nes	_unknown_	PharaohMan-X.mid
nes	_unknown_	PharaohMan.mid
nes	_unknown_	Phithia.mid
nes	_unknown_	Phitia_-_The_Golden_Apple.mid
nes	_unknown_	Phrygia.mid
nes	_unknown_	Phrygia_-_Searching_the_Moon_Ball.mid
nes	_unknown_	Phthia.mid
nes	_unknown_	PinkFlash.mid
nes	_unknown_	PlantMan.mid
nes	_unknown_	Plantman2.mid
nes	_unknown_	Platoon-Title.mid
nes	_unknown_	PmanShort.mid
nes	_unknown_	Poison_Mind.mid
nes	_unknown_	Popeye_-_Stage_1.mid
nes	_unknown_	PowerUp.mid
nes	_unknown_	PowerbladeInterlude.mid
nes	_unknown_	PowerbladeLv1.mid
nes	_unknown_	PowerbladeLv2.mid
nes	_unknown_	PowerbladeLv3.mid
nes	_unknown_	PowerbladeLv4.mid
nes	_unknown_	PowerbladeLv5.mid
nes	_unknown_	PowerbladeLv6.mid
nes	_unknown_	PowerbladeLv7.mid
nes	_unknown_	Predator_Level_30.mid
nes	_unknown_	ProAmAcc.mid
nes	_unknown_	ProAmElec.mid
nes	_unknown_	Pro_Wrestling-Title.mid
nes	_unknown_	ProamContinue.mid
nes	_unknown_	Prolog4a.mid
nes	_unknown_	Prolog4b.mid
nes	_unknown_	Prolog5.mid
nes	_unknown_	Prolog6.mid
nes	_unknown_	Prolog6J.mid
nes	_unknown_	PromisedLand%28Theme%29.mid
nes	_unknown_	ProtoCastle.mid
nes	_unknown_	Protoman.mid
nes	_unknown_	Protoman2.mid
nes	_unknown_	Protomap.mid
nes	_unknown_	Punch-Out_-_Fight_-Remix-.mid
nes	_unknown_	Punch-Out_-_Training_-Remix-.mid
nes	_unknown_	Punch_Out_-_1st_Match.mid
nes	_unknown_	Punch_Out_The_Final_Round.mid
nes	_unknown_	Punch_Out_Training_Remix.mid
nes	_unknown_	Punchout.mid
nes	_unknown_	Punchout_Runner.mid
nes	_unknown_	Pyra-x.mid
nes	_unknown_	Pyramid.mid
nes	_unknown_	PyramidI.mid
nes	_unknown_	Qckwlson.mid
nes	_unknown_	QueenMary.mid
nes	_unknown_	Quick1_0.mid
nes	_unknown_	QuickMan.mid
nes	_unknown_	QuickManVer1.mid
nes	_unknown_	RAZOR_THEME.mid
nes	_unknown_	RCProAMTheme-Xguitar.mid
nes	_unknown_	RCProAm.mid
nes	_unknown_	RCR_-_A_Tough_Fight_-Remix-.mid
nes	_unknown_	RCR_-_A_Tougher_Fight_-Remix-.mid
nes	_unknown_	RCR_-_Running_Around_the_City_-Remix-.mid
nes	_unknown_	RCR_-_The_Final_Fight_-Remix-.mid
nes	_unknown_	REMLIA.mid
nes	_unknown_	RK-Cave.mid
nes	_unknown_	RK-Death.mid
nes	_unknown_	RK-DowntownStreet.mid
nes	_unknown_	RK-Ending.mid
nes	_unknown_	RK-Game.mid
nes	_unknown_	RK-GameOver.mid
nes	_unknown_	RK-MugsyBattle.mid
nes	_unknown_	RK-MugsysHideout.mid
nes	_unknown_	RK-Pause.mid
nes	_unknown_	RK-Playland.mid
nes	_unknown_	RK-Shaft.mid
nes	_unknown_	RK-Shop.mid
nes	_unknown_	RK-SkyAce.mid
nes	_unknown_	RK-Subway.mid
nes	_unknown_	RK-Title.mid
nes	_unknown_	RK-WesternAdventure.mid
nes	_unknown_	RM2-QuickMan-X.mid
nes	_unknown_	RM3-HardMan-X.mid
nes	_unknown_	RM4-TitleTheme-X.mid
nes	_unknown_	RM5-FinalWily-X.mid
nes	_unknown_	ROB-Stage.mid
nes	_unknown_	RR_Music1.mid
nes	_unknown_	RR_Music2.mid
nes	_unknown_	RR_Music3.mid
nes	_unknown_	RR_TimesUp.mid
nes	_unknown_	RYGAR4B.mid
nes	_unknown_	Rad_Racer_-_Station_A_V2.mid
nes	_unknown_	RainbowIsland.mid
nes	_unknown_	Rainbow_Resort.mid
nes	_unknown_	Rambo-Venture.mid
nes	_unknown_	Rambo_Intro.mid
nes	_unknown_	Rampart.mid
nes	_unknown_	Ratrace.mid
nes	_unknown_	Razor.mid
nes	_unknown_	Relic_World.mid
nes	_unknown_	Rescue_Rangers_-_Zone_J.mid
nes	_unknown_	Rhgamovr.mid
nes	_unknown_	Rick_Rude.mid
nes	_unknown_	Ride_with_Pegasus_%26_Enter_your_Name.mid
nes	_unknown_	RidleysAnnoyingHideout.mid
nes	_unknown_	Riki-Kunio_stg1.mid
nes	_unknown_	Riki_sel.mid
nes	_unknown_	Rin.mid
nes	_unknown_	RingMan-MetalManiaRemix.mid
nes	_unknown_	Ringman.mid
nes	_unknown_	Rm3_Magnet.mid
nes	_unknown_	RoboWarriorUnder.mid
nes	_unknown_	Robobonus.mid
nes	_unknown_	Robocop2MurphyVSCain.mid
nes	_unknown_	RobocopFmin.mid
nes	_unknown_	RockTris.mid
nes	_unknown_	RocketjockA52.mid
nes	_unknown_	RogerPark.mid
nes	_unknown_	RogerParkXG.mid
nes	_unknown_	Room_of_mirrors.mid
nes	_unknown_	RoundComplete.mid
nes	_unknown_	Rush_n_Attack_Level2_XkyRauh.mid
nes	_unknown_	Rygar2a.mid
nes	_unknown_	RygarCatacombs.mid
nes	_unknown_	RygarLevel1.mid
nes	_unknown_	Rygar_Cave.mid
nes	_unknown_	Rygarfo.mid
nes	_unknown_	Ryggran.mid
nes	_unknown_	Rygvis.mid
nes	_unknown_	Rygworld.mid
nes	_unknown_	SC-st8.mid
nes	_unknown_	SK-Theme.mid
nes	_unknown_	SM2.mid
nes	_unknown_	SM3End.mid
nes	_unknown_	SMCASTLE.mid
nes	_unknown_	SQ_Bloody_Tears.mid
nes	_unknown_	SQ_gameover.mid
nes	_unknown_	SQ_mansion.mid
nes	_unknown_	SQ_night.mid
nes	_unknown_	SQ_thesilenceofdaylight.mid
nes	_unknown_	SRC.mid
nes	_unknown_	SRnR_-_Stage_01.mid
nes	_unknown_	SRnR_-_Stage_02.mid
nes	_unknown_	SRnR_-_Stage_03.mid
nes	_unknown_	SRnR_-_Stage_04.mid
nes	_unknown_	SRnR_-_Stage_05.mid
nes	_unknown_	SRnR_-_Stage_06.mid
nes	_unknown_	ST-Underworld-%28Remix%29.mid
nes	_unknown_	STANLevel_Complete.mid
nes	_unknown_	STANLevel_Intro.mid
nes	_unknown_	STANin-game.mid
nes	_unknown_	STShecola.mid
nes	_unknown_	SYD.mid
nes	_unknown_	Sabaron.mid
nes	_unknown_	Sailing_ship.mid
nes	_unknown_	Sand_World.mid
nes	_unknown_	Sg-bqpiano.mid
nes	_unknown_	Sg-courty-arr.mid
nes	_unknown_	Sg_end.mid
nes	_unknown_	Sgcourtyard.mid
nes	_unknown_	Sglake.mid
nes	_unknown_	Sgmirrors.mid
nes	_unknown_	Sgtheme.mid
nes	_unknown_	Sgtitle.mid
nes	_unknown_	ShadowRemix2.mid
nes	_unknown_	Shadow_Shadow.mid
nes	_unknown_	Shadowgate_Gameover.mid
nes	_unknown_	Shatterhand-First_Stage_fixed.mid
nes	_unknown_	Shatterhand_-_AreaDXG.mid
nes	_unknown_	Shatterhand_Ending.mid
nes	_unknown_	Shatterhand_Refinery_Area_B.mid
nes	_unknown_	Shatterhand_Silo.mid
nes	_unknown_	Shg-dragonsden.mid
nes	_unknown_	Shin_Onigashima_-_Inside_the_House.mid
nes	_unknown_	Shingen_v1-2.mid
nes	_unknown_	Shroom_Kingdom_2.mid
nes	_unknown_	Shyron.mid
nes	_unknown_	Siberian_Skies.mid
nes	_unknown_	Signal_Fire.mid
nes	_unknown_	SilenceofDaylight.mid
nes	_unknown_	Silius.mid
nes	_unknown_	Siliuslvl3.mid
nes	_unknown_	Sk81shop.mid
nes	_unknown_	SkateOrDie_DownhillRace.mid
nes	_unknown_	Skate_Or_Die_2_-_Ramp.mid
nes	_unknown_	Skull_Castle_2.mid
nes	_unknown_	Skull_castle.mid
nes	_unknown_	Skullman33.mid
nes	_unknown_	Skullmanremix.mid
nes	_unknown_	Slalom_Game_Over.mid
nes	_unknown_	Sleep.mid
nes	_unknown_	Sm1cave.mid
nes	_unknown_	Sm1eau.mid
nes	_unknown_	Sm1etoil.mid
nes	_unknown_	Sm1th.mid
nes	_unknown_	Sm2cave.mid
nes	_unknown_	Sm2perso.mid
nes	_unknown_	Sm2th.mid
nes	_unknown_	Sm3bonus.mid
nes	_unknown_	SnBro-Floor41.mid
nes	_unknown_	Snake-1.mid
nes	_unknown_	Snake.mid
nes	_unknown_	SnakeDude.mid
nes	_unknown_	SnakeMan1.mid
nes	_unknown_	Snake_Pit.mid
nes	_unknown_	Snakeman.mid
nes	_unknown_	Snakemandramatic.mid
nes	_unknown_	Snbrost2.mid
nes	_unknown_	Snbrost3.mid
nes	_unknown_	Snow_Bros-lv41-49.mid
nes	_unknown_	Solomons_Key_Hidden_Room.mid
nes	_unknown_	Solstice-InGame.mid
nes	_unknown_	Song6.mid
nes	_unknown_	Sor%28Nes%29Track2_%28Sidewinder%29.mid
nes	_unknown_	Sor%28Nes%29Track_1_%28Fandago%29.mid
nes	_unknown_	SpaceCenter.mid
nes	_unknown_	SparkMan-X.mid
nes	_unknown_	Spark_Man.mid
nes	_unknown_	Sparkman.mid
nes	_unknown_	Sparkman27kb.mid
nes	_unknown_	Sparkman6969.mid
nes	_unknown_	SparkmanByCryogen.mid
nes	_unknown_	Sparkman_Advanced.mid
nes	_unknown_	SpecialFight2.mid
nes	_unknown_	Spelunker-Level1_Arranged.mid
nes	_unknown_	Spooky.mid
nes	_unknown_	Spooky2.mid
nes	_unknown_	St-Seiya.mid
nes	_unknown_	Stage1.mid
nes	_unknown_	Stage2.mid
nes	_unknown_	Stage4.mid
nes	_unknown_	Stage5.mid
nes	_unknown_	Stage6.mid
nes	_unknown_	StageComplete.mid
nes	_unknown_	Stage_4.mid
nes	_unknown_	Stage_6.mid
nes	_unknown_	Stage_7.mid
nes	_unknown_	StarSoldier-Non_PoweredUp_Ship.mid
nes	_unknown_	StarSoldier-PoweredUp_Ship.mid
nes	_unknown_	StarSoldier-Title.mid
nes	_unknown_	StarSoldier_-_Invincibility.mid
nes	_unknown_	StarSoldier_PowerUp_arranged.mid
nes	_unknown_	StarSoldier_Stage1-PowerUp_arranged.mid
nes	_unknown_	StarTrpc2_credits.mid
nes	_unknown_	Star_Evil.mid
nes	_unknown_	Starfrcb.mid
nes	_unknown_	Starfrcp.mid
nes	_unknown_	Starman-1.mid
nes	_unknown_	Starman.mid
nes	_unknown_	StarmanE.mid
nes	_unknown_	StarmanRock1.mid
nes	_unknown_	Stars_of_the_Sound.mid
nes	_unknown_	StoneMan.mid
nes	_unknown_	Stoneman1337.mid
nes	_unknown_	Story.mid
nes	_unknown_	Str2010.mid
nes	_unknown_	Street_Fighter_2010-Game_Over.mid
nes	_unknown_	Strider1.mid
nes	_unknown_	Super-Mario-Bros_Overworld-Remix-6.mid
nes	_unknown_	Super_Mario_Bros-Time_Warning.mid
nes	_unknown_	Super_Mario_Bros._-_Flag.mid
nes	_unknown_	Super_Mario_Bros_-_Castle_%28Techno_Gabber_remix%29.mid
nes	_unknown_	Super_Mario_Brothers-Tropical_Mix.mid
nes	_unknown_	Super_Mario_Tropix_Mix.mid
nes	_unknown_	Super_Pitfall_-_Begin.mid
nes	_unknown_	Super_Pitfall_-_Dark_Realm.mid
nes	_unknown_	Super_Pitfall_-_Main_Theme.mid
nes	_unknown_	Swamp-Jungle.mid
nes	_unknown_	SweetHome-Battle1.mid
nes	_unknown_	SweetHomeIntroV2.mid
nes	_unknown_	SwordsandSerpentsIntro.mid
nes	_unknown_	Szarng06.mid
nes	_unknown_	TG2_-_Stage_1_-Remix-.mid
nes	_unknown_	TG2_-_Stage_2_-Remix-.mid
nes	_unknown_	TG2_-_Stage_3_-Remix-.mid
nes	_unknown_	TGLComputerRoom1.mid
nes	_unknown_	TGLFTHS.mid
nes	_unknown_	TGLSpaceFlight1.mid
nes	_unknown_	TGLWalkabout1.mid
nes	_unknown_	TGL_-_Inner_Sea_Level.mid
nes	_unknown_	TJ_NinjaRyukenden_Lukifell.mid
nes	_unknown_	TJ_NinjaRyukenden_Lukifell_WinG.mid
nes	_unknown_	TNTNUNN.mid
nes	_unknown_	TNTmain2.mid
nes	_unknown_	TOF_THEN.mid
nes	_unknown_	TRoboW1.mid
nes	_unknown_	TTA_-_UnderWater.mid
nes	_unknown_	TTFight.mid
nes	_unknown_	T_Akumajou2_Night.mid
nes	_unknown_	T_Akumajou2_Town.mid
nes	_unknown_	T_AkumajouDensetsu_Aquarius.mid
nes	_unknown_	T_Akumajou_FinalBattle_OrchMix.mid
nes	_unknown_	T_ArumanaNoKiseki_Caverns.mid
nes	_unknown_	T_Batman_Stage1-1.mid
nes	_unknown_	T_Batman_Stage2-1.mid
nes	_unknown_	T_Crystalis_MapTheme105.mid
nes	_unknown_	T_DuckTales_TransylvaniaTheme.mid
nes	_unknown_	T_FinalFantasy_MatoyaTheme_ShiningRemix.mid
nes	_unknown_	T_Galesburg.mid
nes	_unknown_	T_GoingGetsTough.mid
nes	_unknown_	T_GooniesII_BasementTheme.mid
nes	_unknown_	T_GooniesII_GoodEnough.mid
nes	_unknown_	T_GuardianLegend_DeadSilence.mid
nes	_unknown_	T_GuardianLegend_Maketanai.mid
nes	_unknown_	T_GuardianLegend_MaohNoKouya.mid
nes	_unknown_	T_GuardianLegend_NajuSurface.mid
nes	_unknown_	T_GuardianLegend_SeaBattle.mid
nes	_unknown_	T_GuardianLegend_Shiawase.mid
nes	_unknown_	T_GuardianLegend_Tanmei.mid
nes	_unknown_	T_GuardianLegend_TorimichiMidasu.mid
nes	_unknown_	T_GuardianLegend_TowaNiAiNashite.mid
nes	_unknown_	T_GuardianLegend_UchuheNoTobikomi.mid
nes	_unknown_	T_GuardianLegend_UchuheNoTobikomi_TVSize.mid
nes	_unknown_	T_Hiryu1.mid
nes	_unknown_	T_HiryuNoKenFighting_TournamentTheme.mid
nes	_unknown_	T_HiryuNoKenIII_BattleTheme1.mid
nes	_unknown_	T_HiryuNoKenIII_BattleTheme2.mid
nes	_unknown_	T_HiryuNoKenIII_KibaSenshi.mid
nes	_unknown_	T_HiryuNoKenII_JungleTheme1.mid
nes	_unknown_	T_HiryuNoKenII_JungleTheme2.mid
nes	_unknown_	T_HiryuNoKenII_MainTheme.mid
nes	_unknown_	T_HiryuNoKenII_StoryTheme.mid
nes	_unknown_	T_HiryuNoKenII_Tenyou.mid
nes	_unknown_	T_HiryuNoKenOugi_Outworld.mid
nes	_unknown_	T_HiryuNoKenOugi_Roster.mid
nes	_unknown_	T_Hiryuu.mid
nes	_unknown_	T_HokutoNoKenII_InGameTheme.mid
nes	_unknown_	T_HokutoNoKen_InGameTheme.mid
nes	_unknown_	T_LegendaryWings_Gameover.mid
nes	_unknown_	T_MetalGear_EnemyTheme.mid
nes	_unknown_	T_MetalGear_Forestv11.mid
nes	_unknown_	T_MetalGear_SuperComputer102.mid
nes	_unknown_	T_NekketsuKakutoDensetsu_DoubleTiger.mid
nes	_unknown_	T_NinjaGaiden2_ALongWayToGo.mid
nes	_unknown_	T_NinjaGaiden2_Death.mid
nes	_unknown_	T_NinjaGaiden3_Desert.mid
nes	_unknown_	T_NinjaGaiden_Balisk_Remixv13b.mid
nes	_unknown_	T_NinjaGaiden_Balisk_Special.mid
nes	_unknown_	T_NinjaGaiden_Ending1.mid
nes	_unknown_	T_NinjaGaiden_IreneAndRyu.mid
nes	_unknown_	T_RadiaSenki0.mid
nes	_unknown_	T_RadiaSenki1.mid
nes	_unknown_	T_RadiaSenki10.mid
nes	_unknown_	T_RadiaSenki2.mid
nes	_unknown_	T_RadiaSenki5.mid
nes	_unknown_	T_RadiaSenki6.mid
nes	_unknown_	T_RadiaSenki7.mid
nes	_unknown_	T_RadiaSenki8.mid
nes	_unknown_	T_RadiaSenki9.mid
nes	_unknown_	T_RoboWarrior_BonusRoomTheme.mid
nes	_unknown_	T_RoboWarrior_KeepMovin_ForestFireMix.mid
nes	_unknown_	T_RoboWarrior_TitleTheme.mid
nes	_unknown_	T_Ryga10.mid
nes	_unknown_	T_Ryga11.mid
nes	_unknown_	T_Ryga12.mid
nes	_unknown_	T_Ryga13.mid
nes	_unknown_	T_Ryga14.mid
nes	_unknown_	T_Ryga15.mid
nes	_unknown_	T_Rygar1.mid
nes	_unknown_	T_Rygar2.mid
nes	_unknown_	T_Rygar3.mid
nes	_unknown_	T_Rygar4.mid
nes	_unknown_	T_Rygar5.mid
nes	_unknown_	T_Rygar7.mid
nes	_unknown_	T_Rygar8.mid
nes	_unknown_	T_Rygar9.mid
nes	_unknown_	T_Skyline.mid
nes	_unknown_	T_SnakesRevenge_Briefing.mid
nes	_unknown_	T_SnakesRevenge_BuildingInfiliterationTheme.mid
nes	_unknown_	T_SnakesRevenge_Enemy.mid
nes	_unknown_	T_SnakesRevenge_EnemyTrain12.mid
nes	_unknown_	T_SnakesRevenge_EnemyTrain_WinGroove.mid
nes	_unknown_	T_SnakesRevenge_Escape.mid
nes	_unknown_	T_SnakesRevenge_Escape2.mid
nes	_unknown_	T_SnakesRevenge_ForestThemeRemix.mid
nes	_unknown_	T_SnakesRevenge_Gameover.mid
nes	_unknown_	T_SnakesRevenge_Intro.mid
nes	_unknown_	T_SnakesRevenge_Jungle.mid
nes	_unknown_	T_SnakesRevenge_MetalGearTheme105.mid
nes	_unknown_	T_SnakesRevenge_Underground.mid
nes	_unknown_	T_StriderHiryu_EnemyRail.mid
nes	_unknown_	T_StriderHiryu_Generator.mid
nes	_unknown_	T_SweetHome_Allies.mid
nes	_unknown_	T_SweetHome_FloodedBasementTheme.mid
nes	_unknown_	T_SweetHome_LobbyTheme.mid
nes	_unknown_	T_SweetHome_UndeadGardenTheme.mid
nes	_unknown_	T_SweetHome_UpperFloorTheme.mid
nes	_unknown_	T_Tecmo3.mid
nes	_unknown_	T_TecmoWrestling_Hidden.mid
nes	_unknown_	T_TecmoWrestling_MatchTheme01.mid
nes	_unknown_	T_TecmoWrestling_MatchTheme02.mid
nes	_unknown_	T_TecmoWrestling_MatchTheme03.mid
nes	_unknown_	T_TecmoWrestling_MatchTheme04.mid
nes	_unknown_	T_TheParasprinter.mid
nes	_unknown_	T_Thunderstorm.mid
nes	_unknown_	T_Tsub11.mid
nes	_unknown_	T_Tsub14.mid
nes	_unknown_	T_Tsub16.mid
nes	_unknown_	T_Tsub17.mid
nes	_unknown_	T_Tsub18.mid
nes	_unknown_	T_Tsub19.mid
nes	_unknown_	T_Tsub20.mid
nes	_unknown_	T_Tsub21.mid
nes	_unknown_	T_Tsub22.mid
nes	_unknown_	T_Tsub23.mid
nes	_unknown_	T_Tsub24.mid
nes	_unknown_	T_Tsub25.mid
nes	_unknown_	T_Tsub26.mid
nes	_unknown_	T_Tsub27.mid
nes	_unknown_	T_Tsub28.mid
nes	_unknown_	T_Tsub29.mid
nes	_unknown_	T_Tsub30.mid
nes	_unknown_	T_Tsuba0.mid
nes	_unknown_	T_Tsuba1.mid
nes	_unknown_	T_Tsuba2.mid
nes	_unknown_	T_Tsuba3.mid
nes	_unknown_	T_Tsuba4.mid
nes	_unknown_	T_Tsuba5.mid
nes	_unknown_	T_Tsuba6.mid
nes	_unknown_	T_Tsuba7.mid
nes	_unknown_	T_Tsuba9.mid
nes	_unknown_	T_WaiWaiWorld2_EndLevel.mid
nes	_unknown_	T_WaiWaiWorld_Fuma.mid
nes	_unknown_	T_WaiWaiWorld_KonamiGirl_GM.mid
nes	_unknown_	T_WaiWaiWorld_KonamiGirl_XG.mid
nes	_unknown_	T_WaiWaiWorld_Kong.mid
nes	_unknown_	T_kungfu.mid
nes	_unknown_	Tabohang.mid
nes	_unknown_	Tartarus_-_Battle_with_Hades.mid
nes	_unknown_	Technotris.mid
nes	_unknown_	TecmoBowlCredits.mid
nes	_unknown_	Tenkai-Title_V2.mid
nes	_unknown_	Tet_Music_A_NES-KM-GS.mid
nes	_unknown_	Tet_Music_C-KM.mid
nes	_unknown_	Tgl-27.mid
nes	_unknown_	Tgl_overworld.mid
nes	_unknown_	Tgla2map.mid
nes	_unknown_	TheGuardianLegend_Area0.mid
nes	_unknown_	TheLegendRemixed.mid
nes	_unknown_	The_Guardian_Legend.mid
nes	_unknown_	The_Map_-_Face_your_destiny.mid
nes	_unknown_	The_Revolution.mid
nes	_unknown_	The_Story_.mid
nes	_unknown_	The_Underworld_%26_Hades_Castle.mid
nes	_unknown_	Theme.mid
nes	_unknown_	ThemeWin.mid
nes	_unknown_	ThiefStore.mid
nes	_unknown_	Thou_hath_died.mid
nes	_unknown_	Tiny_Toon_Adventures%21.mid
nes	_unknown_	Title.mid
nes	_unknown_	Title2.mid
nes	_unknown_	TitleScreen.mid
nes	_unknown_	Title_2.mid
nes	_unknown_	Title_Theme.mid
nes	_unknown_	Titlearr.mid
nes	_unknown_	To_the_Earth_Anthem.mid
nes	_unknown_	Toadman.mid
nes	_unknown_	TomSawyer-L1.mid
nes	_unknown_	Tomahawk.mid
nes	_unknown_	TomahawkMan.mid
nes	_unknown_	TopGun-demo.mid
nes	_unknown_	Top_Gun_-_Fuel_Plane.mid
nes	_unknown_	Top_Guy.mid
nes	_unknown_	Town_2.mid
nes	_unknown_	Town_of_Water_%28promise_of_love_remix%29.mid
nes	_unknown_	Track_and_Field_II_-_Arm_Wrestling.mid
nes	_unknown_	Track_and_Field_II_-_Hang_Gliding.mid
nes	_unknown_	Train.mid
nes	_unknown_	TranceRemains.mid
nes	_unknown_	Troika.mid
nes	_unknown_	Trojan_P2_Win.mid
nes	_unknown_	Ts_intro.mid
nes	_unknown_	Ttabrsce.mid
nes	_unknown_	Ttadft.mid
nes	_unknown_	Ttaelm.mid
nes	_unknown_	Ttagover.mid
nes	_unknown_	Ttahfst.mid
nes	_unknown_	Ttahmtn.mid
nes	_unknown_	Ttakey.mid
nes	_unknown_	Ttamap.mid
nes	_unknown_	Ttapsaw.mid
nes	_unknown_	Ttatheme.mid
nes	_unknown_	Ttauw.mid
nes	_unknown_	Ttawlyd.mid
nes	_unknown_	Ult1King.mid
nes	_unknown_	UltimaNES.mid
nes	_unknown_	Underwater-1.mid
nes	_unknown_	Underwater.mid
nes	_unknown_	Underworld4.mid
nes	_unknown_	UninMix.mid
nes	_unknown_	UnknownMarioBrosThemeGameOverChoir.mid
nes	_unknown_	VamKill.mid
nes	_unknown_	VampirJaeger.mid
nes	_unknown_	VampireKiller.mid
nes	_unknown_	Vampire_Killer.mid
nes	_unknown_	Vegas_Dream_-_Black_Jack.mid
nes	_unknown_	Ven_end.mid
nes	_unknown_	Vertigo.mid
nes	_unknown_	Volcano_World.mid
nes	_unknown_	Von-Kaiser.mid
nes	_unknown_	Voyager.mid
nes	_unknown_	W%26W2_Level1.mid
nes	_unknown_	W%26W2_Water.mid
nes	_unknown_	W%26W_Remixx.mid
nes	_unknown_	W%26w2-treasure.mid
nes	_unknown_	W-fiend.mid
nes	_unknown_	W-zhenamuzh.mid
nes	_unknown_	WARIOWUD.mid
nes	_unknown_	WCW_World_Championship_Wrestling_-_Title.mid
nes	_unknown_	WC_-_Stage3Samba.mid
nes	_unknown_	WILY1.mid
nes	_unknown_	WSK.mid
nes	_unknown_	WarriorofArgos%28rygarj%29area1.mid
nes	_unknown_	Waveman.mid
nes	_unknown_	WeDwell-SyniKal.mid
nes	_unknown_	WickedChild%28remix%29.mid
nes	_unknown_	WickedChild.mid
nes	_unknown_	Wicked_Child.mid
nes	_unknown_	WildCardChallenge2.mid
nes	_unknown_	WildCardsMarch.mid
nes	_unknown_	Willowhouse.mid
nes	_unknown_	Willowintropt1.mid
nes	_unknown_	Willtown.mid
nes	_unknown_	Wily.mid
nes	_unknown_	Wily11_0.mid
nes	_unknown_	Wily1st1.mid
nes	_unknown_	Wily1st2.mid
nes	_unknown_	Wily21_1.mid
nes	_unknown_	Wily3st1.mid
nes	_unknown_	Wily3st2.mid
nes	_unknown_	Wily3st3.mid
nes	_unknown_	Wily4.mid
nes	_unknown_	Wily41.mid
nes	_unknown_	Wily4st2.mid
nes	_unknown_	Wily5.mid
nes	_unknown_	Wily52.mid
nes	_unknown_	Wily5st.mid
nes	_unknown_	Wily6.mid
nes	_unknown_	Wily6st.mid
nes	_unknown_	Wilymap2.mid
nes	_unknown_	Wilymap4.mid
nes	_unknown_	Wilymap5.mid
nes	_unknown_	Wilymap6.mid
nes	_unknown_	Windman.mid
nes	_unknown_	Wisdom-Of-The-World.mid
nes	_unknown_	Wiz1Boltac.mid
nes	_unknown_	Wiz1Camp.mid
nes	_unknown_	Wiz1Cant.mid
nes	_unknown_	Wiz1Castle.mid
nes	_unknown_	Wiz1End.mid
nes	_unknown_	Wiz1Inn.mid
nes	_unknown_	Wiz1Maze.mid
nes	_unknown_	Wiz1Tavern.mid
nes	_unknown_	Wiz1Temple.mid
nes	_unknown_	Wiz1Werdna.mid
nes	_unknown_	Wiz1combat.mid
nes	_unknown_	WizStore.mid
nes	_unknown_	WizWar2Lvl1.mid
nes	_unknown_	WizWar2_-_TreasureGet.mid
nes	_unknown_	Wizardry_%21_Preparations.mid
nes	_unknown_	Wizardry_%21_Preparations_Arranged.mid
nes	_unknown_	Wizardry_II_Opening_Theme.mid
nes	_unknown_	Wizardry_I_Opening_Theme.mid
nes	_unknown_	Wizards_and_Warriors_II_Ironsword_-_Wind_Elemental.mid
nes	_unknown_	Wiztest.mid
nes	_unknown_	Wiztest2.mid
nes	_unknown_	WiztestWin.mid
nes	_unknown_	Wolverine_-_MainBGMXG.mid
nes	_unknown_	Wood1_1.mid
nes	_unknown_	Woodman.mid
nes	_unknown_	Woodmandrums.mid
nes	_unknown_	World_Championship_Wrestling-Single_Match.mid
nes	_unknown_	Wrath_of_the_Black_Manta.mid
nes	_unknown_	Wrecking_Crew-Theme_GS.mid
nes	_unknown_	Wrestlemania-Randy_Savage.mid
nes	_unknown_	Wrestlemania_-_Bam_Bam_Bigelow.mid
nes	_unknown_	XemnTheme3.mid
nes	_unknown_	XenophobeStart.mid
nes	_unknown_	XexyzEndGame.mid
nes	_unknown_	Xexyz_-_OmgFairies.mid
nes	_unknown_	Xexyz_-_YouLose.mid
nes	_unknown_	Xexyz_Lev1.mid
nes	_unknown_	XkyFlyDisk.mid
nes	_unknown_	XkyRauh_IceClimberTitleScreen.mid
nes	_unknown_	Xky_LoloStage.mid
nes	_unknown_	Y_Y_Hakusho_Op_movie.mid
nes	_unknown_	Yamato_Man.mid
nes	_unknown_	Yamatoma.mid
nes	_unknown_	YieArKungFu.mid
nes	_unknown_	YogurtYard.mid
nes	_unknown_	YouSuckAtNaming.mid
nes	_unknown_	YourChildIsWicked.mid
nes	_unknown_	YsI_-_Darm_Tower_-_Upper_Chambers.mid
nes	_unknown_	Yukon-Pyramid.mid
nes	_unknown_	Yuuyuuki12.mid
nes	_unknown_	Yuuyuuki18.mid
nes	_unknown_	Z1ch.mid
nes	_unknown_	Z2TitleScreenPunkRockRemixFixed.mid
nes	_unknown_	Z2_-_Great_Palace.mid
nes	_unknown_	Z2level7.mid
nes	_unknown_	ZTMREMIX.mid
nes	_unknown_	Zanac_01.mid
nes	_unknown_	Zanac_02.mid
nes	_unknown_	Zanac_05.mid
nes	_unknown_	Zanac_08.mid
nes	_unknown_	Zanac_12.mid
nes	_unknown_	Zanac_Area_Clear.mid
nes	_unknown_	Zanac_Game_Over.mid
nes	_unknown_	Zoma3Heavy.mid
nes	_unknown_	abadoxgo.mid
nes	_unknown_	abb-bgma.mid
nes	_unknown_	ads_shop.mid
nes	_unknown_	advlolo1_theme.mid
nes	_unknown_	airman1.mid
nes	_unknown_	airman2.mid
nes	_unknown_	airman5.mid
nes	_unknown_	airwolf_title.mid
nes	_unknown_	akumajo1%28V1.1%29.mid
nes	_unknown_	akumajo3.mid
nes	_unknown_	alien3sb.mid
nes	_unknown_	alphago.mid
nes	_unknown_	alphamis.mid
nes	_unknown_	amagonwrld1.mid
nes	_unknown_	ambrosia.mid
nes	_unknown_	anstyanintro.mid
nes	_unknown_	arcadia.mid
nes	_unknown_	archon_battle.mid
nes	_unknown_	archon_title.mid
nes	_unknown_	arkistas-opening.mid
nes	_unknown_	armadillo_casino.mid
nes	_unknown_	astyrem.mid
nes	_unknown_	attic.mid
nes	_unknown_	baddudes-stage2.mid
nes	_unknown_	baddudes_train.mid
nes	_unknown_	balloon.mid
nes	_unknown_	banana.mid
nes	_unknown_	basement.mid
nes	_unknown_	batman-fabric.mid
nes	_unknown_	batmanreturn.mid
nes	_unknown_	batmanreturn2.mid
nes	_unknown_	battle.mid
nes	_unknown_	bb-Ending.mid
nes	_unknown_	bbcc.mid
nes	_unknown_	bblwlson.mid
nes	_unknown_	bbtitler.mid
nes	_unknown_	bc5.mid
nes	_unknown_	bcc1.mid
nes	_unknown_	bccintro.mid
nes	_unknown_	begining.mid
nes	_unknown_	bigbirddance.mid
nes	_unknown_	bio.mid
nes	_unknown_	biolev1.mid
nes	_unknown_	biomap.mid
nes	_unknown_	biomary.mid
nes	_unknown_	bionic8.mid
nes	_unknown_	bioslime.mid
nes	_unknown_	birthday_level3.mid
nes	_unknown_	blizzardman.mid
nes	_unknown_	blnflite.mid
nes	_unknown_	blob.mid
nes	_unknown_	blob_title.mid
nes	_unknown_	bm1-st1.mid
nes	_unknown_	bmas-st1.mid
nes	_unknown_	bmbr2battle.mid
nes	_unknown_	bmend.mid
nes	_unknown_	bmfinal.mid
nes	_unknown_	bmintro.mid
nes	_unknown_	bmlevel1.mid
nes	_unknown_	bmlevel2.mid
nes	_unknown_	bmstg3.mid
nes	_unknown_	bmstg3b.mid
nes	_unknown_	bmstg4.mid
nes	_unknown_	bmstg5.mid
nes	_unknown_	bmstg6.mid
nes	_unknown_	bmstg8.mid
nes	_unknown_	bmstg8b.mid
nes	_unknown_	bntcm11.mid
nes	_unknown_	bntcmcave.mid
nes	_unknown_	bnw.mid
nes	_unknown_	boh-blueplanet.mid
nes	_unknown_	boh-redplanet.mid
nes	_unknown_	bohgreen.mid
nes	_unknown_	bohmagna.mid
nes	_unknown_	bohmap.mid
nes	_unknown_	bohtitl1.mid
nes	_unknown_	bohyellow.mid
nes	_unknown_	bomb2stg1.mid
nes	_unknown_	bomb_Clear.mid
nes	_unknown_	bombermantitle.mid
nes	_unknown_	bombr2main.mid
nes	_unknown_	bombstg1.mid
nes	_unknown_	bombstrt.mid
nes	_unknown_	bowser.mid
nes	_unknown_	bright2.mid
nes	_unknown_	brinstarheat.mid
nes	_unknown_	btdslv5surf.mid
nes	_unknown_	btmnjstg.mid
nes	_unknown_	bttf-nes.mid
nes	_unknown_	bttf2.mid
nes	_unknown_	bttf2go.mid
nes	_unknown_	bubbleman%28c-mix%29.mid
nes	_unknown_	bubblemanrmx.mid
nes	_unknown_	bucky-blueplanetGS.mid
nes	_unknown_	bucky-blueplanetXG.mid
nes	_unknown_	bucky-escape.mid
nes	_unknown_	bucky-redplanet.mid
nes	_unknown_	bump_%27n_jump.mid
nes	_unknown_	burland.mid
nes	_unknown_	burn_the_wind.mid
nes	_unknown_	by-bubbleman.mid
nes	_unknown_	by-centaurman.mid
nes	_unknown_	by-needleman.mid
nes	_unknown_	by-windman.mid
nes	_unknown_	c1drac2.mid
nes	_unknown_	c1intro.mid
nes	_unknown_	c1vamp.mid
nes	_unknown_	c2endng.mid
nes	_unknown_	c2mansio.mid
nes	_unknown_	c2night.mid
nes	_unknown_	c2pword.mid
nes	_unknown_	c2town.mid
nes	_unknown_	c3aqua.mid
nes	_unknown_	c3begin.mid
nes	_unknown_	c3cont.mid
nes	_unknown_	c3cred.mid
nes	_unknown_	c3d1st.mid
nes	_unknown_	c3d2nd.mid
nes	_unknown_	c3d3rd.mid
nes	_unknown_	c3deft.mid
nes	_unknown_	c3demon.mid
nes	_unknown_	c3dvic.mid
nes	_unknown_	c3encnter.mid
nes	_unknown_	c3everg.mid
nes	_unknown_	c3map.mid
nes	_unknown_	c3pray.mid
nes	_unknown_	c3prelud.mid
nes	_unknown_	c3st5a.mid
nes	_unknown_	c3stg2.mid
nes	_unknown_	c3stg3.mid
nes	_unknown_	c3stg4.mid
nes	_unknown_	c3stg4a.mid
nes	_unknown_	c3stg5.mid
nes	_unknown_	c3stg6a.mid
nes	_unknown_	c3stg8.mid
nes	_unknown_	c3stg9.mid
nes	_unknown_	c3stga.mid
nes	_unknown_	capkid1-01.mid
nes	_unknown_	capkid1-02a.mid
nes	_unknown_	cas-kid_.mid
nes	_unknown_	castle2.mid
nes	_unknown_	castlevaina.mid
nes	_unknown_	casv2-3.mid
nes	_unknown_	casv2-4.mid
nes	_unknown_	casv2-5.mid
nes	_unknown_	casv2-6.mid
nes	_unknown_	casv2-7.mid
nes	_unknown_	cave5.mid
nes	_unknown_	caveroad.mid
nes	_unknown_	cbsc_swim.mid
nes	_unknown_	cd1zonea.mid
nes	_unknown_	cdrr2b1.mid
nes	_unknown_	cdrr2fch.mid
nes	_unknown_	cdrr2sy.mid
nes	_unknown_	cdstg1.mid
nes	_unknown_	cdzonef.mid
nes	_unknown_	cdzonej.mid
nes	_unknown_	centaur2.mid
nes	_unknown_	centaur_v2-2.mid
nes	_unknown_	chaos_qt4down.mid
nes	_unknown_	chaos_qt5up2.mid
nes	_unknown_	chaosbat.mid
nes	_unknown_	charge3_XG.mid
nes	_unknown_	chargeman.mid
nes	_unknown_	chin.mid
nes	_unknown_	chip-and-dale-bonus.mid
nes	_unknown_	chip_and_dale_rescue_rangers_level_1.mid
nes	_unknown_	chubby.mid
nes	_unknown_	city.mid
nes	_unknown_	clemens.mid
nes	_unknown_	cointro.mid
nes	_unknown_	cont1alt.mid
nes	_unknown_	cr-itoi.mid
nes	_unknown_	cr-skool.mid
nes	_unknown_	cryedit.mid
nes	_unknown_	cryfield.mid
nes	_unknown_	crys-desert.mid
nes	_unknown_	crys-open.mid
nes	_unknown_	crys-saber.mid
nes	_unknown_	crys-shyron.mid
nes	_unknown_	crys-tower.mid
nes	_unknown_	crys-world.mid
nes	_unknown_	crysover.mid
nes	_unknown_	crysover2.mid
nes	_unknown_	cryspyra.mid
nes	_unknown_	cryst-py.mid
nes	_unknown_	cryst_leaf_mw.mid
nes	_unknown_	crystalis-mesia.mid
nes	_unknown_	crytown.mid
nes	_unknown_	cut.mid
nes	_unknown_	cutman1.mid
nes	_unknown_	cy_bucky_o_hare_green_planet_v_1_0.mid
nes	_unknown_	d1trans.mid
nes	_unknown_	darkwrld.mid
nes	_unknown_	dd-title.mid
nes	_unknown_	dd2-ending.mid
nes	_unknown_	dd2-gameover.mid
nes	_unknown_	dd2-inter.mid
nes	_unknown_	dd2-intro.mid
nes	_unknown_	dd2-msncmplt.mid
nes	_unknown_	dd2-title.mid
nes	_unknown_	dd2l4.mid
nes	_unknown_	dd2l6adiarcade.mid
nes	_unknown_	dd2l8.mid
nes	_unknown_	dd2lv1.mid
nes	_unknown_	dd2shad.mid
nes	_unknown_	dd2shad2.mid
nes	_unknown_	dd2stg2.mid
nes	_unknown_	dd3-dojhg.mid
nes	_unknown_	dd3-pyr1.mid
nes	_unknown_	dd3-warehouse.mid
nes	_unknown_	dd3level1b.mid
nes	_unknown_	dd3level2.mid
nes	_unknown_	dd3level3a.mid
nes	_unknown_	dd3level4.mid
nes	_unknown_	dd3level5a.mid
nes	_unknown_	dd3ware.mid
nes	_unknown_	ddbridge.mid
nes	_unknown_	ddcity.mid
nes	_unknown_	ddftrs.mid
nes	_unknown_	ddragon_caverynth.mid
nes	_unknown_	ddsewers.mid
nes	_unknown_	ddstage.mid
nes	_unknown_	ddstagekevin.mid
nes	_unknown_	ddtheme.mid
nes	_unknown_	ddwhse.mid
nes	_unknown_	ddwoods.mid
nes	_unknown_	deja1rm.mid
nes	_unknown_	deja2rm.mid
nes	_unknown_	deja3rm.mid
nes	_unknown_	dejavu1.mid
nes	_unknown_	dejavu2.mid
nes	_unknown_	dejavu3.mid
nes	_unknown_	dejavu4.mid
nes	_unknown_	dejavu5.mid
nes	_unknown_	dejavu6.mid
nes	_unknown_	dejavu7.mid
nes	_unknown_	dejavu8.mid
nes	_unknown_	demonhead_map.mid
nes	_unknown_	demonhead_route.mid
nes	_unknown_	destearth_space.mid
nes	_unknown_	dhwslainenhanced.mid
nes	_unknown_	dive_man_1.mid
nes	_unknown_	diveman2.mid
nes	_unknown_	dm_fever.mid
nes	_unknown_	dm_options.mid
nes	_unknown_	dmario2.mid
nes	_unknown_	doe45.mid
nes	_unknown_	doubledragon.mid
nes	_unknown_	doubledragon1.mid
nes	_unknown_	doubtrb.mid
nes	_unknown_	dq2world2.mid
nes	_unknown_	dq3_adv.mid
nes	_unknown_	dq3_bat.mid
nes	_unknown_	dq3_fly.mid
nes	_unknown_	dq3_fly2.mid
nes	_unknown_	dq3_hoko.mid
nes	_unknown_	dq3_requiem.mid
nes	_unknown_	dq3battle.mid
nes	_unknown_	dq3credt.mid
nes	_unknown_	dq3rondo.mid
nes	_unknown_	dq3shrin.mid
nes	_unknown_	dq3town.mid
nes	_unknown_	dq3zoma.mid
nes	_unknown_	dq4_alena.mid
nes	_unknown_	dq4_fight.mid
nes	_unknown_	dq4_hero.mid
nes	_unknown_	dq4_medely.mid
nes	_unknown_	dq4_title.mid
nes	_unknown_	dq4alena.mid
nes	_unknown_	dq4battle.mid
nes	_unknown_	dq4cave.mid
nes	_unknown_	dq4end.mid
nes	_unknown_	dq4hero.mid
nes	_unknown_	dq4nes-ending.mid
nes	_unknown_	dq4ragnar.mid
nes	_unknown_	dq4ship.mid
nes	_unknown_	dq4tower.mid
nes	_unknown_	dq4town.mid
nes	_unknown_	dqw4ovt2.mid
nes	_unknown_	dr._wily.mid
nes	_unknown_	dragonintrob.mid
nes	_unknown_	dragonspirit_doukutsu.mid
nes	_unknown_	drm_cine.mid
nes	_unknown_	drm_feverremix.mid
nes	_unknown_	drm_music_chill.mid
nes	_unknown_	drm_music_fever.mid
nes	_unknown_	drmario-fever.mid
nes	_unknown_	drmario.mid
nes	_unknown_	drmchill.mid
nes	_unknown_	drmchill2.mid
nes	_unknown_	drmfever.mid
nes	_unknown_	drmfever1.mid
nes	_unknown_	drwilly1.mid
nes	_unknown_	drwily4.mid
nes	_unknown_	dtMoonx.mid
nes	_unknown_	dtMoonxedit.mid
nes	_unknown_	dthimalayas.mid
nes	_unknown_	dtmoon.mid
nes	_unknown_	dtwin.mid
nes	_unknown_	duck_hunt.mid
nes	_unknown_	duck_tales_2_last_level.mid
nes	_unknown_	duckhuntdog.mid
nes	_unknown_	duckhuntlevelcomplete.mid
nes	_unknown_	dung1.mid
nes	_unknown_	dung2.mid
nes	_unknown_	dung4.mid
nes	_unknown_	dung5.mid
nes	_unknown_	dung6.mid
nes	_unknown_	dungeon.mid
nes	_unknown_	dungeon1_arr_awe.mid
nes	_unknown_	dusted.mid
nes	_unknown_	dw1.mid
nes	_unknown_	dw1_Title.mid
nes	_unknown_	dw1battle.mid
nes	_unknown_	dw1castl.mid
nes	_unknown_	dw1cave.mid
nes	_unknown_	dw1dlord.mid
nes	_unknown_	dw1end%282%29.mid
nes	_unknown_	dw1end.mid
nes	_unknown_	dw1fight.mid
nes	_unknown_	dw1intro.mid
nes	_unknown_	dw1king.mid
nes	_unknown_	dw1over4.mid
nes	_unknown_	dw1town.mid
nes	_unknown_	dw2.mid
nes	_unknown_	dw2battle.mid
nes	_unknown_	dw2battleX.mid
nes	_unknown_	dw2town.mid
nes	_unknown_	dw3batl.mid
nes	_unknown_	dw3dark.mid
nes	_unknown_	dw4-necrosaro.mid
nes	_unknown_	dw4batl.mid
nes	_unknown_	dw4batlr.mid
nes	_unknown_	dw4casino.mid
nes	_unknown_	dw4casl.mid
nes	_unknown_	dw4mnt3.mid
nes	_unknown_	dyno_stinside.mid
nes	_unknown_	dynowarz_title.mid
nes	_unknown_	elec.mid
nes	_unknown_	elecman2.mid
nes	_unknown_	elgmstsh.mid
nes	_unknown_	elm_street_metal.mid
nes	_unknown_	elmst.mid
nes	_unknown_	end.mid
nes	_unknown_	energyzone.mid
nes	_unknown_	erniesbigsplash.mid
nes	_unknown_	eterwind.mid
nes	_unknown_	excitegs.mid
nes	_unknown_	excitetl.mid
nes	_unknown_	f13.mid
nes	_unknown_	f13_map-screen.mid
nes	_unknown_	f13cabinjason.mid
nes	_unknown_	f13field.mid
nes	_unknown_	faxVillage_fixed.mid
nes	_unknown_	faxanadu-megalopolis.mid
nes	_unknown_	faxanadu_-_king%27s_castle.mid
nes	_unknown_	faxanadu_-_meeting_with_the_king_-_chronicles_of_galia_remix.mid
nes	_unknown_	faxhouse.mid
nes	_unknown_	faxmwtk.mid
nes	_unknown_	faxoverworld.mid
nes	_unknown_	faxoverworld2.mid
nes	_unknown_	faxtitle.mid
nes	_unknown_	faxtitles.mid
nes	_unknown_	faxtown.mid
nes	_unknown_	fe2_attack.mid
nes	_unknown_	felixttl.mid
nes	_unknown_	fester-o.mid
nes	_unknown_	flame_man_2.mid
nes	_unknown_	flash.mid
nes	_unknown_	freddy%21.mid
nes	_unknown_	friday_the_13th_-_map.mid
nes	_unknown_	fw05gm.mid
nes	_unknown_	fxn-pwrd.mid
nes	_unknown_	g13mf-i.mid
nes	_unknown_	game_over.mid
nes	_unknown_	gaunt-b.mid
nes	_unknown_	gaunt001.mid
nes	_unknown_	gaunt_a.mid
nes	_unknown_	gauntl-a.mid
nes	_unknown_	gauntl-b.mid
nes	_unknown_	gauntl-c.mid
nes	_unknown_	gauntl-d.mid
nes	_unknown_	gauntl-s.mid
nes	_unknown_	gauntl-t.mid
nes	_unknown_	gauntlet.mid
nes	_unknown_	gdoverw.mid
nes	_unknown_	geminiman4.mid
nes	_unknown_	general.mid
nes	_unknown_	ggintro.mid
nes	_unknown_	ghostgob.mid
nes	_unknown_	ghoulshall.mid
nes	_unknown_	gledend.mid
nes	_unknown_	gll2.mid
nes	_unknown_	gll4.mid
nes	_unknown_	gmPARADOX.mid
nes	_unknown_	gng.mid
nes	_unknown_	godzilla_intro.mid
nes	_unknown_	godzilla_title.mid
nes	_unknown_	goemon.mid
nes	_unknown_	goon2-ge.mid
nes	_unknown_	gooni2wa.mid
nes	_unknown_	goonies_2_-_maze_%28doors%29.mid
nes	_unknown_	gotcha_Level1.mid
nes	_unknown_	gotcha_gameover.mid
nes	_unknown_	gotcha_level2.mid
nes	_unknown_	gotcha_title.mid
nes	_unknown_	gr2.mid
nes	_unknown_	gr2fm.mid
nes	_unknown_	gr2intro.mid
nes	_unknown_	grad1-l4.mid
nes	_unknown_	grad1lv4.mid
nes	_unknown_	grad2-1.mid
nes	_unknown_	grad2-2.mid
nes	_unknown_	grad2-4.mid
nes	_unknown_	grad2rush.mid
nes	_unknown_	grcoin.mid
nes	_unknown_	grlev1.mid
nes	_unknown_	groverdance.mid
nes	_unknown_	guardianlegend1.mid
nes	_unknown_	guarleg_ending.mid
nes	_unknown_	gyr-2nd.mid
nes	_unknown_	gyr-main.mid
nes	_unknown_	gyro-g.mid
nes	_unknown_	gzilla_death.mid
nes	_unknown_	gzilla_earth.mid
nes	_unknown_	gzilla_ending.mid
nes	_unknown_	gzilla_jupiter.mid
nes	_unknown_	gzilla_neptune.mid
nes	_unknown_	gzilla_pluto.mid
nes	_unknown_	gzilla_saturn.mid
nes	_unknown_	gzilla_soundtest0.mid
nes	_unknown_	gzilla_soundtest1.mid
nes	_unknown_	gzilla_soundtest21.mid
nes	_unknown_	gzilla_soundtest3.mid
nes	_unknown_	gzilla_soundtest5.mid
nes	_unknown_	gzilla_soundtest6.mid
nes	_unknown_	gzilla_uranus.mid
nes	_unknown_	hardman4.mid
nes	_unknown_	hatris_-_level_6.mid
nes	_unknown_	heatmanxg.mid
nes	_unknown_	heavyint.mid
nes	_unknown_	history.mid
nes	_unknown_	hoedown.mid
nes	_unknown_	hogan.mid
nes	_unknown_	htown.mid
nes	_unknown_	hurdleswait.mid
nes	_unknown_	icecavern.mid
nes	_unknown_	icehockey-gameplay.mid
nes	_unknown_	icehockg.mid
nes	_unknown_	icehocky.mid
nes	_unknown_	icehzamb.mid
nes	_unknown_	iceworld_6_icemix.mid
nes	_unknown_	im_op.mid
nes	_unknown_	intro.mid
nes	_unknown_	iron_tank.mid
nes	_unknown_	jack-st2.mid
nes	_unknown_	jackal.mid
nes	_unknown_	jawsmain.mid
nes	_unknown_	jplv1.mid
nes	_unknown_	jplv2_v1.1.mid
nes	_unknown_	jts-st2.mid
nes	_unknown_	jts-st3.mid
nes	_unknown_	jts_lvl_1_xg.mid
nes	_unknown_	ka_map6.mid
nes	_unknown_	kabuki.mid
nes	_unknown_	kadv_music2.mid
nes	_unknown_	kalinka-tod.mid
nes	_unknown_	karnvlv1.mid
nes	_unknown_	katiusha.mid
nes	_unknown_	kayy--v1.mid
nes	_unknown_	kdikarus.mid
nes	_unknown_	kf-theme.mid
nes	_unknown_	kfdragon2_2.mid
nes	_unknown_	ki_end1.mid
nes	_unknown_	kid.mid
nes	_unknown_	kid_icarus_-_death.mid
nes	_unknown_	kidic2re.mid
nes	_unknown_	kidicar1.mid
nes	_unknown_	kidicar2.mid
nes	_unknown_	kidicar3.mid
nes	_unknown_	kidicar4.mid
nes	_unknown_	kidmed.mid
nes	_unknown_	kidnikiremix_level-intro.mid
nes	_unknown_	kidnikiremix_level1.mid
nes	_unknown_	kidnikiremix_title-intro.mid
nes	_unknown_	kidnikiremix_title-screen.mid
nes	_unknown_	king_coopa_castle.mid
nes	_unknown_	kiwi-g.mid
nes	_unknown_	knight.mid
nes	_unknown_	knight_3.mid
nes	_unknown_	kouha-bikescene.mid
nes	_unknown_	kouha-deth.mid
nes	_unknown_	kouha-gameover.mid
nes	_unknown_	kouha-lvl1.mid
nes	_unknown_	kouha-lvl2.mid
nes	_unknown_	kouha-lvl3.mid
nes	_unknown_	kouha-lvl4.mid
nes	_unknown_	kouha-lvlstart.mid
nes	_unknown_	kouha-title.mid
nes	_unknown_	kouha-train.mid
nes	_unknown_	kraid.mid
nes	_unknown_	kraidlair.mid
nes	_unknown_	kungfu2.mid
nes	_unknown_	kunio-end.mid
nes	_unknown_	lastempl.mid
nes	_unknown_	legwiz1.mid
nes	_unknown_	legwiz2.mid
nes	_unknown_	legwizin.mid
nes	_unknown_	lembash.mid
nes	_unknown_	lembuild.mid
nes	_unknown_	lemcan.mid
nes	_unknown_	lemlev2.mid
nes	_unknown_	lemtensp.mid
nes	_unknown_	let%27sgo.mid
nes	_unknown_	level1b.mid
nes	_unknown_	level9.mid
nes	_unknown_	leyla-rem.mid
nes	_unknown_	lf-cred.mid
nes	_unknown_	lf-st2.mid
nes	_unknown_	lf-st3.mid
nes	_unknown_	lf-st4.mid
nes	_unknown_	lf-st5.mid
nes	_unknown_	lf-st6.mid
nes	_unknown_	lf-xfire.mid
nes	_unknown_	lgmintro.mid
nes	_unknown_	lgwizard.mid
nes	_unknown_	lgwztitl.mid
nes	_unknown_	lifeforc.mid
nes	_unknown_	lifeforcelvl2v2.mid
nes	_unknown_	lltown.mid
nes	_unknown_	lnbintro.mid
nes	_unknown_	lollipop.mid
nes	_unknown_	lollipop2.mid
nes	_unknown_	lolo2ending.mid
nes	_unknown_	lolo3lev.mid
nes	_unknown_	longjumpwait.mid
nes	_unknown_	lotwCAWE.mid
nes	_unknown_	lotwdead.mid
nes	_unknown_	lotwdung.mid
nes	_unknown_	lotwitem.mid
nes	_unknown_	lotwpochi.mid
nes	_unknown_	lotwshop.mid
nes	_unknown_	lotwxemn.mid
nes	_unknown_	lwdragon.mid
nes	_unknown_	lwings-palace.mid
nes	_unknown_	m%26magic.mid
nes	_unknown_	m1-remix.mid
nes	_unknown_	m2_cast.mid
nes	_unknown_	m2end.mid
nes	_unknown_	m2under.mid
nes	_unknown_	m3_ka.mid
nes	_unknown_	m3_w2.mid
nes	_unknown_	m3world8.mid
nes	_unknown_	madforest.mid
nes	_unknown_	mag_town.mid
nes	_unknown_	maniacintro.mid
nes	_unknown_	mappy_v1.1.mid
nes	_unknown_	mappy_western_stage2.mid
nes	_unknown_	marblem0.mid
nes	_unknown_	marblem2.mid
nes	_unknown_	marblem3.mid
nes	_unknown_	marblem4.mid
nes	_unknown_	marblem5.mid
nes	_unknown_	mario.mid
nes	_unknown_	mario09.mid
nes	_unknown_	mario1.mid
nes	_unknown_	mario3-world1.mid
nes	_unknown_	mario3-world2.mid
nes	_unknown_	mario3-world3.mid
nes	_unknown_	mario3-world4.mid
nes	_unknown_	mario3end.mid
nes	_unknown_	mario3end_2.mid
nes	_unknown_	mario3overworld.mid
nes	_unknown_	mario_3.mid
nes	_unknown_	mario_star.mid
nes	_unknown_	mario_visits_jamaica.mid
nes	_unknown_	mariobb.mid
nes	_unknown_	mariotechno2.mid
nes	_unknown_	mariotheme.mid
nes	_unknown_	mariotheme_2.mid
nes	_unknown_	master1.mid
nes	_unknown_	mbattle%28v1.1%29.mid
nes	_unknown_	mbjthemesong.mid
nes	_unknown_	mbjwin.mid
nes	_unknown_	mckbonus.mid
nes	_unknown_	mckcave.mid
nes	_unknown_	mckhouse.mid
nes	_unknown_	mcklvl1.mid
nes	_unknown_	mcklvl2.mid
nes	_unknown_	mcklvl3.mid
nes	_unknown_	mcklvl4.mid
nes	_unknown_	mckmap.mid
nes	_unknown_	mcktitle.mid
nes	_unknown_	me-item.mid
nes	_unknown_	me-mb.mid
nes	_unknown_	me-mbb.mid
nes	_unknown_	me-sec.mid
nes	_unknown_	mega_man_2__wood_man.mid
nes	_unknown_	megalonia.mid
nes	_unknown_	megaman2.mid
nes	_unknown_	megaman2titlerock.mid
nes	_unknown_	megamanlike.mid
nes	_unknown_	megaskull.mid
nes	_unknown_	metal-man.mid
nes	_unknown_	metalgear-found.mid
nes	_unknown_	metalgr1.mid
nes	_unknown_	metalgr2.mid
nes	_unknown_	metalman1.mid
nes	_unknown_	metalmn2.mid
nes	_unknown_	metbegin.mid
nes	_unknown_	metbrin.mid
nes	_unknown_	metbrins.mid
nes	_unknown_	metend.mid
nes	_unknown_	metintro.mid
nes	_unknown_	metitem.mid
nes	_unknown_	metmhide.mid
nes	_unknown_	metmini2.mid
nes	_unknown_	metnrfar.mid
nes	_unknown_	mettitle.mid
nes	_unknown_	michael.mid
nes	_unknown_	might-and-magic_castle.mid
nes	_unknown_	mighty_final_fight-riverside.mid
nes	_unknown_	mightyfight.mid
nes	_unknown_	mike_tyson%27s_punch-out_-__jog.mid
nes	_unknown_	mike_tyson%27s_punch-out_-__jog_jam.mid
nes	_unknown_	mike_tysons_punch-out_-_story_and_ending.mid
nes	_unknown_	mkhaunted.mid
nes	_unknown_	moonr.mid
nes	_unknown_	moonrmx.mid
nes	_unknown_	mparty-title.mid
nes	_unknown_	mrider4.mid
nes	_unknown_	ms_gora.mid
nes	_unknown_	ms_title.mid
nes	_unknown_	ms_waltz.mid
nes	_unknown_	msmosque.mid
nes	_unknown_	mstown.mid
nes	_unknown_	na2_daimyo.mid
nes	_unknown_	narc.mid
nes	_unknown_	nekkestukd-bg7.mid
nes	_unknown_	nemo-title.mid
nes	_unknown_	nemo1.mid
nes	_unknown_	nemo3.mid
nes	_unknown_	nemo4.mid
nes	_unknown_	nemo6.mid
nes	_unknown_	nemoint1.mid
nes	_unknown_	nes-alien3_level01.mid
nes	_unknown_	nes_mg_sm01.mid
nes	_unknown_	nes_ocean_jp_level1.mid
nes	_unknown_	nes_po_sm03.mid
nes	_unknown_	newsolomon.mid
nes	_unknown_	ng1-1.mid
nes	_unknown_	ng1_2-1.mid
nes	_unknown_	ng1_2-2.mid
nes	_unknown_	ng1_3-1.mid
nes	_unknown_	ng1_3-2.mid
nes	_unknown_	ng1_4-2.mid
nes	_unknown_	ng1_4-3.mid
nes	_unknown_	ng1_5-1.mid
nes	_unknown_	ng1_5-3.mid
nes	_unknown_	ng1_devl.mid
nes	_unknown_	ng1_end1.mid
nes	_unknown_	ng1_fost.mid
nes	_unknown_	ng1_int1.mid
nes	_unknown_	ng1_int2.mid
nes	_unknown_	ng1_mlth.mid
nes	_unknown_	ng1_sacr.mid
nes	_unknown_	ng1death.mid
nes	_unknown_	ng1stg41.mid
nes	_unknown_	ng2_2-1.mid
nes	_unknown_	ng2_3-2.mid
nes	_unknown_	ng2_4-1.mid
nes	_unknown_	ng2_Stage2-2_Blue.mid
nes	_unknown_	ng2_army.mid
nes	_unknown_	ng2_asht.mid
nes	_unknown_	ng2_cap.mid
nes	_unknown_	ng2_cred.mid
nes	_unknown_	ng2_dark.mid
nes	_unknown_	ng2_end.mid
nes	_unknown_	ng2_humn.mid
nes	_unknown_	ng2_intr.mid
nes	_unknown_	ng2_jaqu.mid
nes	_unknown_	ng2_lahj.mid
nes	_unknown_	ng2_lord.mid
nes	_unknown_	ng2_rel.mid
nes	_unknown_	ng2_resc.mid
nes	_unknown_	ng2_rfb.mid
nes	_unknown_	ng2stg11.mid
nes	_unknown_	ng2stg22.mid
nes	_unknown_	ng2stg31.mid
nes	_unknown_	ng2stg51.mid
nes	_unknown_	ng2title.mid
nes	_unknown_	ng3_1-1.mid
nes	_unknown_	ng3_2-1.mid
nes	_unknown_	ng3_2-2.mid
nes	_unknown_	ng3_3-1.mid
nes	_unknown_	ng3_3-2.mid
nes	_unknown_	ng3_4-1.mid
nes	_unknown_	ng3_4-2.mid
nes	_unknown_	ng3_cred.mid
nes	_unknown_	ng3_duel.mid
nes	_unknown_	ng3_int1.mid
nes	_unknown_	ng3_int2.mid
nes	_unknown_	ng3_int3.mid
nes	_unknown_	ng3_into.mid
nes	_unknown_	ngaiden3.mid
nes	_unknown_	nightm~1.mid
nes	_unknown_	nihonbare.mid
nes	_unknown_	ninja_gaiden_3_-_spying_%28intro_pt._1%29.mid
nes	_unknown_	ninja_gaiden_5-3.mid
nes	_unknown_	ninjagaiden2-update.mid
nes	_unknown_	nockmaar.mid
nes	_unknown_	norfair_V2_0_1.mid
nes	_unknown_	normbatl.mid
nes	_unknown_	northsouth.mid
nes	_unknown_	notstopping.mid
nes	_unknown_	olymp.mid
nes	_unknown_	olymp_2.mid
nes	_unknown_	olymp_hero.mid
nes	_unknown_	olympus.mid
nes	_unknown_	outside.mid
nes	_unknown_	palace2.mid
nes	_unknown_	palace3.mid
nes	_unknown_	palaces.mid
nes	_unknown_	papernes.mid
nes	_unknown_	pbtheme.mid
nes	_unknown_	peloponnes_-_dark_and_beautiful.mid
nes	_unknown_	pg_22.mid
nes	_unknown_	pgunn.mid
nes	_unknown_	pharaoh.mid
nes	_unknown_	picorobout.mid
nes	_unknown_	pinbotnameentry.mid
nes	_unknown_	pipe-a.mid
nes	_unknown_	pipe_dream.mid
nes	_unknown_	pizzacat.mid
nes	_unknown_	pop-tit.mid
nes	_unknown_	popeye.mid
nes	_unknown_	pow.mid
nes	_unknown_	prelude.mid
nes	_unknown_	preluderemix.mid
nes	_unknown_	prow.mid
nes	_unknown_	pt.mid
nes	_unknown_	ptomato.mid
nes	_unknown_	punchjog.mid
nes	_unknown_	punchout_fight.mid
nes	_unknown_	punchout_game_over.mid
nes	_unknown_	punchoute.mid
nes	_unknown_	punchoutremix.mid
nes	_unknown_	qm2.mid
nes	_unknown_	quickman_samba.mid
nes	_unknown_	r10k_kiddrac1.mid
nes	_unknown_	ragnar1.mid
nes	_unknown_	rambo-g.mid
nes	_unknown_	rambobase.mid
nes	_unknown_	rambodialogue.mid
nes	_unknown_	ranzoufixed.mid
nes	_unknown_	rcproam_startrace.mid
nes	_unknown_	rcr-bridge.mid
nes	_unknown_	rcr-main.mid
nes	_unknown_	rcr-pw-orchestral.mid
nes	_unknown_	rcr-shop.mid
nes	_unknown_	rcr-title.mid
nes	_unknown_	rcrstatus.mid
nes	_unknown_	rcrstreets.mid
nes	_unknown_	ready.mid
nes	_unknown_	realwreck.mid
nes	_unknown_	recovery.mid
nes	_unknown_	rescmap.mid
nes	_unknown_	rescue_rooftop.mid
nes	_unknown_	rhbattle.mid
nes	_unknown_	river.mid
nes	_unknown_	rki_clash1.mid
nes	_unknown_	rki_tgl_c0.mid
nes	_unknown_	rki_tgl_l_348.mid
nes	_unknown_	rki_tgl_remix.mid
nes	_unknown_	rki_tgl_theme.mid
nes	_unknown_	robocop.mid
nes	_unknown_	robowarrior_keepmoving.mid
nes	_unknown_	rrabbitmap.mid
nes	_unknown_	rushatk.mid
nes	_unknown_	rushnattack_stage_one.mid
nes	_unknown_	rygar-2a.mid
nes	_unknown_	rygar1.mid
nes	_unknown_	rygar3.mid
nes	_unknown_	rygar5.mid
nes	_unknown_	sDr.MChill_Rock_Remix.mid
nes	_unknown_	saladoria.mid
nes	_unknown_	salamander_crystalforever.mid
nes	_unknown_	sbowlend.mid
nes	_unknown_	schehera.mid
nes	_unknown_	schzch5.mid
nes	_unknown_	sd-Wily4st2.mid
nes	_unknown_	sdb-India.mid
nes	_unknown_	sdb-china.mid
nes	_unknown_	sdb-knya.mid
nes	_unknown_	sdb-london.mid
nes	_unknown_	sdb-titl.mid
nes	_unknown_	sdb-usa.mid
nes	_unknown_	sdbIndia.mid
nes	_unknown_	secz-st1.mid
nes	_unknown_	secz-st2.mid
nes	_unknown_	seczend.mid
nes	_unknown_	sesamestreet123clear.mid
nes	_unknown_	sesamestreetmoon.mid
nes	_unknown_	shad2rm.mid
nes	_unknown_	shad3rm.mid
nes	_unknown_	shad4rm.mid
nes	_unknown_	shad5rm.mid
nes	_unknown_	shad6rm.mid
nes	_unknown_	shadow1-2a.mid
nes	_unknown_	shadow1.mid
nes	_unknown_	shadow1a.mid
nes	_unknown_	shadow7.mid
nes	_unknown_	shadow8.mid
nes	_unknown_	shadowenter.mid
nes	_unknown_	shadowga.mid
nes	_unknown_	shadowman.mid
nes	_unknown_	shadowman_v1_3.mid
nes	_unknown_	shatter2_v10.mid
nes	_unknown_	silius4.mid
nes	_unknown_	silius6v20.mid
nes	_unknown_	silvers4.mid
nes	_unknown_	skate.mid
nes	_unknown_	skate_or_die.mid
nes	_unknown_	skate_or_die_-_shop.mid
nes	_unknown_	skate_or_die_-_shop_%28extend%29.mid
nes	_unknown_	skate_or_die_2.mid
nes	_unknown_	skullman.mid
nes	_unknown_	sky_shark_-_stage_1.mid
nes	_unknown_	skyshark_title.mid
nes	_unknown_	sm1castl.mid
nes	_unknown_	sm2_under.mid
nes	_unknown_	sm2title.mid
nes	_unknown_	sm3airship.mid
nes	_unknown_	sm3battl.mid
nes	_unknown_	sm3big.mid
nes	_unknown_	sm3deser.mid
nes	_unknown_	sm3koopa.mid
nes	_unknown_	sm3ocean.mid
nes	_unknown_	sm3ow2.mid
nes	_unknown_	sm3pipe.mid
nes	_unknown_	sm3underwater.mid
nes	_unknown_	sm3undw.mid
nes	_unknown_	sm3warp.mid
nes	_unknown_	sm3wd1.mid
nes	_unknown_	sm3wd3.mid
nes	_unknown_	snake1.mid
nes	_unknown_	snake_rmx.mid
nes	_unknown_	snakerattle_highaltitude.mid
nes	_unknown_	softr1.mid
nes	_unknown_	softr6.mid
nes	_unknown_	solskey.mid
nes	_unknown_	solskey1.mid
nes	_unknown_	solskey2.mid
nes	_unknown_	solstice_intro.mid
nes	_unknown_	sorbigdukes.mid
nes	_unknown_	sprkmn%28c-mix%29.mid
nes	_unknown_	sr_1stbuilding.mid
nes	_unknown_	sr_ending.mid
nes	_unknown_	sr_forest.mid
nes	_unknown_	sr_gameover.mid
nes	_unknown_	sr_surrender.mid
nes	_unknown_	st2.mid
nes	_unknown_	st2dead.mid
nes	_unknown_	st8nemoremix.mid
nes	_unknown_	st_ab.mid
nes	_unknown_	st_as.mid
nes	_unknown_	st_cbm.mid
nes	_unknown_	st_over.mid
nes	_unknown_	st_sc.mid
nes	_unknown_	st_title.mid
nes	_unknown_	st_ub.mid
nes	_unknown_	starforce-intro.mid
nes	_unknown_	starforce-lvla.mid
nes	_unknown_	starman8kb.mid
nes	_unknown_	startrek%282%29.mid
nes	_unknown_	startrop.mid
nes	_unknown_	startropicending.mid
nes	_unknown_	starvoyager_-_intro.mid
nes	_unknown_	starwar_cantina.mid
nes	_unknown_	starwar_cave.mid
nes	_unknown_	starwar_eisly.mid
nes	_unknown_	starwar_han.mid
nes	_unknown_	stick_it_on_the_fridge_rv.mid
nes	_unknown_	sting-in.mid
nes	_unknown_	sting-sb.mid
nes	_unknown_	stingbog.mid
nes	_unknown_	stingbos.mid
nes	_unknown_	stinggao.mid
nes	_unknown_	stingigp.mid
nes	_unknown_	stinginv.mid
nes	_unknown_	stingpow.mid
nes	_unknown_	stingthm.mid
nes	_unknown_	stonestage.mid
nes	_unknown_	stream.mid
nes	_unknown_	strtrop2_dngn1.mid
nes	_unknown_	subterraneanlake.mid
nes	_unknown_	superc3.mid
nes	_unknown_	supercend.mid
nes	_unknown_	supercendWin.mid
nes	_unknown_	supercendstage.mid
nes	_unknown_	supercgreat.mid
nes	_unknown_	surfer.mid
nes	_unknown_	surferXG.mid
nes	_unknown_	swords-titlescreen.mid
nes	_unknown_	swords.mid
nes	_unknown_	sz-open.mid
nes	_unknown_	t%26t_wltz.mid
nes	_unknown_	t_castl3.mid
nes	_unknown_	t_cast~1.mid
nes	_unknown_	t_goonie.mid
nes	_unknown_	t_hnks4.mid
nes	_unknown_	t_hnks5.mid
nes	_unknown_	t_hnks5b.mid
nes	_unknown_	t_hnks6.mid
nes	_unknown_	t_hnks7.mid
nes	_unknown_	t_lagrn1.mid
nes	_unknown_	takeshi.mid
nes	_unknown_	technodrome.mid
nes	_unknown_	tecmo.mid
nes	_unknown_	tecmobowlintro.mid
nes	_unknown_	termina_field_arr.mid
nes	_unknown_	termina_field_arranged_on_piano.mid
nes	_unknown_	tet.mid
nes	_unknown_	tet_t.mid
nes	_unknown_	tf2-olymintro.mid
nes	_unknown_	tg2-2.mid
nes	_unknown_	tgl5.mid
nes	_unknown_	tgltitle.mid
nes	_unknown_	tglwalk.mid
nes	_unknown_	thrusters.mid
nes	_unknown_	thundercade.mid
nes	_unknown_	tiger_heli.mid
nes	_unknown_	title5648.mid
nes	_unknown_	tntec.mid
nes	_unknown_	tntelcar.mid
nes	_unknown_	tomato1.mid
nes	_unknown_	tomato2.mid
nes	_unknown_	tomato5.mid
nes	_unknown_	tombs_and_treasure_title.mid
nes	_unknown_	town2.mid
nes	_unknown_	town4.mid
nes	_unknown_	treasure_master_-_title_theme.mid
nes	_unknown_	trecall.mid
nes	_unknown_	triplejumpwait.mid
nes	_unknown_	trns_102-trns.mid
nes	_unknown_	trns_convoy.mid
nes	_unknown_	troj-sew.mid
nes	_unknown_	trojintr.mid
nes	_unknown_	tsb10.mid
nes	_unknown_	tsb11.mid
nes	_unknown_	tsb6.mid
nes	_unknown_	tsb7.mid
nes	_unknown_	tsb8.mid
nes	_unknown_	tsb9.mid
nes	_unknown_	tsbinj.mid
nes	_unknown_	tsbvtwjs.mid
nes	_unknown_	tsbvwhsb.mid
nes	_unknown_	tsbvwhsc.mid
nes	_unknown_	tyrant.mid
nes	_unknown_	u3nesbattle_v2.mid
nes	_unknown_	ult-exodus.mid
nes	_unknown_	ult1ambr.mid
nes	_unknown_	ult1over.mid
nes	_unknown_	ult1town.mid
nes	_unknown_	ult3batt.mid
nes	_unknown_	ult3cast.mid
nes	_unknown_	ult3cave.mid
nes	_unknown_	ult3ship.mid
nes	_unknown_	underwaterfelixthecat.mid
nes	_unknown_	underworld.mid
nes	_unknown_	uninvi10.mid
nes	_unknown_	uninvi11.mid
nes	_unknown_	uninvi12.mid
nes	_unknown_	uninvit1.mid
nes	_unknown_	uninvit2.mid
nes	_unknown_	uninvit3.mid
nes	_unknown_	uninvit4.mid
nes	_unknown_	uninvit5.mid
nes	_unknown_	uninvit6.mid
nes	_unknown_	uninvit7.mid
nes	_unknown_	uninvit8.mid
nes	_unknown_	uninvit9.mid
nes	_unknown_	uqcas.mid
nes	_unknown_	uwd_main.mid
nes	_unknown_	uwd_prlg.mid
nes	_unknown_	vampire_killer%281%29.mid
nes	_unknown_	vball-LasVegas_byMelto.mid
nes	_unknown_	vball-chicago.mid
nes	_unknown_	vball-exer.mid
nes	_unknown_	vball-hawaii.mid
nes	_unknown_	vball-titledemo.mid
nes	_unknown_	vballmatch.mid
nes	_unknown_	vegetablevalley.mid
nes	_unknown_	vgYoNoidStg13AptBuild.mid
nes	_unknown_	vgYoNoidStg9HauntedHouse.mid
nes	_unknown_	viperend.mid
nes	_unknown_	vkr.mid
nes	_unknown_	w%26wtitle.mid
nes	_unknown_	wakeup%21%21.mid
nes	_unknown_	walk1.mid
nes	_unknown_	wallstreetintro.mid
nes	_unknown_	warioswoodstimerace.mid
nes	_unknown_	warioswoodsversus.mid
nes	_unknown_	wcrew-g.mid
nes	_unknown_	westcredits.mid
nes	_unknown_	wfrr_title.mid
nes	_unknown_	wil_castle.mid
nes	_unknown_	wildgun.mid
nes	_unknown_	wily2dag.mid
nes	_unknown_	wily3_1.mid
nes	_unknown_	wily3_2.mid
nes	_unknown_	wily5v2_XG.mid
nes	_unknown_	wily6_1a.mid
nes	_unknown_	wily9.mid
nes	_unknown_	wilyint.mid
nes	_unknown_	win1.mid
nes	_unknown_	windscene31.mid
nes	_unknown_	wiz%26war3.mid
nes	_unknown_	wizadry1_encounter.mid
nes	_unknown_	wizard12.mid
nes	_unknown_	wizards.mid
nes	_unknown_	wizards4.mid
nes	_unknown_	wizards5.mid
nes	_unknown_	wizards_and_warriors_-_tree.mid
nes	_unknown_	wizardsi.mid
nes	_unknown_	wizwarpotionultima.mid
nes	_unknown_	wolf.mid
nes	_unknown_	woodman2.mid
nes	_unknown_	woodman_flamenco.mid
nes	_unknown_	wookie.mid
nes	_unknown_	world1felixthecat.mid
nes	_unknown_	world4felixthecat.mid
nes	_unknown_	wrld7.mid
nes	_unknown_	wtrremix.mid
nes	_unknown_	xeno.mid
nes	_unknown_	xevious.mid
nes	_unknown_	xeviousintro.mid
nes	_unknown_	xkym3a.mid
nes	_unknown_	xkym3b.mid
nes	_unknown_	xtrapoint.mid
nes	_unknown_	yonoidstg1.mid
nes	_unknown_	youngtown.mid
nes	_unknown_	z1_GameOverRock%28ShortVersion%29.mid
nes	_unknown_	z1dungeon1.mid
nes	_unknown_	z1level9.mid
nes	_unknown_	z1overw.mid
nes	_unknown_	z1overwarranged.mid
nes	_unknown_	z1title.mid
nes	_unknown_	z1tri.mid
nes	_unknown_	z2-batscrm-amix.mid
nes	_unknown_	z2-cave.mid
nes	_unknown_	z2-greatpalace.mid
nes	_unknown_	z2-palace.mid
nes	_unknown_	z2cave.mid
nes	_unknown_	z2house.mid
nes	_unknown_	z2ow.mid
nes	_unknown_	z2temple.mid
nes	_unknown_	z2title.mid
nes	_unknown_	z2town.mid
nes	_unknown_	z2town2.mid
nes	_unknown_	zanac1a.mid
nes	_unknown_	zanac2.mid
nes	_unknown_	zanac6%269.mid
nes	_unknown_	zawelrmx.mid
nes	_unknown_	zeldorch.mid
nes	_unknown_	znation.mid
nes	_unknown_	zzz.mid
ps2	_unknown_	01-Yunas_Theme.mid
ps2	_unknown_	03_ico_you_were_there.mid
ps2	_unknown_	0Yuna.mid
ps2	_unknown_	1-19Sight_of_SpiraJ.T.mid
ps2	_unknown_	1000Words.mid
ps2	_unknown_	1000_words_2.mid
ps2	_unknown_	10ENEMY.mid
ps2	_unknown_	17-Enemy_Attack.mid
ps2	_unknown_	3-1thunder_plateauJ.T.mid
ps2	_unknown_	5_Other_World.mid
ps2	_unknown_	AIEM_Arukavana_naitsu.mid
ps2	_unknown_	AIEM_Travelling_Companion.mid
ps2	_unknown_	AI_Sleep.mid
ps2	_unknown_	A_daredevil.mid
ps2	_unknown_	A_solitude_that_asks_nothing_in_return.mid
ps2	_unknown_	Ace_Combat_04_-_Blockade.mid
ps2	_unknown_	Ace_Kingdom_Hearts_II-Rowdy_Rumble.mid
ps2	_unknown_	Ace_Rogue_Galaxy-Shadow_of_the_Sun.mid
ps2	_unknown_	AdventureinAtlantica2.mid
ps2	_unknown_	Agrabah.mid
ps2	_unknown_	Al_Bhed_Tribe%27s_Chi.mid
ps2	_unknown_	Ali-Palace_Road.mid
ps2	_unknown_	AloneInTown.mid
ps2	_unknown_	AlwaysOnMyMind.mid
ps2	_unknown_	Always_On_My_Mind.mid
ps2	_unknown_	An_Adventure_in_Atlantica.mid
ps2	_unknown_	AnsemDeMale_1_2.mid
ps2	_unknown_	Aries_Palace_V2.mid
ps2	_unknown_	Arrangement-Eternity.mid
ps2	_unknown_	At_Zanarkand_%28Ameliorated%29.mid
ps2	_unknown_	Attack.mid
ps2	_unknown_	Auron.mid
ps2	_unknown_	Awe_of_she.mid
ps2	_unknown_	Axelrepeat2.mid
ps2	_unknown_	Babel_nose.mid
ps2	_unknown_	BalanceValley.mid
ps2	_unknown_	Battle.mid
ps2	_unknown_	Battle_in_the_Dungeon_2.mid
ps2	_unknown_	BesaidIsland.mid
ps2	_unknown_	Blitz_Ball_Gamblers.mid
ps2	_unknown_	Blitzball_Gamblers.mid
ps2	_unknown_	Bloodstained_lineage.mid
ps2	_unknown_	Blue_Serenade.mid
ps2	_unknown_	Blue_water_blue_sky.mid
ps2	_unknown_	Blue_water_blue_sky2.mid
ps2	_unknown_	Brave_Advancement.mid
ps2	_unknown_	Burnout2-Track15.mid
ps2	_unknown_	CHOU.mid
ps2	_unknown_	Castle.mid
ps2	_unknown_	Clan_Headquarters_v2.mid
ps2	_unknown_	Code-Veronica_escape.mid
ps2	_unknown_	Combat4.mid
ps2	_unknown_	CutewitchEternalmana.mid
ps2	_unknown_	DC2AEA.mid
ps2	_unknown_	DC2BATT.mid
ps2	_unknown_	DC2BFTF.mid
ps2	_unknown_	DC2BVALY.mid
ps2	_unknown_	DC2CLEAR.mid
ps2	_unknown_	DC2DEATH.mid
ps2	_unknown_	DC2D_ARC.mid
ps2	_unknown_	DC2FCIOL.mid
ps2	_unknown_	DC2GASP.mid
ps2	_unknown_	DC2HEIM.mid
ps2	_unknown_	DC2HLLWN.mid
ps2	_unknown_	DC2JAMNG.mid
ps2	_unknown_	DC2JURAK.mid
ps2	_unknown_	DC2LWL.mid
ps2	_unknown_	DC2MENU.mid
ps2	_unknown_	DC2PALMB.mid
ps2	_unknown_	DC2SEWER.mid
ps2	_unknown_	DC2SHOP.mid
ps2	_unknown_	DC2SVALY.mid
ps2	_unknown_	DDRextreme-Edit_Mode.mid
ps2	_unknown_	DQVIII_Reminiscence.mid
ps2	_unknown_	DR_XenoSaga_Panic.mid
ps2	_unknown_	DW4HeavyGauge.mid
ps2	_unknown_	DanDonFugaEggman.mid
ps2	_unknown_	Dance_With_the_Night_Wind.mid
ps2	_unknown_	DarkCloud2_BattlefortheFuture.mid
ps2	_unknown_	DarkCloud2_PeaceoftheWorld.mid
ps2	_unknown_	DarkCloud2_RBWoods.mid
ps2	_unknown_	DarkCloud2_UWaterChannel.mid
ps2	_unknown_	DarkCloud_SpiritKing.mid
ps2	_unknown_	Dark_Cloud_1_-_Music_Box.mid
ps2	_unknown_	DearlyBeloved.mid
ps2	_unknown_	Dearly_Beloved_With_Strings.mid
ps2	_unknown_	Decisive_Battle.mid
ps2	_unknown_	DeepJungle.mid
ps2	_unknown_	Destiny_Islands-1.mid
ps2	_unknown_	Destiny_Islands.mid
ps2	_unknown_	Disappeared.mid
ps2	_unknown_	Disgaea.mid
ps2	_unknown_	Disgaea_-_Is_It_Admiration_for_Overlord_Laharl.mid
ps2	_unknown_	DiveIntoTheHeart_Destati.mid
ps2	_unknown_	DotHack-Innis.mid
ps2	_unknown_	Dragon_Quest_VIII_Village.mid
ps2	_unknown_	Drumhead_pulsation.mid
ps2	_unknown_	Durandal.mid
ps2	_unknown_	End_of_the_World_Battle.mid
ps2	_unknown_	Ending_Theme.mid
ps2	_unknown_	Eruyt_Village_v2.mid
ps2	_unknown_	Esper_Battle_Final.mid
ps2	_unknown_	Existence.mid
ps2	_unknown_	Fatal_duel.mid
ps2	_unknown_	Feedback.mid
ps2	_unknown_	Feel_a_fear.mid
ps2	_unknown_	Ferocious_Drive.mid
ps2	_unknown_	Final_Fantasy_X_-_People_of_the_Far_North.mid
ps2	_unknown_	FoU_Improved_ver.mid
ps2	_unknown_	ForzedeMale.mid
ps2	_unknown_	Fuuga.mid
ps2	_unknown_	GGXDizzy.mid
ps2	_unknown_	GGXKyReMix.mid
ps2	_unknown_	GGXX_-_Game_Over.mid
ps2	_unknown_	GGXX_-_Go_For_It.mid
ps2	_unknown_	GGXX_-_Vs.mid
ps2	_unknown_	GG_ISUKA_-_Confrontation.mid
ps2	_unknown_	GG_ISUKA_-_Exceptional_Routine_Work.mid
ps2	_unknown_	GG_ISUKA_-_Riches_In_Me.mid
ps2	_unknown_	GG_ISUKA_-_The_Cat_Attached_to_the_Rust.mid
ps2	_unknown_	GTA_Vice_City_Title_Screen_v2.mid
ps2	_unknown_	Gagazat_Mt.mid
ps2	_unknown_	Ghosts.mid
ps2	_unknown_	GizaPlains.mid
ps2	_unknown_	GoForIt.mid
ps2	_unknown_	Good_manners_and_customs.mid
ps2	_unknown_	Grad33_3.mid
ps2	_unknown_	Grief.mid
ps2	_unknown_	GuardandoNelBuio.mid
ps2	_unknown_	Guilty_Gear_XX-Blue_Water_Blue_Sky.mid
ps2	_unknown_	Gullwingshelpinghouse.mid
ps2	_unknown_	HG_PreciousHewie.mid
ps2	_unknown_	HURRYJAZ.mid
ps2	_unknown_	Half-Life.mid
ps2	_unknown_	HandInHand%28a%29.mid
ps2	_unknown_	HandInHand.mid
ps2	_unknown_	HealingVisionAngelicMix.mid
ps2	_unknown_	Healing_Winds_Reprise.mid
ps2	_unknown_	Hikari_Cute.mid
ps2	_unknown_	Hokages_funeral.mid
ps2	_unknown_	HollowBastion-1.mid
ps2	_unknown_	HollowBastion.mid
ps2	_unknown_	HollowBastion_Remix.mid
ps2	_unknown_	Hollywood_Hogan.mid
ps2	_unknown_	HuLao.mid
ps2	_unknown_	HuLaoGate.mid
ps2	_unknown_	ICE-99_red_balloons.mid
ps2	_unknown_	In_the_arms_of_death.mid
ps2	_unknown_	Invoke.mid
ps2	_unknown_	Jak2_Haven_City.mid
ps2	_unknown_	Jak_2_Battle.mid
ps2	_unknown_	Jak_2_Haven_City.mid
ps2	_unknown_	Jak_and_Daxter_Credits_DW.mid
ps2	_unknown_	Justwondering.mid
ps2	_unknown_	KH-Arabian_Dream.mid
ps2	_unknown_	KH-Having_a_Wild_Time.mid
ps2	_unknown_	KH-Hikari.mid
ps2	_unknown_	KH-Monstrous_Monstro.mid
ps2	_unknown_	KH-Scherzo_di_Notte.mid
ps2	_unknown_	KH-Simple_and_Clean.mid
ps2	_unknown_	KH2-Adventures_in_the_Savannah.mid
ps2	_unknown_	KH2-Byte_Bashing.mid
ps2	_unknown_	KH2-Dance_of_the_Darling.mid
ps2	_unknown_	KH2-Dearly_Beloved.mid
ps2	_unknown_	KH2-Fields_of_HonorFIX.mid
ps2	_unknown_	KH2-Magical_Mystery.mid
ps2	_unknown_	KH2-Old_Friends_Old_Rivals.mid
ps2	_unknown_	KH2-Savannah_Pride.mid
ps2	_unknown_	KH2-Scherzo_di_Notte.mid
ps2	_unknown_	KH2-Sinister_Sundown.mid
ps2	_unknown_	KH2-Spooks_of_Halloween_Town.mid
ps2	_unknown_	KH2-The_13th_Struggle.mid
ps2	_unknown_	KH2-The_Encounter.mid
ps2	_unknown_	KH2DearlyBeloved.mid
ps2	_unknown_	KHCAPRC.mid
ps2	_unknown_	KHCHLRMX.mid
ps2	_unknown_	KHHALLOW.mid
ps2	_unknown_	KHSDC.mid
ps2	_unknown_	KHUTS.mid
ps2	_unknown_	KH_Another_Side.mid
ps2	_unknown_	KH_DEARLY.mid
ps2	_unknown_	Kairi1.mid
ps2	_unknown_	Kavoc.mid
ps2	_unknown_	KavocForest.mid
ps2	_unknown_	Kavoc_church.mid
ps2	_unknown_	Keep_yourself_alive.mid
ps2	_unknown_	Kimi_no_naka_no_chikara.mid
ps2	_unknown_	KingdomH_Coliseum.mid
ps2	_unknown_	Kingdom_Hearts_2_13th_Struggle.mid
ps2	_unknown_	Kingdom_Hearts_Overture.mid
ps2	_unknown_	Kingdom_Hearts_Shrouding_Dark_Cloud.mid
ps2	_unknown_	Kingdomheartsunderthesea.mid
ps2	_unknown_	Kirlsa-RustColor.mid
ps2	_unknown_	Klonoa2-toward_the.mid
ps2	_unknown_	LONELY_ROLLING_STAR2.mid
ps2	_unknown_	LeonsTheme.mid
ps2	_unknown_	Liqueur_bar_and_drunkard.mid
ps2	_unknown_	Lolo.mid
ps2	_unknown_	Look_Forward_to_the_Next_One_2.mid
ps2	_unknown_	Looking_Up_at_the_Starry_Sky_glockenspiel-flute.mid
ps2	_unknown_	Luca.mid
ps2	_unknown_	Lulus_theme.mid
ps2	_unknown_	Mac_Anu.mid
ps2	_unknown_	Main_Themev4.mid
ps2	_unknown_	MakaiKingdomJoker.mid
ps2	_unknown_	Make_Oneself.mid
ps2	_unknown_	Maraxus_Leave_No_Man_Behind.mid
ps2	_unknown_	Marushaa_Shiro_no_Aluji.mid
ps2	_unknown_	MatatakiVillage.mid
ps2	_unknown_	Meet_Again.mid
ps2	_unknown_	Menacholy_Requiem.mid
ps2	_unknown_	MetalGearSolidThemeFull2.mid
ps2	_unknown_	Metal_Gear_3_Solid-_Enclosure.mid
ps2	_unknown_	Metal_Gear_Solid_3_Snake_Eater_-_Intro_Edition.mid
ps2	_unknown_	Mi%27Ihen_Highway.mid
ps2	_unknown_	MobileSuitGundamFederationVsZeon-ABaqaQu.mid
ps2	_unknown_	Mojipittan.mid
ps2	_unknown_	Momentary_life.mid
ps2	_unknown_	MoonSea.mid
ps2	_unknown_	Moon_Sea.mid
ps2	_unknown_	Moonlight_Museum.mid
ps2	_unknown_	More_Diggin_Here_Bow_Wow.mid
ps2	_unknown_	Mount_Gagazet.mid
ps2	_unknown_	NamcoXCapcom_SubarashikiShinSekai_PIANOver.mid
ps2	_unknown_	Nanase_Cute_Mafia.mid
ps2	_unknown_	Nemuri_s_theme_tuba-pizzicatostring-violon.mid
ps2	_unknown_	NeverlandSky.mid
ps2	_unknown_	OB_-_Fallen_City.mid
ps2	_unknown_	Onimusha_BW_CollapseCiTY.mid
ps2	_unknown_	Oopsy-Daisy.mid
ps2	_unknown_	Organisation_XIII.mid
ps2	_unknown_	Ormus_Original.mid
ps2	_unknown_	Otherworld_Arranged.mid
ps2	_unknown_	P3_-_The_Battle_For_Everyones_Souls.mid
ps2	_unknown_	P4Reverie.mid
ps2	_unknown_	P4_-_Junes.mid
ps2	_unknown_	Palm_Brinks.mid
ps2	_unknown_	PastMemory.mid
ps2	_unknown_	People_Of_The_North_Pole.mid
ps2	_unknown_	Piano_Etude_I_ROR.mid
ps2	_unknown_	PirateShip.mid
ps2	_unknown_	Pirates_Gigue.mid
ps2	_unknown_	Place_Of_Ordeals.mid
ps2	_unknown_	Prelude.mid
ps2	_unknown_	Pride_and_glory.mid
ps2	_unknown_	Primal_light.mid
ps2	_unknown_	Prosthes.mid
ps2	_unknown_	Que_Sera_Sera.mid
ps2	_unknown_	Queens.mid
ps2	_unknown_	REOutbreakMainTheme.mid
ps2	_unknown_	RMX8-SaveLoadScreen-X.mid
ps2	_unknown_	ROCKSTRN.mid
ps2	_unknown_	Raiden3_Stage1V2.mid
ps2	_unknown_	Red_Moon.mid
ps2	_unknown_	ResetThankYouVersion.mid
ps2	_unknown_	Riddles-DP.mid
ps2	_unknown_	Rikku.mid
ps2	_unknown_	Rikkus_Theme.mid
ps2	_unknown_	Riku.mid
ps2	_unknown_	Rogue_Galaxy_-_Rosencaster_Prison.mid
ps2	_unknown_	Rogue_Galaxy_-_The_Masked_Man.mid
ps2	_unknown_	RoomofAngel.mid
ps2	_unknown_	Run_Run_Run1.mid
ps2	_unknown_	SC2Confrontation.mid
ps2	_unknown_	SCIII_TheNewLegend.mid
ps2	_unknown_	SH2-ThemeofLauraReprise.mid
ps2	_unknown_	SO3_BTL1.mid
ps2	_unknown_	SO3_The_Divine_Spirit_of_Language.mid
ps2	_unknown_	SacredMoonKH2.mid
ps2	_unknown_	ScherzoDiNotte.mid
ps2	_unknown_	SeedsOfLove.mid
ps2	_unknown_	SeekingPower.mid
ps2	_unknown_	Sega_Ages_Phantasy_Star_Tower.mid
ps2	_unknown_	Sephiroth_vs_Sora.mid
ps2	_unknown_	Seymore-Remix-Piano.mid
ps2	_unknown_	Seymour%27s_Theme.mid
ps2	_unknown_	Seymour_Battle-1.mid
ps2	_unknown_	Seymour_Battle.mid
ps2	_unknown_	Seymour_Battle_v2.mid
ps2	_unknown_	Sheep_will_sleep_if_you_become_fatigued.mid
ps2	_unknown_	Shion_~Past_Memory~.mid
ps2	_unknown_	Shop_Music.mid
ps2	_unknown_	Shroudingdarkcloud.mid
ps2	_unknown_	ShuyinTheme.mid
ps2	_unknown_	Silence_Before_The_Storm.mid
ps2	_unknown_	Silent_Hill_2_-_Music_Box.mid
ps2	_unknown_	Silent_Hill_2_Laura%27s_Theme_DW.mid
ps2	_unknown_	Simple_life.mid
ps2	_unknown_	Solidus_Death.mid
ps2	_unknown_	Someday_The_Dream_Will_End.mid
ps2	_unknown_	Songofprayer.mid
ps2	_unknown_	Spooks_of_Halloween_Town.mid
ps2	_unknown_	Spring_Water-To_Zanarkand.mid
ps2	_unknown_	Sprouting.mid
ps2	_unknown_	Stepping_Wing.mid
ps2	_unknown_	Superior%28Winning%29%5Bv1.1%5D.mid
ps2	_unknown_	Susanoo_s_Theme.mid
ps2	_unknown_	SutikeDaNe_Orchestrated.mid
ps2	_unknown_	Swerve.mid
ps2	_unknown_	TC3_Wild_Dog_and_Wild_Fang.mid
ps2	_unknown_	TXR0_Logan812_redbeast.mid
ps2	_unknown_	T_MetalGearSolid2_MainThemeMSX.mid
ps2	_unknown_	T_MetalGearSolid2_SnakesTheme.mid
ps2	_unknown_	T_NamcoXCapcom_HishouHeNoKiseki.mid
ps2	_unknown_	T_SuperRobotTaisenOGGaiden_Foria.mid
ps2	_unknown_	T_SuperRobotTaisenZ_Setsuko.mid
ps2	_unknown_	TalesofDesiny2_Workers.mid
ps2	_unknown_	TalesofDestiny2_Leon-FateRepeated.mid
ps2	_unknown_	TalesofDestiny2_MyDecisionTheFutureAnd.mid
ps2	_unknown_	TalesofDestiny2_TheDreadnought.mid
ps2	_unknown_	TalesofDestiny2_TitleTheme.mid
ps2	_unknown_	TensionRising.mid
ps2	_unknown_	TheSunRise.mid
ps2	_unknown_	The_Hideout.mid
ps2	_unknown_	The_Opened_Way.mid
ps2	_unknown_	The_Republic_of_Bastok.mid
ps2	_unknown_	The_midnight_carnival.mid
ps2	_unknown_	The_original.mid
ps2	_unknown_	This_is_Your_Story.mid
ps2	_unknown_	Thunder_Plateau.mid
ps2	_unknown_	Till_next_time.mid
ps2	_unknown_	Time_of_Confrontation.mid
ps2	_unknown_	ToOurSurprise_2-1.mid
ps2	_unknown_	ToOurSurprise_2.mid
ps2	_unknown_	ToZanarkand.mid
ps2	_unknown_	To_Zanarkan_Strange_Mix.mid
ps2	_unknown_	To_Zanarkand7.mid
ps2	_unknown_	To_ZanarkandBandF.mid
ps2	_unknown_	To_Zanarkand_Remix.mid
ps2	_unknown_	Tokyoxtremeracer0_Logan812_jade_runs.mid
ps2	_unknown_	Tokyoxtremeracer3_Logan812_volcano.mid
ps2	_unknown_	TotA_Confrontation_GS_By_Nova.mid
ps2	_unknown_	TotA_Confrontation_XG_By_Nova.mid
ps2	_unknown_	Town_Ward_Upper_Stratum_Final.mid
ps2	_unknown_	Transmo.mid
ps2	_unknown_	TraverseTown.mid
ps2	_unknown_	TraverseTown_2.mid
ps2	_unknown_	Twinkle_in_the_sky.mid
ps2	_unknown_	Two_to_Tango_Pt1.mid
ps2	_unknown_	Two_to_Tango_Pt2.mid
ps2	_unknown_	Under_a_small_roof.mid
ps2	_unknown_	Vent.mid
ps2	_unknown_	ViceCity.mid
ps2	_unknown_	ViceCity_GS_Wavetable.mid
ps2	_unknown_	WA3_BTL1.mid
ps2	_unknown_	WDA3_First_Janus_Battle.mid
ps2	_unknown_	WahooStomp.mid
ps2	_unknown_	Walk_in_the_dusk.mid
ps2	_unknown_	Wandering_Flames.mid
ps2	_unknown_	Warmth.mid
ps2	_unknown_	We_ll_always_be_together.mid
ps2	_unknown_	WelcomeToWonderland.mid
ps2	_unknown_	Welcoming_Of_Maika_Elder_Sage.mid
ps2	_unknown_	Wolf_Nightmare.mid
ps2	_unknown_	Writhe_in_pain.mid
ps2	_unknown_	XenoSaga_RequiemArr.mid
ps2	_unknown_	Xenosaga-BattlingKOSMOS.mid
ps2	_unknown_	Yell_Dead_Cell.mid
ps2	_unknown_	Ys-To_Make_the_End_of_Battle.mid
ps2	_unknown_	ZJ_DDRGhosts.mid
ps2	_unknown_	ZJ_Simple_and_Clean_Battle.mid
ps2	_unknown_	Zanarkand_%28v2%29.mid
ps2	_unknown_	a_day_in_agrabah-1.mid
ps2	_unknown_	a_day_in_agrabah.mid
ps2	_unknown_	airship.mid
ps2	_unknown_	akaitsuki.mid
ps2	_unknown_	averysmallwish.mid
ps2	_unknown_	awakening.mid
ps2	_unknown_	balance_valley.mid
ps2	_unknown_	battle_extreme.mid
ps2	_unknown_	battletheme1.mid
ps2	_unknown_	besieged.mid
ps2	_unknown_	bleach-houki-boshi.mid
ps2	_unknown_	blitzball_arena.mid
ps2	_unknown_	bt-walking_experiment_workshop.mid
ps2	_unknown_	calm.mid
ps2	_unknown_	chocobofixed.mid
ps2	_unknown_	colosodemise.mid
ps2	_unknown_	competition_with_idaten.mid
ps2	_unknown_	confrontation_sc2.mid
ps2	_unknown_	currents.mid
ps2	_unknown_	dalmascaestersands.mid
ps2	_unknown_	dashchocobo.mid
ps2	_unknown_	dc-queens.mid
ps2	_unknown_	dc-the_daily_life.mid
ps2	_unknown_	dc2-palm_brinks.mid
ps2	_unknown_	dc2-shop.mid
ps2	_unknown_	dc2bitd.mid
ps2	_unknown_	dc2carnight.mid
ps2	_unknown_	dc2demon.mid
ps2	_unknown_	dc2gardn.mid
ps2	_unknown_	dc2gom.mid
ps2	_unknown_	dc2gshop.mid
ps2	_unknown_	dc2gvg.mid
ps2	_unknown_	dc2veniccio.mid
ps2	_unknown_	dc_brownboo.mid
ps2	_unknown_	dc_departure.mid
ps2	_unknown_	dc_dran.mid
ps2	_unknown_	dc_kingscurse.mid
ps2	_unknown_	dc_main.mid
ps2	_unknown_	dc_memories.mid
ps2	_unknown_	dc_musicbox_m.mid
ps2	_unknown_	dc_reminiscence.mid
ps2	_unknown_	dc_twomoons.mid
ps2	_unknown_	dcbrownboo_m.mid
ps2	_unknown_	dcdaillife_m.mid
ps2	_unknown_	dcpromise_mw.mid
ps2	_unknown_	ddsaga2_brahma.mid
ps2	_unknown_	ddsaga2_will.mid
ps2	_unknown_	ddsaga_comrades.mid
ps2	_unknown_	dearly_beloved_wraped.mid
ps2	_unknown_	depths.mid
ps2	_unknown_	desire-for-all-that-is-lost.mid
ps2	_unknown_	destinyisland-remix.mid
ps2	_unknown_	dirgeofcerberuswildpack.mid
ps2	_unknown_	dynasty_warriors.mid
ps2	_unknown_	enigma_kh2_scherzodinotte.mid
ps2	_unknown_	espgstg3.mid
ps2	_unknown_	eternity.mid
ps2	_unknown_	eternitybandversion.mid
ps2	_unknown_	eternitygameversion.mid
ps2	_unknown_	everyheart_midi_piano.mid
ps2	_unknown_	fantasy-knight-theam-remix.mid
ps2	_unknown_	fayth-spiral.mid
ps2	_unknown_	findream_V1_2.mid
ps2	_unknown_	finished_slowphony.mid
ps2	_unknown_	finishedheaven.mid
ps2	_unknown_	fm5_ferita.mid
ps2	_unknown_	fugue7777.mid
ps2	_unknown_	garibaldi_Temple.mid
ps2	_unknown_	genesrockabye.mid
ps2	_unknown_	ggx_beyond_the_dark_life1.mid
ps2	_unknown_	ggx_ky.mid
ps2	_unknown_	gods.mid
ps2	_unknown_	graviton.mid
ps2	_unknown_	gustaberg.mid
ps2	_unknown_	headhunter.mid
ps2	_unknown_	hikari_orchestral.mid
ps2	_unknown_	hotterthanhell.mid
ps2	_unknown_	hurry.mid
ps2	_unknown_	ico.mid
ps2	_unknown_	invoke_1stop.mid
ps2	_unknown_	jpr-unwavering_resolve.mid
ps2	_unknown_	jpr-unwavering_resolve_gm_final.mid
ps2	_unknown_	jump_into_the_battlefield.mid
ps2	_unknown_	kamiki_festival.mid
ps2	_unknown_	katamari-sakura.mid
ps2	_unknown_	katamari-stars.mid
ps2	_unknown_	katamari_on_the_rocks.mid
ps2	_unknown_	katamari_stars.mid
ps2	_unknown_	katamaristars.mid
ps2	_unknown_	khbeloved.mid
ps2	_unknown_	kikan_no_tatakau.mid
ps2	_unknown_	killing_time.mid
ps2	_unknown_	kingdomheartshikari.mid
ps2	_unknown_	lilie_theme.mid
ps2	_unknown_	lonely_rolling_star.mid
ps2	_unknown_	lubu.mid
ps2	_unknown_	lubuorient.mid
ps2	_unknown_	macalaniaforestmidi3.mid
ps2	_unknown_	maken_image.mid
ps2	_unknown_	mar-musicbox.mid
ps2	_unknown_	memories_of_hal_2.mid
ps2	_unknown_	monster-arena.mid
ps2	_unknown_	mr.mid
ps2	_unknown_	nakatsuru-hellfire.mid
ps2	_unknown_	nananan.mid
ps2	_unknown_	nephilim.mid
ps2	_unknown_	noodles_cant_be_beat.mid
ps2	_unknown_	norg.mid
ps2	_unknown_	odin_sphere.mid
ps2	_unknown_	odin_sphere_rally.mid
ps2	_unknown_	ogre.mid
ps2	_unknown_	okami_-_cursed_shinshuu_plains.mid
ps2	_unknown_	okami_-_ushiwaka.mid
ps2	_unknown_	ormus.mid
ps2	_unknown_	otherworld.mid
ps2	_unknown_	overdose_fatalM4.mid
ps2	_unknown_	p3f_heartful_cry-1510434673.mid
ps2	_unknown_	p3f_heartful_cry.mid
ps2	_unknown_	path_of_repentance.mid
ps2	_unknown_	prelude-1.mid
ps2	_unknown_	promise.mid
ps2	_unknown_	promise_fatalM4.mid
ps2	_unknown_	promyvion.mid
ps2	_unknown_	raisethysword_final.mid
ps2	_unknown_	realemotion1.mid
ps2	_unknown_	redmoon.mid
ps2	_unknown_	reminiscence.mid
ps2	_unknown_	revealedtruth.mid
ps2	_unknown_	rg-a_hasty_man.mid
ps2	_unknown_	rolanberry.mid
ps2	_unknown_	room312.mid
ps2	_unknown_	rsms-1-10.mid
ps2	_unknown_	rsms-1-14.mid
ps2	_unknown_	rsms-3-02.mid
ps2	_unknown_	rtk8-05.mid
ps2	_unknown_	rumble.mid
ps2	_unknown_	s_Theme.mid
ps2	_unknown_	sakimoto-esperbattle.mid
ps2	_unknown_	sakura4.mid
ps2	_unknown_	sc3-catastrophe.mid
ps2	_unknown_	sc_citynight.mid
ps2	_unknown_	sc_crimson.mid
ps2	_unknown_	sc_duel.mid
ps2	_unknown_	sc_exoticism.mid
ps2	_unknown_	sc_flyflapflyer.mid
ps2	_unknown_	sc_garland.mid
ps2	_unknown_	sc_meadow.mid
ps2	_unknown_	sc_nefroarena.mid
ps2	_unknown_	sc_soom2arena.mid
ps2	_unknown_	sc_titleloop.mid
ps2	_unknown_	scii_healingwindsreprise_torch.mid
ps2	_unknown_	sh2musicbox.mid
ps2	_unknown_	sh2pacoustic.mid
ps2	_unknown_	shadows.mid
ps2	_unknown_	shopping_in_kavoc.mid
ps2	_unknown_	smt3_chiaki_v2.mid
ps2	_unknown_	smt3_map.mid
ps2	_unknown_	smt3_rescue.mid
ps2	_unknown_	smt3_tl1.mid
ps2	_unknown_	so3_-_battle.mid
ps2	_unknown_	songbytear.mid
ps2	_unknown_	sonsofliberty.mid
ps2	_unknown_	sorrow.mid
ps2	_unknown_	sotc_-_a_despair_filled_farewell.mid
ps2	_unknown_	sotc_demise_of_the_ritual_midi.mid
ps2	_unknown_	sotc_end_of_battle.mid
ps2	_unknown_	spooksofhalloweentown.mid
ps2	_unknown_	stelladeus_alchemy.mid
ps2	_unknown_	stelladeus_formidable.mid
ps2	_unknown_	stelladeus_gameover.mid
ps2	_unknown_	strut_c.mid
ps2	_unknown_	suteki2.mid
ps2	_unknown_	suteki_da_ne.mid
ps2	_unknown_	sutekidane.mid
ps2	_unknown_	sutekidane1.mid
ps2	_unknown_	sutekidane2.mid
ps2	_unknown_	tamaya_s_theme.mid
ps2	_unknown_	tarumale.mid
ps2	_unknown_	tetsu69reverse.mid
ps2	_unknown_	the_forcefield.mid
ps2	_unknown_	third-ode.mid
ps2	_unknown_	thunder_plains.mid
ps2	_unknown_	to_zanarkand.mid
ps2	_unknown_	toughbattle2.mid
ps2	_unknown_	tribune.mid
ps2	_unknown_	true.mid
ps2	_unknown_	turmoil.mid
ps2	_unknown_	twinsanity-rocksiderumble.mid
ps2	_unknown_	twinsanity-theme.mid
ps2	_unknown_	tz.mid
ps2	_unknown_	uematsu-deadpeoplesmile.mid
ps2	_unknown_	uematsu-myfather%27skiller.mid
ps2	_unknown_	uematsu-seymour%27sambition.mid
ps2	_unknown_	vanadielmarch.mid
ps2	_unknown_	vp2_battletheme.mid
ps2	_unknown_	wandering_flame.mid
ps2	_unknown_	weathering_heights_midi.mid
ps2	_unknown_	wedding.mid
ps2	_unknown_	windurst.mid
ps2	_unknown_	wsdhurri.mid
ps2	_unknown_	xenorecords.mid
ps2	_unknown_	xenosaga-battle-gs.mid
ps2	_unknown_	xenosaga-battle.mid
ps2	_unknown_	xenosaga_shion_emotion.mid
ps2	_unknown_	xs_Albedo.mid
ps2	_unknown_	youre_not_here.mid
ps2	_unknown_	yrpbattle.mid
ps2	_unknown_	yughott.mid
ps2	_unknown_	zCavern_of_Remembrance.mid
ps2	_unknown_	zVim_and_Vigor.mid
ps2	_unknown_	zanarknd_V1_0_1.mid
ps2	_unknown_	zelfgemaakt-spannend-1.mid
ps2	_unknown_	zelmite_mines.mid
ps2	_unknown_	zitah.mid
ps3	_unknown_	Maneater.mid
ps3	_unknown_	RATATOUILLE_TIME_NEARLY_UP.mid
ps3	_unknown_	RATATOUILLE_TRYAGAIN.mid
ps3	_unknown_	Ratatouille_LChefBKitchen_.mid
ps3	_unknown_	Ratatouille_Market.mid
ps3	_unknown_	Ratatouille_Market_Chase.mid
ps3	_unknown_	Yukiko_Amagi_Theme.mid
ps3	_unknown_	final_fantasy_versus_XIII1.mid
ps3	_unknown_	idol.mid
ps3	_unknown_	leechmonger.mid
ps3	_unknown_	maiden.mid
ps3	_unknown_	nexus.mid
ps3	_unknown_	oldhero.mid
ps3	_unknown_	phalanx.mid
ps3	_unknown_	vanguard.mid
ps4	_unknown_	P5_Rivers_in_the_Desert_by_fakt13.mid
psp	_unknown_	A_Changing_Situation_v1_1.mid
psp	_unknown_	CC_-_Price_of_Freedom.mid
psp	_unknown_	JDC_RMRMSel.mid
psp	_unknown_	JDC_RMRMTime.mid
psp	_unknown_	JDC_RMRMWil1.mid
psp	_unknown_	Keeping_the_Peace.mid
psp	_unknown_	Last_Order_Eliatt.mid
psp	_unknown_	LocoRocoMenu.mid
psp	_unknown_	LocoRoco_Demo_Stage.mid
psp	_unknown_	MHX_Title_Theme_MegaMac.mid
psp	_unknown_	MegaPoweredTimeManXG.mid
psp	_unknown_	T_RivieraTPL_TheGrimAngel.mid
psp	_unknown_	T_SonyPSP_StartupLogo.mid
psp	_unknown_	The_Price_Of_Freedom.mid
psp	_unknown_	atamawaru_bbt1.mid
psp	_unknown_	atamawaru_bbt2.mid
psp	_unknown_	atamawaru_bt.mid
psp	_unknown_	cy_monster_hunter_freedom_unite-game_installation_loading_screen_v1_0.mid
psp	_unknown_	monster_hunter.mid
psp	_unknown_	p3p_dangerzone.mid
psp	_unknown_	race2win.mid
saturn	_unknown_	02-X.mid
saturn	_unknown_	ADVTIZE.mid
saturn	_unknown_	Alielle.mid
saturn	_unknown_	Apharmd.mid
saturn	_unknown_	Arliman.mid
saturn	_unknown_	Astal1.mid
saturn	_unknown_	Astal3.mid
saturn	_unknown_	Athena96.mid
saturn	_unknown_	Azel.mid
saturn	_unknown_	Balbasbow2.mid
saturn	_unknown_	BeachesOfGanbo.mid
saturn	_unknown_	CHASEHQ0.mid
saturn	_unknown_	CHASEHQ1.mid
saturn	_unknown_	CHASEHQ2.mid
saturn	_unknown_	CHASEHQ6.mid
saturn	_unknown_	CHASEHQ7.mid
saturn	_unknown_	CHICAGO.mid
saturn	_unknown_	CLEAR.mid
saturn	_unknown_	Chapter3_%28Panzer_Dragoon%29.mid
saturn	_unknown_	ChattingEnding.mid
saturn	_unknown_	DF-Level-sc.mid
saturn	_unknown_	DF-Level.mid
saturn	_unknown_	DF-Nice-sc.mid
saturn	_unknown_	DF-Nice.mid
saturn	_unknown_	DF-Start-sc.mid
saturn	_unknown_	DF-Start.mid
saturn	_unknown_	DF_Discovery.mid
saturn	_unknown_	DF_Discovery_sc.mid
saturn	_unknown_	DF_Fieldend.mid
saturn	_unknown_	DF_Fieldend_sc.mid
saturn	_unknown_	DF_Leon.mid
saturn	_unknown_	DF_Leon_sc.mid
saturn	_unknown_	DIEHARC1.mid
saturn	_unknown_	Daytona_USA_-_The_King_of_Speed.mid
saturn	_unknown_	Dezaemon-Ending.mid
saturn	_unknown_	Dezaemon-game_BGM02.mid
saturn	_unknown_	Dfastea.mid
saturn	_unknown_	Dfleon.mid
saturn	_unknown_	Dfmikhal.mid
saturn	_unknown_	DiaDust.mid
saturn	_unknown_	Die_Hard-Theme.mid
saturn	_unknown_	Die_Hard-Theme_sc.mid
saturn	_unknown_	Die_Hard_gm.mid
saturn	_unknown_	Die_Hard_sc.mid
saturn	_unknown_	Disc1.mid
saturn	_unknown_	Disc2.mid
saturn	_unknown_	Dorkas.mid
saturn	_unknown_	Epilog.mid
saturn	_unknown_	Evangelion.mid
saturn	_unknown_	FP_Gouki.mid
saturn	_unknown_	Gaden.mid
saturn	_unknown_	Gen.mid
saturn	_unknown_	GoldarkTheme.mid
saturn	_unknown_	Hotd101.mid
saturn	_unknown_	Hotd103.mid
saturn	_unknown_	Hotd104.mid
saturn	_unknown_	Hotd107.mid
saturn	_unknown_	Hotd108.mid
saturn	_unknown_	Hotd109.mid
saturn	_unknown_	Hurry1.mid
saturn	_unknown_	Ignition.mid
saturn	_unknown_	JACKY.mid
saturn	_unknown_	LN2bt288.mid
saturn	_unknown_	Let%27s_Go_Away-Intermediate_Track.mid
saturn	_unknown_	MK2_Armory-sc.mid
saturn	_unknown_	MK2_Armory.mid
saturn	_unknown_	Magic_Knight_Rayearth-_Opening.mid
saturn	_unknown_	Magic_Knight_Rayearth-_Zagato.mid
saturn	_unknown_	MystTheme.mid
saturn	_unknown_	Nites_gate_ztp.mid
saturn	_unknown_	Nor_2p.mid
saturn	_unknown_	Normal.mid
saturn	_unknown_	PUMABATL.mid
saturn	_unknown_	PUWADRAC.mid
saturn	_unknown_	PUWAWATR.mid
saturn	_unknown_	Pinchi.mid
saturn	_unknown_	Ppupet1.mid
saturn	_unknown_	Puy3lulu.mid
saturn	_unknown_	RBS_MAI.mid
saturn	_unknown_	RacingSuper.mid
saturn	_unknown_	RadicalCity.mid
saturn	_unknown_	Rampwo1.mid
saturn	_unknown_	Reimi_theme.mid
saturn	_unknown_	Relaxation.mid
saturn	_unknown_	Rich1792.mid
saturn	_unknown_	SARAH0.mid
saturn	_unknown_	SC2000.mid
saturn	_unknown_	SC2000_sc.mid
saturn	_unknown_	SEAB2END.mid
saturn	_unknown_	SJ_Museum-KM.mid
saturn	_unknown_	STBattle1.mid
saturn	_unknown_	STHASOSH.mid
saturn	_unknown_	SW-FileMenu-Fairytheme.mid
saturn	_unknown_	Sakura_Wars_Lets_Go_to_the_Next_One_DW.mid
saturn	_unknown_	SarbondT.mid
saturn	_unknown_	SaturnBIOS_zb.mid
saturn	_unknown_	Saturn_Bloody_Tears.mid
saturn	_unknown_	Sci1.mid
saturn	_unknown_	Sci2.mid
saturn	_unknown_	Shiwis01.mid
saturn	_unknown_	Shiwis02.mid
saturn	_unknown_	Son3d1.mid
saturn	_unknown_	Son3dsp.mid
saturn	_unknown_	Sthaamfo.mid
saturn	_unknown_	Sthabatl.mid
saturn	_unknown_	Sthacast.mid
saturn	_unknown_	Sthacave.mid
saturn	_unknown_	Sthachur.mid
saturn	_unknown_	Sthadmi2.mid
saturn	_unknown_	Sthadoyl.mid
saturn	_unknown_	Sthaend.mid
saturn	_unknown_	Sthaevol.mid
saturn	_unknown_	Sthamira.mid
saturn	_unknown_	Sthapeak.mid
saturn	_unknown_	Sthashop.mid
saturn	_unknown_	Sthasmit.mid
saturn	_unknown_	Sthatave.mid
saturn	_unknown_	Sthatowi.mid
saturn	_unknown_	Sthatown.mid
saturn	_unknown_	Sthawatr.mid
saturn	_unknown_	Sthawmap.mid
saturn	_unknown_	StreetFighter-Movie.mid
saturn	_unknown_	StreetFighter-Movie_sc.mid
saturn	_unknown_	TVRCont.mid
saturn	_unknown_	TVRRank.mid
saturn	_unknown_	T_AdvancedVGFighter_Intro_GM.mid
saturn	_unknown_	T_AdvancedVGFighter_Intro_SBLIVE.mid
saturn	_unknown_	T_AdvancedVGFighter_Intro_Wingroove.mid
saturn	_unknown_	T_MetalFighterMiku_Ending.mid
saturn	_unknown_	T_MetalFighterMiku_Opening.mid
saturn	_unknown_	T_SEGASlayersRoyal2_IAndMyselfv10b.mid
saturn	_unknown_	T_SEGASlayersRoyal_Promo01v103.mid
saturn	_unknown_	T_SlayersRoyal_TouchYourself_EXRemix.mid
saturn	_unknown_	T_SlayersRoyal_TouchYourself_Fullsize.mid
saturn	_unknown_	Take_the_Snow_Train.mid
saturn	_unknown_	Tddstag3.mid
saturn	_unknown_	Tddstag4.mid
saturn	_unknown_	Temjin.mid
saturn	_unknown_	Tfmakira.mid
saturn	_unknown_	TheTempleofAchenar.mid
saturn	_unknown_	TheTower.mid
saturn	_unknown_	ThemeofGrandia.mid
saturn	_unknown_	Title.mid
saturn	_unknown_	Tmrhgame.mid
saturn	_unknown_	Tomb_Raider.mid
saturn	_unknown_	Tunnel-gs.mid
saturn	_unknown_	Tunnel-sc.mid
saturn	_unknown_	Tunnel-xg.mid
saturn	_unknown_	Tunnel2-gs.mid
saturn	_unknown_	Tunnel2-sc.mid
saturn	_unknown_	Un_Finale.mid
saturn	_unknown_	VF2.mid
saturn	_unknown_	Vcop_Sel.mid
saturn	_unknown_	Vcop_bs5.mid
saturn	_unknown_	albbalan.mid
saturn	_unknown_	alent.mid
saturn	_unknown_	alent2.mid
saturn	_unknown_	aoeka.mid
saturn	_unknown_	aolulu.mid
saturn	_unknown_	apostlev2.mid
saturn	_unknown_	astea.mid
saturn	_unknown_	azel_sona_mi_areru_sancitu.mid
saturn	_unknown_	bakustg1.mid
saturn	_unknown_	bam3main.mid
saturn	_unknown_	battletheme1.mid
saturn	_unknown_	battletheme1a.mid
saturn	_unknown_	besn14-1.mid
saturn	_unknown_	croft.mid
saturn	_unknown_	demitri.mid
saturn	_unknown_	dfend.mid
saturn	_unknown_	duo_panicpuppetmix.mid
saturn	_unknown_	elarli2.mid
saturn	_unknown_	elbadguy.mid
saturn	_unknown_	elbattle.mid
saturn	_unknown_	elbugrom.mid
saturn	_unknown_	elbugrom2.mid
saturn	_unknown_	elcalm.mid
saturn	_unknown_	elcrazy.mid
saturn	_unknown_	eldecision.mid
saturn	_unknown_	eldiva.mid
saturn	_unknown_	eldrunk.mid
saturn	_unknown_	elearth.mid
saturn	_unknown_	elending.mid
saturn	_unknown_	elfaulty.mid
saturn	_unknown_	elgalus.mid
saturn	_unknown_	elgameover.mid
saturn	_unknown_	elhero.mid
saturn	_unknown_	elifurita.mid
saturn	_unknown_	elinn.mid
saturn	_unknown_	elishiel.mid
saturn	_unknown_	eljinnai.mid
saturn	_unknown_	eljintover.mid
saturn	_unknown_	elmiz.mid
saturn	_unknown_	elnanami.mid
saturn	_unknown_	elnight.mid
saturn	_unknown_	elpalace.mid
saturn	_unknown_	elperverse.mid
saturn	_unknown_	elrune.mid
saturn	_unknown_	elsaves.mid
saturn	_unknown_	elshayla.mid
saturn	_unknown_	eltimetogo.mid
saturn	_unknown_	eltown.mid
saturn	_unknown_	elwind.mid
saturn	_unknown_	ending.mid
saturn	_unknown_	endworld-piano.mid
saturn	_unknown_	endworld.mid
saturn	_unknown_	g_seacat_ml.mid
saturn	_unknown_	glunch.mid
saturn	_unknown_	goldark.mid
saturn	_unknown_	gouki.mid
saturn	_unknown_	gra-ganbonosabaku.mid
saturn	_unknown_	gra_d2b1.mid
saturn	_unknown_	gra_open.mid
saturn	_unknown_	grandialaine.mid
saturn	_unknown_	layerst1.mid
saturn	_unknown_	lm-panzer1end.mid
saturn	_unknown_	manxTT_demotheme_zb.mid
saturn	_unknown_	manxTT_ttCourse_zb.mid
saturn	_unknown_	manxTT_zb_Laxey_coast2.mid
saturn	_unknown_	manxTT_zb_cinematic_intro.mid
saturn	_unknown_	manxTT_zb_laxey_coast.mid
saturn	_unknown_	manxTT_zb_name_entry.mid
saturn	_unknown_	manxTT_zb_sheepmode.mid
saturn	_unknown_	mkr_open.mid
saturn	_unknown_	morrigan.mid
saturn	_unknown_	museum.mid
saturn	_unknown_	nights.mid
saturn	_unknown_	panic1.mid
saturn	_unknown_	panzerdragoonoro.mid
saturn	_unknown_	pfdialog.mid
saturn	_unknown_	pn28year.mid
saturn	_unknown_	puwamemo.mid
saturn	_unknown_	reala_cov_xg_dub.mid
saturn	_unknown_	resort_island.mid
saturn	_unknown_	revolution.mid
saturn	_unknown_	rjggza1.mid
saturn	_unknown_	rsg_evasion.mid
saturn	_unknown_	rsg_invisible_matter.mid
saturn	_unknown_	rsg_karma.mid
saturn	_unknown_	rsg_origin.mid
saturn	_unknown_	rsg_space_ship.mid
saturn	_unknown_	rsg_stone_like.mid
saturn	_unknown_	rustyremix2.mid
saturn	_unknown_	rustyruin.mid
saturn	_unknown_	rustyruin2.mid
saturn	_unknown_	sakura_xmas.mid
saturn	_unknown_	snowbattle.mid
saturn	_unknown_	softmusm3.mid
saturn	_unknown_	sraresortislandjj.mid
saturn	_unknown_	stha_battle_v11.mid
saturn	_unknown_	suetonowakare.mid
saturn	_unknown_	td_mars_thrust.mid
saturn	_unknown_	vcop_enB.mid
saturn	_unknown_	vf2_Akira_yukiv2.mid
saturn	_unknown_	vf2akira.mid
saturn	_unknown_	vf2kage.mid
saturn	_unknown_	vf2lion.mid
saturn	_unknown_	vf2sarah.mid
saturn	_unknown_	vf2shun.mid
saturn	_unknown_	vf3dural.mid
saturn	_unknown_	vf3lau.mid
saturn	_unknown_	vhgallon.mid
saturn	_unknown_	vsbbrap.mid
saturn	_unknown_	vsbisham.mid
saturn	_unknown_	vschat.mid
saturn	_unknown_	vschat2.mid
saturn	_unknown_	vschat3.mid
saturn	_unknown_	vscontin.mid
saturn	_unknown_	vsdem.mid
saturn	_unknown_	vsdem2.mid
saturn	_unknown_	vsend.mid
saturn	_unknown_	vsend2.mid
saturn	_unknown_	vsend3.mid
saturn	_unknown_	vsintro.mid
saturn	_unknown_	vsintro2.mid
saturn	_unknown_	vsintro3.mid
saturn	_unknown_	vsironhs.mid
saturn	_unknown_	vspdise.mid
saturn	_unknown_	vspdise2.mid
saturn	_unknown_	vstower.mid
saturn	_unknown_	vswar.mid
saturn	_unknown_	vswar2.mid
saturn	_unknown_	vvzggear.mid
saturn	_unknown_	war_agony.mid
saturn	_unknown_	wein.mid
saturn	_unknown_	x4hdqtrs.mid
saturn	_unknown_	x4iris.mid
saturn	_unknown_	x4sel.mid
snes	_unknown_	%28Blaze%29Magus_UltimaRemix%28v1%29.mid
snes	_unknown_	%28Ind_Inc%29.mid
snes	_unknown_	%28KoD%29_Dark_Wizard.mid
snes	_unknown_	%28RS%29_Hurry_Out.mid
snes	_unknown_	%28RS%29_Sif.mid
snes	_unknown_	%28RnH%29_Battle_for_the_Fields.mid
snes	_unknown_	%28RnH%29_Battle_of_the_Last_Enemy_-_Evolution.mid
snes	_unknown_	%28RnH%29_Battle_of_the_Last_Enemy_-_In_the_Mirror.mid
snes	_unknown_	%28RnH%29_Behind_the_Rising_Moon_part_2.mid
snes	_unknown_	%28RnH%29_Bio_Hazard.mid
snes	_unknown_	%28RnH%29_Shadows_of_Illusion.mid
snes	_unknown_	%28SDDstg1%29.mid
snes	_unknown_	%28SDDstg2%29.mid
snes	_unknown_	%28SDDstg5%29.mid
snes	_unknown_	01-GameIntro.mid
snes	_unknown_	01-GameIntro1.mid
snes	_unknown_	01_Premonition.mid
snes	_unknown_	02-GameIntro2.mid
snes	_unknown_	02-TitleScreen.mid
snes	_unknown_	02_Chrono_Trigger.mid
snes	_unknown_	03-IntroStage.mid
snes	_unknown_	03-TitleScreen.mid
snes	_unknown_	03_Morning_Glow.mid
snes	_unknown_	04-IntroStage.mid
snes	_unknown_	04-ZeroTheme.mid
snes	_unknown_	04_Hurry_Hurry.mid
snes	_unknown_	04_Peaceful_Days_v1.1.mid
snes	_unknown_	05-Shop.mid
snes	_unknown_	05_Green_Memories_v1.1.mid
snes	_unknown_	06-MaverickIntro.mid
snes	_unknown_	06_Fate_in_Haze.mid
snes	_unknown_	07-NeonTiger.mid
snes	_unknown_	07-santa.mid
snes	_unknown_	07_Flower_Garden_GM.mid
snes	_unknown_	07_Flower_Garden_XG.mid
snes	_unknown_	07_The_Battle.mid
snes	_unknown_	08-GravityBeetle.mid
snes	_unknown_	08-StageIntro.mid
snes	_unknown_	09-BlastHornet.mid
snes	_unknown_	09-CloudMan.mid
snes	_unknown_	09_Requiem.mid
snes	_unknown_	0silence.mid
snes	_unknown_	1-03mo~1.mid
snes	_unknown_	1-05-MemoriesOfGreen.mid
snes	_unknown_	1-09-WindScene.mid
snes	_unknown_	1-10_Fight_Against_Monsters_XG.mid
snes	_unknown_	1-13_Nurtured_Life_Brinstar_2.mid
snes	_unknown_	10-JunkMan.mid
snes	_unknown_	1000AD_Map_Theme_v2.mid
snes	_unknown_	1000AD_Theme_B.mid
snes	_unknown_	1000ad.mid
snes	_unknown_	11-FreezeMan.mid
snes	_unknown_	11-The_Three_Friends.mid
snes	_unknown_	1138190-SNES_BS_BNS_WN1.mid
snes	_unknown_	11_flying_town.mid
snes	_unknown_	12-BurstMan.mid
snes	_unknown_	12-TunnelRhino.mid
snes	_unknown_	13-RobotMuseum.mid
snes	_unknown_	13-VoltCatfish.mid
snes	_unknown_	138189-SNES_BL_BNS.mid
snes	_unknown_	138190-SNES_BS_BNS_WN.mid
snes	_unknown_	14-CrushCrawfish.mid
snes	_unknown_	14-SlashMan.mid
snes	_unknown_	15-BattleIntro.mid
snes	_unknown_	15-SpringMan.mid
snes	_unknown_	16-BattleTheme.mid
snes	_unknown_	16-ShadeMan.mid
snes	_unknown_	17-BattleFinish.mid
snes	_unknown_	17-ShadeManSpecialIntro.mid
snes	_unknown_	18-ShadeManSpecialTheme.mid
snes	_unknown_	18-WeaponStats.mid
snes	_unknown_	19-TurboMan.mid
snes	_unknown_	1_-_B.mid
snes	_unknown_	2-23-FANFARE-1.mid
snes	_unknown_	20-BattleTheme.mid
snes	_unknown_	20-DrLight.mid
snes	_unknown_	20_Map_BGM_GM.mid
snes	_unknown_	20_Map_BGM_XG.mid
snes	_unknown_	21-BattleFinished.mid
snes	_unknown_	21-VileTheme.mid
snes	_unknown_	22-DrCain.mid
snes	_unknown_	22-DrLight.mid
snes	_unknown_	23-WeaponStats.mid
snes	_unknown_	24-LabDestroyed.mid
snes	_unknown_	26-Station1.mid
snes	_unknown_	27-DopplerBattle.mid
snes	_unknown_	27-Station2.mid
snes	_unknown_	28-SigmaBattle1.mid
snes	_unknown_	28-Station3.mid
snes	_unknown_	29-SigmaBattle2.mid
snes	_unknown_	29-Station4.mid
snes	_unknown_	29_What.mid
snes	_unknown_	2ndtruth.mid
snes	_unknown_	3-07-SearchingForFriends-v1.1.mid
snes	_unknown_	3-07-SearchingForFriendsXG-v1.1.mid
snes	_unknown_	3-08-UnderseaPalace.mid
snes	_unknown_	30-Ending.mid
snes	_unknown_	31-Credits.mid
snes	_unknown_	32-WilyTheme.mid
snes	_unknown_	32_Music_Box.mid
snes	_unknown_	33-WilyDefeated.mid
snes	_unknown_	34-Ending.mid
snes	_unknown_	3world6.mid
snes	_unknown_	600.mid
snes	_unknown_	600AD_Map_Theme.mid
snes	_unknown_	600ADthemerock.mid
snes	_unknown_	7batldun.mid
snes	_unknown_	7church.mid
snes	_unknown_	7fountain-sbl.mid
snes	_unknown_	7inn.mid
snes	_unknown_	7rablesk.mid
snes	_unknown_	7sbattle1.mid
snes	_unknown_	7sbattle2.mid
snes	_unknown_	7scastle.mid
snes	_unknown_	7scave.mid
snes	_unknown_	7sdunbat2.mid
snes	_unknown_	7shop.mid
snes	_unknown_	7thSaga.mid
snes	_unknown_	7thsaga_bt1.mid
snes	_unknown_	7thsaga_bt2.mid
snes	_unknown_	7thsaga_bt2_w.mid
snes	_unknown_	7thsaga_cave.mid
snes	_unknown_	7thsaga_dbt.mid
snes	_unknown_	7thsaga_dbt_w.mid
snes	_unknown_	7thsaga_guntz.mid
snes	_unknown_	7thsaga_melenam.mid
snes	_unknown_	7thsaga_town1.mid
snes	_unknown_	7thsaga_town2.mid
snes	_unknown_	7thsaga_town3-1.mid
snes	_unknown_	7thsaga_world1.mid
snes	_unknown_	7thsaga_world2.mid
snes	_unknown_	7thsaga_world3.mid
snes	_unknown_	7thsaga_world4.mid
snes	_unknown_	9G.mid
snes	_unknown_	AFPSHFreezerByCryogen.mid
snes	_unknown_	AOF2Lee12.mid
snes	_unknown_	AR_Kyouteki_Xg.mid
snes	_unknown_	AandCForever_%28Ballad%29_V1-1.mid
snes	_unknown_	Aero_-_Unused1.mid
snes	_unknown_	Agahnim.mid
snes	_unknown_	AgahnimTheme.mid
snes	_unknown_	Airport.mid
snes	_unknown_	Aitos.mid
snes	_unknown_	Akrillic.mid
snes	_unknown_	Alain_Mega_Man_X_Boomer_Kuwanger.mid
snes	_unknown_	Alan.mid
snes	_unknown_	Alcahest_-_Floor.mid
snes	_unknown_	Alcahest_-_TitleScreen.mid
snes	_unknown_	Alcahest_Track13.mid
snes	_unknown_	Aleth_and_Lagnus.mid
snes	_unknown_	AltWinterTokimekiByCryogen.mid
snes	_unknown_	Angel%27s_Fear.mid
snes	_unknown_	Animorch.mid
snes	_unknown_	Another_Moon.mid
snes	_unknown_	Anything_But_Tangerines-1.mid
snes	_unknown_	Anything_But_Tangerines.mid
snes	_unknown_	Aqua.mid
snes	_unknown_	Arcana_-_FinalBattleMSGS.mid
snes	_unknown_	Arcenmy2.mid
snes	_unknown_	Arena_Superstar.mid
snes	_unknown_	Arkanoid_Doh_It_Again_start_stage_Joel.mid
snes	_unknown_	Armada.mid
snes	_unknown_	Armor-Shop.mid
snes	_unknown_	ArmoredArmadillo.mid
snes	_unknown_	Ary.mid
snes	_unknown_	Astro_Guy.mid
snes	_unknown_	Atland.mid
snes	_unknown_	Atlena.mid
snes	_unknown_	Avalanche.mid
snes	_unknown_	Awakening.mid
snes	_unknown_	Awakening1.mid
snes	_unknown_	Awakening_AcousticJazz_mix.mid
snes	_unknown_	Axelay_-_Silence.mid
snes	_unknown_	Axelay_complete.mid
snes	_unknown_	Axelay_complete_sc.mid
snes	_unknown_	Axelay_mix.mid
snes	_unknown_	Axelay_mix_sc.mid
snes	_unknown_	Axestg6a.mid
snes	_unknown_	Axmchase.mid
snes	_unknown_	Ayla.mid
snes	_unknown_	Ayla_Theme.mid
snes	_unknown_	B1L_bof_house.mid
snes	_unknown_	B1L_bomb3_level_warp.mid
snes	_unknown_	B1L_donutplains_rmx.mid
snes	_unknown_	B1L_exhaustheat_save.mid
snes	_unknown_	B1L_kd3_bad.mid
snes	_unknown_	B1L_kd3_good.mid
snes	_unknown_	B1L_kd3_options.mid
snes	_unknown_	B1L_mn_diary.mid
snes	_unknown_	B1L_rf_ending.mid
snes	_unknown_	B1L_sbm2_battle2.mid
snes	_unknown_	B1L_sc_dr-wrights_tip.mid
snes	_unknown_	B1L_smartball_castle.mid
snes	_unknown_	B1L_smartball_castle_xg.mid
snes	_unknown_	B1L_som_the_oracle_XG.mid
snes	_unknown_	B1L_srfx_retiremenu.mid
snes	_unknown_	B1L_twin2_area6a.mid
snes	_unknown_	B1L_twin2_gameover.mid
snes	_unknown_	B1L_twin2_map.mid
snes	_unknown_	BDDStage1GM.mid
snes	_unknown_	BDDStage1XGv1_1.mid
snes	_unknown_	BEGIN2.mid
snes	_unknown_	BIB-level1.mid
snes	_unknown_	BL_Hero_Xg.mid
snes	_unknown_	BL_agogo_jet.mid
snes	_unknown_	BL_agogo_pilot.mid
snes	_unknown_	BL_agogo_sweetcat.mid
snes	_unknown_	BL_alca_castle.mid
snes	_unknown_	BL_arc_prologue.mid
snes	_unknown_	BL_arc_rooks.mid
snes	_unknown_	BL_area88_briefing.mid
snes	_unknown_	BL_area88_end.mid
snes	_unknown_	BL_area88_store.mid
snes	_unknown_	BL_bof_gobi.mid
snes	_unknown_	BL_bof_story.mid
snes	_unknown_	BL_dtai_bigenemy1.mid
snes	_unknown_	BL_ed_dungeonbattle.mid
snes	_unknown_	BL_fls_valkyries.mid
snes	_unknown_	BL_fm_canyoncrow.mid
snes	_unknown_	BL_fmgh_enemyraid.mid
snes	_unknown_	BL_fmgh_impatience_part2.mid
snes	_unknown_	BL_fmgh_pullout.mid
snes	_unknown_	BL_fz_rankings.mid
snes	_unknown_	BL_fz_rankings_rmx_XG.mid
snes	_unknown_	BL_ghgs_battle.mid
snes	_unknown_	BL_ghgs_usualbattle.mid
snes	_unknown_	BL_gp1_tune-up.mid
snes	_unknown_	BL_hgnb_school.mid
snes	_unknown_	BL_hz_neomegalopolis.mid
snes	_unknown_	BL_jlspg3_halftime.mid
snes	_unknown_	BL_jlspg3_yourehero.mid
snes	_unknown_	BL_jp_theguardian.mid
snes	_unknown_	BL_jppb3_pennanthappyend.mid
snes	_unknown_	BL_kd3_hyperzone1.mid
snes	_unknown_	BL_kdc_gameover.mid
snes	_unknown_	BL_kod_treasurecastle.mid
snes	_unknown_	BL_mn_burger.mid
snes	_unknown_	BL_mn_travel.mid
snes	_unknown_	BL_plok_rocketlauncher.mid
snes	_unknown_	BL_popntwin_level7.mid
snes	_unknown_	BL_psh_gameplay_3.mid
snes	_unknown_	BL_robotrek_hometownautumn.mid
snes	_unknown_	BL_s8h_mainmenu.mid
snes	_unknown_	BL_sb_deathtoll.mid
snes	_unknown_	BL_sb_intothedream.mid
snes	_unknown_	BL_sbm5_nightcarnival.mid
snes	_unknown_	BL_sbm5_titlescreen.mid
snes	_unknown_	BL_sc_budget.mid
snes	_unknown_	BL_sc_goodnight.mid
snes	_unknown_	BL_sh94_ending.mid
snes	_unknown_	BL_som_toreachtomorrow.mid
snes	_unknown_	BL_st3_dragons.mid
snes	_unknown_	BL_st3_magicalspace-1.mid
snes	_unknown_	BL_st3_magicalspace_I.mid
snes	_unknown_	BL_st3_magicalspace_II.mid
snes	_unknown_	BL_sv4_valhalla.mid
snes	_unknown_	BL_terra_dungeon.mid
snes	_unknown_	BL_top_oasis.mid
snes	_unknown_	BL_twin2_peace.mid
snes	_unknown_	BL_vortex_menu.mid
snes	_unknown_	BL_wagyan_cape.mid
snes	_unknown_	BL_wagyan_ending.mid
snes	_unknown_	BL_wagyan_jewelcave.mid
snes	_unknown_	BL_wagyan_kumkum.mid
snes	_unknown_	BL_wagyan_kumkumjing.mid
snes	_unknown_	BL_wagyan_start.mid
snes	_unknown_	BL_wagyan_tothestronghold.mid
snes	_unknown_	BL_wolfchild_map.mid
snes	_unknown_	BL_yi_newadventure.mid
snes	_unknown_	BOFARAD.mid
snes	_unknown_	BOFAURIA.mid
snes	_unknown_	BOFDROGN.mid
snes	_unknown_	BOFHOUSE.mid
snes	_unknown_	BOFJoin.mid
snes	_unknown_	BOFPARTY.mid
snes	_unknown_	BOF_Profit_Xg.mid
snes	_unknown_	BTDD-Level5.mid
snes	_unknown_	BTDD-Level6.mid
snes	_unknown_	BTDD-Level7.mid
snes	_unknown_	BTDD-LevelComplete.mid
snes	_unknown_	BTDD-LevelIntro.mid
snes	_unknown_	BTDD-Stage3.mid
snes	_unknown_	BTDD_-_Level_2.mid
snes	_unknown_	BTDD_Title_Screen.mid
snes	_unknown_	BTWorld.mid
snes	_unknown_	BTheme.mid
snes	_unknown_	BUBSLREM.mid
snes	_unknown_	Bad_Nopino_Goblins.mid
snes	_unknown_	Balrog3.mid
snes	_unknown_	Balstan3.mid
snes	_unknown_	BarmyArmy.mid
snes	_unknown_	Baron1.mid
snes	_unknown_	Baroque_de_Chocobo_%28XG_Megamix%29.mid
snes	_unknown_	BarrelVolcano.mid
snes	_unknown_	BatmanReturnsGameOver.mid
snes	_unknown_	BatmanReturnsLevel1AmbushOnTheGothamPlaza.mid
snes	_unknown_	BatmanReturnsLevel4ThePenguinsTrap.mid
snes	_unknown_	BatmanReturnsLevel6CircusTrain.mid
snes	_unknown_	BatmanReturnsLevel7End.mid
snes	_unknown_	BatmanReturnsPreludetoLevel2.mid
snes	_unknown_	BatmanReturnsPreludetoLevel3.mid
snes	_unknown_	BatmanReturnsPreludetoLevel4.mid
snes	_unknown_	BatmanReturnsPreludetoLevel5.mid
snes	_unknown_	BatmanReturnsPreludetoLevel6.mid
snes	_unknown_	BatmanReturnsPreludetoLevel7.mid
snes	_unknown_	Battle.mid
snes	_unknown_	Battle1-2.mid
snes	_unknown_	BattleFinish.mid
snes	_unknown_	BattleIntro.mid
snes	_unknown_	BattleMode.mid
snes	_unknown_	BattleTheme.mid
snes	_unknown_	BattleTheme2.mid
snes	_unknown_	Battle_2.mid
snes	_unknown_	Battle_Theme1.mid
snes	_unknown_	Battle_in_the_Sky.mid
snes	_unknown_	Battlev11.mid
snes	_unknown_	Beach_Time.mid
snes	_unknown_	Bean_Valley.mid
snes	_unknown_	BearHugger.mid
snes	_unknown_	Bear_Hugger%27s_Theme.mid
snes	_unknown_	Beavbutt.mid
snes	_unknown_	Belth2.mid
snes	_unknown_	Berlin.mid
snes	_unknown_	BerugasLab.mid
snes	_unknown_	Beware_of_the_mushroom_forest-1.mid
snes	_unknown_	Beware_of_the_mushroom_forest_normal.mid
snes	_unknown_	Bf2_kuji.mid
snes	_unknown_	BigBlue.mid
snes	_unknown_	BigBlue2.mid
snes	_unknown_	BigFire.mid
snes	_unknown_	BillyKane.mid
snes	_unknown_	BioMetal-Options.mid
snes	_unknown_	Bio_Metal-Stage_2.mid
snes	_unknown_	Bio_Metal-Stage_5.mid
snes	_unknown_	Bio_Metal_Japanese_Ver-Continue.mid
snes	_unknown_	Bio_Metal_Japanese_Ver-GameOver.mid
snes	_unknown_	Bio_Metal_Japanese_Ver-Satge4BGM.mid
snes	_unknown_	Bio_Metal_Japanese_Ver-Stage7BGM.mid
snes	_unknown_	Bk2.mid
snes	_unknown_	BlackHole.mid
snes	_unknown_	Black_Mantle.mid
snes	_unknown_	Blast_HornetV1.1.mid
snes	_unknown_	Blast_Hornet_GW_Mix_XG.mid
snes	_unknown_	Bloodpool-1.mid
snes	_unknown_	Bloodpool.mid
snes	_unknown_	BlueStone_AndonutsLab.mid
snes	_unknown_	BlueStone_Cave.mid
snes	_unknown_	BlueStone_DarkMagicantSB.mid
snes	_unknown_	BlueStone_DarkMagicantSW.mid
snes	_unknown_	BlueStone_DarkPlace.mid
snes	_unknown_	BlueStone_House.mid
snes	_unknown_	BlueStone_LostUnderworld.mid
snes	_unknown_	BlueStone_RunawayLeave.mid
snes	_unknown_	BlueStone_ToScaraba.mid
snes	_unknown_	Blues_confrontation.mid
snes	_unknown_	BoF-_Battle_Theme_A.mid
snes	_unknown_	BoF-_Castle_Theme.mid
snes	_unknown_	BoF-_OverWorld_Theme_A.mid
snes	_unknown_	BoF-_Sad_Melody.mid
snes	_unknown_	BoF-_Underworld_Theme.mid
snes	_unknown_	BomberRemixKeitsuken.mid
snes	_unknown_	Bonus_Round.mid
snes	_unknown_	BoomerKuwanger-1.mid
snes	_unknown_	BoomerKuwanger.mid
snes	_unknown_	BoomerKuwangerMix.mid
snes	_unknown_	Booster_2.mid
snes	_unknown_	Borntobewild.mid
snes	_unknown_	BosNovCh.mid
snes	_unknown_	BoundToTheHotel.mid
snes	_unknown_	Bowserkp.mid
snes	_unknown_	Brawl-Nicked-RetroHippie.mid
snes	_unknown_	BrawlLevel2.mid
snes	_unknown_	BrawlSewers.mid
snes	_unknown_	Brinstar_Red_Orchestrated.mid
snes	_unknown_	Broli.mid
snes	_unknown_	BrutalScene1.mid
snes	_unknown_	BrutalScene2.mid
snes	_unknown_	BrutalScene3.mid
snes	_unknown_	BrutalTitle.mid
snes	_unknown_	Btddlevcomplete.mid
snes	_unknown_	Bubble_Crab.mid
snes	_unknown_	Budokai.mid
snes	_unknown_	Bunny.mid
snes	_unknown_	Burner_Guy.mid
snes	_unknown_	BurnermanByCryogen.mid
snes	_unknown_	Burst_Guy.mid
snes	_unknown_	Burymysh.mid
snes	_unknown_	Buttville.mid
snes	_unknown_	C-Lea_Zeal_TimeCircuits.mid
snes	_unknown_	C-sidetw_2.mid
snes	_unknown_	C4-clear.mid
snes	_unknown_	C4castlemap.mid
snes	_unknown_	C4cave.mid
snes	_unknown_	C4clocktwrmap.mid
snes	_unknown_	C4domaingate.mid
snes	_unknown_	C4domainmap.mid
snes	_unknown_	C4gameover.mid
snes	_unknown_	C4th.mid
snes	_unknown_	C4th2.mid
snes	_unknown_	CAPCOM.mid
snes	_unknown_	CBFourside_Accurate1.mid
snes	_unknown_	CBGiygasint.mid
snes	_unknown_	CBHaunted.mid
snes	_unknown_	CBRoyalbloodbattle1.mid
snes	_unknown_	CBSparksterCore2.mid
snes	_unknown_	CBUnderground.mid
snes	_unknown_	CB_-_Game_Over.mid
snes	_unknown_	CB_-_The_Final_Battle.mid
snes	_unknown_	CB_Brave.mid
snes	_unknown_	CB_RBRed.mid
snes	_unknown_	CB_RBSnow.mid
snes	_unknown_	CB_WorldRevolution.mid
snes	_unknown_	CBmoonlightv2.mid
snes	_unknown_	CBvile.mid
snes	_unknown_	CC-Pre.mid
snes	_unknown_	CDX-Level_1.mid
snes	_unknown_	CDXBloodyTears.mid
snes	_unknown_	CDXSlash.mid
snes	_unknown_	CH.mid
snes	_unknown_	CLspidermanxmentitle.mid
snes	_unknown_	COLONY.mid
snes	_unknown_	COOKIE.mid
snes	_unknown_	CRTRPFR4.mid
snes	_unknown_	CX_Vampire_Killer_Rock_Remix.mid
snes	_unknown_	Calcobre.mid
snes	_unknown_	Calm_Disrupted.mid
snes	_unknown_	Cameltry.mid
snes	_unknown_	Camp.mid
snes	_unknown_	Canon.mid
snes	_unknown_	Capsule.mid
snes	_unknown_	Carlie.mid
snes	_unknown_	Carson_City_v1_2.mid
snes	_unknown_	Cast_rol.mid
snes	_unknown_	Castle456.mid
snes	_unknown_	CatKurobei.mid
snes	_unknown_	Caught.mid
snes	_unknown_	Cave856.mid
snes	_unknown_	Cave_of_Fire.mid
snes	_unknown_	Cavejazz.mid
snes	_unknown_	CelesMix.mid
snes	_unknown_	Celes_Sun_Will_Rise_Mix.mid
snes	_unknown_	Celesrkc.mid
snes	_unknown_	Cell.mid
snes	_unknown_	Champion.mid
snes	_unknown_	ChaosTheater.mid
snes	_unknown_	Chichi.mid
snes	_unknown_	ChillPenguin.mid
snes	_unknown_	Chrono2.mid
snes	_unknown_	Chrono3.mid
snes	_unknown_	Chrono4.mid
snes	_unknown_	ChronoTrigger-Battle1.mid
snes	_unknown_	ChronoTrigger-Gato_Song.mid
snes	_unknown_	ChronoTriggerFrogEnhanced2.mid
snes	_unknown_	ChronoTriggerNormalBattle.mid
snes	_unknown_	ChronoTrigger_FinalBattle.mid
snes	_unknown_	Chrono_Fanfare.mid
snes	_unknown_	Chrono_Theme_v2.mid
snes	_unknown_	Chrono_Trigger.mid
snes	_unknown_	Chrono_Trigger_-_20_-_Rhythm_of_Earth_Wind_and_Sky.mid
snes	_unknown_	Chrono_Trigger_-_Gatos_Song.mid
snes	_unknown_	Chrono_Trigger_-_Lab_16s_Ruin.mid
snes	_unknown_	Chrono_Trigger_-_Manoria_Cathedral.mid
snes	_unknown_	Chrono_Trigger_-_Schalas_Theme_XG.mid
snes	_unknown_	Chrono_Trigger_-_To_Far_Away_Times.mid
snes	_unknown_	Chrono_Trigger_Dark_ages.mid
snes	_unknown_	Chrono_Trigger_Unreleased_Keepers_Dome_v2.mid
snes	_unknown_	Chrono_XG_Battle_Methodical.mid
snes	_unknown_	Church.mid
snes	_unknown_	Church1.mid
snes	_unknown_	Cinder.mid
snes	_unknown_	Civilization.mid
snes	_unknown_	Clear-1.mid
snes	_unknown_	Clear.mid
snes	_unknown_	Clock_Tower.mid
snes	_unknown_	Clocktower_Looking_For_Mrs_Mary.mid
snes	_unknown_	Clocktower_The_Nightmare_Is_Finally_Over.mid
snes	_unknown_	ClockworkMansion.mid
snes	_unknown_	CloudMan.mid
snes	_unknown_	CloudMan1.mid
snes	_unknown_	Cloud_Man.mid
snes	_unknown_	Cloud_city.mid
snes	_unknown_	CloudyPark.mid
snes	_unknown_	Clue_-_Colonel_Mustard.mid
snes	_unknown_	Clue_-_Shock.mid
snes	_unknown_	Cold_Guy.mid
snes	_unknown_	ColdmanByCryogen.mid
snes	_unknown_	Continue.mid
snes	_unknown_	Corneria1%5B4.mid
snes	_unknown_	Corneria1.mid
snes	_unknown_	Corneria2.mid
snes	_unknown_	Corneria_Theme.mid
snes	_unknown_	Corneria_v1_1.mid
snes	_unknown_	CorridorsOfTime10.mid
snes	_unknown_	Crateria3-v1.01.mid
snes	_unknown_	Creator_of_the_dragonballs_-_Theme_of_Kamesennin.mid
snes	_unknown_	Credits.mid
snes	_unknown_	Credits998.mid
snes	_unknown_	CrystalSnail2.mid
snes	_unknown_	CrystalTokyo.mid
snes	_unknown_	Crystal_Ball.mid
snes	_unknown_	Crystal_Snail.mid
snes	_unknown_	Cunning_Scoundrel_-_Theme_of_Trunks.mid
snes	_unknown_	Curious.mid
snes	_unknown_	Cutman.mid
snes	_unknown_	Cyan.mid
snes	_unknown_	Cyan_KJmix.mid
snes	_unknown_	CyansTheme.mid
snes	_unknown_	DBZ1-Android20.mid
snes	_unknown_	DBZ1-Cell.mid
snes	_unknown_	DBZ1-GokuBattle.mid
snes	_unknown_	DBZ1-No18Battle.mid
snes	_unknown_	DBZ3BattleTheme1v1_1.mid
snes	_unknown_	DBZSB2Trunks.mid
snes	_unknown_	DBZSBPiccoloBattle.mid
snes	_unknown_	DBZSuperButoden2-Cell.mid
snes	_unknown_	DBZSuperButoden2-Opening.mid
snes	_unknown_	DBZSuperButoden2-Trunks.mid
snes	_unknown_	DBZSuperButoden2-Vegeta.mid
snes	_unknown_	DCIDCHOC.mid
snes	_unknown_	DEpitaph.mid
snes	_unknown_	DL_PnTL7Remix.mid
snes	_unknown_	DMadARR.mid
snes	_unknown_	DQ2R_Lonely_Youth.mid
snes	_unknown_	DQ3_Overworld_Map.mid
snes	_unknown_	DQ5_-_Continue_Your_Quest.mid
snes	_unknown_	DQ5_-_Destroyed_Town.mid
snes	_unknown_	DS_Beltehesar.mid
snes	_unknown_	DTwinRilair.mid
snes	_unknown_	DV_-_Argos_Plots.mid
snes	_unknown_	DV_-_Casdra_Field.mid
snes	_unknown_	DV_-_Desert_Field.mid
snes	_unknown_	DV_-_Distraught.mid
snes	_unknown_	DV_-_Field_Battle.mid
snes	_unknown_	DV_-_Field_Battle_Arr.mid
snes	_unknown_	DV_-_Fire_Field.mid
snes	_unknown_	DV_-_Game_Over.mid
snes	_unknown_	DV_-_Mysterious_Cave.mid
snes	_unknown_	DV_-_Priest_of_Keire.mid
snes	_unknown_	DV_-_Ruins_of_Neil_Village.mid
snes	_unknown_	DV_-_Rysis_Field.mid
snes	_unknown_	DV_-_Swamp_Field.mid
snes	_unknown_	DV_-_Title_Screen.mid
snes	_unknown_	DV_-_Town_of_Miraj.mid
snes	_unknown_	DV_-_Town_of_Rysis.mid
snes	_unknown_	DV_-_Underworld_Field.mid
snes	_unknown_	DX-_Dance_of_Illusions.mid
snes	_unknown_	DX-_Dancing_in_Phantasmic_Hell.mid
snes	_unknown_	DX-_Opus_13.mid
snes	_unknown_	DX-_Richter%27s_Theme.mid
snes	_unknown_	Damcyan.mid
snes	_unknown_	Dance_of_Illusions_-_Street_Fighter_II.mid
snes	_unknown_	DancingCalcobrena_DollFromHellMix.mid
snes	_unknown_	DancingDoll.mid
snes	_unknown_	Dancing_Mad.mid
snes	_unknown_	Danger%21.mid
snes	_unknown_	Danger.mid
snes	_unknown_	DarkWoods.mid
snes	_unknown_	DarkWorld.mid
snes	_unknown_	DarkWorld1.mid
snes	_unknown_	DarkWorldDungeon.mid
snes	_unknown_	Dbz2.mid
snes	_unknown_	Dbz3_bat.mid
snes	_unknown_	DeDeDe_Modified.mid
snes	_unknown_	Death.mid
snes	_unknown_	Deathwind_%28lower_notes%29.mid
snes	_unknown_	Dedede.mid
snes	_unknown_	Dedede_v2.mid
snes	_unknown_	Defeatdracula.mid
snes	_unknown_	Demon_Crest-Stage1_BGM.mid
snes	_unknown_	DemonsCrest-Level1.mid
snes	_unknown_	DemonsCrest_TheWaterTemple.mid
snes	_unknown_	Demons_Crest_-_First_Ending.mid
snes	_unknown_	Descent.mid
snes	_unknown_	Devils.mid
snes	_unknown_	Dhalsim.mid
snes	_unknown_	Did_You_See_The_Sea.mid
snes	_unknown_	DionaRap.mid
snes	_unknown_	Distant_Earth.mid
snes	_unknown_	Donkey.mid
snes	_unknown_	DonkeyKongCountry2-KlubbasReveille.mid
snes	_unknown_	DonkeyKongCountry2-Opening.mid
snes	_unknown_	DonkeyKongCountry2-TheFlyingKrock.mid
snes	_unknown_	Donkey_Kong_Country_2_-_Bonus_Lose.mid
snes	_unknown_	Donkey_Kong_Country_2_-_Bonus_Win.mid
snes	_unknown_	Donkey_Kong_Country_2_-_Crankys_Conga_.mid
snes	_unknown_	Donkey_Kong_Country_2_-_Krool.mid
snes	_unknown_	Donkey_Kong_Country_2_-_Welcome_to_Crocodile_Isle.mid
snes	_unknown_	Donkey_Kong_Country_3_-_Crazy_Calypso.mid
snes	_unknown_	DonutPlains.mid
snes	_unknown_	Doppler%27s_Reign.mid
snes	_unknown_	DoubleDragon4-Ending.mid
snes	_unknown_	DougsTheme.mid
snes	_unknown_	DrCain.mid
snes	_unknown_	DrLight.mid
snes	_unknown_	DracX-VampireKiller.mid
snes	_unknown_	Dracula31.mid
snes	_unknown_	Dragon_Knight_4_Town_2_Theme.mid
snes	_unknown_	Dragon_Quest_III_-_Big_Battle_XG.mid
snes	_unknown_	Dragon_Ride_%28Ver._X.X%29.mid
snes	_unknown_	Dragonball_Z_-_Battle_Theme3.mid
snes	_unknown_	Dragonball_Z_-_Trunks%27_Theme.mid
snes	_unknown_	Dragonballz3-Battletheme4.mid
snes	_unknown_	DragonsLair-ADarkAndStormyNight.mid
snes	_unknown_	DragonsLair-ARatherSwampyArea.mid
snes	_unknown_	DragonsLair-BattlingAMonster.mid
snes	_unknown_	DragonsLair-Map.mid
snes	_unknown_	DragonsLair-Outside.mid
snes	_unknown_	Drahkken_Neo_Remix.mid
snes	_unknown_	Drahkken_Neo_Remix_v2.mid
snes	_unknown_	Drahkken_Remix-_Wind.mid
snes	_unknown_	Drakken_Remix.mid
snes	_unknown_	Drakkhen-Air_Realm_Night.mid
snes	_unknown_	Drakkhen-EarthDay.mid
snes	_unknown_	Drakkhen-Inn.mid
snes	_unknown_	DrakkhenRemixV_Nathakkhen.mid
snes	_unknown_	Drakkhen_Earth_Day.mid
snes	_unknown_	Drakkhen_Earth_Night.mid
snes	_unknown_	Drakkhen_Haaggkha_Castle.mid
snes	_unknown_	Drakkhen_Naaktkha_Castle.mid
snes	_unknown_	Drakkhen_Remix-Earth_III_Trance_Mix.mid
snes	_unknown_	DreamShore3_Epilogue_1_0.mid
snes	_unknown_	DreamTVCastle.mid
snes	_unknown_	DreamTVTitle.mid
snes	_unknown_	Dream_Land1.mid
snes	_unknown_	Dream_will_never_die.mid
snes	_unknown_	Dreaming.mid
snes	_unknown_	Dreaming_in_the_Brambles.mid
snes	_unknown_	Dungeon-Master_Scene_of_Pandemonium.mid
snes	_unknown_	Dwarf-Cave.mid
snes	_unknown_	Dwarf-Desert.mid
snes	_unknown_	Dwrfdsrt.mid
snes	_unknown_	Dxrb-st1.mid
snes	_unknown_	DynabladeArea1.mid
snes	_unknown_	DynabladeArea1_2.mid
snes	_unknown_	DynabladeOverworld.mid
snes	_unknown_	DynamoMan-X.mid
snes	_unknown_	Dynamo_Guy.mid
snes	_unknown_	Dynamoma.mid
snes	_unknown_	DynamomanByCryogen.mid
snes	_unknown_	EDF-first-encounter.mid
snes	_unknown_	ENTERBAT.mid
snes	_unknown_	EVO-Intro.mid
snes	_unknown_	EVO_TheOcean.mid
snes	_unknown_	EVO_WorldMap.mid
snes	_unknown_	EWJ-Use_Your_Head.mid
snes	_unknown_	EWJ2_-_Lorenzens_Soil.mid
snes	_unknown_	Eardon.mid
snes	_unknown_	EasyBattle2.mid
snes	_unknown_	Elemen.mid
snes	_unknown_	Elemental_battle.mid
snes	_unknown_	Elf-Field.mid
snes	_unknown_	Empire_strikes_back.mid
snes	_unknown_	Enchanted_Forest.mid
snes	_unknown_	EndOfTime.mid
snes	_unknown_	End_Theme.mid
snes	_unknown_	Ending.mid
snes	_unknown_	Ending01.mid
snes	_unknown_	Ending1.mid
snes	_unknown_	Ending2.mid
snes	_unknown_	Ending3.mid
snes	_unknown_	Ending487.mid
snes	_unknown_	Enhasa.mid
snes	_unknown_	EpilogueOrch.mid
snes	_unknown_	Epitaph.mid
snes	_unknown_	Epitaph1.mid
snes	_unknown_	EpochEnd.mid
snes	_unknown_	EpochsEnd.mid
snes	_unknown_	Escape_from_King_Zing.mid
snes	_unknown_	EsperWorldByCryogen.mid
snes	_unknown_	Espers.mid
snes	_unknown_	Eto%27s_Arrival_%28Ver._X.X%29.mid
snes	_unknown_	Eva.mid
snes	_unknown_	Evening_Star.mid
snes	_unknown_	Evil_Chocobo_Theme.mid
snes	_unknown_	Evil_Church.mid
snes	_unknown_	EvoOcean_%28hydro_mix%29.mid
snes	_unknown_	Evocave.mid
snes	_unknown_	Evocean.mid
snes	_unknown_	Evocoast.mid
snes	_unknown_	Evoisku.mid
snes	_unknown_	Ewj2lrsl.mid
snes	_unknown_	F-Zero.mid
snes	_unknown_	F-ZeroOver.mid
snes	_unknown_	F-ZeroSand.mid
snes	_unknown_	F-Zero_-_Big_Blue.mid
snes	_unknown_	F-Zero_-_Big_Blue_Remix.mid
snes	_unknown_	F-Zero_-_Death_Wind.mid
snes	_unknown_	F-Zero_-_Death_Wind_-Climax_Remix-.mid
snes	_unknown_	F-Zero_-_Fire_Field.mid
snes	_unknown_	F-Zero_-_Fire_Field_-Echo_Mix-.mid
snes	_unknown_	F-Zero_-_Mute_City-1.mid
snes	_unknown_	F-Zero_-_Mute_City.mid
snes	_unknown_	F-Zero_-_Mute_City_Remix.mid
snes	_unknown_	F-Zero_-_Port_Town.mid
snes	_unknown_	F-Zero_-_Red_Canyon.mid
snes	_unknown_	F-Zero_-_Sand_Ocean.mid
snes	_unknown_	F-Zero_-_Sand_Ocean_Remix.mid
snes	_unknown_	F-Zero_-_Silence.mid
snes	_unknown_	F-Zero_-_White_Land.mid
snes	_unknown_	F-Zero_-_White_Land_II.mid
snes	_unknown_	F0_-_WhiteLandChillaxXG.mid
snes	_unknown_	F91btl12.mid
snes	_unknown_	F91bttl1.mid
snes	_unknown_	FA.mid
snes	_unknown_	FAIRTIME.mid
snes	_unknown_	FBHOLOCU.mid
snes	_unknown_	FE1R_-_Battle.mid
snes	_unknown_	FE1R_-_Great_Wise_Man.mid
snes	_unknown_	FE3-Mystery.mid
snes	_unknown_	FE3_-_Dark_Emperor.mid
snes	_unknown_	FE3_-_Invasion.mid
snes	_unknown_	FE3_-_Love_Theme.mid
snes	_unknown_	FE4-Chapter1.mid
snes	_unknown_	FE4-Chapter2_v2.mid
snes	_unknown_	FE4-Chapter3.mid
snes	_unknown_	FE4-Chapter4.mid
snes	_unknown_	FE4-Chapter6.mid
snes	_unknown_	FE4-Chapter8.mid
snes	_unknown_	FE4-Dance.mid
snes	_unknown_	FE4-Silesia.mid
snes	_unknown_	FE4_-_City_of_Agustria.mid
snes	_unknown_	FE4_-_City_of_Isaac.mid
snes	_unknown_	FE4_-_City_of_Manster.mid
snes	_unknown_	FIELD.mid
snes	_unknown_	FILENA.mid
snes	_unknown_	FM-CoaxialTown-X.mid
snes	_unknown_	FM-MoreAndMoreNA-X.mid
snes	_unknown_	FM-fear1.mid
snes	_unknown_	FMElegie.mid
snes	_unknown_	FMGH-SparkShot-XG-X.mid
snes	_unknown_	FMGH-Tension.mid
snes	_unknown_	FMGHWarningOne.mid
snes	_unknown_	FMGH_-_UneasyGS.mid
snes	_unknown_	FMGH_Emotion.mid
snes	_unknown_	FMGH_GunHazard.mid
snes	_unknown_	FMGH_LastWords.mid
snes	_unknown_	FMGH_PDF.mid
snes	_unknown_	FMGH_Warning2.mid
snes	_unknown_	FMGH_Warning2XG.mid
snes	_unknown_	FM_-_Tension.mid
snes	_unknown_	FSV4Vanity.mid
snes	_unknown_	FSV4Vecanti.mid
snes	_unknown_	FZERO-BIGBLUE_ROCK.mid
snes	_unknown_	FZMKmutecitymix1.mid
snes	_unknown_	FZ_Death_Wind-FZX_Arr-KM.mid
snes	_unknown_	FZ_Fire_Field-FZX_Arr-KM.mid
snes	_unknown_	FZ_Fire_Field-FZX_Arr2-KM.mid
snes	_unknown_	FZ_Grand_Prix_Ending-KM.mid
snes	_unknown_	FZ_Mute_City_Arr-KM.mid
snes	_unknown_	FZ_Opening-KM.mid
snes	_unknown_	FZ_Port_Town-FZX_Arr-KM.mid
snes	_unknown_	FZ_Port_Town-KM.mid
snes	_unknown_	FZ_Records-KMv1-2.mid
snes	_unknown_	FZ_Silence-KM.mid
snes	_unknown_	F_PORT.mid
snes	_unknown_	F_Zero_-_PortTown09XG.mid
snes	_unknown_	F_Zero_-_Silence09XG.mid
snes	_unknown_	Fabul.mid
snes	_unknown_	Fairy.mid
snes	_unknown_	Fanfare-2.mid
snes	_unknown_	Fanfare2.mid
snes	_unknown_	FarThunder.mid
snes	_unknown_	Fate_in_haze.mid
snes	_unknown_	Figaro-2.mid
snes	_unknown_	Figaro_Castle_v2.mid
snes	_unknown_	FighHis_Mar-ST.mid
snes	_unknown_	FighHis_Miz-ST.mid
snes	_unknown_	FighHis_Ray-ST.mid
snes	_unknown_	Fillmore.mid
snes	_unknown_	Final2.mid
snes	_unknown_	FinalFantasy2_Final.mid
snes	_unknown_	FinalFantasy5_Dragon.mid
snes	_unknown_	FinalFantasyMQ_Battle.mid
snes	_unknown_	FinalFantasyMQ_FinalBattle.mid
snes	_unknown_	FinalFantasyVI-Battle.mid
snes	_unknown_	FinalFight6.mid
snes	_unknown_	FinalFightWin.mid
snes	_unknown_	Final_Fantasy_6_Main_Theme_v2.mid
snes	_unknown_	Final_Fantasy_Island_Fanfare.mid
snes	_unknown_	Final_Fantasy_Mystic_Quest_-_Overworld_%28MWS_v1.1%29.mid
snes	_unknown_	Final_Fantasy_V_-_Distant_Homeland.mid
snes	_unknown_	Fire1.mid
snes	_unknown_	FireEmble3EncounterTheme.mid
snes	_unknown_	FireEmblem3EncounterTheme2.mid
snes	_unknown_	FireFieldByCryogen.mid
snes	_unknown_	FlameStag1.mid
snes	_unknown_	Flame_Stag.mid
snes	_unknown_	Flame_stag_2_%28_Remix_%29.mid
snes	_unknown_	Flight2.mid
snes	_unknown_	FlintstonesTTSMLavaRockByCryogen.mid
snes	_unknown_	Floria.mid
snes	_unknown_	Flottant.mid
snes	_unknown_	For_Pete%27s_Sake.mid
snes	_unknown_	Forest2.mid
snes	_unknown_	Forest3.mid
snes	_unknown_	Forest4.mid
snes	_unknown_	Fortuna.mid
snes	_unknown_	FoxTrot.mid
snes	_unknown_	Freeza1.mid
snes	_unknown_	Freeza_bat.mid
snes	_unknown_	Freeze.mid
snes	_unknown_	Freeze_Guy.mid
snes	_unknown_	Freezema.mid
snes	_unknown_	Frog.mid
snes	_unknown_	FrogOrchestra.mid
snes	_unknown_	Frog_Remix.mid
snes	_unknown_	Frog_Theme_v2.mid
snes	_unknown_	FunkyTechno.mid
snes	_unknown_	GWEDHeavy.mid
snes	_unknown_	GWED_Epyon.mid
snes	_unknown_	GWepyon.mid
snes	_unknown_	GWharms.mid
snes	_unknown_	GWlose.mid
snes	_unknown_	GWmerc2.mid
snes	_unknown_	GWscythe.mid
snes	_unknown_	GWtgeese.mid
snes	_unknown_	G_B_S_R_R.mid
snes	_unknown_	G_BioMetal_Intro.mid
snes	_unknown_	GabbyJay.mid
snes	_unknown_	Gallantry.mid
snes	_unknown_	Game.mid
snes	_unknown_	GameIntro.mid
snes	_unknown_	Game_Over.mid
snes	_unknown_	Gamera_Gyaosu_Gekimetsu_Sakusen_-_Gamera_Leaves.mid
snes	_unknown_	Ganon.mid
snes	_unknown_	Gau-uuu.mid
snes	_unknown_	Gaurdia_Forest.mid
snes	_unknown_	Gems.mid
snes	_unknown_	GhostShip.mid
snes	_unknown_	Gigant_Of_Babil.mid
snes	_unknown_	Glight_V4.mid
snes	_unknown_	GnatAttackR2.mid
snes	_unknown_	Goku.mid
snes	_unknown_	Goku_vs_Freeza.mid
snes	_unknown_	GokujyoParodius_BStage1.mid
snes	_unknown_	GokujyoParodius_BStage2.mid
snes	_unknown_	GokujyoParodius_BStage3.mid
snes	_unknown_	GokujyoParodius_BStage4.mid
snes	_unknown_	GokujyoParodius_BStage5.mid
snes	_unknown_	GokujyoParodius_BStage6.mid
snes	_unknown_	GokujyoParodius_BStage7.mid
snes	_unknown_	GokujyoParodius_BStageSpecial.mid
snes	_unknown_	GokujyoParodius_Continue.mid
snes	_unknown_	GokujyoParodius_EndGame.mid
snes	_unknown_	GokujyoParodius_EndingCredits.mid
snes	_unknown_	GokujyoParodius_GameOver.mid
snes	_unknown_	GokujyoParodius_Goemon.mid
snes	_unknown_	GokujyoParodius_Hikaru.mid
snes	_unknown_	GokujyoParodius_KidDracula.mid
snes	_unknown_	GokujyoParodius_Koitsu.mid
snes	_unknown_	GokujyoParodius_Mambo.mid
snes	_unknown_	GokujyoParodius_Michael.mid
snes	_unknown_	GokujyoParodius_Opening.mid
snes	_unknown_	GokujyoParodius_Pentarou.mid
snes	_unknown_	GokujyoParodius_Ranking.mid
snes	_unknown_	GokujyoParodius_Stage1.mid
snes	_unknown_	GokujyoParodius_Stage2.mid
snes	_unknown_	GokujyoParodius_Stage3.mid
snes	_unknown_	GokujyoParodius_Stage4.mid
snes	_unknown_	GokujyoParodius_Stage5.mid
snes	_unknown_	GokujyoParodius_Stage6.mid
snes	_unknown_	GokujyoParodius_Stage7.mid
snes	_unknown_	GokujyoParodius_StageDone.mid
snes	_unknown_	GokujyoParodius_StageSpecial.mid
snes	_unknown_	GokujyoParodius_Takosuke.mid
snes	_unknown_	GokujyoParodius_Thanks.mid
snes	_unknown_	GokujyoParodius_TitleScreen.mid
snes	_unknown_	GokujyoParodius_Twinbee.mid
snes	_unknown_	GokujyoParodius_Upa.mid
snes	_unknown_	GokujyoParodius_kd.mid
snes	_unknown_	GokujyoParodius_l2.mid
snes	_unknown_	Golbeze.mid
snes	_unknown_	Good_Night.mid
snes	_unknown_	Good_Nopino_Goblins.mid
snes	_unknown_	Gorgonzola_Goblins.mid
snes	_unknown_	Grad3SNES_l1_1.mid
snes	_unknown_	Grad3SNES_l3_1.mid
snes	_unknown_	Grad3SNES_ls_1.mid
snes	_unknown_	Grad3fs.mid
snes	_unknown_	Grad3mb.mid
snes	_unknown_	Grand_Finale_Part_B.mid
snes	_unknown_	Grandch.mid
snes	_unknown_	Green_Brinstar.mid
snes	_unknown_	Ground_Guy.mid
snes	_unknown_	Guardia_Castle.mid
snes	_unknown_	Guardia_Castle_v2.mid
snes	_unknown_	Guile.mid
snes	_unknown_	GuileV2.mid
snes	_unknown_	GundamWing-Intro.mid
snes	_unknown_	GundamWing-SandRock.mid
snes	_unknown_	GundamWing_ED_Versus_v2.mid
snes	_unknown_	Gundam_-_Credits.mid
snes	_unknown_	Guts_Man_%28Organ_Mix%29.mid
snes	_unknown_	Gwchrsel.mid
snes	_unknown_	Gwversus.mid
snes	_unknown_	HM_-_Back_Mountain.mid
snes	_unknown_	HM_-_Egg_Festival.mid
snes	_unknown_	HM_-_Enter_a_Name.mid
snes	_unknown_	HM_-_Fall_Theme.mid
snes	_unknown_	HM_-_Harvest_Festival.mid
snes	_unknown_	HM_-_Main_menu.mid
snes	_unknown_	HM_-_New_Year_Festival.mid
snes	_unknown_	HM_-_Spring_Theme.mid
snes	_unknown_	HM_-_Town.mid
snes	_unknown_	HM_-_Waltz.mid
snes	_unknown_	HM_-_Winter_Theme.mid
snes	_unknown_	HNK_KNKN_-_Armor_Battle_Theme.mid
snes	_unknown_	HNK_KNKN_-_Bridge_Battle_Theme.mid
snes	_unknown_	HYPERD.mid
snes	_unknown_	Halberd_Demise.mid
snes	_unknown_	Halfmoon.mid
snes	_unknown_	HanaNoKeiji-BatLair.mid
snes	_unknown_	HanaNoKeiji-FloatingOrchestraEDIT.mid
snes	_unknown_	Hana_no_Keiji_Forest.mid
snes	_unknown_	HananoKeiji-JunglePainting.mid
snes	_unknown_	Happosai%27s_Theme.mid
snes	_unknown_	Happy.mid
snes	_unknown_	Happy_Tree.mid
snes	_unknown_	Haunted_House.mid
snes	_unknown_	HereGoesJelly_MiniMaze.mid
snes	_unknown_	Hey%2C_Cid%21.mid
snes	_unknown_	Hidden.mid
snes	_unknown_	HighwayCredits.mid
snes	_unknown_	Highwaystar.mid
snes	_unknown_	Hill_of_Destiny.mid
snes	_unknown_	HiryunoKenGF_Stage1.mid
snes	_unknown_	HiryunoKenGF_Title.mid
snes	_unknown_	HiryunoKenGF_Tournament.mid
snes	_unknown_	HiryunoKenGF_Training.mid
snes	_unknown_	HnKKnKN_-_Seabank.mid
snes	_unknown_	Hobbit_Valley_v2-00.mid
snes	_unknown_	Hole_In_One_Golf_-_Rainfall.mid
snes	_unknown_	Hole_In_One_Golf_-_Sunset.mid
snes	_unknown_	HookWaterfalls.mid
snes	_unknown_	Horror.mid
snes	_unknown_	Hospital.mid
snes	_unknown_	HyruleCastlePunkRockRemix.mid
snes	_unknown_	ICE_Clock_Tower_arranged.mid
snes	_unknown_	IcePalace.mid
snes	_unknown_	Ice_Palace_Deception.mid
snes	_unknown_	Illusion%28a%29.mid
snes	_unknown_	Illusion.mid
snes	_unknown_	IllusionOfGaia_Pyramid.mid
snes	_unknown_	Illusion_of_Gaia_-_Itory_Village.mid
snes	_unknown_	Illusion_of_Gaia_-_Memories.mid
snes	_unknown_	Illusion_of_Gaia_-_South_Cape.mid
snes	_unknown_	Ilvern_Ruins_Dance_Mix2.mid
snes	_unknown_	ImpatienceArranged.mid
snes	_unknown_	Imperium-Stagesong9.mid
snes	_unknown_	Innsh_POPmenu.mid
snes	_unknown_	IntoHighway.mid
snes	_unknown_	Intodark.mid
snes	_unknown_	Intolerance.mid
snes	_unknown_	IntroStage.mid
snes	_unknown_	Intro_Stage-1.mid
snes	_unknown_	Intro_Stage.mid
snes	_unknown_	Invitation.mid
snes	_unknown_	IoGfinal.mid
snes	_unknown_	IoGmap.mid
snes	_unknown_	IoGraft.mid
snes	_unknown_	IoGrest.mid
snes	_unknown_	IoGtitle.mid
snes	_unknown_	IoGtown.mid
snes	_unknown_	IoGvllge.mid
snes	_unknown_	IogInca%28a%29.mid
snes	_unknown_	IogInca.mid
snes	_unknown_	Iog_Pyramid.mid
snes	_unknown_	Iog_end.mid
snes	_unknown_	Islandmap_1.mid
snes	_unknown_	IvanBatt.mid
snes	_unknown_	JB_theme.mid
snes	_unknown_	JDC_R7SprinR-1520655943.mid
snes	_unknown_	JDC_R7SprinR.mid
snes	_unknown_	JILostSexyWizard.mid
snes	_unknown_	JILost_-_SNES_-_7th_Saga_-_Church.mid
snes	_unknown_	JILost_-_SNES_-_Donkey_Kong_Country_3_-_Baddies_on_Parade.mid
snes	_unknown_	JILost_-_SNES_-_King_Arthur%27s_World_-_Team_Work.mid
snes	_unknown_	JILost_-_SNES_-_Raiden_Trad_-_Gallantry_DXv3.mid
snes	_unknown_	JM2ScarletCarpetByCryogen.mid
snes	_unknown_	JM2SwampByCryogen.mid
snes	_unknown_	JOCHCAVE.mid
snes	_unknown_	JP_-_Mountain_Remix.mid
snes	_unknown_	JP_Elevator.mid
snes	_unknown_	JUI_DBZHD-13.mid
snes	_unknown_	JUI_DBZHD-18.mid
snes	_unknown_	Jago.mid
snes	_unknown_	Joe_And_Mac_-_Stage_2.mid
snes	_unknown_	Joenmac-map.mid
snes	_unknown_	Joenmaclevel1.mid
snes	_unknown_	Johnny.mid
snes	_unknown_	Johnny_Theme_v2.mid
snes	_unknown_	JuicyJuice.mid
snes	_unknown_	Jun_1.mid
snes	_unknown_	Jungle%28V1.1%29.mid
snes	_unknown_	JunkManRemix.mid
snes	_unknown_	Junkman.mid
snes	_unknown_	K3-Number_10.mid
snes	_unknown_	K3-Number_13.mid
snes	_unknown_	K3-Number_20.mid
snes	_unknown_	K3-Number_40.mid
snes	_unknown_	K3_12.mid
snes	_unknown_	K3_Number_14_VER_2.mid
snes	_unknown_	K3_Number_17.mid
snes	_unknown_	K3_Number_18.mid
snes	_unknown_	KD3_-_Credits.mid
snes	_unknown_	KDL3RippleField1.mid
snes	_unknown_	KI-Glacius.mid
snes	_unknown_	KITitle.mid
snes	_unknown_	KI_Orchid.mid
snes	_unknown_	KI_Orchid_YXG70.mid
snes	_unknown_	KOD_Into_The_Castle.mid
snes	_unknown_	KRA77005.mid
snes	_unknown_	KRAKEN-1.mid
snes	_unknown_	KROOL.mid
snes	_unknown_	Kaiosama.mid
snes	_unknown_	Kaito_Ranma.mid
snes	_unknown_	Kakariko.mid
snes	_unknown_	Kakariko342.mid
snes	_unknown_	KakarikoPartyMix.mid
snes	_unknown_	Kakariko_2.mid
snes	_unknown_	Kasandora.mid
snes	_unknown_	KefkaTheme.mid
snes	_unknown_	Ken.mid
snes	_unknown_	Ken2.mid
snes	_unknown_	Keni.mid
snes	_unknown_	KeroSewers.mid
snes	_unknown_	Kidscity.mid
snes	_unknown_	Killer.mid
snes	_unknown_	KimKaphwan.mid
snes	_unknown_	KingKRoolRemixModifSlightly.mid
snes	_unknown_	King_of_the_Mountain.mid
snes	_unknown_	Kingdom_Of_Guardia.mid
snes	_unknown_	KishinDoujiZenki-Intro.mid
snes	_unknown_	KishinDoujiZenki-Stage2-1.mid
snes	_unknown_	KishinDoujiZenki-Stage2-3.mid
snes	_unknown_	KishinDoujiZenki-Stage3-3.mid
snes	_unknown_	KishinDoujiZenki-Stage4-1.mid
snes	_unknown_	KishinDoujiZenki-Stage5-1.mid
snes	_unknown_	KishinDoujiZenki-Stage5-3.mid
snes	_unknown_	KishinDoujiZenki1-Interlude.mid
snes	_unknown_	KishinDoujiZenki1-Stage1-1.mid
snes	_unknown_	KishinDoujiZenki1-Stage1-2.mid
snes	_unknown_	KishinDoujiZenki1-Stage1-3.mid
snes	_unknown_	KishinDoujiZenki1-Stage3-1.mid
snes	_unknown_	KishinDoujiZenki1-Stage4-3.mid
snes	_unknown_	KoD_-_Treasure_in_an_Old_Castle.mid
snes	_unknown_	KoD_Cave_of_Hydra.mid
snes	_unknown_	KoopaTroopaBeach.mid
snes	_unknown_	Koryuu_no_mimi.mid
snes	_unknown_	Krazy_Kremland.mid
snes	_unknown_	KungFuChaptersongII.mid
snes	_unknown_	Kung_Fu_Chapter_-_Inheritance_-_Main_Theme.mid
snes	_unknown_	Kuniokun_DBTitle.mid
snes	_unknown_	Kuwanger.mid
snes	_unknown_	LA-BackgroundStory.mid
snes	_unknown_	LA-CardLady.mid
snes	_unknown_	LABO.mid
snes	_unknown_	LAL-KungFuchapter-Battle.mid
snes	_unknown_	LAL_-_Kung_Fu_Chapter_-_Inheritance_-_Cry-A-Live.mid
snes	_unknown_	LAL_NFChapter_BurikiDaioh.mid
snes	_unknown_	LAL_NFChapter_WaitForTruth.mid
snes	_unknown_	LB3_-_Felest_Tower.mid
snes	_unknown_	LB3_Prologue_Part_4.mid
snes	_unknown_	LEM2BECH.mid
snes	_unknown_	LEM2CIRC.mid
snes	_unknown_	LEM2CLEM.mid
snes	_unknown_	LEM2CLSC.mid
snes	_unknown_	LEM2EGYP.mid
snes	_unknown_	LEM2HLND.mid
snes	_unknown_	LEM2INTR.mid
snes	_unknown_	LEM2MEDI.mid
snes	_unknown_	LEM2MENU.mid
snes	_unknown_	LEM2OUTD.mid
snes	_unknown_	LEM2POLR.mid
snes	_unknown_	LEM2SHAD.mid
snes	_unknown_	LEM2SPAC.mid
snes	_unknown_	LEM2SPRT.mid
snes	_unknown_	LFMGH-102Emergency.mid
snes	_unknown_	LFMGH-111VoiceOfArk.mid
snes	_unknown_	LFMGH-128Galeon.mid
snes	_unknown_	LFMGH-202ARunningFight.mid
snes	_unknown_	LIPSBATT.mid
snes	_unknown_	LOSE.mid
snes	_unknown_	LRnH-InhumanCondition.mid
snes	_unknown_	LRnHDanceWithZombies.mid
snes	_unknown_	LVcomplete.mid
snes	_unknown_	LWAR-DestroyerProgram.mid
snes	_unknown_	LWAR-TriFusion_v1_1.mid
snes	_unknown_	LagCastl.mid
snes	_unknown_	LagoonOpening.mid
snes	_unknown_	Lagoon_Intro.mid
snes	_unknown_	Lambo1st.mid
snes	_unknown_	Land.mid
snes	_unknown_	Last_Castle.mid
snes	_unknown_	Latin_Island.mid
snes	_unknown_	LavaMix.mid
snes	_unknown_	Lavos4.mid
snes	_unknown_	LavosCore%28V1-1%29.mid
snes	_unknown_	LavosRock.mid
snes	_unknown_	Lavos_B.mid
snes	_unknown_	Legend-Intro.mid
snes	_unknown_	Legend-Overworld.mid
snes	_unknown_	Legend-Title.mid
snes	_unknown_	Legendary_Esper.mid
snes	_unknown_	LemOpening.mid
snes	_unknown_	LemTim1.mid
snes	_unknown_	Lennus_Battle_Xg.mid
snes	_unknown_	Lennus_Rag.mid
snes	_unknown_	Lennus_Saskuot_Xg.mid
snes	_unknown_	Lester_The_Unlikely_First_Level.mid
snes	_unknown_	Level3-2.mid
snes	_unknown_	Level3-2Win.mid
snes	_unknown_	Level3.mid
snes	_unknown_	Level3Win.mid
snes	_unknown_	Level5.mid
snes	_unknown_	LevelTheme.mid
snes	_unknown_	Level_1.mid
snes	_unknown_	Level_1_2.mid
snes	_unknown_	Level_2.mid
snes	_unknown_	Level_2_2.mid
snes	_unknown_	Level_3.mid
snes	_unknown_	Level_3_2.mid
snes	_unknown_	Level_4.mid
snes	_unknown_	Level_4_2.mid
snes	_unknown_	Level_5.mid
snes	_unknown_	LightWorld.mid
snes	_unknown_	LightWorldDungeon.mid
snes	_unknown_	LightWorldOvertureXG.mid
snes	_unknown_	Lightys_Theme.mid
snes	_unknown_	LittleD.mid
snes	_unknown_	Little_Master_of_Fire_-_Theme_of_Chaozu.mid
snes	_unknown_	Live-A-Live_-_Psycho_Killing.mid
snes	_unknown_	Live-A-Live_-_Under_The_Fake.mid
snes	_unknown_	LiveALive-_---_-__-_--_---Megalomania.mid
snes	_unknown_	LiveAlive_Lalakira.mid
snes	_unknown_	Live_A_Live_-_Sancho-de-Los-Panchoz_v2.mid
snes	_unknown_	Ln1_04.mid
snes	_unknown_	Locke_Remix.mid
snes	_unknown_	Lockes_Theme.mid
snes	_unknown_	Lockjaw_s_Locker.mid
snes	_unknown_	Lockjaws_Saga.mid
snes	_unknown_	LorcaBatt.mid
snes	_unknown_	Lorenzo_soil_rmx.mid
snes	_unknown_	LostWoods.mid
snes	_unknown_	LostWorld.mid
snes	_unknown_	Lostlevel%27s.mid
snes	_unknown_	Lovaous.mid
snes	_unknown_	LowerMaridia.mid
snes	_unknown_	LowerMaridiaOrch_V2.mid
snes	_unknown_	LowerNorfairOrchestrated.mid
snes	_unknown_	Lower_Norfair_4.mid
snes	_unknown_	Lucca%27s_Theme.mid
snes	_unknown_	Lucca_Theme_v2.mid
snes	_unknown_	LuccasTheme_CyanHelkaraxeRemix__.mid
snes	_unknown_	Luccrem.mid
snes	_unknown_	Luf2btl3.mid
snes	_unknown_	Luf2fod.mid
snes	_unknown_	Luf2lfia.mid
snes	_unknown_	LufIIBat3.mid
snes	_unknown_	Lufia1_v2.mid
snes	_unknown_	Lufia2_For_the_Savior_Xg.mid
snes	_unknown_	Lufia2_Sinistral_Battle_Xg.mid
snes	_unknown_	Lufia2_The_Sorrow_of_Parting.mid
snes	_unknown_	LufiaII-SinistralBattle.mid
snes	_unknown_	Lufia_2_-_The_Earth.mid
snes	_unknown_	Lufia_2_Overworld.mid
snes	_unknown_	Lufia_2_The_Last_Duel_Xg.mid
snes	_unknown_	Lufiabat.mid
snes	_unknown_	Lunar_Pyramid.mid
snes	_unknown_	Lunge_Fish%27s_Theme.mid
snes	_unknown_	LycheeShadow.mid
snes	_unknown_	M1Psylocke.mid
snes	_unknown_	M3-item.mid
snes	_unknown_	M3norfr_V2.mid
snes	_unknown_	M7Ending.mid
snes	_unknown_	MBison.mid
snes	_unknown_	MCGaram2.mid
snes	_unknown_	MCWong.mid
snes	_unknown_	MC_FstMapScreen2.mid
snes	_unknown_	MC_Thanatos.mid
snes	_unknown_	MC_Thanatos_Battle_Intro.mid
snes	_unknown_	MC_Thanatos_Defeated.mid
snes	_unknown_	MC_Thanatos_Pre_Battle.mid
snes	_unknown_	MC_Viscount.mid
snes	_unknown_	MK2Choose_SNES.mid
snes	_unknown_	MKR_Cephiro_Xg.mid
snes	_unknown_	MKR_Emeraude.mid
snes	_unknown_	MN_-_Arcade-Style_Fun.mid
snes	_unknown_	MN_-_Strange_Mans_Home.mid
snes	_unknown_	MPGNAT3-1.mid
snes	_unknown_	MPSPST.mid
snes	_unknown_	MPmelody3.mid
snes	_unknown_	MPntBkg2.mid
snes	_unknown_	MQL_Bone_Dungeon_Remix.mid
snes	_unknown_	MQ_Dark_King_PSR.mid
snes	_unknown_	MQ_Mount_Gale_Xg.mid
snes	_unknown_	MQ_Town_Xg.mid
snes	_unknown_	MQ_Volcano_Gs.mid
snes	_unknown_	MRPG_LtsPlyGno.mid
snes	_unknown_	MRpgSlope.mid
snes	_unknown_	MTMLondonByCryogen.mid
snes	_unknown_	Macros_Scramble_Valkry-Stage6BGM.mid
snes	_unknown_	MadouMonogatariSNES_Battle.mid
snes	_unknown_	MadouMonogatariSNES_Titlev2.mid
snes	_unknown_	Magic_Guy.mid
snes	_unknown_	Magic_Sword_-_At_Brokmars_Gate.mid
snes	_unknown_	Magic_Sword_-_Enemy_Battle.mid
snes	_unknown_	Magic_Sword_-_Hydra.mid
snes	_unknown_	Magic_Sword_-_Title.mid
snes	_unknown_	MagicalQuest-Level1_Treetops.mid
snes	_unknown_	Magical_Popun_Stage_1.mid
snes	_unknown_	MagnaCentipede.mid
snes	_unknown_	Magna_Centapede3.mid
snes	_unknown_	Magna_Centipede_2.mid
snes	_unknown_	MagusRem.mid
snes	_unknown_	MagusTechno.mid
snes	_unknown_	Magus_7.mid
snes	_unknown_	Magus_Theme_v2.mid
snes	_unknown_	Main_Room.mid
snes	_unknown_	Main_Theme-1.mid
snes	_unknown_	Main_Theme.mid
snes	_unknown_	MakaMaka-Town2.mid
snes	_unknown_	MakaMaka-UlulnoChichiisdead.mid
snes	_unknown_	ManaPalace.mid
snes	_unknown_	Mansion_Attic.mid
snes	_unknown_	Map.mid
snes	_unknown_	MarbleAlley.mid
snes	_unknown_	Maridia1.mid
snes	_unknown_	Mario3MusicBox.mid
snes	_unknown_	Mario3Sky.mid
snes	_unknown_	Mario3World3.mid
snes	_unknown_	Mario3World4.mid
snes	_unknown_	Mario3World6.mid
snes	_unknown_	Mario3_Level2.mid
snes	_unknown_	Mario3_World2.mid
snes	_unknown_	MarioPaint.mid
snes	_unknown_	MarioRPG_Full_Ending.mid
snes	_unknown_	Mario_House.mid
snes	_unknown_	Mario_Paint_Twinkle.mid
snes	_unknown_	Mario_World_-_Bonus.mid
snes	_unknown_	Marx2.mid
snes	_unknown_	Marx5.mid
snes	_unknown_	Mary.mid
snes	_unknown_	MasterSword.mid
snes	_unknown_	MaverickIntro.mid
snes	_unknown_	Mcfang-FighterIsland.mid
snes	_unknown_	Mechanical_Battle.mid
snes	_unknown_	Medina2.mid
snes	_unknown_	MegaManJunkMan.mid
snes	_unknown_	MegaManSoccer_-_RockField.mid
snes	_unknown_	MegaManX-SigmaFirstBattle.mid
snes	_unknown_	MegaManX2-MagnaCentipede-Star89er.mid
snes	_unknown_	MegaManX2-Sigma1FirstEncounter.mid
snes	_unknown_	MegaManX2_BubbleCrab.mid
snes	_unknown_	MegaManX2_CrystalSnail.mid
snes	_unknown_	MegaManX2_FlameStag.mid
snes	_unknown_	MegaManX2_MagnaCentipede.mid
snes	_unknown_	MegaManX2_Morphmoth.mid
snes	_unknown_	MegaManX2_OverdriveOstrich.mid
snes	_unknown_	MegaManX2_WireSponge.mid
snes	_unknown_	MegaManX3-DopplerBattle.mid
snes	_unknown_	MegaManX3-VoltCatfish.mid
snes	_unknown_	MegaManX3_BlastHornet.mid
snes	_unknown_	MegaManX3_IntroStage.mid
snes	_unknown_	MegaManX3_NeonTiger.mid
snes	_unknown_	MegaManX3_TunnelRhino.mid
snes	_unknown_	MegaManX_ChillPenguin.mid
snes	_unknown_	Mega_Man_7-_Cloud_Man.mid
snes	_unknown_	Mega_Man_7-_Shade_Man.mid
snes	_unknown_	Mega_Man_7_-_Wily_Castle_4.mid
snes	_unknown_	Mega_Man_X_2_Credits.mid
snes	_unknown_	MegamanX3-Zero.mid
snes	_unknown_	MegamanX_Kuwanger.mid
snes	_unknown_	Megaman_7_-_Intro_Stage_%28Ver._X.X%292.mid
snes	_unknown_	Melto_BattleSoccer2.mid
snes	_unknown_	Memories.mid
snes	_unknown_	Menu.mid
snes	_unknown_	Metal_Works.mid
snes	_unknown_	Meteos.mid
snes	_unknown_	Metsavespot.mid
snes	_unknown_	MickeyManiaSteamboat.mid
snes	_unknown_	MickeyManiaTable.mid
snes	_unknown_	Midgard.mid
snes	_unknown_	Midori.mid
snes	_unknown_	MikeRan.mid
snes	_unknown_	MilkyWayLegend.mid
snes	_unknown_	Millennial_Fair.mid
snes	_unknown_	Mines.mid
snes	_unknown_	Minor-Circuit.mid
snes	_unknown_	Mninja-Mole.mid
snes	_unknown_	Molevmtn.mid
snes	_unknown_	MonkeyCave.mid
snes	_unknown_	Monstro_Town.mid
snes	_unknown_	Monstroshi.mid
snes	_unknown_	More_than_words.mid
snes	_unknown_	MorphMothTerror.mid
snes	_unknown_	Mortal_Kombat_-_Choose_Your_Fighter_%28MWS_v1.0%29.mid
snes	_unknown_	Mountains.mid
snes	_unknown_	Mpntbgm1.mid
snes	_unknown_	MushroomKingdom.mid
snes	_unknown_	MushroomWay.mid
snes	_unknown_	Mushroom_Kingdom2.mid
snes	_unknown_	Mushroom_Kingdom_Anthem.mid
snes	_unknown_	Music_0.mid
snes	_unknown_	Music_7.mid
snes	_unknown_	Music_Number_84.mid
snes	_unknown_	Mute_City_%28Better%29.mid
snes	_unknown_	Mwvalley.mid
snes	_unknown_	Mwvnilla.mid
snes	_unknown_	MyHomeSweetHome.mid
snes	_unknown_	My_Chrono_Fanfare.mid
snes	_unknown_	My_Lower_Brinstar.mid
snes	_unknown_	MysticArk_Mta_38.mid
snes	_unknown_	Mystyle.mid
snes	_unknown_	NBAJamRK3Kv2.mid
snes	_unknown_	NBALive97_menu_zb.mid
snes	_unknown_	NG_I_and_III_Death_Theme.mid
snes	_unknown_	NHLPA93_Main_Theme-KM.mid
snes	_unknown_	NWA_stage1.mid
snes	_unknown_	NWStage5-2.mid
snes	_unknown_	NewContinent.mid
snes	_unknown_	New_Junk_City.mid
snes	_unknown_	New_Junk_City_%28Jazz_Mix%29.mid
snes	_unknown_	Night798.mid
snes	_unknown_	Night_Shift.mid
snes	_unknown_	Ninja_Warriors_Again-Stage7-BGM.mid
snes	_unknown_	Ninja_Warriors_Again-stage5-1.mid
snes	_unknown_	No_Hope.mid
snes	_unknown_	No_Match_for_me_-_Theme_of_Picollo.mid
snes	_unknown_	Norfair2.mid
snes	_unknown_	Northwall1.mid
snes	_unknown_	Northwall2.mid
snes	_unknown_	Northwall4.mid
snes	_unknown_	Nova.mid
snes	_unknown_	Nuclear_Fusion.mid
snes	_unknown_	OB_-_Go-go_March.mid
snes	_unknown_	OH_IM_A_FLAMELET__.mid
snes	_unknown_	OL_StarFox2_Space.mid
snes	_unknown_	OUT_OF_THIS_WORLD_-_FATALITY.mid
snes	_unknown_	Ocean.mid
snes	_unknown_	Oh_My_God.mid
snes	_unknown_	OldHouseofSabe.mid
snes	_unknown_	Old_Hill.mid
snes	_unknown_	Once_Upon_a_Time.mid
snes	_unknown_	Opener.mid
snes	_unknown_	Opening2.mid
snes	_unknown_	Opening_%28Ver._1.2%29.mid
snes	_unknown_	Opening_1.mid
snes	_unknown_	Opening_KJMix.mid
snes	_unknown_	Opera_House_Rag_%28Orchestrated%29.mid
snes	_unknown_	Opera_House_Rag_%28Piano%29%7BV1.1%7D.mid
snes	_unknown_	Organ2.mid
snes	_unknown_	Out_To_Lunch_title.mid
snes	_unknown_	Out_to_luwt1.mid
snes	_unknown_	Overture_Part_C.mid
snes	_unknown_	Overworld576.mid
snes	_unknown_	Overworld_2.mid
snes	_unknown_	PBobble.mid
snes	_unknown_	PHANTOMT.mid
snes	_unknown_	PHILIPSC.mid
snes	_unknown_	PLOK_Beach_v2.mid
snes	_unknown_	PLOK_Creepy_Crag.mid
snes	_unknown_	PLOK_Ploks_House.mid
snes	_unknown_	PNTB_l41.mid
snes	_unknown_	PNTB_title.mid
snes	_unknown_	POP_Sound7_Gs.mid
snes	_unknown_	PROJETO.mid
snes	_unknown_	PTtwilit.mid
snes	_unknown_	P_wings-gm.mid
snes	_unknown_	P_wings-sc.mid
snes	_unknown_	Palace_2.mid
snes	_unknown_	PandR_CutScene.mid
snes	_unknown_	PandR_MainMenu.mid
snes	_unknown_	PandR_Stage1.mid
snes	_unknown_	PandR_Stage2_fixed.mid
snes	_unknown_	PandR_Stage6.mid
snes	_unknown_	PandR_credits.mid
snes	_unknown_	Papuwa_Stage_1.mid
snes	_unknown_	Parade.mid
snes	_unknown_	Paranoid2.mid
snes	_unknown_	Parodius_-_Twinbees_Theme.mid
snes	_unknown_	Patlabor-Enging.mid
snes	_unknown_	Patlabor_Tr15.mid
snes	_unknown_	PdP-Title.mid
snes	_unknown_	Peaceful_Village.mid
snes	_unknown_	Phalanx-Ending_BGM.mid
snes	_unknown_	Phalanx_-_Level_4_-_Deep_Core.mid
snes	_unknown_	Phantasia.mid
snes	_unknown_	Phantom.mid
snes	_unknown_	PhantomTrain.mid
snes	_unknown_	Phantomf.mid
snes	_unknown_	Philips-Castle.mid
snes	_unknown_	Pilot2.mid
snes	_unknown_	PilotwingBreifing.mid
snes	_unknown_	PipeVault.mid
snes	_unknown_	Pirate_Guy.mid
snes	_unknown_	Pirates_ahoy.mid
snes	_unknown_	PistonHurricane.mid
snes	_unknown_	Place_In_The_Sun.mid
snes	_unknown_	Plkbonus.mid
snes	_unknown_	Plktitle.mid
snes	_unknown_	PlokRockets.mid
snes	_unknown_	PlokWins.mid
snes	_unknown_	Plok_BreezyBeach.mid
snes	_unknown_	Plok_CreepyCrag.mid
snes	_unknown_	Plok_Rocket_Launcherv2.mid
snes	_unknown_	PoF.mid
snes	_unknown_	Poper.mid
snes	_unknown_	PortTown.mid
snes	_unknown_	Port_Town%21.mid
snes	_unknown_	Port_v1.mid
snes	_unknown_	Portal.mid
snes	_unknown_	Powell3.mid
snes	_unknown_	Power2.mid
snes	_unknown_	Power_Athlete_-_Bonus_Game.mid
snes	_unknown_	Predance.mid
snes	_unknown_	ProgCredits.mid
snes	_unknown_	ProtoField1-1ByCryogen.mid
snes	_unknown_	Provoke_me_and_i%27ll_crush_you_-_Theme_of_Son_Gohan.mid
snes	_unknown_	Ptrgunn.mid
snes	_unknown_	Pureland2.mid
snes	_unknown_	PushOver-Level5-1.mid
snes	_unknown_	PushOver-Level5.mid
snes	_unknown_	PushOver-Level6-1.mid
snes	_unknown_	PushOver-Level6.mid
snes	_unknown_	Push_Japan.mid
snes	_unknown_	Push_Mechano_fix.mid
snes	_unknown_	Push_Quaver.mid
snes	_unknown_	Push_Title.mid
snes	_unknown_	Quagmire.mid
snes	_unknown_	RD_-_Final_Confrontation.mid
snes	_unknown_	RDream-UnderMoonlight.mid
snes	_unknown_	REDSWIRL.mid
snes	_unknown_	RETIRE.mid
snes	_unknown_	RFColdMan.mid
snes	_unknown_	RFGroundManXG.mid
snes	_unknown_	RFIntroStage.mid
snes	_unknown_	RH_A05S.mid
snes	_unknown_	RH_LiveALive_LivingInABattle.mid
snes	_unknown_	RH_TinStar_GallopStage.mid
snes	_unknown_	RPGMaker-Overworld.mid
snes	_unknown_	RPGNimbusLandAS.mid
snes	_unknown_	RYDIA.mid
snes	_unknown_	RYTHM.mid
snes	_unknown_	Race_Against_Johnny.mid
snes	_unknown_	Rachel.mid
snes	_unknown_	RadicalRexDinoGutsByCryogen.mid
snes	_unknown_	RainbowRoad.mid
snes	_unknown_	Ravines4.mid
snes	_unknown_	Ready_Go%21.mid
snes	_unknown_	Records%28BEST%29.mid
snes	_unknown_	Red_Canyon.mid
snes	_unknown_	Restaurant.mid
snes	_unknown_	Retro_Hippie.mid
snes	_unknown_	Rfwily.mid
snes	_unknown_	Rhodes_1a.mid
snes	_unknown_	RickRolled.mid
snes	_unknown_	RnH-TFatA.mid
snes	_unknown_	RnH-The_Ultimate_Warrior.mid
snes	_unknown_	RnH-UnderwaterCity.mid
snes	_unknown_	RnHBattleForFieldsByCryogen.mid
snes	_unknown_	RnHRomaByCryogen.mid
snes	_unknown_	RnHShiviathanByCryogen.mid
snes	_unknown_	RnH_BattleForTheFields.mid
snes	_unknown_	RnH_Battle_of_the_Last_Enemy_-_Damned.mid
snes	_unknown_	RnH_Parade.mid
snes	_unknown_	RnH_The_Flame_and_The_Arrow.mid
snes	_unknown_	RnH_Whistle_Down_the_Wind.mid
snes	_unknown_	RoboMap.mid
snes	_unknown_	RoboX.mid
snes	_unknown_	Robo_Theme_v2.mid
snes	_unknown_	Robos_Theme_V4.mid
snes	_unknown_	RockAndForteGameOverByCryogen.mid
snes	_unknown_	RockfaceRumble.mid
snes	_unknown_	Rockface_Rumble_2.mid
snes	_unknown_	Rolling_Cradle.mid
snes	_unknown_	RomancingSaGa3_Katarina-simplearr_XG.mid
snes	_unknown_	RomancingSaga2_eplog.mid
snes	_unknown_	RomancingSaga3_bat1.mid
snes	_unknown_	RomancingSaga3_bat2.mid
snes	_unknown_	RomancingSaga3_field.mid
snes	_unknown_	RomancingSaga3_gnite.mid
snes	_unknown_	RomancingSaga3_lance.mid
snes	_unknown_	RomancingSaga3_leon.mid
snes	_unknown_	RomancingSaga3_march.mid
snes	_unknown_	RomancingSaga3_monik.mid
snes	_unknown_	RomancingSaga3_pcave.mid
snes	_unknown_	RomancingSaga3_podor.mid
snes	_unknown_	RomancingSaga3_thret.mid
snes	_unknown_	RomancingSaga3_title.mid
snes	_unknown_	RomancingSaga3_tomas.mid
snes	_unknown_	RomancingSaga3_voyag.mid
snes	_unknown_	Rosetown.mid
snes	_unknown_	Rowasae.mid
snes	_unknown_	Rudora_no_Hihou_Clockwork_Steeple_DW.mid
snes	_unknown_	Rudora_no_Hihou_Creatures_from_the_Silent_Sea_DW.mid
snes	_unknown_	Rudora_no_Hihou_Night_Gallery_DW.mid
snes	_unknown_	Rudora_no_Hihou_Storm_Over_The_Place_DW.mid
snes	_unknown_	Rules.mid
snes	_unknown_	Run_For_It.mid
snes	_unknown_	Run_Saber_Track_2.mid
snes	_unknown_	RydiaRemix.mid
snes	_unknown_	Ryu%27s_Stage.mid
snes	_unknown_	Ryu.mid
snes	_unknown_	SAI-FollowTheWind.mid
snes	_unknown_	SAI2FairTina.mid
snes	_unknown_	SAI2HiyaHiyaIslandByCryogen.mid
snes	_unknown_	SAI2SalaSalaIslandByCryogen.mid
snes	_unknown_	SAI2WorldMap.mid
snes	_unknown_	SB2_Map.mid
snes	_unknown_	SB2_Stage_1.mid
snes	_unknown_	SB2_Stage_2.mid
snes	_unknown_	SB5Zone2.mid
snes	_unknown_	SB5Zone3.mid
snes	_unknown_	SB5Zone3XG.mid
snes	_unknown_	SB5Zone4.mid
snes	_unknown_	SB5_zone5B_musicbox.mid
snes	_unknown_	SB5_zone5d_magnets.mid
snes	_unknown_	SBB2-01.mid
snes	_unknown_	SBGameOver.mid
snes	_unknown_	SBM5Battle2.mid
snes	_unknown_	SBM5Battle2_critical.mid
snes	_unknown_	SBM5Zone1.mid
snes	_unknown_	SBTitleScreen.mid
snes	_unknown_	SB_Ode_To_Lisa_Xg.mid
snes	_unknown_	SBomb1-Battle.mid
snes	_unknown_	SBomb1-Clear.mid
snes	_unknown_	SBomb1-Credits.mid
snes	_unknown_	SBomb1-Draw.mid
snes	_unknown_	SBomb1-Map.mid
snes	_unknown_	SBomb1-Menu.mid
snes	_unknown_	SBomb1-Over.mid
snes	_unknown_	SBomb1-Stage1.mid
snes	_unknown_	SBomb1-Stage2.mid
snes	_unknown_	SBomb1-Stage3.mid
snes	_unknown_	SBomb1-Stage4.mid
snes	_unknown_	SBomb1-Stage5.mid
snes	_unknown_	SBomb1-Stage6.mid
snes	_unknown_	SBomb1-Start.mid
snes	_unknown_	SBomb1-Title.mid
snes	_unknown_	SBomb2-Battle1.mid
snes	_unknown_	SBomb2-Battle2.mid
snes	_unknown_	SBomb2-Battle3.mid
snes	_unknown_	SBomb2-Clear.mid
snes	_unknown_	SBomb2-Continue.mid
snes	_unknown_	SBomb2-Credits.mid
snes	_unknown_	SBomb2-Draw.mid
snes	_unknown_	SBomb2-Map1.mid
snes	_unknown_	SBomb2-Map2.mid
snes	_unknown_	SBomb2-Menu.mid
snes	_unknown_	SBomb2-Roulette.mid
snes	_unknown_	SBomb2-Stage1.mid
snes	_unknown_	SBomb2-Stage2.mid
snes	_unknown_	SBomb2-Stage3.mid
snes	_unknown_	SBomb2-Stage4.mid
snes	_unknown_	SBomb2-Stage5.mid
snes	_unknown_	SBomb2-Start.mid
snes	_unknown_	SBomb2-Story.mid
snes	_unknown_	SBomb2-Title.mid
snes	_unknown_	SBomb3-Battle.mid
snes	_unknown_	SBomb3-Clear.mid
snes	_unknown_	SBomb3-Continue.mid
snes	_unknown_	SBomb3-Credits.mid
snes	_unknown_	SBomb3-Death.mid
snes	_unknown_	SBomb3-Draw.mid
snes	_unknown_	SBomb3-Ending.mid
snes	_unknown_	SBomb3-Map1.mid
snes	_unknown_	SBomb3-Map2.mid
snes	_unknown_	SBomb3-Map3.mid
snes	_unknown_	SBomb3-Map4.mid
snes	_unknown_	SBomb3-Menu1.mid
snes	_unknown_	SBomb3-Menu2.mid
snes	_unknown_	SBomb3-Stage1.mid
snes	_unknown_	SBomb3-Stage2.mid
snes	_unknown_	SBomb3-Stage3.mid
snes	_unknown_	SBomb3-Stage4.mid
snes	_unknown_	SBomb3-Stage5.mid
snes	_unknown_	SBomb3-Stage6.mid
snes	_unknown_	SBomb3-Start.mid
snes	_unknown_	SBomb3-Story1.mid
snes	_unknown_	SBomb3-Story2.mid
snes	_unknown_	SBomb3-TheEnd.mid
snes	_unknown_	SBomb3-Title.mid
snes	_unknown_	SBomb4-Battle.mid
snes	_unknown_	SBomb4-Bonus.mid
snes	_unknown_	SBomb4-Credits.mid
snes	_unknown_	SBomb4-Over.mid
snes	_unknown_	SBomb4-Story.mid
snes	_unknown_	SBomb4-Title.mid
snes	_unknown_	SBomb4-World1.mid
snes	_unknown_	SBomb4-World2.mid
snes	_unknown_	SBomb4-World3.mid
snes	_unknown_	SBomb4-World4.mid
snes	_unknown_	SBomb4-World5.mid
snes	_unknown_	SBonk_Sky.mid
snes	_unknown_	SBonk_Voice.mid
snes	_unknown_	SBonk_Water.mid
snes	_unknown_	SC-Megaoplis-XG.mid
snes	_unknown_	SC-Megaoplis.mid
snes	_unknown_	SC_-_Capital.mid
snes	_unknown_	SCfired.mid
snes	_unknown_	SD3Altena.mid
snes	_unknown_	SD3Beast.mid
snes	_unknown_	SD3Cave.mid
snes	_unknown_	SD3Dark.mid
snes	_unknown_	SD3Desert.mid
snes	_unknown_	SD3Elemental.mid
snes	_unknown_	SD3Evil.mid
snes	_unknown_	SD3Hideout.mid
snes	_unknown_	SD3Highlands.mid
snes	_unknown_	SD3Holyland.mid
snes	_unknown_	SD3Jado.mid
snes	_unknown_	SD3Menace.mid
snes	_unknown_	SD3Rolante-1.mid
snes	_unknown_	SD3Rolante.mid
snes	_unknown_	SD3Sad.mid
snes	_unknown_	SD3Square.mid
snes	_unknown_	SD3Tropical.mid
snes	_unknown_	SD3_-_Can_You_Fly_Sister.mid
snes	_unknown_	SD3_-_Decision_Bell.mid
snes	_unknown_	SD3_-_Don%27t_Hunt_the_Fairy.mid
snes	_unknown_	SD3_-_High_Tension_Wire.mid
snes	_unknown_	SD3_-_Innocent_Sea.mid
snes	_unknown_	SD3_-_Innocent_Water.mid
snes	_unknown_	SD3_-_Last_Audience.mid
snes	_unknown_	SD3_-_Little_Sweet_Cafe.mid
snes	_unknown_	SD3_-_Meridian_Child.mid
snes	_unknown_	SD3_-_Nuclear_Fusion.mid
snes	_unknown_	SD3_-_Positive.mid
snes	_unknown_	SD3_-_Raven.mid
snes	_unknown_	SD3_-_Rolling_Cradle.mid
snes	_unknown_	SD3_-_Swivel_-_GM.mid
snes	_unknown_	SD3_-_Weird_Counterpoint.mid
snes	_unknown_	SD3_-_Whiz_Kid.mid
snes	_unknown_	SD3_Faith_Total_Machine_v2.mid
snes	_unknown_	SD3_Persons_Die.mid
snes	_unknown_	SD3_Religion_Thunder.mid
snes	_unknown_	SD3_Splash_Hop.mid
snes	_unknown_	SD3b.mid
snes	_unknown_	SD3cas.mid
snes	_unknown_	SD3cfs.mid
snes	_unknown_	SD3decision.mid
snes	_unknown_	SD3drum.mid
snes	_unknown_	SD3fear.mid
snes	_unknown_	SD3inno.mid
snes	_unknown_	SD3lscafe.mid
snes	_unknown_	SD3meri.mid
snes	_unknown_	SD3mountain.mid
snes	_unknown_	SD3path.mid
snes	_unknown_	SD3powe.mid
snes	_unknown_	SD3retu.mid
snes	_unknown_	SD3roll.mid
snes	_unknown_	SDrakkhen_Despair.mid
snes	_unknown_	SDrakkhen_Secleta.mid
snes	_unknown_	SEDF_FirstEncounterByCryogen.mid
snes	_unknown_	SEMap.mid
snes	_unknown_	SEREMIX.mid
snes	_unknown_	SGAGConitune.mid
snes	_unknown_	SGAGGameover.mid
snes	_unknown_	SIEGFRDC.mid
snes	_unknown_	SIH_Game_Match_1-KM.mid
snes	_unknown_	SINILINK.mid
snes	_unknown_	SMA2CASTLE.mid
snes	_unknown_	SMA2_Finale.mid
snes	_unknown_	SMA2_Wart.mid
snes	_unknown_	SMAS-Academy.mid
snes	_unknown_	SMAS-Ark.mid
snes	_unknown_	SMAS-Cave.mid
snes	_unknown_	SMAS-Challenge.mid
snes	_unknown_	SMAS-Crisis.mid
snes	_unknown_	SMAS-DemonApsu.mid
snes	_unknown_	SMAS-Ending.mid
snes	_unknown_	SMAS-Kingdom.mid
snes	_unknown_	SMAS-LoadGame.mid
snes	_unknown_	SMAS-Moon.mid
snes	_unknown_	SMAS-Mystery.mid
snes	_unknown_	SMAS-NPole.mid
snes	_unknown_	SMAS-OpBattle.mid
snes	_unknown_	SMAS-OpSenshi.mid
snes	_unknown_	SMAS-Over.mid
snes	_unknown_	SMAS-Sad.mid
snes	_unknown_	SMAS-Shrine.mid
snes	_unknown_	SMAS-Sleep.mid
snes	_unknown_	SMAS-TSDoor.mid
snes	_unknown_	SMAS-Temple.mid
snes	_unknown_	SMAS-Tuxedo.mid
snes	_unknown_	SMAS-Yaga.mid
snes	_unknown_	SMASCave.mid
snes	_unknown_	SMASCrystalTokyoByCryogen.mid
snes	_unknown_	SMASInfinitySchool-V1.1.mid
snes	_unknown_	SMASJuubanByCryogen.mid
snes	_unknown_	SMASMediasByCryogen.mid
snes	_unknown_	SMASMysterious-V1.1.mid
snes	_unknown_	SMASRuinedMillenniumByCryogen.mid
snes	_unknown_	SMASYagaByCryogen.mid
snes	_unknown_	SMASoppositio.mid
snes	_unknown_	SMA_SM3BROS_Water.mid
snes	_unknown_	SMT_DMusic.mid
snes	_unknown_	SMtrd_Brinstar_1-KM.mid
snes	_unknown_	SMtrd_Lower_Maridia-KM.mid
snes	_unknown_	SNESChaChaTitle.mid
snes	_unknown_	SNES_Earth_Bound_Onett.mid
snes	_unknown_	SNES_JOP_Menu_V1.mid
snes	_unknown_	SNES_L2_Sinstral_Battle_Remix_V1.mid
snes	_unknown_	SNES_Mega_Man_X2_X-Hunter_Stage_1.mid
snes	_unknown_	SNES_Mega_Man_X2_Zero_Battle.mid
snes	_unknown_	SNES_Metal_Max_2_Final_Battle.mid
snes	_unknown_	SNES_Metal_Max_Returns_Minchi.mid
snes	_unknown_	SNES_Metal_Max_Returns_Town_3.mid
snes	_unknown_	SNES_Romancing_SaGa_3_Last_Battle.mid
snes	_unknown_	SNES_Toki_Memo_Art_Gallery.mid
snes	_unknown_	SNES_Toki_Memo_Autumn.mid
snes	_unknown_	SNES_Toki_Memo_Ayako.mid
snes	_unknown_	SNES_Toki_Memo_Bad_Ending.mid
snes	_unknown_	SNES_Toki_Memo_Boutique.mid
snes	_unknown_	SNES_Toki_Memo_CentralPark.mid
snes	_unknown_	SNES_Toki_Memo_Central_Park.mid
snes	_unknown_	SNES_Toki_Memo_Chief.mid
snes	_unknown_	SNES_Toki_Memo_Concert_Hall.mid
snes	_unknown_	SNES_Toki_Memo_Fireworks.mid
snes	_unknown_	SNES_Toki_Memo_Good_Ending.mid
snes	_unknown_	SNES_Toki_Memo_Good_Ending_Part_2.mid
snes	_unknown_	SNES_Toki_Memo_Good_Ending_Part_3.mid
snes	_unknown_	SNES_Toki_Memo_Green_Gurden.mid
snes	_unknown_	SNES_Toki_Memo_Intro.mid
snes	_unknown_	SNES_Toki_Memo_Junk_Shop.mid
snes	_unknown_	SNES_Toki_Memo_Karaoke.mid
snes	_unknown_	SNES_Toki_Memo_Library.mid
snes	_unknown_	SNES_Toki_Memo_Lonely_Christmas.mid
snes	_unknown_	SNES_Toki_Memo_Megumi.mid
snes	_unknown_	SNES_Toki_Memo_Menu.mid
snes	_unknown_	SNES_Toki_Memo_Miharu.mid
snes	_unknown_	SNES_Toki_Memo_Mio.mid
snes	_unknown_	SNES_Toki_Memo_Mira.mid
snes	_unknown_	SNES_Toki_Memo_Nozomi.mid
snes	_unknown_	SNES_Toki_Memo_Planetarium.mid
snes	_unknown_	SNES_Toki_Memo_Pool.mid
snes	_unknown_	SNES_Toki_Memo_Rei.mid
snes	_unknown_	SNES_Toki_Memo_Saki.mid
snes	_unknown_	SNES_Toki_Memo_Shiori.mid
snes	_unknown_	SNES_Toki_Memo_Skating.mid
snes	_unknown_	SNES_Toki_Memo_Spring.mid
snes	_unknown_	SNES_Toki_Memo_Spring_Break.mid
snes	_unknown_	SNES_Toki_Memo_Title.mid
snes	_unknown_	SNES_Toki_Memo_Valentines_Day.mid
snes	_unknown_	SNES_Toki_Memo_Winter.mid
snes	_unknown_	SNES_Toki_Memo_Winter_Break.mid
snes	_unknown_	SNES_Toki_Memo_Yukari.mid
snes	_unknown_	SNES_Toki_Memo_Yuko2.mid
snes	_unknown_	SNES_Toki_Memo_Zoo.mid
snes	_unknown_	SNOW.mid
snes	_unknown_	SOEHorace-GM.mid
snes	_unknown_	SOEHorace-SC8850.mid
snes	_unknown_	SOM1.mid
snes	_unknown_	SOM27.mid
snes	_unknown_	SOM31.mid
snes	_unknown_	SOM36.mid
snes	_unknown_	SOMDesert-SC8850.mid
snes	_unknown_	SOMDesert.mid
snes	_unknown_	SOMGUTRI.mid
snes	_unknown_	SOMUNDER.mid
snes	_unknown_	SOM_Monarch_On_The_Shore.mid
snes	_unknown_	SOM_One_Of_Them_Is_Hope_v2.mid
snes	_unknown_	SOM_WindEnds_Relaxing_Remix.mid
snes	_unknown_	SOMlev.mid
snes	_unknown_	SOR_Game_Setup.mid
snes	_unknown_	SPOcirc2.mid
snes	_unknown_	SPOcirc4.mid
snes	_unknown_	SPOthm13.mid
snes	_unknown_	SPTitle.mid
snes	_unknown_	SP_-_Japan.mid
snes	_unknown_	SQ-Credits.mid
snes	_unknown_	SQ-Intro2.mid
snes	_unknown_	SQ-Stage2.mid
snes	_unknown_	SQ-StageClear1.mid
snes	_unknown_	SQ-StageClear2.mid
snes	_unknown_	SQUARE%2C_the_Wedding_Music_King.mid
snes	_unknown_	SRFXCity.mid
snes	_unknown_	SRFXRslt.mid
snes	_unknown_	SRFX_City_Trax.mid
snes	_unknown_	SRFX_Easy_Ride.mid
snes	_unknown_	SRFX_Ending.mid
snes	_unknown_	SRFX_Get_Ready_%28Stunt%29.mid
snes	_unknown_	SRFX_King%27s_Forest.mid
snes	_unknown_	SRFX_Lost.mid
snes	_unknown_	SRFX_Ready.mid
snes	_unknown_	SRFX_Retire_Menu.mid
snes	_unknown_	STN_INTL.mid
snes	_unknown_	STSchala.mid
snes	_unknown_	STTNG.mid
snes	_unknown_	SUBMARIN.mid
snes	_unknown_	SUNSET1.mid
snes	_unknown_	SUPERSWIV_Level_4.mid
snes	_unknown_	SV-MC_Super_Villains-KM.mid
snes	_unknown_	SVX_Gambit.mid
snes	_unknown_	SXM_Gambit-KM.mid
snes	_unknown_	Sacred_Flute.mid
snes	_unknown_	SacrificePart3.mid
snes	_unknown_	Sadtheme.mid
snes	_unknown_	Sage%27sRescue.mid
snes	_unknown_	Sai_1-1.mid
snes	_unknown_	Sai_2-1.mid
snes	_unknown_	Sai_2-3.mid
snes	_unknown_	SailorMoonAS_Juuban.mid
snes	_unknown_	SailorMoonR_GnomeForest.mid
snes	_unknown_	SailorMoonR_Jungle.mid
snes	_unknown_	SailorMoonR_ResultTable.mid
snes	_unknown_	SailorMoonR_crystaltok.mid
snes	_unknown_	SailorMoonR_end.mid
snes	_unknown_	SailorMoonR_esmerude.mid
snes	_unknown_	SailorMoonR_forest.mid
snes	_unknown_	SailorMoonR_intro1.mid
snes	_unknown_	SailorMoonR_intro2.mid
snes	_unknown_	SailorMoonR_moon.mid
snes	_unknown_	SailorMoonR_pal2.mid
snes	_unknown_	SailorMoonR_sold.mid
snes	_unknown_	Saiyans.mid
snes	_unknown_	Saleste_clear1v2.mid
snes	_unknown_	Saleste_l1_1.mid
snes	_unknown_	Saleste_l21.mid
snes	_unknown_	Saleste_l51.mid
snes	_unknown_	Saleste_l7.mid
snes	_unknown_	Saleste_title.mid
snes	_unknown_	Samus_Goes_Shopping_In_Winlan_dw.mid
snes	_unknown_	SandCanyonMap.mid
snes	_unknown_	SandOcean2.mid
snes	_unknown_	SandOceanFZXRmx.mid
snes	_unknown_	Sand_Ocean_-_Remix_V2.mid
snes	_unknown_	Sara_Rules%21.mid
snes	_unknown_	Save_Them.mid
snes	_unknown_	Schala13.mid
snes	_unknown_	Schalas_Theme.mid
snes	_unknown_	Sd3Sac1HPimp.mid
snes	_unknown_	Sdd-title.mid
snes	_unknown_	Sdg2vsbt.mid
snes	_unknown_	Searching_For_Friends.mid
snes	_unknown_	SeasideTown.mid
snes	_unknown_	See_Jim_Run_Run_Jim_Run.mid
snes	_unknown_	SeikenDensetsu2FairyChild.mid
snes	_unknown_	SeikenDensetsu2PureNight.mid
snes	_unknown_	SeikenDensetsu3_MeridianChild.mid
snes	_unknown_	SeikenDensetsu3_Paths.mid
snes	_unknown_	Seiken_D._Sub-Zero_Forest_w_end.mid
snes	_unknown_	Seiken_Densetsu_2-sad_town.mid
snes	_unknown_	Seiken_Densetsu_2_-_Far_Thunder.mid
snes	_unknown_	Seiken_Densetsu_2_-_Happenings_on_a_Moonlit_Night.mid
snes	_unknown_	Seiken_Densetsu_2_-_Into_the_Thick_of_it.mid
snes	_unknown_	Seiken_Densetsu_2_-_Kind_Memories.mid
snes	_unknown_	Seiken_Densetsu_2_-_Meridian_Dance.mid
snes	_unknown_	Seiken_Densetsu_2_-_Prophecy.mid
snes	_unknown_	Seiken_Densetsu_2_-_Rose_and_Ghost.mid
snes	_unknown_	Seiken_Densetsu_2_-_Spirit_of_the_Night.mid
snes	_unknown_	Seiken_Densetsu_2_-_Tell_a_Strange_Tale.mid
snes	_unknown_	Seiken_Densetsu_2_-_The_Fairy_Child.mid
snes	_unknown_	Seiken_Densetsu_2_-_The_Holy_Intruder.mid
snes	_unknown_	Seiken_Densetsu_2_-_The_Legend.mid
snes	_unknown_	Seiken_Densetsu_2_-_The_Orphan_of_Storm.mid
snes	_unknown_	Seiken_Densetsu_2_-_The_Second_Truth_From_the_Left.mid
snes	_unknown_	Seiken_Densetsu_2_-_The_Wind_Never_Ceases.mid
snes	_unknown_	Seiken_Densetsu_2_-_What_the_Forest_Taught_Me.mid
snes	_unknown_	Seiken_Densetsu_3_Another_Winter.mid
snes	_unknown_	Serpant_Trench%28Enhanced%29.mid
snes	_unknown_	Sgg5.mid
snes	_unknown_	Sgg6.mid
snes	_unknown_	Sggb1.mid
snes	_unknown_	Sggb2.mid
snes	_unknown_	Sggb3.mid
snes	_unknown_	Sggb6.mid
snes	_unknown_	ShademanByCryogen.mid
snes	_unknown_	Shadowrun-HotelRoom.mid
snes	_unknown_	Shampoo_Airen_My_Husband.mid
snes	_unknown_	Shenron.mid
snes	_unknown_	Shop.mid
snes	_unknown_	Shop10.mid
snes	_unknown_	Sigma1stbattleedit.mid
snes	_unknown_	Sigma3-2.mid
snes	_unknown_	Sigma4.mid
snes	_unknown_	SigmaBattle1.mid
snes	_unknown_	SigmaBattle2.mid
snes	_unknown_	SigmaEpsilon.mid
snes	_unknown_	SigmaReform.mid
snes	_unknown_	Sigma_Stage_1.mid
snes	_unknown_	Sigmaapr.mid
snes	_unknown_	Silence-1.mid
snes	_unknown_	Silence-Cave.mid
snes	_unknown_	Silence.mid
snes	_unknown_	Silence_of_the_Sands.mid
snes	_unknown_	Silent.mid
snes	_unknown_	SilverMillenniumByCryogen.mid
snes	_unknown_	Simpsons.mid
snes	_unknown_	Singmont.mid
snes	_unknown_	Skullkid.mid
snes	_unknown_	SkyRunner.mid
snes	_unknown_	Sky_Ramp.mid
snes	_unknown_	Slash_Man.mid
snes	_unknown_	Slashman.mid
snes	_unknown_	Sledge.mid
snes	_unknown_	Sm4carte.mid
snes	_unknown_	Sm4perdu.mid
snes	_unknown_	Sm4th.mid
snes	_unknown_	Sm4th2.mid
snes	_unknown_	Smartbal.mid
snes	_unknown_	Smiles-nTears-80s.mid
snes	_unknown_	Smithy1-1.mid
snes	_unknown_	Smithy1.mid
snes	_unknown_	Smithy_battle1.mid
snes	_unknown_	Smithyb2.mid
snes	_unknown_	Snakey_Chantey.mid
snes	_unknown_	SnesLem.mid
snes	_unknown_	Snot_A_Problem.mid
snes	_unknown_	SoE-_Great_Pyramid.mid
snes	_unknown_	SoE-_Horace%27s_Camp.mid
snes	_unknown_	SoE-_Ivor_Tower.mid
snes	_unknown_	SoE-_The_Hall_of_Collosia.mid
snes	_unknown_	SoE-_The_Hall_of_Collosia_B.mid
snes	_unknown_	SoE-_Tinker_Tinderbox.mid
snes	_unknown_	SoMIcePalace.mid
snes	_unknown_	SoMWaterPalace.mid
snes	_unknown_	SoSairship2.mid
snes	_unknown_	Soe-palace_of_sacred_dog_1.mid
snes	_unknown_	Soecol2.mid
snes	_unknown_	Soefire.mid
snes	_unknown_	Soemb.mid
snes	_unknown_	Soepupet.mid
snes	_unknown_	Soerat.mid
snes	_unknown_	Soesel.mid
snes	_unknown_	Solifort2.mid
snes	_unknown_	Som2-06.mid
snes	_unknown_	Som_Sage_Joch.mid
snes	_unknown_	Somcerm.mid
snes	_unknown_	Somsad.mid
snes	_unknown_	Somsleep.mid
snes	_unknown_	Somstar.mid
snes	_unknown_	Song2.mid
snes	_unknown_	Sorrow.mid
snes	_unknown_	SoulBlazer_KoibitonoInaiyoru.mid
snes	_unknown_	SoulBlazer_LeosBasement.mid
snes	_unknown_	SoulBlazer_WorldofEvil.mid
snes	_unknown_	Soulblazer_-_Town_In_Trouble_%28MWS_v1.1%29.mid
snes	_unknown_	SoundStoneMe.mid
snes	_unknown_	South_East_Asia_Theme.mid
snes	_unknown_	South_Figaro.mid
snes	_unknown_	Spaceup.mid
snes	_unknown_	SparkMandrill-1.mid
snes	_unknown_	SparkMandrill.mid
snes	_unknown_	Spark_Mandrum.mid
snes	_unknown_	Sparkster.mid
snes	_unknown_	Special_Fight.mid
snes	_unknown_	SpidermanTitle1.mid
snes	_unknown_	Sponge.mid
snes	_unknown_	Spook_Mansion.mid
snes	_unknown_	Spring_Man.mid
snes	_unknown_	Sr2.mid
snes	_unknown_	Sracefx_Theme.mid
snes	_unknown_	Stage_Clear_Credits_-_Forest_Lullaby.mid
snes	_unknown_	Star.mid
snes	_unknown_	StarFox2FB_CharSelMapTrnMode_GMv1_01.mid
snes	_unknown_	StarFox2FB_CharSelMapTrnMode_XG.mid
snes	_unknown_	StarOcean_Dance_In_Sword.mid
snes	_unknown_	StarOcean_Depatrues.mid
snes	_unknown_	StarOcean_Encourage.mid
snes	_unknown_	StarOcean_Innocence.mid
snes	_unknown_	StarOcean_New_Age.mid
snes	_unknown_	StarOcean_Sunny_Place-%5BGM%5D.mid
snes	_unknown_	StarOcean_Sunny_Place.mid
snes	_unknown_	StarOcean_Tense_Atmosphere.mid
snes	_unknown_	StarOcean_The_Strong.mid
snes	_unknown_	StarOcean_What_Should_Be.mid
snes	_unknown_	StarOcean_forachieve.mid
snes	_unknown_	Star_Fox_-_Asteroids_-_Hajime_Hirasawa.mid
snes	_unknown_	Star_Ocean_Ambition.mid
snes	_unknown_	Star_Ocean_New_World.mid
snes	_unknown_	Star_Ocean_One_Challenge.mid
snes	_unknown_	Star_Ocean_Take_A_Fancy.mid
snes	_unknown_	Starbase.mid
snes	_unknown_	Starfox_-_Corneria.mid
snes	_unknown_	Starfox_Corneria_Remix_V2.mid
snes	_unknown_	Start.mid
snes	_unknown_	Start_Stage.mid
snes	_unknown_	Stately_Atmosphere2.mid
snes	_unknown_	Stevie-G_-_%28SD3%29_%28Japan%29_Fab.mid
snes	_unknown_	StingChameleon.mid
snes	_unknown_	StingChameleon1.mid
snes	_unknown_	Sting_Cham.mid
snes	_unknown_	StormEagle6.mid
snes	_unknown_	StormEagleRMX.mid
snes	_unknown_	Storm_Eagle.mid
snes	_unknown_	Storm_Eagle_V1_1.mid
snes	_unknown_	Story.mid
snes	_unknown_	Strange_Encounter.mid
snes	_unknown_	Street_Fighter_-_Guile.mid
snes	_unknown_	Street_Fighter_2.mid
snes	_unknown_	Street_Fighter_II_-_Title_SNES.mid
snes	_unknown_	Strfoxbc.mid
snes	_unknown_	Strt_d2Champ.mid
snes	_unknown_	Strt_dChampion.mid
snes	_unknown_	Stunt_Race_FX_White_Land.mid
snes	_unknown_	Sunken.mid
snes	_unknown_	Sunset_Riders-Level_3.mid
snes	_unknown_	SuperBomberman2-Stage1.mid
snes	_unknown_	SuperBomberman2-Stage3.mid
snes	_unknown_	SuperBomberman2-Stage4.mid
snes	_unknown_	SuperBomberman2-Title.mid
snes	_unknown_	SuperBomberman4-Stage1.mid
snes	_unknown_	SuperBomberman5-Zone1.mid
snes	_unknown_	SuperBomberman5-Zone5D_Magnets.mid
snes	_unknown_	SuperBonk-WaterLevel_XG.mid
snes	_unknown_	SuperBonk_City.mid
snes	_unknown_	SuperBonk_Heart.mid
snes	_unknown_	SuperBonk_Juice.mid
snes	_unknown_	SuperBonk_TrampoClouds.mid
snes	_unknown_	SuperGnGSeaofDespair.mid
snes	_unknown_	SuperGnGSeaofDespairorchestra.mid
snes	_unknown_	SuperLoopz-Level1v1_1.mid
snes	_unknown_	SuperMarioRPG-CulexDeparture.mid
snes	_unknown_	SuperMarioWorld-Athletic.mid
snes	_unknown_	SuperMarioWorld-Cave.mid
snes	_unknown_	SuperMarioWorld-DonutPlains.mid
snes	_unknown_	SuperMarioWorld-Level1.mid
snes	_unknown_	SuperR-Type-lvl3.mid
snes	_unknown_	SuperSoccerArgentina.mid
snes	_unknown_	SuperSoccerBelgium.mid
snes	_unknown_	SuperSoccerBrasil.mid
snes	_unknown_	SuperSoccerCameroon.mid
snes	_unknown_	SuperSoccerColombia.mid
snes	_unknown_	SuperSoccerEngland.mid
snes	_unknown_	SuperSoccerFrance.mid
snes	_unknown_	SuperSoccerGermany.mid
snes	_unknown_	SuperSoccerHolland.mid
snes	_unknown_	SuperSoccerIreland.mid
snes	_unknown_	SuperSoccerJapan.mid
snes	_unknown_	SuperSoccerOptions.mid
snes	_unknown_	SuperSoccerRomania.mid
snes	_unknown_	SuperSoccerShoutout.mid
snes	_unknown_	SuperSoccerTitles.mid
snes	_unknown_	SuperSoccerUSA.mid
snes	_unknown_	SuperSoccerUruguay.mid
snes	_unknown_	SuperSoccerYugoslavia.mid
snes	_unknown_	SuperTurrican32.mid
snes	_unknown_	SuperZeal.mid
snes	_unknown_	Super_Bomberman_2_Battle_Theme_No3.mid
snes	_unknown_	Super_Bomberman_5_-_Zone_map.mid
snes	_unknown_	Super_Mario_Bros_3-enemy_battle.mid
snes	_unknown_	Super_Mario_Kart_-_Bowser%27s_Castle_%28MWS_v1.0%29.mid
snes	_unknown_	Super_Mario_RPG_-_Barrel_Volcano.mid
snes	_unknown_	Super_Mario_RPG_-_Fight_Against_Monsters.mid
snes	_unknown_	Super_Mario_RPG_-_Lets_Go_Down_the_Midas_River.mid
snes	_unknown_	Super_Mario_World_Map_2_Theme.mid
snes	_unknown_	Supermanv1_1.mid
snes	_unknown_	Superstar_Title_Intro.mid
snes	_unknown_	Sutte_Hakkun_stage1_melto.mid
snes	_unknown_	SwampV2.mid
snes	_unknown_	T16.mid
snes	_unknown_	T3tech94.mid
snes	_unknown_	TA-flying_wiggler.mid
snes	_unknown_	TA-training_panic.mid
snes	_unknown_	TA_Koopa_Battle.mid
snes	_unknown_	TDM_Mixed_Match_1-KM-GS.mid
snes	_unknown_	TDM_Mixed_Match_1-KM-XG.mid
snes	_unknown_	TDM_Mixed_Match_1-KM.mid
snes	_unknown_	TDM_Mixed_Match_3-KM.mid
snes	_unknown_	TDTWR.mid
snes	_unknown_	TG-Track2.mid
snes	_unknown_	TGTitle.mid
snes	_unknown_	TGTrack_1.mid
snes	_unknown_	TGTrack_3.mid
snes	_unknown_	THawk.mid
snes	_unknown_	TLK_SNES_Return_to_Pride_Rock.mid
snes	_unknown_	TLOTR_The_Shire_Xg.mid
snes	_unknown_	TMbattle.mid
snes	_unknown_	TMbattle2v2.mid
snes	_unknown_	TN_-_Beruga.mid
snes	_unknown_	TN_-_Bird_Paradise.mid
snes	_unknown_	TN_-_Creation.mid
snes	_unknown_	TN_-_European_Town.mid
snes	_unknown_	TN_-_Flight.mid
snes	_unknown_	TN_-_Freedom.mid
snes	_unknown_	TN_-_Game_over.mid
snes	_unknown_	TN_-_Leim%27s_Test.mid
snes	_unknown_	TN_-_Lhasa.mid
snes	_unknown_	TN_-_Perel.mid
snes	_unknown_	TN_-_Quatro%27s.mid
snes	_unknown_	TN_-_Royd.mid
snes	_unknown_	TN_-_Shop.mid
snes	_unknown_	TN_-_Sleep2.mid
snes	_unknown_	TN_-_Tower.mid
snes	_unknown_	TN_-_Yomi.mid
snes	_unknown_	TN_-_Zombies.mid
snes	_unknown_	TN_-_Zue.mid
snes	_unknown_	TN_DarkGaia.mid
snes	_unknown_	TOPMintByCryogen.mid
snes	_unknown_	TOPMintXGByCryogen.mid
snes	_unknown_	TTRA_Raphael_Crisis.mid
snes	_unknown_	TT_donutplains_rmx.mid
snes	_unknown_	TUK-FinalFantasyVI-DancingMad-Full.mid
snes	_unknown_	T_AVGFighter_ChihoNearDeath_Omake.mid
snes	_unknown_	T_AVGFighter_ChihoTheme.mid
snes	_unknown_	T_AVGFighter_Ending.mid
snes	_unknown_	T_AVGFighter_EririnNearDeath_Omake.mid
snes	_unknown_	T_AVGFighter_EririnTheme.mid
snes	_unknown_	T_AVGFighter_FightEnd.mid
snes	_unknown_	T_AVGFighter_Intro.mid
snes	_unknown_	T_AVGFighter_Intro_MaliceX_Version.mid
snes	_unknown_	T_AVGFighter_KaoriNearDeath_Omake.mid
snes	_unknown_	T_AVGFighter_KaoriTheme_GM.mid
snes	_unknown_	T_AVGFighter_OpeningThemeV12.mid
snes	_unknown_	T_AVGFighter_ReimiNearDeath_Omake.mid
snes	_unknown_	T_AVGFighter_ReimiTheme.mid
snes	_unknown_	T_AVGFighter_YukaNearDeath_Omake.mid
snes	_unknown_	T_AVGFighter_YukaPianoRemix102.mid
snes	_unknown_	T_AVGFighter_YukaPianoRemix102b.mid
snes	_unknown_	T_AVGFighter_YukaTheme.mid
snes	_unknown_	T_AVGFighter_YukaTheme_RemixGMFixed12.mid
snes	_unknown_	T_AVGFighter_YukaVSRyuRemix.mid
snes	_unknown_	T_Balisk.mid
snes	_unknown_	T_FightersHistoryMizouguchi_MizoguchiSXG50.mid
snes	_unknown_	T_FightersHistoryMizouguchi_MizoguchiTheme.mid
snes	_unknown_	T_FightersHistoryMizouguchi_Yungmie.mid
snes	_unknown_	T_FightersHistoryMizouguchi_YungmieGM.mid
snes	_unknown_	T_Galesburg%28Trilogy%29.mid
snes	_unknown_	T_LiveALive_GoGoBurikiDaiyo.mid
snes	_unknown_	T_LiveALive_GoGoBurikiDaiyo_Karaoke.mid
snes	_unknown_	T_MasoukishinLoE_Diablo.mid
snes	_unknown_	T_MasoukishinLoE_Psybuster.mid
snes	_unknown_	T_MasoukishinLoE_ValsioneR.mid
snes	_unknown_	T_MortalKombat_Arena.mid
snes	_unknown_	T_MortalKombat_Map.mid
snes	_unknown_	T_MortalKombat_Pit.mid
snes	_unknown_	T_NinjaGaidenTomoe_Skyline.mid
snes	_unknown_	T_NinjaGaidenTri_EventTheme1.mid
snes	_unknown_	T_NinjaGaidenTri_GoingGetsTough.mid
snes	_unknown_	T_NinjaGaidenTri_Overdrive.mid
snes	_unknown_	T_NinjaGaidenTri_Prologue.mid
snes	_unknown_	T_NinjaGaidenTri_RobertTheme.mid
snes	_unknown_	T_NinjaGaidenTri_UnlimitedMoment.mid
snes	_unknown_	T_OmakeVGTitle.mid
snes	_unknown_	T_RomancingSaGa3_BattleTheme.mid
snes	_unknown_	T_RomancingSaGa_BattleTheme2.mid
snes	_unknown_	T_RomancingSaGa_BattleTheme_SimpleTsuVersion.mid
snes	_unknown_	T_SuperNova_Zone3Theme.mid
snes	_unknown_	T_SuperRobotTaisen_TimeToCome_ArrangedVer.mid
snes	_unknown_	T_SuperS_AmiTsuRemix.mid
snes	_unknown_	T_SuperS_AmiTsuRemix2.mid
snes	_unknown_	T_SuperS_MakoImproved.mid
snes	_unknown_	T_SuperS_MinakoImproved.mid
snes	_unknown_	T_SuperS_MinakoTsuEdit.mid
snes	_unknown_	T_SuperS_MinakoTsuRemix2.mid
snes	_unknown_	T_SuperS_ReiTsuRemix.mid
snes	_unknown_	T_SuperS_ReiTsuRemix2.mid
snes	_unknown_	T_SuperS_TitleScreenRemixV102.mid
snes	_unknown_	T_SuperS_UsagiImproved.mid
snes	_unknown_	T_Tsubasa3Snes7.mid
snes	_unknown_	T_Tsubasa3Snes8.mid
snes	_unknown_	T_TsubasaIII_TaroHyugaTheme_ReMix12.mid
snes	_unknown_	Tadpolep.mid
snes	_unknown_	TakeItToTheTopGearSyniKal.mid
snes	_unknown_	Take_the_Gold_and_Run_night.mid
snes	_unknown_	TakingOverTheHalberdOrchestral.mid
snes	_unknown_	Talakstg.mid
snes	_unknown_	TalesOfPhantasia_Awakening.mid
snes	_unknown_	TalesOfPhantasia_ThreateningSky_GM.mid
snes	_unknown_	TalesOfPhantasia_ThreateningSky_XGv104.mid
snes	_unknown_	Tales_of_Phantasia-Clown.mid
snes	_unknown_	Tales_of_Phantasia-Vigorous_Town.mid
snes	_unknown_	Tales_of_Phantasia_-_Moria_Gallery_1.0_%28JPN%29.mid
snes	_unknown_	Tallgeese.mid
snes	_unknown_	Techno_de_Chocobo_%28_XG_Deluxe%29_Version_2.0.mid
snes	_unknown_	Techno_de_chocobo.mid
snes	_unknown_	Teir3Orch.mid
snes	_unknown_	Tenchi_Muyo_-_Background_Music_Battle_2.mid
snes	_unknown_	Tenchi_Muyo_Final_Battle.mid
snes	_unknown_	Tengu_Guy.mid
snes	_unknown_	Tenkaichi_Budokai.mid
snes	_unknown_	Terra.mid
snes	_unknown_	Terra1.mid
snes	_unknown_	Terra5.mid
snes	_unknown_	TerraMix.mid
snes	_unknown_	Terror.mid
snes	_unknown_	TetAttLakitu.mid
snes	_unknown_	TetAttk_-_Raphael_Raven.mid
snes	_unknown_	The3fiends.mid
snes	_unknown_	TheDarkroom_DollsHouse.mid
snes	_unknown_	TheJigsawPuzzle.mid
snes	_unknown_	TheLandOfDwarves.mid
snes	_unknown_	TheMiddleAges.mid
snes	_unknown_	TheWonder.mid
snes	_unknown_	The_Credits_Concerto.mid
snes	_unknown_	The_Dark_World_No_Quicktime.mid
snes	_unknown_	The_Dark_World_Theme.mid
snes	_unknown_	The_Fall_of_Zeal.mid
snes	_unknown_	The_Forbidden_Castle.mid
snes	_unknown_	The_Haunted_Shrine.mid
snes	_unknown_	The_Light_World_Theme.mid
snes	_unknown_	The_Moonlight_Parade_v2.mid
snes	_unknown_	The_New_Age_Retro_Hippy.mid
snes	_unknown_	The_Old_Tree.mid
snes	_unknown_	The_Trial_v2.mid
snes	_unknown_	The_Wedding_Waltz_Duel_Part_A.mid
snes	_unknown_	The_Wedding_Waltz_Duel_Part_D.mid
snes	_unknown_	The_keeper_of_the_next_dimension_-_King_Kaio%27s_Theme.mid
snes	_unknown_	The_prince_of_the_Saiyajins_-_Theme_of_Vegeta.mid
snes	_unknown_	ThemeMarcy2.mid
snes	_unknown_	Theme_final.mid
snes	_unknown_	Theme_of_Simon-KKC.mid
snes	_unknown_	Thg-ppy.mid
snes	_unknown_	Thg_2-11.mid
snes	_unknown_	Thg_kana.mid
snes	_unknown_	Thick_Fog.mid
snes	_unknown_	Thimale.mid
snes	_unknown_	Third_Floor.mid
snes	_unknown_	ThomasAndBertiesGreatRaceAllPages.mid
snes	_unknown_	ThomasAndBertiesGreatRaceTitle.mid
snes	_unknown_	Threed.mid
snes	_unknown_	Threed_2.mid
snes	_unknown_	Tier1.mid
snes	_unknown_	TimeSurfing.mid
snes	_unknown_	Title-Screen.mid
snes	_unknown_	Title2.mid
snes	_unknown_	Title476.mid
snes	_unknown_	TitleScreen.mid
snes	_unknown_	TitleScreen1.mid
snes	_unknown_	Title_Screen.mid
snes	_unknown_	Title_Screen546.mid
snes	_unknown_	Title_Screen_v1-1.mid
snes	_unknown_	Title_Theme.mid
snes	_unknown_	ToP-Be_Absentminded.mid
snes	_unknown_	ToP_Freeze-kill.mid
snes	_unknown_	To_the_South.mid
snes	_unknown_	TopGearRaceThree.mid
snes	_unknown_	TopGearTrack1Remix.mid
snes	_unknown_	Top_Gear.mid
snes	_unknown_	Top_Gear_3000_-_Intro.mid
snes	_unknown_	Top_Gear_3000_Freeway.mid
snes	_unknown_	Top_Gear_3000_ParaDise_Forever_HQ_v3_Remix.mid
snes	_unknown_	Top_Gear_3000_Shop.mid
snes	_unknown_	Top_Gear_Track_4.mid
snes	_unknown_	Toria.mid
snes	_unknown_	ToroiaDeChocobo.mid
snes	_unknown_	Tower.mid
snes	_unknown_	Town.mid
snes	_unknown_	Town1.mid
snes	_unknown_	TownsvilleSky2.mid
snes	_unknown_	Toxic_Seahorse.mid
snes	_unknown_	TrackMenu.mid
snes	_unknown_	Trad-Gallantry.mid
snes	_unknown_	Trad-Rough.mid
snes	_unknown_	Trad-Thunder.mid
snes	_unknown_	Tragedy.mid
snes	_unknown_	Triforce.mid
snes	_unknown_	Tromocide2.mid
snes	_unknown_	Trouble_2.mid
snes	_unknown_	Trustful_Fellow_-_Theme_of_Krillin.mid
snes	_unknown_	Tshiscre.mid
snes	_unknown_	Tsms_Chi.mid
snes	_unknown_	Tsms_Ha.mid
snes	_unknown_	Tsms_min.mid
snes	_unknown_	Tsz_02.mid
snes	_unknown_	Tun3.mid
snes	_unknown_	Tun4.mid
snes	_unknown_	Tunnel_Rhino.mid
snes	_unknown_	Turtles_Continue.mid
snes	_unknown_	Twoson-1.mid
snes	_unknown_	Twoson.mid
snes	_unknown_	UK_-_Mighty_Deep.mid
snes	_unknown_	UK_-_Title.mid
snes	_unknown_	UNITITLE2v2.mid
snes	_unknown_	UNSquadQuartermasterCorps.mid
snes	_unknown_	UNSquadron-Clouds.mid
snes	_unknown_	UNSquadron_-_Ground_Carrier.mid
snes	_unknown_	UNSquadron_-_The_Seavet.mid
snes	_unknown_	UWNH_Sorrow.mid
snes	_unknown_	Ultima_6_Harpsichord.mid
snes	_unknown_	Ultima_6_Xylophone.mid
snes	_unknown_	Uncertain.mid
snes	_unknown_	Undcool.mid
snes	_unknown_	Under_Attack%21_%28Ver._X.X%29.mid
snes	_unknown_	Undersea_Palace.mid
snes	_unknown_	Undersea_Palace2.mid
snes	_unknown_	Underworld.mid
snes	_unknown_	Uni.Race5.mid
snes	_unknown_	Unsqfbas.mid
snes	_unknown_	Unsqfbos.mid
snes	_unknown_	UpaRupa.mid
snes	_unknown_	UpperMaridiaOrchestrated.mid
snes	_unknown_	Use_Your_Head.mid
snes	_unknown_	Valentina_Beta.mid
snes	_unknown_	ValiusBatt.mid
snes	_unknown_	Vampkill.mid
snes	_unknown_	VanillaDome.mid
snes	_unknown_	Vega.mid
snes	_unknown_	Vegas_Stakes_-_Congratulations_Fanfare.mid
snes	_unknown_	Vegas_Stakes_-_The_2020.mid
snes	_unknown_	VegetaV1-1.mid
snes	_unknown_	Version_2_Marx.mid
snes	_unknown_	Videogame_Tune_-_Ghouls_and_Ghosts_-_Level_1.mid
snes	_unknown_	Vile%21.mid
snes	_unknown_	VileAppr.mid
snes	_unknown_	VileIntro.mid
snes	_unknown_	VileTheme.mid
snes	_unknown_	Vile_Remix.mid
snes	_unknown_	Violent.mid
snes	_unknown_	ViolentWin.mid
snes	_unknown_	Virtual_Bart_Baby_Theme.mid
snes	_unknown_	VisitorCenter3.mid
snes	_unknown_	Vnmhwy.mid
snes	_unknown_	Volcano.mid
snes	_unknown_	Voloh.mid
snes	_unknown_	Volt_Catfish.mid
snes	_unknown_	Volt_Catfish1.mid
snes	_unknown_	Voyage_to_the_Bottom_of_the_Sea.mid
snes	_unknown_	Vs_Magneto.mid
snes	_unknown_	WAFTT.mid
snes	_unknown_	WAR_2410_song_4_By_Joel.mid
snes	_unknown_	WINDIWAR.mid
snes	_unknown_	WINDSO.mid
snes	_unknown_	WOBMIX.mid
snes	_unknown_	WPBattle6XG.mid
snes	_unknown_	WPJ_-_House.mid
snes	_unknown_	WPJ_-_March.mid
snes	_unknown_	WPRollerCoasterXG.mid
snes	_unknown_	WPVsModeNoIntroXG.mid
snes	_unknown_	WPVsModeXG.mid
snes	_unknown_	WagyanPara_-_StrongholdMSGS.mid
snes	_unknown_	WagyanParadise_DeepSea.mid
snes	_unknown_	WagyanParadise_Forest.mid
snes	_unknown_	Wandering_People.mid
snes	_unknown_	Wanna_See_Something_v1_1_Sequenced_by_Willow.mid
snes	_unknown_	Wario_Wood-btlby_MeltoRheo.mid
snes	_unknown_	Wario_Wood-by_MeltoRheo.mid
snes	_unknown_	Warios_Woods_Versus.mid
snes	_unknown_	Weapon.mid
snes	_unknown_	WeaponStats.mid
snes	_unknown_	What_The_Heck.mid
snes	_unknown_	WheelGator.mid
snes	_unknown_	Wheel_Gator.mid
snes	_unknown_	Whistle_Down_the_Wind.mid
snes	_unknown_	WhiteLand2.mid
snes	_unknown_	White_Land_II.mid
snes	_unknown_	White_Mirror.mid
snes	_unknown_	Whoops.mid
snes	_unknown_	Wild_Guns_Demo_V1-1.mid
snes	_unknown_	Winters.mid
snes	_unknown_	Wizardry5-Mysterious.mid
snes	_unknown_	Wizardry5-TrainingGround.mid
snes	_unknown_	WoRNarshe.mid
snes	_unknown_	Wolfen_Mercenaries.mid
snes	_unknown_	Wolftown.mid
snes	_unknown_	Wolverine.mid
snes	_unknown_	Woodman.mid
snes	_unknown_	World1-1_Allstars.mid
snes	_unknown_	World1.mid
snes	_unknown_	World3_SeaSide.mid
snes	_unknown_	World5.mid
snes	_unknown_	World5_TheSkyLower.mid
snes	_unknown_	World5_TheSkyUpper.mid
snes	_unknown_	World8_CastleofKoopa.mid
snes	_unknown_	WorldMap.mid
snes	_unknown_	World_Map_%28Arranged%29.mid
snes	_unknown_	World_Map_edited.mid
snes	_unknown_	World_Revolution.mid
snes	_unknown_	Wsc-enh.mid
snes	_unknown_	Wsc-ex-c.mid
snes	_unknown_	X-Hunter_Stage_1%262.mid
snes	_unknown_	X2Moth.mid
snes	_unknown_	X2Ostrich.mid
snes	_unknown_	X2_Sigma2.mid
snes	_unknown_	X2_maverick.mid
snes	_unknown_	X3.mid
snes	_unknown_	X3Introv2.mid
snes	_unknown_	X3_Intro_stage.mid
snes	_unknown_	X3_Light%27s_Capsules.mid
snes	_unknown_	X3_Maverick_intro.mid
snes	_unknown_	X3_X%27s_theme.mid
snes	_unknown_	X3endmix.mid
snes	_unknown_	XHunterBattle.mid
snes	_unknown_	XHunterIntro.mid
snes	_unknown_	XHunterTheme.mid
snes	_unknown_	XkyGuile.mid
snes	_unknown_	XkyLowerNorfair.mid
snes	_unknown_	XkySmash01.mid
snes	_unknown_	YC_HardPuzzle_Bibby.mid
snes	_unknown_	YC_Music_B.mid
snes	_unknown_	YI-Athletic-GS.mid
snes	_unknown_	YI-Luigi_Rescued.mid
snes	_unknown_	YI-Player_Down.mid
snes	_unknown_	YI-_Jazzy%21.mid
snes	_unknown_	YI-_Kamek%27s_Taunts.mid
snes	_unknown_	YICave.mid
snes	_unknown_	YICave3.mid
snes	_unknown_	YIInvinc.mid
snes	_unknown_	YIJungle.mid
snes	_unknown_	YILakitu.mid
snes	_unknown_	YIMnkys.mid
snes	_unknown_	YISLE20S.mid
snes	_unknown_	YITitle.mid
snes	_unknown_	YI_Bonus.mid
snes	_unknown_	YI_Caves-KM.mid
snes	_unknown_	YI_Jungle-KM.mid
snes	_unknown_	YI_Maps.mid
snes	_unknown_	YI_Stage_Intro-KM.mid
snes	_unknown_	YI_eggs.mid
snes	_unknown_	YI_eggsYSremix.mid
snes	_unknown_	YS_Bowser%27s_Castle.mid
snes	_unknown_	YS_Bowser_Battle.mid
snes	_unknown_	YS_Cornice_Cave.mid
snes	_unknown_	YS_Cresent_Beach%28Underwater%29V1.1.mid
snes	_unknown_	YS_Cresent_Beach_%28Outside%29.mid
snes	_unknown_	YS_Dark_Sea.mid
snes	_unknown_	YS_Ending.mid
snes	_unknown_	YS_Float_Castles_1%262.mid
snes	_unknown_	YS_Game_Over.mid
snes	_unknown_	YS_Getting_Ready.mid
snes	_unknown_	YS_Ghost_Mansion.mid
snes	_unknown_	YS_Grand_Bridge2.mid
snes	_unknown_	YS_High_Scores.mid
snes	_unknown_	YS_Map_Screen.mid
snes	_unknown_	YS_Mushroom_Land.mid
snes	_unknown_	YS_Pipe_Island.mid
snes	_unknown_	YS_Spirit_Mountain.mid
snes	_unknown_	YS_Spirit_Mountain_%28Orchestrated%29.mid
snes	_unknown_	YS_Start_Level.mid
snes	_unknown_	YS_Talking_with_Peach.mid
snes	_unknown_	YS_Talking_with_Peach_%28Orchestrated%29.mid
snes	_unknown_	YS_Title.mid
snes	_unknown_	YS_Win_Level.mid
snes	_unknown_	YcookieA_zb.mid
snes	_unknown_	Young_Merlin.mid
snes	_unknown_	YsIV_Selceta_Forest_Xg.mid
snes	_unknown_	Ys_3-_Ballacetine_Castle.mid
snes	_unknown_	Ys_3-_Ballacetine_Towers.mid
snes	_unknown_	Ys_3-_Eldam_Mountains.mid
snes	_unknown_	Ys_3-_Ilvern_Ruins.mid
snes	_unknown_	Ys_3-_Outside_.mid
snes	_unknown_	Ys_3-_Tigray_Quarry.mid
snes	_unknown_	Ys_III_-_Inside_Redmont_Buildings_%28MWS_v1.1%29.mid
snes	_unknown_	Ys_V_Lost_Kingdom_Remix_dw.mid
snes	_unknown_	Yua.mid
snes	_unknown_	YuuYuuFinalKuramaThemeSNES.mid
snes	_unknown_	YuuYuuFinalMajinYusukeThemeSNES.mid
snes	_unknown_	YuuYuuFinalYusukeThemeSNES.mid
snes	_unknown_	YuuYuuFinal_GoldenSensui.mid
snes	_unknown_	YuuYuuFinal_Kuwabara.mid
snes	_unknown_	Z3-hy.mid
snes	_unknown_	Z3Forest.mid
snes	_unknown_	Z3LightWorldDungeon_RockRemix.mid
snes	_unknown_	Z3cave25.mid
snes	_unknown_	Z3fee.mid
snes	_unknown_	Z3game.mid
snes	_unknown_	Z3theme.mid
snes	_unknown_	Z3villag.mid
snes	_unknown_	Zeal-1.mid
snes	_unknown_	Zeal.mid
snes	_unknown_	Zealv1.15.mid
snes	_unknown_	Zenkusa_-_PopnTwinbee_Level2.mid
snes	_unknown_	Zenkusa_-_PopnTwinbee_Level2_XG.mid
snes	_unknown_	Zenkusa_-_PopnTwinbee_Level5.mid
snes	_unknown_	Zenkusa_-_PopnTwinbee_Level5_XG.mid
snes	_unknown_	Zenkusa_-_RnFJpn_IntroStage_seq_XG.mid
snes	_unknown_	Zenkusa_-_RnF_ColdMan_seq_XG.mid
snes	_unknown_	Zero.mid
snes	_unknown_	ZeroDeath.mid
snes	_unknown_	ZeroSacrifice.mid
snes	_unknown_	ZeroTheme.mid
snes	_unknown_	ZeroTheme1.mid
snes	_unknown_	ZeromusV2.mid
snes	_unknown_	Zeros_theme_X3.mid
snes	_unknown_	Zozo3.mid
snes	_unknown_	Zozo_6.mid
snes	_unknown_	_struggle.mid
snes	_unknown_	a88canyonGM.mid
snes	_unknown_	a88canyonXG.mid
snes	_unknown_	a88mksbsnc.mid
snes	_unknown_	aadventuretitle.mid
snes	_unknown_	aeroe.mid
snes	_unknown_	agustria.mid
snes	_unknown_	aheadway.mid
snes	_unknown_	airbase.mid
snes	_unknown_	aiwokatarautoki_2.mid
snes	_unknown_	akaneslullaby.mid
snes	_unknown_	alad04.mid
snes	_unknown_	alad06.mid
snes	_unknown_	alad07.mid
snes	_unknown_	alad08.mid
snes	_unknown_	alad09.mid
snes	_unknown_	alad10.mid
snes	_unknown_	alad11.mid
snes	_unknown_	alad12.mid
snes	_unknown_	alad18.mid
snes	_unknown_	alad19.mid
snes	_unknown_	alad23.mid
snes	_unknown_	alad24.mid
snes	_unknown_	alad26.mid
snes	_unknown_	alad28.mid
snes	_unknown_	alad30.mid
snes	_unknown_	alefgard.mid
snes	_unknown_	alinktothecastle.mid
snes	_unknown_	allstars_m3fort.mid
snes	_unknown_	alottolearn.mid
snes	_unknown_	an_shukran.mid
snes	_unknown_	andyast.mid
snes	_unknown_	ao1_blaze.mid
snes	_unknown_	ao1_hero.mid
snes	_unknown_	ao1_holyking.mid
snes	_unknown_	ao1_roar.mid
snes	_unknown_	ao2_enmity.mid
snes	_unknown_	ao2_frozen.mid
snes	_unknown_	ao2_ode.mid
snes	_unknown_	ao2_with-hero.mid
snes	_unknown_	ao2_wondering.mid
snes	_unknown_	aqutallion_bt_k.mid
snes	_unknown_	aqutallion_field_h.mid
snes	_unknown_	aqutallion_field_k.mid
snes	_unknown_	arcana-final.mid
snes	_unknown_	arcana_balnia.mid
snes	_unknown_	arcana_bbt.mid
snes	_unknown_	arcana_bt.mid
snes	_unknown_	arcana_ice1.mid
snes	_unknown_	arcana_journey.mid
snes	_unknown_	arcana_title.mid
snes	_unknown_	area881.mid
snes	_unknown_	area88_frontline_base.mid
snes	_unknown_	area88introa.mid
snes	_unknown_	aridsand.mid
snes	_unknown_	armada1.mid
snes	_unknown_	at-zero.mid
snes	_unknown_	atma.mid
snes	_unknown_	atma2.mid
snes	_unknown_	atma3.mid
snes	_unknown_	atma4.mid
snes	_unknown_	avp-stage4.mid
snes	_unknown_	avp.mid
snes	_unknown_	awaken.mid
snes	_unknown_	awaken2.mid
snes	_unknown_	awakenin.mid
snes	_unknown_	axe_8p.mid
snes	_unknown_	axelay.mid
snes	_unknown_	axelay_stg6a.mid
snes	_unknown_	ayaagust.mid
snes	_unknown_	ayaaira.mid
snes	_unknown_	ayacontr.mid
snes	_unknown_	ayadange.mid
snes	_unknown_	ayadew.mid
snes	_unknown_	ayamain.mid
snes	_unknown_	ayasad.mid
snes	_unknown_	ayasesen.mid
snes	_unknown_	ayasesen2.mid
snes	_unknown_	ayasesen3.mid
snes	_unknown_	ayatitle.mid
snes	_unknown_	ayatrach.mid
snes	_unknown_	ayla1.mid
snes	_unknown_	b2-batl.mid
snes	_unknown_	b2batl2.mid
snes	_unknown_	b2bbatl3.mid
snes	_unknown_	b2bbatle.mid
snes	_unknown_	b2field2.mid
snes	_unknown_	b2field3.mid
snes	_unknown_	b2nmls.mid
snes	_unknown_	b2open.mid
snes	_unknown_	b2thief.mid
snes	_unknown_	ballad.mid
snes	_unknown_	ballad2.mid
snes	_unknown_	balnia.mid
snes	_unknown_	balrog.mid
snes	_unknown_	baron.mid
snes	_unknown_	battle4.mid
snes	_unknown_	battle_toads__double_dragon_-_level_1.mid
snes	_unknown_	battle_toads__double_dragon_-_level_4.mid
snes	_unknown_	beavis_butthead_bg5.mid
snes	_unknown_	beetle2.mid
snes	_unknown_	beetle_v2.mid
snes	_unknown_	begin.mid
snes	_unknown_	bells.mid
snes	_unknown_	bewarethemushroom-1.mid
snes	_unknown_	bewarethemushroom.mid
snes	_unknown_	bf2bridge.mid
snes	_unknown_	bigblue-volocity.mid
snes	_unknown_	bigwhale.mid
snes	_unknown_	biker_mice_from_mars.mid
snes	_unknown_	bio_metal_JPN_St1.mid
snes	_unknown_	bk1.mid
snes	_unknown_	bl-zakoh.mid
snes	_unknown_	black_omen_a.mid
snes	_unknown_	blalexb.mid
snes	_unknown_	blast.mid
snes	_unknown_	blazeon_-_stage_1.mid
snes	_unknown_	bldesert.mid
snes	_unknown_	bldroog.mid
snes	_unknown_	blfriend.mid
snes	_unknown_	blizdnce.mid
snes	_unknown_	bloody_tears.mid
snes	_unknown_	blopen.mid
snes	_unknown_	blplatinum.mid
snes	_unknown_	blsite.mid
snes	_unknown_	bltower.mid
snes	_unknown_	blyoyo.mid
snes	_unknown_	blyoyo_dragon.mid
snes	_unknown_	bof_cave%281%29.mid
snes	_unknown_	bofballa.mid
snes	_unknown_	bofbattle.mid
snes	_unknown_	bofopen.mid
snes	_unknown_	bofovrwrld1.mid
snes	_unknown_	bofromer.mid
snes	_unknown_	boftunla.mid
snes	_unknown_	bofunder.mid
snes	_unknown_	bofundr2.mid
snes	_unknown_	bofwinla.mid
snes	_unknown_	bofworld2.mid
snes	_unknown_	bofworld3.mid
snes	_unknown_	bomberman.mid
snes	_unknown_	bombermanbattlehysterical.mid
snes	_unknown_	bonkerstage4.mid
snes	_unknown_	bonus.mid
snes	_unknown_	boomer_kuwanger.mid
snes	_unknown_	bramscrm.mid
snes	_unknown_	bret.mid
snes	_unknown_	bs_furis.mid
snes	_unknown_	bt-dd_lvl1_v2.mid
snes	_unknown_	bt-pause.mid
snes	_unknown_	bt-theme.mid
snes	_unknown_	bt-turbo.mid
snes	_unknown_	btbm-cont.mid
snes	_unknown_	btbm-stage2.mid
snes	_unknown_	btbm-stage5.mid
snes	_unknown_	btbm-stage6.mid
snes	_unknown_	btdd_nextlevel.mid
snes	_unknown_	btddlev2.mid
snes	_unknown_	btddlev3.mid
snes	_unknown_	btddlev4.mid
snes	_unknown_	bttddlev6.mid
snes	_unknown_	bubblecrab.mid
snes	_unknown_	bubcont.mid
snes	_unknown_	bubfarew.mid
snes	_unknown_	bubgameo.mid
snes	_unknown_	bubh2osl.mid
snes	_unknown_	bubinv.mid
snes	_unknown_	bubshad.mid
snes	_unknown_	bubtitle.mid
snes	_unknown_	bubw11.mid
snes	_unknown_	bubw1bs.mid
snes	_unknown_	bubw5th.mid
snes	_unknown_	bubwin.mid
snes	_unknown_	bumpty.mid
snes	_unknown_	bunglejungle.mid
snes	_unknown_	bust_vs.mid
snes	_unknown_	butztheme.mid
snes	_unknown_	c4final.mid
snes	_unknown_	campbell.mid
snes	_unknown_	capsule_x1.mid
snes	_unknown_	capt_1.mid
snes	_unknown_	capt_2.mid
snes	_unknown_	capt_3.mid
snes	_unknown_	capt_4.mid
snes	_unknown_	carrieraces.mid
snes	_unknown_	catcafemenusong.mid
snes	_unknown_	catfish1.mid
snes	_unknown_	cavegirl_song.mid
snes	_unknown_	cecil.mid
snes	_unknown_	celes.mid
snes	_unknown_	celes_1.mid
snes	_unknown_	celes_rnb.mid
snes	_unknown_	celsjump.mid
snes	_unknown_	ceremony.mid
snes	_unknown_	charminglimbodance.mid
snes	_unknown_	chilly_willy.mid
snes	_unknown_	choco_island_gs.mid
snes	_unknown_	chocobo.mid
snes	_unknown_	chrono_bed.mid
snes	_unknown_	chrono_trigger_battle1.mid
snes	_unknown_	chrono_trigger_lair.mid
snes	_unknown_	chronodance-V1.1.mid
snes	_unknown_	chronomix.mid
snes	_unknown_	citiestrouble.mid
snes	_unknown_	civilization_Intro.mid
snes	_unknown_	civilization_TITLE.mid
snes	_unknown_	clayfightermenu.mid
snes	_unknown_	claykeepcastle.mid
snes	_unknown_	clock.mid
snes	_unknown_	clock_tower_-_cradle_under_the_star.mid
snes	_unknown_	clock_tower_-_laura_in_the_bathtub.mid
snes	_unknown_	clocktowerelevator.mid
snes	_unknown_	clocktowerysiii.mid
snes	_unknown_	cobatribes-intro.mid
snes	_unknown_	coinheaven_blue.mid
snes	_unknown_	coldman2.mid
snes	_unknown_	combatribes-credits.mid
snes	_unknown_	combatribes-lvl2.mid
snes	_unknown_	combatribes-lvl3.mid
snes	_unknown_	combatribes-lvl4.mid
snes	_unknown_	combatribes-lvl5.mid
snes	_unknown_	combatribes-lvl6.mid
snes	_unknown_	combatribes_lvl1.mid
snes	_unknown_	combatribesmenu.mid
snes	_unknown_	coolspot_shellshock.mid
snes	_unknown_	corneria.mid
snes	_unknown_	corridorsoftime.mid
snes	_unknown_	crateriarainXG.mid
snes	_unknown_	cryinsor.mid
snes	_unknown_	crystal_prelude_remix.mid
snes	_unknown_	crystalsnail.mid
snes	_unknown_	culex5.mid
snes	_unknown_	cxstage1.mid
snes	_unknown_	cyan2.mid
snes	_unknown_	cyanSq.mid
snes	_unknown_	cyber_intro1.mid
snes	_unknown_	cyber_l1.mid
snes	_unknown_	cyber_l21.mid
snes	_unknown_	cyber_l3_v2.mid
snes	_unknown_	cyber_title1.mid
snes	_unknown_	cyclopsxmenmutantapocluminath.mid
snes	_unknown_	da_tablargg2.mid
snes	_unknown_	danbeast.mid
snes	_unknown_	darius7.mid
snes	_unknown_	dark.mid
snes	_unknown_	dark2.mid
snes	_unknown_	darkqueen.mid
snes	_unknown_	darkworld2.mid
snes	_unknown_	darth.mid
snes	_unknown_	daryl.mid
snes	_unknown_	daryl2.mid
snes	_unknown_	dayafter.mid
snes	_unknown_	dayafter1.mid
snes	_unknown_	dayafter2.mid
snes	_unknown_	dbldemap.mid
snes	_unknown_	dblmusic.mid
snes	_unknown_	dbth-anger.mid
snes	_unknown_	dbth-destined.mid
snes	_unknown_	dbth-encounter.mid
snes	_unknown_	dbth-happy.mid
snes	_unknown_	dbth-opening.mid
snes	_unknown_	dbth-scenery.mid
snes	_unknown_	dbth-worthy.mid
snes	_unknown_	dbz-me-2-z2vegeta2.mid
snes	_unknown_	dbz1_-_defeated.mid
snes	_unknown_	dbz1_-_theme_of_frieza.mid
snes	_unknown_	dbz1_-_theme_of_vegeta.mid
snes	_unknown_	dbz2_-_battle_theme_1.mid
snes	_unknown_	dbz2_-_story_music_1.mid
snes	_unknown_	dbz2_-_story_music_2.mid
snes	_unknown_	dbz2_-_vegetas_stage.mid
snes	_unknown_	dbz2bsgt.mid
snes	_unknown_	dbz2bvt.mid
snes	_unknown_	dbz3_-_battle_theme_2.mid
snes	_unknown_	dbz3_-_credits.mid
snes	_unknown_	dbz3_-_tenkaichi_budoukai.mid
snes	_unknown_	dbz3vegeta.mid
snes	_unknown_	dbz_bat.mid
snes	_unknown_	dbz_end.mid
snes	_unknown_	dbz_hyper_dimension_-_meilo.mid
snes	_unknown_	dbz_hyper_dimension_-_speed.mid
snes	_unknown_	dbz_story_budokai.mid
snes	_unknown_	dbzfight.mid
snes	_unknown_	dbzhdlandbase-1.mid
snes	_unknown_	dbzhdopen-1.mid
snes	_unknown_	dbziiibattlethemevi.mid
snes	_unknown_	dbzthem2.mid
snes	_unknown_	dcintro.mid
snes	_unknown_	dclastb.mid
snes	_unknown_	dcmap.mid
snes	_unknown_	ddd.mid
snes	_unknown_	ddt_gameover.mid
snes	_unknown_	dearfrnd.mid
snes	_unknown_	deathfield.mid
snes	_unknown_	deathwind.mid
snes	_unknown_	decisive.mid
snes	_unknown_	dedederemix.mid
snes	_unknown_	demon_final.mid
snes	_unknown_	demons_crest_intro.mid
snes	_unknown_	dh.mid
snes	_unknown_	diarya.mid
snes	_unknown_	dl_title.mid
snes	_unknown_	do1_bbt.mid
snes	_unknown_	do1_bt.mid
snes	_unknown_	do1_deserted.mid
snes	_unknown_	do1_lbt.mid
snes	_unknown_	do1_overworld.mid
snes	_unknown_	do1_ow-town.mid
snes	_unknown_	do1_ow-village.mid
snes	_unknown_	do1_underworld.mid
snes	_unknown_	do1_vicram.mid
snes	_unknown_	do2_bt.mid
snes	_unknown_	do2_field.mid
snes	_unknown_	do2_hilandia.mid
snes	_unknown_	do2_lindblum.mid
snes	_unknown_	do_or_di.mid
snes	_unknown_	door_of_destiny.mid
snes	_unknown_	doppler1-1.mid
snes	_unknown_	doubdrag.mid
snes	_unknown_	dq5viol.mid
snes	_unknown_	dq6_lastdg.mid
snes	_unknown_	dq6_pegasus.mid
snes	_unknown_	dq6_tower.mid
snes	_unknown_	dq6_village.mid
snes	_unknown_	dra_castle.mid
snes	_unknown_	dracXintro.mid
snes	_unknown_	dracXmap.mid
snes	_unknown_	dracula4.mid
snes	_unknown_	dragon.mid
snes	_unknown_	dream_land.mid
snes	_unknown_	dtai-23.mid
snes	_unknown_	dvlslab.mid
snes	_unknown_	dw3_bt1.mid
snes	_unknown_	dw3_castle.mid
snes	_unknown_	dw3_overture.mid
snes	_unknown_	dw3_overworld.mid
snes	_unknown_	dw5_castle.mid
snes	_unknown_	dw5_continueyourquest.mid
snes	_unknown_	dw5_demonworld.mid
snes	_unknown_	dw5_dungeon.mid
snes	_unknown_	dw5_flyingcastle.mid
snes	_unknown_	dw5_gettingmarried.mid
snes	_unknown_	dw5_opening.mid
snes	_unknown_	dw5_overworld.mid
snes	_unknown_	dw5_salabonacottage.mid
snes	_unknown_	dw5_ship.mid
snes	_unknown_	dw5_shrine.mid
snes	_unknown_	dw5_statue.mid
snes	_unknown_	dw5_theme.mid
snes	_unknown_	dw5_tower.mid
snes	_unknown_	dw5_town.mid
snes	_unknown_	dw6_battle.mid
snes	_unknown_	dw6_castle.mid
snes	_unknown_	dw6_dragon.mid
snes	_unknown_	dw6_theme.mid
snes	_unknown_	dw6_town.mid
snes	_unknown_	dw6_world1.mid
snes	_unknown_	dwarf.mid
snes	_unknown_	dxstage1.mid
snes	_unknown_	edgareandsabin.mid
snes	_unknown_	edsp.mid
snes	_unknown_	edward2.mid
snes	_unknown_	eek-zoo.mid
snes	_unknown_	eek_flyingsaucer.mid
snes	_unknown_	egypter.mid
snes	_unknown_	eladard_1.mid
snes	_unknown_	emotion.mid
snes	_unknown_	emperor.mid
snes	_unknown_	empire.mid
snes	_unknown_	empire_2.mid
snes	_unknown_	empire_lev1-xg.mid
snes	_unknown_	ending_finfan6.mid
snes	_unknown_	enemy2.mid
snes	_unknown_	energy_breaker_-_the_prayer_bells.mid
snes	_unknown_	epicedium.mid
snes	_unknown_	epitaph2.mid
snes	_unknown_	esper.mid
snes	_unknown_	esper2.mid
snes	_unknown_	everdred.mid
snes	_unknown_	evermore_intro.mid
snes	_unknown_	evoBolbox.mid
snes	_unknown_	evodeath.mid
snes	_unknown_	evomap.mid
snes	_unknown_	ewj2_cont.mid
snes	_unknown_	ewj_heck.mid
snes	_unknown_	ewj_junkcity.mid
snes	_unknown_	ewj_snot_a_problem.mid
snes	_unknown_	ewjlights.mid
snes	_unknown_	ewjlightspiano.mid
snes	_unknown_	explanation.mid
snes	_unknown_	expveldt.mid
snes	_unknown_	f2elban.mid
snes	_unknown_	f2giott2.mid
snes	_unknown_	f6terraR.mid
snes	_unknown_	falcon.mid
snes	_unknown_	falcon2.mid
snes	_unknown_	falconhm.mid
snes	_unknown_	fanatic.mid
snes	_unknown_	fanfare.mid
snes	_unknown_	fe3-enemyattack-violin.mid
snes	_unknown_	fe3_main.mid
snes	_unknown_	fe4_player01.mid
snes	_unknown_	fe4battle1.mid
snes	_unknown_	fe4chap2.mid
snes	_unknown_	fe4fanfare.mid
snes	_unknown_	fe4main.mid
snes	_unknown_	fe5-attack-heavy.mid
snes	_unknown_	fe5-attack.mid
snes	_unknown_	fe5-firstmap.mid
snes	_unknown_	fe5-isaac.mid
snes	_unknown_	fecrowd.mid
snes	_unknown_	feduel.mid
snes	_unknown_	felast.mid
snes	_unknown_	felast2.mid
snes	_unknown_	feogrehi.mid
snes	_unknown_	feplot.mid
snes	_unknown_	fesils.mid
snes	_unknown_	feveldan.mid
snes	_unknown_	fewar.mid
snes	_unknown_	figaro.mid
snes	_unknown_	figaro2.mid
snes	_unknown_	figaro3.mid
snes	_unknown_	figaro4.mid
snes	_unknown_	figarock.mid
snes	_unknown_	final_journey.mid
snes	_unknown_	finalfant2.mid
snes	_unknown_	finaljafar.mid
snes	_unknown_	finaloption-stg1.mid
snes	_unknown_	finiculi.mid
snes	_unknown_	fire_field.mid
snes	_unknown_	firegrotto.mid
snes	_unknown_	flamestag.mid
snes	_unknown_	fls_blackknight.mid
snes	_unknown_	fls_march_v1.mid
snes	_unknown_	flying_man.mid
snes	_unknown_	fmgh-blue.mid
snes	_unknown_	fmgh-sentinel.mid
snes	_unknown_	fmgh-silencer-b.mid
snes	_unknown_	fmgh-violent.mid
snes	_unknown_	forest.mid
snes	_unknown_	forest_frenzy.mid
snes	_unknown_	fortuna2.mid
snes	_unknown_	fourseasonsofjapan.mid
snes	_unknown_	fourside1.mid
snes	_unknown_	fourside_swing.mid
snes	_unknown_	freedom.mid
snes	_unknown_	freeze2.mid
snes	_unknown_	frenzy.mid
snes	_unknown_	froggietheme.mid
snes	_unknown_	frostysworkshop.mid
snes	_unknown_	frozenflame_v1_0GM.mid
snes	_unknown_	frozenflame_v1_0SBA.mid
snes	_unknown_	frstmaze.mid
snes	_unknown_	funky.mid
snes	_unknown_	fz-end.mid
snes	_unknown_	fz-silence.mid
snes	_unknown_	fzero-silence_silencedmobsremix.mid
snes	_unknown_	fzero.mid
snes	_unknown_	fzero_sandocean.mid
snes	_unknown_	fzintro.mid
snes	_unknown_	fzport.mid
snes	_unknown_	fzport2.mid
snes	_unknown_	gambit.mid
snes	_unknown_	gau.mid
snes	_unknown_	gau2.mid
snes	_unknown_	gcosave.mid
snes	_unknown_	getready.mid
snes	_unknown_	ghouls01.mid
snes	_unknown_	ghouls02.mid
snes	_unknown_	ghouls03.mid
snes	_unknown_	ghouls04.mid
snes	_unknown_	ghouls05.mid
snes	_unknown_	ghouls06.mid
snes	_unknown_	ghouls08.mid
snes	_unknown_	ghouls0d.mid
snes	_unknown_	gilgawoodwind.mid
snes	_unknown_	godoml.mid
snes	_unknown_	godoml2.mid
snes	_unknown_	godzill.mid
snes	_unknown_	goemon01.mid
snes	_unknown_	goemon02.mid
snes	_unknown_	goemon04.mid
snes	_unknown_	gogo.mid
snes	_unknown_	gogo3.mid
snes	_unknown_	golbez.mid
snes	_unknown_	gourmet_sentai_bara_yarou_japan_-_ending.mid
snes	_unknown_	gourmet_sentai_bara_yarou_japan_-_stage_1-1.mid
snes	_unknown_	gourmet_sentai_bara_yarou_japan_-_stage_1-2.mid
snes	_unknown_	gourmet_sentai_bara_yarou_japan_-_stage_2-1.mid
snes	_unknown_	gourmet_sentai_bara_yarou_japan_-_stage_2-2.mid
snes	_unknown_	gourmet_sentai_bara_yarou_japan_-_stage_3-1.mid
snes	_unknown_	gourmet_sentai_bara_yarou_japan_-_stage_3-2.mid
snes	_unknown_	gourmet_sentai_bara_yarou_japan_-_stage_4-1.mid
snes	_unknown_	gourmet_sentai_bara_yarou_japan_-_stage_4-2.mid
snes	_unknown_	gra3cp.mid
snes	_unknown_	gra3dark.mid
snes	_unknown_	gra3depa.mid
snes	_unknown_	gra3dfs.mid
snes	_unknown_	gra3east.mid
snes	_unknown_	gra3enem.mid
snes	_unknown_	gra3fs.mid
snes	_unknown_	gra3govr.mid
snes	_unknown_	gra3grou.mid
snes	_unknown_	gra3ills.mid
snes	_unknown_	gra3invi.mid
snes	_unknown_	gra3itw.mid
snes	_unknown_	gra3king.mid
snes	_unknown_	gra3mb.mid
snes	_unknown_	gra3mech.mid
snes	_unknown_	gra3plan.mid
snes	_unknown_	gra3scra.mid
snes	_unknown_	gra3stor.mid
snes	_unknown_	gra3title.mid
snes	_unknown_	gra3wind.mid
snes	_unknown_	grad3-cp-SNES-F.mid
snes	_unknown_	grad3-dfs-SNES.mid
snes	_unknown_	grad3-mb-SNES-F.mid
snes	_unknown_	gravity-beetle.mid
snes	_unknown_	gravity_beetle.mid
snes	_unknown_	gravitybeetle.mid
snes	_unknown_	grmusic1.mid
snes	_unknown_	grvtbtl.mid
snes	_unknown_	gsmikami2.mid
snes	_unknown_	gsmikami_4.mid
snes	_unknown_	guardia.mid
snes	_unknown_	gw_gameover.mid
snes	_unknown_	gw_sandrock_f.mid
snes	_unknown_	gw_shenlong.mid
snes	_unknown_	gwed.mid
snes	_unknown_	harvest.mid
snes	_unknown_	hbk.mid
snes	_unknown_	heavenly_castle.mid
snes	_unknown_	heavy_bowser.mid
snes	_unknown_	hercules4_bbt.mid
snes	_unknown_	hercules4_bt.mid
snes	_unknown_	hercules4_field1.mid
snes	_unknown_	hercules4_field2.mid
snes	_unknown_	hgb-school_2.mid
snes	_unknown_	hi_res_phantom_forest.mid
snes	_unknown_	hi_res_prelude_v2.mid
snes	_unknown_	honda_ver2.mid
snes	_unknown_	hook_for.mid
snes	_unknown_	horotemple.mid
snes	_unknown_	hotel-trap.mid
snes	_unknown_	hyrulecastle.mid
snes	_unknown_	icecastl.mid
snes	_unknown_	igflute.mid
snes	_unknown_	igwind.mid
snes	_unknown_	illusion_of_time.mid
snes	_unknown_	incolony_v1-1.mid
snes	_unknown_	indy.mid
snes	_unknown_	infinity2.mid
snes	_unknown_	introdemo.mid
snes	_unknown_	iogankor.mid
snes	_unknown_	ioggarden.mid
snes	_unknown_	iogmem.mid
snes	_unknown_	iogmu.mid
snes	_unknown_	j-m-lvl10.mid
snes	_unknown_	jaki_crush_-_mini_game_2.mid
snes	_unknown_	jaki_crush_japan_-_main_table.mid
snes	_unknown_	jaki_crush_japan_-_mini_game_1.mid
snes	_unknown_	jaki_crush_japan_-_title_screen.mid
snes	_unknown_	jaki_crush_japan_-_unknown_song_1.mid
snes	_unknown_	jerryb-desert.mid
snes	_unknown_	jp2.mid
snes	_unknown_	jp2jungle.mid
snes	_unknown_	jp2volcano.mid
snes	_unknown_	jpr-arcanafinal.mid
snes	_unknown_	jpr-falcon2k.mid
snes	_unknown_	jpr-faraway.mid
snes	_unknown_	jpr-terramixgm.mid
snes	_unknown_	jrlepage_mXDs_smasm3_water.mid
snes	_unknown_	jrlepage_smas_undergr.mid
snes	_unknown_	jrlepage_smasm3_airship_XG.mid
snes	_unknown_	kak_village.mid
snes	_unknown_	kangaroob2.mid
snes	_unknown_	karkara.mid
snes	_unknown_	kavsdetnrmbymax.mid
snes	_unknown_	kaw-havoc.mid
snes	_unknown_	kaw-team_work.mid
snes	_unknown_	kdl3darkmatter.mid
snes	_unknown_	kdl3dededetower.mid
snes	_unknown_	kefka.mid
snes	_unknown_	kefka2.mid
snes	_unknown_	kefka_techno_remix.mid
snes	_unknown_	kefkatow.mid
snes	_unknown_	kefkatw2.mid
snes	_unknown_	kerosene.mid
snes	_unknown_	ki.mid
snes	_unknown_	kidsrun.mid
snes	_unknown_	kiexpand.mid
snes	_unknown_	kiglacius.mid
snes	_unknown_	kihumiliation.mid
snes	_unknown_	killervs.mid
snes	_unknown_	kingdom_of_veldan.mid
snes	_unknown_	kishin_douji_zenki_1_japan_-_ending.mid
snes	_unknown_	koopa_beach.mid
snes	_unknown_	ks_ta-training-v_1-1.mid
snes	_unknown_	ks_yc-vsmode-c.mid
snes	_unknown_	ktb-apbattle.mid
snes	_unknown_	ktb-jailfight.mid
snes	_unknown_	ktb-misuzu.mid
snes	_unknown_	kyoraku_sanyo_4_cr_-_diary_mode.mid
snes	_unknown_	kyoraku_sanyo_4_cr_-_free_mode.mid
snes	_unknown_	kyoraku_sanyo_4_cr_-_in_pachinko_parlors.mid
snes	_unknown_	kyoraku_sanyo_4_cr_-_title.mid
snes	_unknown_	kyoraku_sanyo_cr_4_-_counting_balls.mid
snes	_unknown_	kyouraku_sanyo_4_cr_-_agenda.mid
snes	_unknown_	lal_megalomania.mid
snes	_unknown_	landunkn_V1_0_2.mid
snes	_unknown_	lang2_leo.mid
snes	_unknown_	last_level.mid
snes	_unknown_	laval.mid
snes	_unknown_	lavos-2.mid
snes	_unknown_	lavos.mid
snes	_unknown_	lb3_bbt1.mid
snes	_unknown_	lb3_bt1.mid
snes	_unknown_	lb3_bt2-1.mid
snes	_unknown_	lb3_bt3.mid
snes	_unknown_	lb3_field1.mid
snes	_unknown_	lb3_flight.mid
snes	_unknown_	lb3_megalopolis.mid
snes	_unknown_	lb3_memories.mid
snes	_unknown_	lb3_town1.mid
snes	_unknown_	lb3_village.mid
snes	_unknown_	lem2-medieval.mid
snes	_unknown_	lenlullaby.mid
snes	_unknown_	little_nori.mid
snes	_unknown_	live-a-live_-_the_demon_king_odio.mid
snes	_unknown_	live-a-live_japan_-_old_west_chapter_the_wilds.mid
snes	_unknown_	live-a-live_japan_-_present_day_chapter_knock_you_down.mid
snes	_unknown_	live-a-live_japan_-_uranus_speech.mid
snes	_unknown_	live_01.mid
snes	_unknown_	livealiv.mid
snes	_unknown_	livealive-armageddon.mid
snes	_unknown_	livealive-captainsquare.mid
snes	_unknown_	livealive-journey_mountain_demonking.mid
snes	_unknown_	livealive-killingfield.mid
snes	_unknown_	livealive-martialarts.mid
snes	_unknown_	livealive-nativelife.mid
snes	_unknown_	livealive-pureodio.mid
snes	_unknown_	livealive-silentlabyrinth.mid
snes	_unknown_	livealive-unseensyndrome.mid
snes	_unknown_	livealive-wanderer.mid
snes	_unknown_	livealive-wilds.mid
snes	_unknown_	liveforlive.mid
snes	_unknown_	liveoveragain.mid
snes	_unknown_	livetyu1.mid
snes	_unknown_	livetyu2.mid
snes	_unknown_	lmn-grad.mid
snes	_unknown_	locke.mid
snes	_unknown_	locke2.mid
snes	_unknown_	locke3.mid
snes	_unknown_	lotr.mid
snes	_unknown_	love_panic.mid
snes	_unknown_	luf1alekia.mid
snes	_unknown_	luf1attack.mid
snes	_unknown_	luf1battle.mid
snes	_unknown_	luf1castle.mid
snes	_unknown_	luf1cave.mid
snes	_unknown_	luf1dead.mid
snes	_unknown_	luf1destroyed.mid
snes	_unknown_	luf1fanfare.mid
snes	_unknown_	luf1fod.mid
snes	_unknown_	luf1gate.mid
snes	_unknown_	luf1guard.mid
snes	_unknown_	luf1inn.mid
snes	_unknown_	luf1intro.mid
snes	_unknown_	luf1intro2.mid
snes	_unknown_	luf1lufia.mid
snes	_unknown_	luf1map.mid
snes	_unknown_	luf1market.mid
snes	_unknown_	luf1parting.mid
snes	_unknown_	luf1port.mid
snes	_unknown_	luf1reunion.mid
snes	_unknown_	luf1ruins.mid
snes	_unknown_	luf1sad.mid
snes	_unknown_	luf1sea.mid
snes	_unknown_	luf1shaia.mid
snes	_unknown_	luf1shop.mid
snes	_unknown_	luf1sinistrals.mid
snes	_unknown_	luf1start.mid
snes	_unknown_	luf1sub.mid
snes	_unknown_	luf1them.mid
snes	_unknown_	luf1title.mid
snes	_unknown_	luf1tower.mid
snes	_unknown_	luf1town.mid
snes	_unknown_	luf1tragedy.mid
snes	_unknown_	luf1village.mid
snes	_unknown_	luf2-777.mid
snes	_unknown_	luf2-Hope.mid
snes	_unknown_	luf2air.mid
snes	_unknown_	luf2attack.mid
snes	_unknown_	luf2autumn.mid
snes	_unknown_	luf2batt.mid
snes	_unknown_	luf2battle.mid
snes	_unknown_	luf2blue.mid
snes	_unknown_	luf2capsule.mid
snes	_unknown_	luf2casino.mid
snes	_unknown_	luf2casino2.mid
snes	_unknown_	luf2castle.mid
snes	_unknown_	luf2cave.mid
snes	_unknown_	luf2confront.mid
snes	_unknown_	luf2daos.mid
snes	_unknown_	luf2dekar.mid
snes	_unknown_	luf2destroyed.mid
snes	_unknown_	luf2dragon.mid
snes	_unknown_	luf2dungeon.mid
snes	_unknown_	luf2fanfare.mid
snes	_unknown_	luf2fod3.mid
snes	_unknown_	luf2fruit.mid
snes	_unknown_	luf2gate.mid
snes	_unknown_	luf2greenbox.mid
snes	_unknown_	luf2grow.mid
snes	_unknown_	luf2inn.mid
snes	_unknown_	luf2intro.mid
snes	_unknown_	luf2iris.mid
snes	_unknown_	luf2lexis.mid
snes	_unknown_	luf2love.mid
snes	_unknown_	luf2lufia.mid
snes	_unknown_	luf2mapB.mid
snes	_unknown_	luf2mountain.mid
snes	_unknown_	luf2myst.mid
snes	_unknown_	luf2narcysus.mid
snes	_unknown_	luf2narvick.mid
snes	_unknown_	luf2new.mid
snes	_unknown_	luf2port.mid
snes	_unknown_	luf2premarl.mid
snes	_unknown_	luf2red.mid
snes	_unknown_	luf2rice.mid
snes	_unknown_	luf2sad.mid
snes	_unknown_	luf2savior.mid
snes	_unknown_	luf2sea.mid
snes	_unknown_	luf2sealed.mid
snes	_unknown_	luf2shrine.mid
snes	_unknown_	luf2sinistral2.mid
snes	_unknown_	luf2spring.mid
snes	_unknown_	luf2sub.mid
snes	_unknown_	luf2thieves.mid
snes	_unknown_	luf2title.mid
snes	_unknown_	luf2tower.mid
snes	_unknown_	luf2town.mid
snes	_unknown_	luf2tragedy.mid
snes	_unknown_	luf2village.mid
snes	_unknown_	luf2wedding.mid
snes	_unknown_	luf2win1.mid
snes	_unknown_	luf2win2.mid
snes	_unknown_	luf2winter.mid
snes	_unknown_	lufia.mid
snes	_unknown_	lufia1_bt1.mid
snes	_unknown_	lufia1_bt2.mid
snes	_unknown_	lufia1_bt3.mid
snes	_unknown_	lufia1_lastduel.mid
snes	_unknown_	lufia1menu.mid
snes	_unknown_	lufia2.mid
snes	_unknown_	lufia2_savior.mid
snes	_unknown_	lungefish.mid
snes	_unknown_	lv2end.mid
snes	_unknown_	lv2title.mid
snes	_unknown_	lv2w1.mid
snes	_unknown_	lv2w2.mid
snes	_unknown_	lv2w3.mid
snes	_unknown_	lv2w4.mid
snes	_unknown_	lv2w5.mid
snes	_unknown_	lvcredit.mid
snes	_unknown_	lvegypt.mid
snes	_unknown_	lvspace.mid
snes	_unknown_	lvspace2.mid
snes	_unknown_	lvtitle.mid
snes	_unknown_	lvworld1.mid
snes	_unknown_	lvworld2.mid
snes	_unknown_	lvworld3.mid
snes	_unknown_	lvworld4.mid
snes	_unknown_	lvworld5.mid
snes	_unknown_	lwoverworldtechno.mid
snes	_unknown_	macbeth2.mid
snes	_unknown_	magicant.mid
snes	_unknown_	magitek.mid
snes	_unknown_	magitek2.mid
snes	_unknown_	magitek3.mid
snes	_unknown_	magitek4.mid
snes	_unknown_	magusx2.mid
snes	_unknown_	mahou_poipoi_poitto_japan_-_credits.mid
snes	_unknown_	mahou_poipoi_poitto_japan_-_game_over.mid
snes	_unknown_	mahou_poipoi_poitto_japan_-_stage_1.mid
snes	_unknown_	mahou_poipoi_poitto_japan_-_stage_2_5.mid
snes	_unknown_	mahou_poipoi_poitto_japan_-_stage_3.mid
snes	_unknown_	mahou_poipoi_poitto_japan_-_stage_4.mid
snes	_unknown_	mahou_poipoi_poitto_japan_-_stage_6.mid
snes	_unknown_	mahou_poipoi_poitto_japan_-_stage_7.mid
snes	_unknown_	mahou_poipoi_poitto_japan_-_stage__.mid
snes	_unknown_	maintheme.mid
snes	_unknown_	makai.mid
snes	_unknown_	makingthoseeggs.mid
snes	_unknown_	mana_tree.mid
snes	_unknown_	manapn.mid
snes	_unknown_	marcel.mid
snes	_unknown_	mare.mid
snes	_unknown_	maridia1XG.mid
snes	_unknown_	mario-paint-twinkle-star-musicbox.mid
snes	_unknown_	marioRPG.mid
snes	_unknown_	marle.mid
snes	_unknown_	marpgbow.mid
snes	_unknown_	marx.mid
snes	_unknown_	masgame.mid
snes	_unknown_	mauimallard_levelintro.mid
snes	_unknown_	maxcrng_title.mid
snes	_unknown_	maz.mid
snes	_unknown_	mega_man_vii_cloud_man_stage_altocumulus_floccus_remix.mid
snes	_unknown_	mega_man_x_3_-_credits.mid
snes	_unknown_	megamanX1_sigmaA_UAZ.mid
snes	_unknown_	megaman_x1_-_intro_stage.mid
snes	_unknown_	megaman_x1_-_storm_eagle_stage.mid
snes	_unknown_	merry.mid
snes	_unknown_	met3end.mid
snes	_unknown_	metaknight_ending.mid
snes	_unknown_	metaknit.mid
snes	_unknown_	metal_dancer.mid
snes	_unknown_	meteorperc16chGM.mid
snes	_unknown_	mickey3_castle.mid
snes	_unknown_	mickeybeanstalk.mid
snes	_unknown_	mickeymq2-turtle.mid
snes	_unknown_	milkywaymap.mid
snes	_unknown_	millenialfair.mid
snes	_unknown_	mine.mid
snes	_unknown_	mineremix.mid
snes	_unknown_	mk2-armory.mid
snes	_unknown_	mk2_CPUtower_zb.mid
snes	_unknown_	mk2_armory_zb.mid
snes	_unknown_	mk2_gameover_zb.mid
snes	_unknown_	mk2_zb_kombattomb.mid
snes	_unknown_	mk2_zb_title_story.mid
snes	_unknown_	mk3rooftopx.mid
snes	_unknown_	mk_courtyard_rmx_zb.mid
snes	_unknown_	mkingdom.mid
snes	_unknown_	mkr-battle.mid
snes	_unknown_	mkr-mashinshrine.mid
snes	_unknown_	mkr-overworld.mid
snes	_unknown_	mkr-tent.mid
snes	_unknown_	mkr-town.mid
snes	_unknown_	mkr1.mid
snes	_unknown_	mn-AmusementPark.mid
snes	_unknown_	mn-Awaji.mid
snes	_unknown_	mn-Edo.mid
snes	_unknown_	mn-Escape.mid
snes	_unknown_	mn-Festival.mid
snes	_unknown_	mn-FortuneTeller.mid
snes	_unknown_	mn-Ghosts.mid
snes	_unknown_	mn-Hannya.mid
snes	_unknown_	mn-Horo.mid
snes	_unknown_	mn-Iga.mid
snes	_unknown_	mn-Izumo.mid
snes	_unknown_	mn-Lottery2.mid
snes	_unknown_	mn-NinjaCastle.mid
snes	_unknown_	mn-Otafu.mid
snes	_unknown_	mn-Ryukyu.mid
snes	_unknown_	mn-ShikokuIsland.mid
snes	_unknown_	mn-TenguMountain.mid
snes	_unknown_	mn-WiseMan.mid
snes	_unknown_	mn-Yae.mid
snes	_unknown_	mn-Yamashiro.mid
snes	_unknown_	mn-Yamato.mid
snes	_unknown_	mn-house2.mid
snes	_unknown_	mobilesuitF91_eternalwind.mid
snes	_unknown_	modero.mid
snes	_unknown_	moleville.mid
snes	_unknown_	monkeycave_2.mid
snes	_unknown_	monstania_battle.mid
snes	_unknown_	moonking.mid
snes	_unknown_	moonlight.mid
snes	_unknown_	moonside.mid
snes	_unknown_	mounthob.mid
snes	_unknown_	mousta.mid
snes	_unknown_	mpaint-title.mid
snes	_unknown_	mpaint_tune_a.mid
snes	_unknown_	mpbird.mid
snes	_unknown_	mpmusicc.mid
snes	_unknown_	mr_nutz_-_map_screen.mid
snes	_unknown_	mr_nutz_-_woody_land_1_2_2.mid
snes	_unknown_	mrpg_batl_z.mid
snes	_unknown_	mrpgmajr.mid
snes	_unknown_	mtkoltz.mid
snes	_unknown_	mtkoltz2.mid
snes	_unknown_	mtm_london_stratford.mid
snes	_unknown_	mtp-flwr.mid
snes	_unknown_	mushroom.mid
snes	_unknown_	music_1e%28AWE%29.mid
snes	_unknown_	music_1e.mid
snes	_unknown_	music_1f.mid
snes	_unknown_	musicamachina_qt6.mid
snes	_unknown_	mute.mid
snes	_unknown_	mute2.mid
snes	_unknown_	mutecity.mid
snes	_unknown_	mw-bat5.mid
snes	_unknown_	mwbattle.mid
snes	_unknown_	mwcinema.mid
snes	_unknown_	mwintro.mid
snes	_unknown_	mwlose.mid
snes	_unknown_	mwstg1.mid
snes	_unknown_	mysidiax.mid
snes	_unknown_	mysticalninja-travelling.mid
snes	_unknown_	narshe.mid
snes	_unknown_	narshe2.mid
snes	_unknown_	narshe3.mid
snes	_unknown_	new_era_.mid
snes	_unknown_	new_fix.mid
snes	_unknown_	nfre2.mid
snes	_unknown_	nfusionremix.mid
snes	_unknown_	nhl96.mid
snes	_unknown_	nhl96_2.mid
snes	_unknown_	night.mid
snes	_unknown_	ninja_warriors_-_stage_3_city_center.mid
snes	_unknown_	ninja_warriors_-_stage_4_parking_block.mid
snes	_unknown_	ninja_warriors_-_stage_7_pursuit.mid
snes	_unknown_	ninjaw-stg6.mid
snes	_unknown_	nobunaga_.mid
snes	_unknown_	northwall.mid
snes	_unknown_	nw-stage2.mid
snes	_unknown_	nw-stage5-1.mid
snes	_unknown_	oblose2.mid
snes	_unknown_	oedo2.mid
snes	_unknown_	ogre_hill.mid
snes	_unknown_	old_mans_prayer_2.mid
snes	_unknown_	olivie.mid
snes	_unknown_	omnitopia.mid
snes	_unknown_	onettnight.mid
snes	_unknown_	oozevila.mid
snes	_unknown_	opening.mid
snes	_unknown_	opera.mid
snes	_unknown_	opera2.mid
snes	_unknown_	operastg.mid
snes	_unknown_	organ.mid
snes	_unknown_	ostrich2.mid
snes	_unknown_	out_to_lunch_-_greek_theme_1.mid
snes	_unknown_	out_to_lunch_-_westindian_theme_2.mid
snes	_unknown_	overture.mid
snes	_unknown_	overw.mid
snes	_unknown_	overworld.mid
snes	_unknown_	owenhart.mid
snes	_unknown_	owzer.mid
snes	_unknown_	paintone.mid
snes	_unknown_	paula.mid
snes	_unknown_	paulasprison.mid
snes	_unknown_	pazuzu.mid
snes	_unknown_	pdp_corderia_panic_v1-5.mid
snes	_unknown_	petrock.mid
snes	_unknown_	plokcottonisland.mid
snes	_unknown_	popintro.mid
snes	_unknown_	poplv1.mid
snes	_unknown_	popntwinbee-stage3.mid
snes	_unknown_	popntwinbee-stage6.mid
snes	_unknown_	popntwinbee-stage7.mid
snes	_unknown_	porttownj.mid
snes	_unknown_	powell.mid
snes	_unknown_	power.mid
snes	_unknown_	power1.mid
snes	_unknown_	pq1_bbt.mid
snes	_unknown_	pq1_bt1.mid
snes	_unknown_	pq1_bt2.mid
snes	_unknown_	pq1_naskuot.mid
snes	_unknown_	pqgoodnight.mid
snes	_unknown_	pqitem.mid
snes	_unknown_	pr_enchanted_forest.mid
snes	_unknown_	prelude.mid
snes	_unknown_	prelude5.mid
snes	_unknown_	prlde.mid
snes	_unknown_	proto.mid
snes	_unknown_	pureland.mid
snes	_unknown_	quatros.mid
snes	_unknown_	quattros.mid
snes	_unknown_	queenalien.mid
snes	_unknown_	question.mid
snes	_unknown_	qzeal.mid
snes	_unknown_	ranking.mid
snes	_unknown_	ranma5.mid
snes	_unknown_	rask-keeper.mid
snes	_unknown_	rattle.mid
snes	_unknown_	razor.mid
snes	_unknown_	rb-intro.mid
snes	_unknown_	rbs-chrsel.mid
snes	_unknown_	rbs-disapr.mid
snes	_unknown_	rbs-dmairp.mid
snes	_unknown_	rbs-gdemon.mid
snes	_unknown_	rd-facing.mid
snes	_unknown_	rd-gale.mid
snes	_unknown_	rd-portal_v1.mid
snes	_unknown_	rd-presentiment.mid
snes	_unknown_	rd-requiem_dream_shore.mid
snes	_unknown_	rd-star_stealing_girl.mid
snes	_unknown_	rddlvl1.mid
snes	_unknown_	relm.mid
snes	_unknown_	relm2.mid
snes	_unknown_	relm3.mid
snes	_unknown_	relm4.mid
snes	_unknown_	relmhq.mid
snes	_unknown_	reptites.mid
snes	_unknown_	returner.mid
snes	_unknown_	rf-Burnerma.mid
snes	_unknown_	rf-Groundma.mid
snes	_unknown_	rf-King.mid
snes	_unknown_	rf-Magicma2.mid
snes	_unknown_	rf-Pirate2.mid
snes	_unknown_	rf-magicman1_0.mid
snes	_unknown_	rh_bfte.mid
snes	_unknown_	rh_bftw.mid
snes	_unknown_	rh_bi.mid
snes	_unknown_	rh_ee.mid
snes	_unknown_	rh_rudra.mid
snes	_unknown_	rh_se.mid
snes	_unknown_	rh_tfata.mid
snes	_unknown_	rh_tsc.mid
snes	_unknown_	rh_ttgar.mid
snes	_unknown_	rivalt-end.mid
snes	_unknown_	rivalt-gameover.mid
snes	_unknown_	rivalt-hiscore.mid
snes	_unknown_	rivalt-lvl1.mid
snes	_unknown_	rivalt-lvl2.mid
snes	_unknown_	rivalt-lvl3.mid
snes	_unknown_	rivalt-lvl4.mid
snes	_unknown_	rivalt-lvl5.mid
snes	_unknown_	rivalt-lvl6.mid
snes	_unknown_	rivalt-map.mid
snes	_unknown_	rivalt-stageclear.mid
snes	_unknown_	rjed01.mid
snes	_unknown_	rmf-museum.mid
snes	_unknown_	rmf-museum_xg.mid
snes	_unknown_	rmfauto.mid
snes	_unknown_	rmfburner.mid
snes	_unknown_	rmfcold.mid
snes	_unknown_	rmfdatabase.mid
snes	_unknown_	rmfmuseum.mid
snes	_unknown_	robo_primitive_remix.mid
snes	_unknown_	robomix.mid
snes	_unknown_	rock7end.mid
snes	_unknown_	rosa.mid
snes	_unknown_	roseway.mid
snes	_unknown_	royd2.mid
snes	_unknown_	rpgfigh2.mid
snes	_unknown_	rpgmallo.mid
snes	_unknown_	rrpg-kuno.mid
snes	_unknown_	rsaga201.mid
snes	_unknown_	rsaga202.mid
snes	_unknown_	rsaga203.mid
snes	_unknown_	rsg3battle.mid
snes	_unknown_	rud_21.mid
snes	_unknown_	rudora_battle.mid
snes	_unknown_	rudora_beyond_the_rising_moon.mid
snes	_unknown_	rudora_clockwork_steeple.mid
snes	_unknown_	rudora_damned.mid
snes	_unknown_	rudora_dance_with_the_zombie.mid
snes	_unknown_	rudora_evolution.mid
snes	_unknown_	rudora_in_the_mirror.mid
snes	_unknown_	rudora_intro.mid
snes	_unknown_	rudora_no_hihou_japan_-_between_two_worlds_night.mid
snes	_unknown_	rudora_no_hihou_japan_-_creatures_from_the_silent_sea.mid
snes	_unknown_	rudora_no_hihou_japan_-_crime_of_the_heart_night.mid
snes	_unknown_	rudora_no_hihou_japan_-_dance_with_the_zombie.mid
snes	_unknown_	rudora_no_hihou_japan_-_evil_eyes.mid
snes	_unknown_	rudora_no_hihou_japan_-_evil_in_the_deep.mid
snes	_unknown_	rudora_no_hihou_japan_-_holiday_in_the_village.mid
snes	_unknown_	rudora_no_hihou_japan_-_king_of_the_mountain.mid
snes	_unknown_	rudora_no_hihou_japan_-_ko-so-do-ro.mid
snes	_unknown_	rudora_no_hihou_japan_-_night_gallery.mid
snes	_unknown_	rudora_no_hihou_japan_-_place_in_the_sun.mid
snes	_unknown_	rudora_no_hihou_japan_-_prophecy.mid
snes	_unknown_	rudora_no_hihou_japan_-_purgation.mid
snes	_unknown_	rudora_no_hihou_japan_-_riza_overworld_crime_of_the_heart.mid
snes	_unknown_	rudora_no_hihou_japan_-_run_for_it.mid
snes	_unknown_	rudora_no_hihou_japan_-_shadows_of_illusion.mid
snes	_unknown_	rudora_no_hihou_japan_-_sword_of_the_valiant.mid
snes	_unknown_	rudora_no_hihou_japan_-_the_inhuman_condition.mid
snes	_unknown_	rudora_no_hihou_japan_-_the_mysterious_stone.mid
snes	_unknown_	rudora_no_hihou_japan_-_the_nightbreed.mid
snes	_unknown_	rudora_no_hihou_japan_-_the_quest_for_rudras_mines.mid
snes	_unknown_	rudora_no_hihou_japan_-_the_spirit_chaser.mid
snes	_unknown_	rudora_no_hihou_japan_-_voyage_to_the_bottom_of_the_sea.mid
snes	_unknown_	rudora_no_hihou_japan_-_waiting_for_the_moon.mid
snes	_unknown_	rudora_no_hihou_japan_-_whistle_down_the_wind.mid
snes	_unknown_	rudora_spirit_chaser.mid
snes	_unknown_	rudora_strange_encounters.mid
snes	_unknown_	runawayfive.mid
snes	_unknown_	runsaber-intro.mid
snes	_unknown_	runsaber-taj-base.mid
snes	_unknown_	ryoga.mid
snes	_unknown_	s_26_norfair_sr.mid
snes	_unknown_	sadsong.mid
snes	_unknown_	sadtheme123.mid
snes	_unknown_	sailvl5.mid
snes	_unknown_	saisland_first_stage.mid
snes	_unknown_	sand.mid
snes	_unknown_	sandocean.mid
snes	_unknown_	sara_V1_1.mid
snes	_unknown_	sarlac.mid
snes	_unknown_	saturnv.mid
snes	_unknown_	savage.mid
snes	_unknown_	sb-lightshrine.mid
snes	_unknown_	sb-mountain_town.mid
snes	_unknown_	sb-southerta.mid
snes	_unknown_	sb2_vegeta.mid
snes	_unknown_	sb2_vegeta_v2.mid
snes	_unknown_	sb_cloud_Bluev2.mid
snes	_unknown_	sbb2-02.mid
snes	_unknown_	sbb2-03.mid
snes	_unknown_	sbb2-04.mid
snes	_unknown_	sbb2-05.mid
snes	_unknown_	sbb2-06.mid
snes	_unknown_	sbb2-07.mid
snes	_unknown_	sbb2-08.mid
snes	_unknown_	sbb2-j-01.mid
snes	_unknown_	sbb2-j-02.mid
snes	_unknown_	sbb2-j-03.mid
snes	_unknown_	sbfalls.mid
snes	_unknown_	sbleolab.mid
snes	_unknown_	sbleopainting.mid
snes	_unknown_	sblostside.mid
snes	_unknown_	sbm-battlemenu.mid
snes	_unknown_	sbm-level2.mid
snes	_unknown_	sbm-map.mid
snes	_unknown_	sbmap.mid
snes	_unknown_	sbmlevel3.mid
snes	_unknown_	sbmountain.mid
snes	_unknown_	sbodetolisa.mid
snes	_unknown_	sbomb-multi.mid
snes	_unknown_	sbomberman5battle.mid
snes	_unknown_	sbsadtown.mid
snes	_unknown_	sbsavedtown.mid
snes	_unknown_	sbseabed.mid
snes	_unknown_	sbsoutherta.mid
snes	_unknown_	sbstorm.mid
snes	_unknown_	sbtarolisk.mid
snes	_unknown_	sbtowermagridd.mid
snes	_unknown_	sbunderground.mid
snes	_unknown_	scaraba2.mid
snes	_unknown_	schala.mid
snes	_unknown_	schq-option.mid
snes	_unknown_	schq-stageclear.mid
snes	_unknown_	scooby1.mid
snes	_unknown_	sd3-swivel.mid
snes	_unknown_	sd301.mid
snes	_unknown_	sd302.mid
snes	_unknown_	sd303.mid
snes	_unknown_	sd304.mid
snes	_unknown_	sd305.mid
snes	_unknown_	sd306.mid
snes	_unknown_	sd308.mid
snes	_unknown_	sd309.mid
snes	_unknown_	sd310.mid
snes	_unknown_	sd311.mid
snes	_unknown_	sd312.mid
snes	_unknown_	sd313.mid
snes	_unknown_	sd314.mid
snes	_unknown_	sd315.mid
snes	_unknown_	sd316.mid
snes	_unknown_	sd317.mid
snes	_unknown_	sd318.mid
snes	_unknown_	sd319.mid
snes	_unknown_	sd320.mid
snes	_unknown_	sd321.mid
snes	_unknown_	sd322.mid
snes	_unknown_	sd323.mid
snes	_unknown_	sd324.mid
snes	_unknown_	sd325.mid
snes	_unknown_	sd326.mid
snes	_unknown_	sd327.mid
snes	_unknown_	sd328.mid
snes	_unknown_	sd329.mid
snes	_unknown_	sd330.mid
snes	_unknown_	sd331.mid
snes	_unknown_	sd332.mid
snes	_unknown_	sd333.mid
snes	_unknown_	sd334.mid
snes	_unknown_	sd335.mid
snes	_unknown_	sd336.mid
snes	_unknown_	sd337.mid
snes	_unknown_	sd338.mid
snes	_unknown_	sd339.mid
snes	_unknown_	sd340.mid
snes	_unknown_	sd341.mid
snes	_unknown_	sd342.mid
snes	_unknown_	sd343.mid
snes	_unknown_	sd344.mid
snes	_unknown_	sd345.mid
snes	_unknown_	sd346.mid
snes	_unknown_	sd348.mid
snes	_unknown_	sd349.mid
snes	_unknown_	sd351.mid
snes	_unknown_	sd357.mid
snes	_unknown_	sd358.mid
snes	_unknown_	sd359.mid
snes	_unknown_	sd361.mid
snes	_unknown_	sd363.mid
snes	_unknown_	sd364.mid
snes	_unknown_	sd365.mid
snes	_unknown_	sd367.mid
snes	_unknown_	sd368.mid
snes	_unknown_	sd370.mid
snes	_unknown_	sd371.mid
snes	_unknown_	sd375.mid
snes	_unknown_	sd3_beastmen.mid
snes	_unknown_	sd3_femaleturbulance.mid
snes	_unknown_	sd3_hightensionwire.mid
snes	_unknown_	sd3_meridian.mid
snes	_unknown_	sd3_splashhop.mid
snes	_unknown_	sd3_spt.mid
snes	_unknown_	sd3death_V1_01.mid
snes	_unknown_	sdd-l2os.mid
snes	_unknown_	seahorse1.mid
snes	_unknown_	seal.mid
snes	_unknown_	seal1.mid
snes	_unknown_	serpent.mid
snes	_unknown_	setzer.mid
snes	_unknown_	setzer2.mid
snes	_unknown_	setzer3.mid
snes	_unknown_	shade.mid
snes	_unknown_	shadow.mid
snes	_unknown_	shadow2.mid
snes	_unknown_	shadow3.mid
snes	_unknown_	shanghai_ii_-_from_a_to_z.mid
snes	_unknown_	shanghai_ii_-_hanafuda_match.mid
snes	_unknown_	shanghai_ii_-_old-fashioned_mahjong.mid
snes	_unknown_	shanghai_ii_-_playing_the_cards.mid
snes	_unknown_	shaqfu5.mid
snes	_unknown_	shdwsarl.mid
snes	_unknown_	sheep_shamble.mid
snes	_unknown_	sigma1x1.mid
snes	_unknown_	sigma_1.mid
snes	_unknown_	sigma_2.mid
snes	_unknown_	sim_nucl.mid
snes	_unknown_	simc_village_remix.mid
snes	_unknown_	simcittn.mid
snes	_unknown_	simcitvl.mid
snes	_unknown_	simcm1_1.mid
snes	_unknown_	simcz1_1.mid
snes	_unknown_	simtr1_1.mid
snes	_unknown_	sm-end.mid
snes	_unknown_	sm-story.mid
snes	_unknown_	smas-underground.mid
snes	_unknown_	smas00.mid
snes	_unknown_	smas01.mid
snes	_unknown_	smas02.mid
snes	_unknown_	smas03.mid
snes	_unknown_	smas04.mid
snes	_unknown_	smas05.mid
snes	_unknown_	smas06.mid
snes	_unknown_	smas07.mid
snes	_unknown_	smas08.mid
snes	_unknown_	smas09.mid
snes	_unknown_	smas40.mid
snes	_unknown_	smas41.mid
snes	_unknown_	smas42.mid
snes	_unknown_	smas43.mid
snes	_unknown_	smas44.mid
snes	_unknown_	smas45.mid
snes	_unknown_	smas46.mid
snes	_unknown_	smas47.mid
snes	_unknown_	smas48.mid
snes	_unknown_	smas49.mid
snes	_unknown_	smas50.mid
snes	_unknown_	smas51.mid
snes	_unknown_	smas52.mid
snes	_unknown_	smas53.mid
snes	_unknown_	smas54.mid
snes	_unknown_	smas55.mid
snes	_unknown_	smas56.mid
snes	_unknown_	smas57.mid
snes	_unknown_	smas58.mid
snes	_unknown_	smas59.mid
snes	_unknown_	smas60.mid
snes	_unknown_	smas61.mid
snes	_unknown_	smasbattle.mid
snes	_unknown_	smasbonus.mid
snes	_unknown_	smastitle.mid
snes	_unknown_	smetbatl.mid
snes	_unknown_	smetbri1.mid
snes	_unknown_	smetbri2.mid
snes	_unknown_	smetcra2.mid
snes	_unknown_	smetentr.mid
snes	_unknown_	smetintr.mid
snes	_unknown_	smetmar2.mid
snes	_unknown_	smetmoth.mid
snes	_unknown_	smetnor2.mid
snes	_unknown_	smetsaga.mid
snes	_unknown_	smetsecr.mid
snes	_unknown_	smettour.mid
snes	_unknown_	sms_mich.mid
snes	_unknown_	smstg2a.mid
snes	_unknown_	smt-ginza.mid
snes	_unknown_	smt-lvlup.mid
snes	_unknown_	smt2-3dvalhalla.mid
snes	_unknown_	smt2_bbbattarr.mid
snes	_unknown_	smt_laworchrem.mid
snes	_unknown_	smyi_10.mid
snes	_unknown_	snesArk2P_Vs.mid
snes	_unknown_	snesArkGameover.mid
snes	_unknown_	snesArkPrologue.mid
snes	_unknown_	snesArkStartlevel.mid
snes	_unknown_	snesArkStory.mid
snes	_unknown_	snesArmored_ArmadiloV1.1.mid
snes	_unknown_	snesCrush_CrawfishV1.1.mid
snes	_unknown_	snesK.Roolv2.1.mid
snes	_unknown_	snesKDCCourse_8.mid
snes	_unknown_	snesRambi_RumbleV1.1.mid
snes	_unknown_	snes_starfoxcontrols.mid
snes	_unknown_	snesaerobiz2-title.mid
snes	_unknown_	snow_journey.mid
snes	_unknown_	snsm-mode.mid
snes	_unknown_	snsm-scorpion.mid
snes	_unknown_	soe-crustacia.mid
snes	_unknown_	soe-lastbattle.mid
snes	_unknown_	soe-opening.mid
snes	_unknown_	soe33.mid
snes	_unknown_	soe62.mid
snes	_unknown_	soe_Arena_Fanfare.mid
snes	_unknown_	soecol1.mid
snes	_unknown_	soedarkc.mid
snes	_unknown_	soeflght.mid
snes	_unknown_	soemerchant.mid
snes	_unknown_	soeqsand.mid
snes	_unknown_	soettl.mid
snes	_unknown_	sofmana.mid
snes	_unknown_	solitary.mid
snes	_unknown_	solitary_dm.mid
snes	_unknown_	som-danger.mid
snes	_unknown_	som-fondmem.mid
snes	_unknown_	som-icecasGM.mid
snes	_unknown_	som-iceforest.mid
snes	_unknown_	som23%21.mid
snes	_unknown_	som28.mid
snes	_unknown_	som34for.mid
snes	_unknown_	somAngel.mid
snes	_unknown_	somSadtheme.mid
snes	_unknown_	somSd205fgs.mid
snes	_unknown_	somSd205fxg.mid
snes	_unknown_	somSei2-13x.mid
snes	_unknown_	somSei2-15x.mid
snes	_unknown_	somSei2-16x.mid
snes	_unknown_	somSei2-18x.mid
snes	_unknown_	somSei2-28x.mid
snes	_unknown_	somSei2-29x.mid
snes	_unknown_	somSei2-35x.mid
snes	_unknown_	somSei2-44x.mid
snes	_unknown_	somSei2mori.mid
snes	_unknown_	somSeiken21.mid
snes	_unknown_	somSk2wind.mid
snes	_unknown_	somTsubasa.mid
snes	_unknown_	som_city.mid
snes	_unknown_	som_credits.mid
snes	_unknown_	som_danger.mid
snes	_unknown_	som_dwarfs.mid
snes	_unknown_	som_dyluck.mid
snes	_unknown_	som_element.mid
snes	_unknown_	som_emporor%27s_castle.mid
snes	_unknown_	som_ending.mid
snes	_unknown_	som_forest123.mid
snes	_unknown_	som_gaia.mid
snes	_unknown_	som_hidden.mid
snes	_unknown_	som_icecastle_v2.mid
snes	_unknown_	som_legend.mid
snes	_unknown_	som_lighthous.mid
snes	_unknown_	som_loftymountains.mid
snes	_unknown_	som_maintheme.mid
snes	_unknown_	som_palace.mid
snes	_unknown_	som_pureland.mid
snes	_unknown_	som_scorp.mid
snes	_unknown_	som_town.mid
snes	_unknown_	som_troubled.mid
snes	_unknown_	som_underworld.mid
snes	_unknown_	som_upper_world.mid
snes	_unknown_	sombest.mid
snes	_unknown_	somcontn.mid
snes	_unknown_	somdarkl.mid
snes	_unknown_	somdt.mid
snes	_unknown_	somfield.mid
snes	_unknown_	somflamie.mid
snes	_unknown_	somfortr.mid
snes	_unknown_	somorphan.mid
snes	_unknown_	sompreld.mid
snes	_unknown_	somsadtw2.mid
snes	_unknown_	somtheme.mid
snes	_unknown_	somtwn1.mid
snes	_unknown_	somwhat.mid
snes	_unknown_	somwild0.mid
snes	_unknown_	sonata.mid
snes	_unknown_	sos_death.mid
snes	_unknown_	sots_bt_a.mid
snes	_unknown_	sots_hometown.mid
snes	_unknown_	sots_likado.mid
snes	_unknown_	sparkmandrill7.mid
snes	_unknown_	spawn_-_intro.mid
snes	_unknown_	specialzone.mid
snes	_unknown_	spinach.mid
snes	_unknown_	spinach2.mid
snes	_unknown_	spklevl2.mid
snes	_unknown_	spkpaswd.mid
snes	_unknown_	spksetup.mid
snes	_unknown_	spo-minorcirc.mid
snes	_unknown_	sporick.mid
snes	_unknown_	srbattle.mid
snes	_unknown_	srchfrnd.mid
snes	_unknown_	srfx-upndown.mid
snes	_unknown_	srfx_radiocontrol.mid
snes	_unknown_	srfx_up%27n_down.mid
snes	_unknown_	stage_3_museum3.mid
snes	_unknown_	stageclear2.mid
snes	_unknown_	starfoxend16chgm3.mid
snes	_unknown_	starfoxsoftarr.mid
snes	_unknown_	starpiec-1.mid
snes	_unknown_	starpiec.mid
snes	_unknown_	starwolf.mid
snes	_unknown_	stfastd.mid
snes	_unknown_	stfcred.mid
snes	_unknown_	stfxoutofthisdimension.mid
snes	_unknown_	stfxspacearmada.mid
snes	_unknown_	stickerbrush.mid
snes	_unknown_	stragos.mid
snes	_unknown_	street_fighter_2_-_chun-li_stage.mid
snes	_unknown_	street_fighter_2_-_credits.mid
snes	_unknown_	street_fighter_2_-_epilogue_-_ryu.mid
snes	_unknown_	street_fighter_2_-_guile_stage.mid
snes	_unknown_	street_fighter_2_-_ken_stage.mid
snes	_unknown_	street_fighter_2_-_ryu_stage.mid
snes	_unknown_	street_fighter_2_-_vega_stage.mid
snes	_unknown_	street_fighter_ii_-_ken.mid
snes	_unknown_	sunrdr-stage1.mid
snes	_unknown_	sunrdr-stg3end.mid
snes	_unknown_	sunrdr-stg3endrmx.mid
snes	_unknown_	sunset_riders_-_bonus_stage.mid
snes	_unknown_	sunset_riders_-_stage_2.mid
snes	_unknown_	sunset_riders_-_stage_3.mid
snes	_unknown_	super_godzilla_-_title_screen.mid
snes	_unknown_	super_mario_kart_dp.mid
snes	_unknown_	super_mario_world_fzero.mid
snes	_unknown_	super_mario_world_pops_remix.mid
snes	_unknown_	superbomberman2-intro.mid
snes	_unknown_	supermario6f_v2.mid
snes	_unknown_	supermario_ghosthouse.mid
snes	_unknown_	superpipehouse.mid
snes	_unknown_	supertennismenu.mid
snes	_unknown_	supertennistitle.mid
snes	_unknown_	supertwinbeestage1.mid
snes	_unknown_	surlent.mid
snes	_unknown_	surprise.mid
snes	_unknown_	svsxm_spiderman.mid
snes	_unknown_	t_ogre01.mid
snes	_unknown_	t_ogre02.mid
snes	_unknown_	t_ogre05.mid
snes	_unknown_	t_ogre14.mid
snes	_unknown_	t_ogre15.mid
snes	_unknown_	t_ogre17.mid
snes	_unknown_	t_ogre30.mid
snes	_unknown_	t_ogre33.mid
snes	_unknown_	t_ogre41.mid
snes	_unknown_	t_ogre42.mid
snes	_unknown_	t_ogre43.mid
snes	_unknown_	t_ogre44.mid
snes	_unknown_	ta-menu.mid
snes	_unknown_	ta-poochie.mid
snes	_unknown_	ta-poochiedanger.mid
snes	_unknown_	taBlargg.mid
snes	_unknown_	ta_continue.mid
snes	_unknown_	ta_raphaeltheraven.mid
snes	_unknown_	tabida.mid
snes	_unknown_	tangerines.mid
snes	_unknown_	telltale.mid
snes	_unknown_	temple.mid
snes	_unknown_	ter01.mid
snes	_unknown_	ter02.mid
snes	_unknown_	ter03.mid
snes	_unknown_	ter04.mid
snes	_unknown_	ter05.mid
snes	_unknown_	ter06.mid
snes	_unknown_	ter07.mid
snes	_unknown_	ter08.mid
snes	_unknown_	ter09.mid
snes	_unknown_	ter10.mid
snes	_unknown_	ter11.mid
snes	_unknown_	ter12.mid
snes	_unknown_	ter13.mid
snes	_unknown_	ter14.mid
snes	_unknown_	ter15.mid
snes	_unknown_	ter16.mid
snes	_unknown_	ter17.mid
snes	_unknown_	ter18.mid
snes	_unknown_	ter19.mid
snes	_unknown_	ter20.mid
snes	_unknown_	ter21.mid
snes	_unknown_	ter22.mid
snes	_unknown_	ter23.mid
snes	_unknown_	ter24.mid
snes	_unknown_	ter25.mid
snes	_unknown_	ter26.mid
snes	_unknown_	ter27.mid
snes	_unknown_	ter28.mid
snes	_unknown_	ter30.mid
snes	_unknown_	ter31.mid
snes	_unknown_	ter32.mid
snes	_unknown_	ter33.mid
snes	_unknown_	ter34.mid
snes	_unknown_	ter35.mid
snes	_unknown_	ter36.mid
snes	_unknown_	ter37.mid
snes	_unknown_	ter38.mid
snes	_unknown_	ter39.mid
snes	_unknown_	ter40.mid
snes	_unknown_	ter41.mid
snes	_unknown_	ter42.mid
snes	_unknown_	ter43.mid
snes	_unknown_	ter44.mid
snes	_unknown_	ter45.mid
snes	_unknown_	ter46.mid
snes	_unknown_	ter47.mid
snes	_unknown_	ter48.mid
snes	_unknown_	ter49.mid
snes	_unknown_	ter50.mid
snes	_unknown_	ter51.mid
snes	_unknown_	ter52.mid
snes	_unknown_	ter53.mid
snes	_unknown_	ter54.mid
snes	_unknown_	ter55.mid
snes	_unknown_	ter57.mid
snes	_unknown_	ter58.mid
snes	_unknown_	terisattack_frogRemiX.mid
snes	_unknown_	terminator2.mid
snes	_unknown_	terra_portal.mid
snes	_unknown_	terra_runrun.mid
snes	_unknown_	terracontest.mid
snes	_unknown_	terrafnk.mid
snes	_unknown_	terrajazroc.mid
snes	_unknown_	terremix.mid
snes	_unknown_	teso_01.mid
snes	_unknown_	teso_02.mid
snes	_unknown_	teso_03.mid
snes	_unknown_	tfawaytimes.mid
snes	_unknown_	theme.mid
snes	_unknown_	theterminalmusic.mid
snes	_unknown_	thg-Forest2.mid
snes	_unknown_	thg-absence2.mid
snes	_unknown_	thg_103.mid
snes	_unknown_	thg_109.mid
snes	_unknown_	thg_110.mid
snes	_unknown_	thg_131.mid
snes	_unknown_	thronerm.mid
snes	_unknown_	tiger1.mid
snes	_unknown_	timecorr.mid
snes	_unknown_	tin_star_-_knock_em_down.mid
snes	_unknown_	title.mid
snes	_unknown_	title_theme_2.mid
snes	_unknown_	tm_rnh_downfall.mid
snes	_unknown_	tm_rnh_holidayinthevillage.mid
snes	_unknown_	tm_rnh_swordofthevaliant_night_.mid
snes	_unknown_	tncredit.mid
snes	_unknown_	tnegreen.mid
snes	_unknown_	tnelle.mid
snes	_unknown_	tnfortun.mid
snes	_unknown_	tnhome.mid
snes	_unknown_	tnlab.mid
snes	_unknown_	tnliotto.mid
snes	_unknown_	tnsave.mid
snes	_unknown_	togrharv.mid
snes	_unknown_	tokimeki.mid
snes	_unknown_	top-sylph.mid
snes	_unknown_	top_arche.mid
snes	_unknown_	top_ary.mid
snes	_unknown_	top_astimegoeson.mid
snes	_unknown_	top_bitingcold.mid
snes	_unknown_	top_euclid-gentryremix.mid
snes	_unknown_	top_fithingspirit.mid
snes	_unknown_	top_goodbye.mid
snes	_unknown_	top_japon.mid
snes	_unknown_	top_martel.mid
snes	_unknown_	top_streamoftime.mid
snes	_unknown_	top_treant.mid
snes	_unknown_	topabys.mid
snes	_unknown_	topawak.mid
snes	_unknown_	topdesol.mid
snes	_unknown_	topdhaos.mid
snes	_unknown_	topdream.mid
snes	_unknown_	topeucl.mid
snes	_unknown_	topgear1.mid
snes	_unknown_	topgear3000fristrace.mid
snes	_unknown_	topharmn.mid
snes	_unknown_	tophydro.mid
snes	_unknown_	topmid.mid
snes	_unknown_	topoliv.mid
snes	_unknown_	topprem.mid
snes	_unknown_	topsaku.mid
snes	_unknown_	topseren.mid
snes	_unknown_	topymir.mid
snes	_unknown_	towerofsoulsc.mid
snes	_unknown_	town2.mid
snes	_unknown_	tpgearny.mid
snes	_unknown_	tr.mid
snes	_unknown_	train.mid
snes	_unknown_	tristam%281%29.mid
snes	_unknown_	trumpet.mid
snes	_unknown_	trunks4.mid
snes	_unknown_	ttawsc-birdmanv1_01.mid
snes	_unknown_	turbotunnel.mid
snes	_unknown_	tuxedo_kamen1.mid
snes	_unknown_	u6menu-arrangement.mid
snes	_unknown_	u7indoors.mid
snes	_unknown_	ultima7-intro.mid
snes	_unknown_	ultro.mid
snes	_unknown_	umaro.mid
snes	_unknown_	umi_hara_kawa_se_japan_-_hatoba_theme.mid
snes	_unknown_	umi_hara_kawa_se_japan_-_kawanabe_theme.mid
snes	_unknown_	umi_hara_kawa_se_japan_-_umibe_theme.mid
snes	_unknown_	undertak.mid
snes	_unknown_	unimenu.mid
snes	_unknown_	unknownlands.mid
snes	_unknown_	vega_stage.mid
snes	_unknown_	vegas_stakes_-_credits.mid
snes	_unknown_	vegas_stakes_-_hotel_room.mid
snes	_unknown_	vegas_stakes_-_the_golden_paradise.mid
snes	_unknown_	vegas_stakes_-_the_laurel_palace.mid
snes	_unknown_	vegastage_v6_1_SNES.mid
snes	_unknown_	veldt.mid
snes	_unknown_	veldt2.mid
snes	_unknown_	viking_spirit.mid
snes	_unknown_	vsintro.mid
snes	_unknown_	wakeup.mid
snes	_unknown_	war.mid
snes	_unknown_	wariowoodsintro.mid
snes	_unknown_	warm-a-live.mid
snes	_unknown_	warriors_volfix.mid
snes	_unknown_	westerntune.mid
snes	_unknown_	wgp-09_.mid
snes	_unknown_	where_angels_fear_to_tread_--_destiny_remix.mid
snes	_unknown_	white1.mid
snes	_unknown_	whiteland1.mid
snes	_unknown_	windmelody.mid
snes	_unknown_	winky.mid
snes	_unknown_	winners.mid
snes	_unknown_	wntfrgt.mid
snes	_unknown_	x-_hunters.mid
snes	_unknown_	x1bk.mid
snes	_unknown_	x3_beetle.mid
snes	_unknown_	x3zero2.mid
snes	_unknown_	xgiogm.mid
snes	_unknown_	xgsoms.mid
snes	_unknown_	xgsomt.mid
snes	_unknown_	xgz3c.mid
snes	_unknown_	ximeR_MTED_II_ysatnaF_laniF.mid
snes	_unknown_	xky-k-08.mid
snes	_unknown_	xky-k-17.mid
snes	_unknown_	xky-k-18.mid
snes	_unknown_	xky-k-36.mid
snes	_unknown_	xky-k-gr.mid
snes	_unknown_	xkyfox.mid
snes	_unknown_	xkygour3.mid
snes	_unknown_	xmidfrog2.mid
snes	_unknown_	yi-bowser.mid
snes	_unknown_	yi-mete.mid
snes	_unknown_	yi-stg1.mid
snes	_unknown_	yi_eggs_elevator.mid
snes	_unknown_	yi_goalscore_polka.mid
snes	_unknown_	yokozuna.mid
snes	_unknown_	yosterisle2.mid
snes	_unknown_	yosters_isle_race2.mid
snes	_unknown_	youkai_buster_ruka_no_daibouken_-_stage_1.mid
snes	_unknown_	youkai_buster_ruka_no_daibouken_-_stage_2-1.mid
snes	_unknown_	youkai_buster_ruka_no_daibouken_-_stage_3.mid
snes	_unknown_	ys4field.mid
snes	_unknown_	ys4openingluminath1.8.mid
snes	_unknown_	yuu_yuu_hakusho_japan_-_arena_battle_theme.mid
snes	_unknown_	yuu_yuu_hakusho_japan_-_clowns_theme.mid
snes	_unknown_	yuu_yuu_hakusho_japan_-_kuramas_battle_theme.mid
snes	_unknown_	yuu_yuu_hakusho_japan_-_kuramas_theme.mid
snes	_unknown_	yuu_yuu_hakusho_japan_-_kuwabaras_theme.mid
snes	_unknown_	yuu_yuu_hakusho_kakutou_no_syo_japan_-_credits.mid
snes	_unknown_	yuu_yuu_hakusho_kakutou_no_syo_japan_-_intro.mid
snes	_unknown_	yuu_yuu_hakusho_kakutou_no_syo_japan_-_menu.mid
snes	_unknown_	yuu_yuu_hakusho_kakutou_no_syo_japan_-_theme_1.mid
snes	_unknown_	yuu_yuu_hakusho_kakutou_no_syo_japan_-_theme_2.mid
snes	_unknown_	yuu_yuu_hakusho_kakutou_no_syo_japan_-_theme_3.mid
snes	_unknown_	yuu_yuu_hakusho_kakutou_no_syo_japan_-_theme_4-edt.mid
snes	_unknown_	yuu_yuu_hakusho_kakutou_no_syo_japan_-_theme_5.mid
snes	_unknown_	yuu_yuu_hakusho_kakutou_no_syo_japan_-_theme_6.mid
snes	_unknown_	yuu_yuu_hakusho_kakutou_no_syo_japan_-_theme_7.mid
snes	_unknown_	z3bunny.mid
snes	_unknown_	z3castl1.mid
snes	_unknown_	z3castl2.mid
snes	_unknown_	z3cave.mid
snes	_unknown_	z3credit.mid
snes	_unknown_	z3dark6.mid
snes	_unknown_	z3darkw1.mid
snes	_unknown_	z3darkw2.mid
snes	_unknown_	z3dungeon1.mid
snes	_unknown_	z3dungeon2.mid
snes	_unknown_	z3dw4v2.mid
snes	_unknown_	z3ending.mid
snes	_unknown_	z3evil.mid
snes	_unknown_	z3fairy.mid
snes	_unknown_	z3ganonbat.mid
snes	_unknown_	z3home.mid
snes	_unknown_	z3hyrule.mid
snes	_unknown_	z3intro.mid
snes	_unknown_	z3light2.mid
snes	_unknown_	z3lightw.mid
snes	_unknown_	z3minigame.mid
snes	_unknown_	z3woods.mid
snes	_unknown_	zamn0.mid
snes	_unknown_	zamn7.mid
snes	_unknown_	zb_drmario_fever2.mid
snes	_unknown_	zb_mkII_kahnArena.mid
snes	_unknown_	zealkingdom%28v2.0%29.mid
snes	_unknown_	zombiepanic.mid
snes	_unknown_	zot.mid
snes	_unknown_	zozo.mid
snes	_unknown_	zozo1.mid
snes	_unknown_	zozo2.mid
switch	_unknown_	EggReverie.mid
wii	_unknown_	1-03_orchestra1seq.mid
wii	_unknown_	1-08_ordon_villageseq.mid
wii	_unknown_	1-10_herd_gameseq.mid
wii	_unknown_	2-14_ookseq.mid
wii	_unknown_	2-36_kakariko_villageseq.mid
wii	_unknown_	4-05_deku_toadseq.mid
wii	_unknown_	5-36_ilias_memory_restoredseq.mid
wii	_unknown_	6-22_ganonseq.mid
wii	_unknown_	6-30_endingseq.mid
wii	_unknown_	73_Zoras_Domain_GM.mid
wii	_unknown_	73_Zoras_Domain_XG.mid
wii	_unknown_	Attack_Koopas_Fleet.mid
wii	_unknown_	BEACHGAX.mid
wii	_unknown_	BL_ztp_insidehouse_alternate.mid
wii	_unknown_	BattleRockv1_2.mid
wii	_unknown_	Battlerock_Galaxy.mid
wii	_unknown_	BowserJrSMG.mid
wii	_unknown_	Bryyo.mid
wii	_unknown_	CHASING.mid
wii	_unknown_	Captain_Rainbow_-_Good_Tidings_-_Hirofumi_Taniguchi.mid
wii	_unknown_	Captain_Rainbow_-_Happy_Sign_-_Hirofumi_Taniguchi.mid
wii	_unknown_	Captain_Rainbow_-_Hikaris_Unfulfilled_Dream_-_Hirofumi_Taniguchi.mid
wii	_unknown_	Cashmere_Cannonball.mid
wii	_unknown_	Celica_Map_1.mid
wii	_unknown_	Comet_Observatory.mid
wii	_unknown_	Cool_Edge_-_Day.mid
wii	_unknown_	Cruelbrawl.mid
wii	_unknown_	Dark_Samus.mid
wii	_unknown_	Dimentiostheme_orchestra_Vonyco.mid
wii	_unknown_	Dragons_Lair.mid
wii	_unknown_	Fairyquestlog.mid
wii	_unknown_	Faron_Woods.mid
wii	_unknown_	Fight_the_Knight.mid
wii	_unknown_	Fire_Emblem-Ascent.mid
wii	_unknown_	First_Steps.mid
wii	_unknown_	GalaxyFantasy.mid
wii	_unknown_	Gandrayda_Battle.mid
wii	_unknown_	GapOfCrag.mid
wii	_unknown_	Gerudo_Desert-1.mid
wii	_unknown_	Gerudo_Desert.mid
wii	_unknown_	Gourmet_Race.mid
wii	_unknown_	GyakutenIppatsuman2.mid
wii	_unknown_	HUNGRY.mid
wii	_unknown_	How_It_Started.mid
wii	_unknown_	HyruleField.mid
wii	_unknown_	Hyrule_Castle_Arranged_version1.mid
wii	_unknown_	Hyrule_Castle_Mezzanine.mid
wii	_unknown_	Hyrule_Castle_Tower.mid
wii	_unknown_	Hyrule_Field_Daytime_use_this_one.mid
wii	_unknown_	Hyrule_Temple_midi.mid
wii	_unknown_	JDC_R10Wily5.mid
wii	_unknown_	JDC_R9WilyB.mid
wii	_unknown_	KAMELLA.mid
wii	_unknown_	Kakariko_TP_v3.mid
wii	_unknown_	Kid_Icarus_Original_Medley.mid
wii	_unknown_	Knight_of_the_Wind-1.mid
wii	_unknown_	Knight_of_the_Wind.mid
wii	_unknown_	Koopa_cape2.mid
wii	_unknown_	Lumpy_Pumpkin.mid
wii	_unknown_	MELTYMOL.mid
wii	_unknown_	MKWii_BoisVermeil.mid
wii	_unknown_	MSC_Road_to_the_Stiker_Cup-KM.mid
wii	_unknown_	Manhunt_2_-_Pervs_Dungeon.mid
wii	_unknown_	MegaMan_10_-_Abandoned_Memory.mid
wii	_unknown_	Mega_Man_9_-_Jewel_Man_Stage.mid
wii	_unknown_	Mega_Man_9_-_Tornado_Man_Stage.mid
wii	_unknown_	Mega_Man_9_-_Tornado_Man_Theme.mid
wii	_unknown_	Mega_Man_9_-_We_are_The_Robots_-_Dr_Wily_Stage_2.mid
wii	_unknown_	Mega_Man_9_Title_Theme.mid
wii	_unknown_	Megaman_10_Pump_Man_Theme.mid
wii	_unknown_	Megaman_9_Title_Extended.mid
wii	_unknown_	Midnas_Lament_Desperation_Remix.mid
wii	_unknown_	Midnas_Theme.mid
wii	_unknown_	MnSATOG.mid
wii	_unknown_	Omega_Ridley.mid
wii	_unknown_	PPW-LOAD.mid
wii	_unknown_	PorkysTheme.mid
wii	_unknown_	Power-Hungry_Fool.mid
wii	_unknown_	Power_Up.mid
wii	_unknown_	PumpMan.mid
wii	_unknown_	RamiAirola-MegaMan9Cover.mid
wii	_unknown_	Ready.mid
wii	_unknown_	RenadosHouse.mid
wii	_unknown_	Rescued_by_Rundas.mid
wii	_unknown_	Rooftop_Run_-_Day.mid
wii	_unknown_	SATSR_Evil_Foundry-KM.mid
wii	_unknown_	SMG_-_Gusty_Garden.mid
wii	_unknown_	SMG_GoodEgg.mid
wii	_unknown_	SMG_Megaleg.mid
wii	_unknown_	SPM-Count_Bleck_Theme.mid
wii	_unknown_	STAR_game3seq.mid
wii	_unknown_	Samkingdom.mid
wii	_unknown_	Serenade_of_Water.mid
wii	_unknown_	Seven_Rings_in_Hand.mid
wii	_unknown_	Skyloft_Elezeid.mid
wii	_unknown_	SkywSword_MasterSwordTheme.mid
wii	_unknown_	SkywSword_skyview_temple.mid
wii	_unknown_	SkyworldStereo.mid
wii	_unknown_	Smashville_hallandstore.mid
wii	_unknown_	Snow.mid
wii	_unknown_	SnowmanStereo.mid
wii	_unknown_	SolarManReemix.mid
wii	_unknown_	Starbit_Festival.mid
wii	_unknown_	Starbitf.mid
wii	_unknown_	SuperMarioGalaxy-HungryLumaTheme.mid
wii	_unknown_	Super_Mario_Galaxy_-_Gateway_Galaxy.mid
wii	_unknown_	Super_Mario_Galaxy_Bowser.mid
wii	_unknown_	Super_Mario_Galaxy_Bowser_Choir.mid
wii	_unknown_	Super_Mario_Galaxy_Good_Egg_Galaxy.mid
wii	_unknown_	Super_Paper_Mario_Flipside.mid
wii	_unknown_	Super_Smash_Bros_Brawl-Home-Run_Contest.mid
wii	_unknown_	Super_Smash_Bros_Brawl_Concert.mid
wii	_unknown_	TORNADOMAN_MIDI_2.mid
wii	_unknown_	TP-SmallItem.mid
wii	_unknown_	TPFaronWoods.mid
wii	_unknown_	TPFishingHole.mid
wii	_unknown_	TPFlyinguptheRiver.mid
wii	_unknown_	TPLakeHyliaMix2.mid
wii	_unknown_	TPZoraPrince.mid
wii	_unknown_	TP_Chase.mid
wii	_unknown_	TP_Credits.mid
wii	_unknown_	TP_GoronMines.mid
wii	_unknown_	TP_HyruleFieldNight.mid
wii	_unknown_	TP_LakeHylia.mid
wii	_unknown_	TP_Snowpeak.mid
wii	_unknown_	TP_Title.mid
wii	_unknown_	TP_Title_Horn_and_Cello_duet.mid
wii	_unknown_	T_MegaMan9_HornetMan.mid
wii	_unknown_	T_MegaMan9_JewelMan.mid
wii	_unknown_	T_MegaMan9_MagmaMan.mid
wii	_unknown_	T_MegaMan9_Plugman.mid
wii	_unknown_	T_MegaMan9_RushJetTheme.mid
wii	_unknown_	T_MegaMan9_SplashWoman.mid
wii	_unknown_	T_MegaMan9_Suspense.mid
wii	_unknown_	T_MegaMan9_TitleTheme.mid
wii	_unknown_	The_Hidden_Village.mid
wii	_unknown_	The_Palace_That_Was_Found.mid
wii	_unknown_	Through_the_Fire.mid
wii	_unknown_	TiltIslandV1.mid
wii	_unknown_	ToS_DotNW-The_More_That_I_Try.mid
wii	_unknown_	Un-gravitify.mid
wii	_unknown_	UnfoundedRevengeSmashingSongofPraise.mid
wii	_unknown_	WORLD3.mid
wii	_unknown_	Wii_Fit_Credits.mid
wii	_unknown_	Wii_Sports_Boxing_End.mid
wii	_unknown_	Wii_Sports_Smash_Brothers_Remix.mid
wii	_unknown_	Wii__Punch-Out__Main_Theme.mid
wii	_unknown_	Wii__Punch-Out__Main_Theme__QT.mid
wii	_unknown_	Wily_Machine.mid
wii	_unknown_	With_Me.mid
wii	_unknown_	YouCallThisaUtopiav2.mid
wii	_unknown_	Z3DarkWorld2.mid
wii	_unknown_	a_robed_figureseq.mid
wii	_unknown_	a_wolf_in_ordon.mid
wii	_unknown_	accf-0600.mid
wii	_unknown_	accf-0900.mid
wii	_unknown_	accf-1100.mid
wii	_unknown_	accf-1200-v2.mid
wii	_unknown_	accf-1400.mid
wii	_unknown_	accf-2100.mid
wii	_unknown_	accf-2200.mid
wii	_unknown_	accf-museum-mainroom.mid
wii	_unknown_	accf-museum-observatory.mid
wii	_unknown_	accf-museum-paintings.mid
wii	_unknown_	accf-theroost.mid
wii	_unknown_	accf-titlescreen-v2.mid
wii	_unknown_	accf-towngate.mid
wii	_unknown_	accf-townhall-day-v2.mid
wii	_unknown_	after_ookseq.mid
wii	_unknown_	battle1seq.mid
wii	_unknown_	battle_2seq.mid
wii	_unknown_	battlerock_orchestra2.mid
wii	_unknown_	bowserscastlewiimariokart.mid
wii	_unknown_	bridge_on_fireseq.mid
wii	_unknown_	castle_town.mid
wii	_unknown_	caveseq2-1.mid
wii	_unknown_	celicaMap.mid
wii	_unknown_	channel_fanfareseq.mid
wii	_unknown_	corruption_title.mid
wii	_unknown_	courageseq.mid
wii	_unknown_	cy_world_8_underground_v1_0.mid
wii	_unknown_	dangoroseq.mid
wii	_unknown_	death_swordseq.mid
wii	_unknown_	departureseq.mid
wii	_unknown_	diababa_clearseq.mid
wii	_unknown_	escort_the_horse_cartseq.mid
wii	_unknown_	falbis_houseseq.mid
wii	_unknown_	fancy_some_candy.mid
wii	_unknown_	fe_orch.mid
wii	_unknown_	fireseq.mid
wii	_unknown_	flying_up_the_river_tp.mid
wii	_unknown_	forest_templeseq.mid
wii	_unknown_	fused_shadowseq.mid
wii	_unknown_	game_overseq.mid
wii	_unknown_	ganonhyrulecastle.mid
wii	_unknown_	gerudo_desertseq.mid
wii	_unknown_	get_big_itemseq.mid
wii	_unknown_	get_small_itemseq.mid
wii	_unknown_	ghirahim_theme.mid
wii	_unknown_	golden_bugseq.mid
wii	_unknown_	goldenwolf.mid
wii	_unknown_	goron_tribeseq.mid
wii	_unknown_	graveyardseq.mid
wii	_unknown_	hawk_and_catseq.mid
wii	_unknown_	heart_containerseq.mid
wii	_unknown_	hidden_skill_trainingseq.mid
wii	_unknown_	horse_battleseq.mid
wii	_unknown_	house.mid
wii	_unknown_	hyrule_castle_townseq.mid
wii	_unknown_	hyrule_field_morningseq.mid
wii	_unknown_	hyrule_field_night.mid
wii	_unknown_	hyrule_field_nightseq3.mid
wii	_unknown_	hyrule_fieldseq.mid
wii	_unknown_	ilia_washes_epona.mid
wii	_unknown_	ilias_theme.mid
wii	_unknown_	impaz.mid
wii	_unknown_	insidetempletime.mid
wii	_unknown_	kakariko_is_savedseq.mid
wii	_unknown_	king_bulblin_and_bulboseq.mid
wii	_unknown_	lake_hylia__fixed.mid
wii	_unknown_	link_is_comingseq.mid
wii	_unknown_	loveseq.mid
wii	_unknown_	marioKartMenu.mid
wii	_unknown_	mario_ghost_galaxy.mid
wii	_unknown_	mariokart_star1.mid
wii	_unknown_	mariostrikers_starman.mid
wii	_unknown_	master_sword_TP.mid
wii	_unknown_	meet_ilia_againseq.mid
wii	_unknown_	meet_zantseq.mid
wii	_unknown_	meltymolten.mid
wii	_unknown_	midnas_desperate_hour.mid
wii	_unknown_	midnas_themeseq.mid
wii	_unknown_	minigame_goalseq.mid
wii	_unknown_	mkwii-koopacape.mid
wii	_unknown_	mkwii_mushroom_gorge.mid
wii	_unknown_	nookscranny.mid
wii	_unknown_	ooccoos_theme3seq.mid
wii	_unknown_	open_treasure_chestseq.mid
wii	_unknown_	ordon_ranchseq.mid
wii	_unknown_	planet_saved.mid
wii	_unknown_	plug_man11.mid
wii	_unknown_	pole_jungle.mid
wii	_unknown_	prelude_of_lightseq.mid
wii	_unknown_	prince_ralis_is_savedseq.mid
wii	_unknown_	queen_rutelaseq.mid
wii	_unknown_	redsteel-1.mid
wii	_unknown_	requiem_of_spiritseq.mid
wii	_unknown_	sacred_groveseq.mid
wii	_unknown_	sad_spirits.mid
wii	_unknown_	save_iliaseq.mid
wii	_unknown_	shadow_beastseq.mid
wii	_unknown_	shadow_comet.mid
wii	_unknown_	shop_happyseq.mid
wii	_unknown_	shopsadseq.mid
wii	_unknown_	skyloft.mid
wii	_unknown_	smash_spear_pillar.mid
wii	_unknown_	song_of_storms_brawl.mid
wii	_unknown_	spacejunk.mid
wii	_unknown_	spm_floro_caverns.mid
wii	_unknown_	spm_pixel_water2.mid
wii	_unknown_	spm_underwhere.mid
wii	_unknown_	spm_yoldruins.mid
wii	_unknown_	statue_gameseq.mid
wii	_unknown_	supermariogalaxy-floaterlandXGv1.mid
wii	_unknown_	tcnb-operationtheme2.mid
wii	_unknown_	tcnb-startoperation.mid
wii	_unknown_	temple_of_timeseq.mid
wii	_unknown_	titleseq.mid
wii	_unknown_	tp_arbitergrounds.mid
wii	_unknown_	tp_bride_fire.mid
wii	_unknown_	tp_hyrulefield_trio.mid
wii	_unknown_	tp_ordonvillage.mid
wii	_unknown_	tp_trailer.mid
wii	_unknown_	tppiano.mid
wii	_unknown_	traumateam_lostrosalia.mid
wii	_unknown_	twilit_battleseq.mid
wii	_unknown_	whoa_zone.mid
wii	_unknown_	wii-wiisports-titlescreen.mid
wii	_unknown_	wiiEnemy_Defend.mid
wii	_unknown_	wiiEnemy_Fight.mid
wii	_unknown_	wiiMidnasDying.mid
wii	_unknown_	wiiOrdon_Village.mid
wii	_unknown_	wiiSaving_Midna.mid
wii	_unknown_	wolf1songofhealingseq.mid
wii	_unknown_	wolf_song_4seq.mid
wii	_unknown_	zants_themeseq.mid
wii	_unknown_	zoratheme.mid
wii	_unknown_	ztp_Agitha_s_Castle.mid
wiiu	_unknown_	AllStarRestArea.mid
wiiu	_unknown_	Jungle-Challenge.mid
wiiu	_unknown_	Magikarp_Festival.mid
wiiu	_unknown_	Phazonruler_-_Sm4sh_Menu.mid
wiiu	_unknown_	SM3DW_Main_Theme_v2_Lu9.mid
wiiu	_unknown_	WIIU_Splatoon_MainTheme_by_JDanielOrta.mid
wiiu	_unknown_	Yooka-Laylee_-_Jungle_World_MIDI_by_SmithJrBlaquaLuigi.mid
xbox	_unknown_	AWalkInTheWoods.mid
xbox	_unknown_	A_Walk_in_the_Woods.mid
xbox	_unknown_	CovenantDance.mid
xbox	_unknown_	Dust_Echoes.mid
xbox	_unknown_	Earth_City_Transcription_by_Spencer_Anunsen.mid
xbox	_unknown_	Fable-Interlude2.mid
xbox	_unknown_	HCE_The_Gun_Pointed_at_the_Head_of_the_Universe.mid
xbox	_unknown_	HCE_Under_Cover_of_Night.mid
xbox	_unknown_	Halo--A_Spartans_Honor--Halo_Remix.mid
xbox	_unknown_	Halo--Drumrun.mid
xbox	_unknown_	Halo--First_Volley.mid
xbox	_unknown_	Halo--Lament_For_Private_Jenkins.mid
xbox	_unknown_	Halo-RockAnthemForSavingTheWorld.mid
xbox	_unknown_	Halo.mid
xbox	_unknown_	Halo2-HellJumpers.mid
xbox	_unknown_	Halo2-Heretic_Hero.mid
xbox	_unknown_	Halo2.mid
xbox	_unknown_	Halo2_Follow.mid
xbox	_unknown_	HaloSong.mid
xbox	_unknown_	Halo_2--Impend.mid
xbox	_unknown_	Halo_2.mid
xbox	_unknown_	Halo_2_-_Loading_Screen.mid
xbox	_unknown_	Halo_2_Antediluvia_Mercys_Death.mid
xbox	_unknown_	Halo_2_Flawed_Legacy.mid
xbox	_unknown_	Halo_2_Prologue.mid
xbox	_unknown_	Halo_2_Remixed.mid
xbox	_unknown_	Halo_2_Theme.mid
xbox	_unknown_	Halo_Concert.mid
xbox	_unknown_	Halo_MainTheme.mid
xbox	_unknown_	Halo_Strings_Theme.mid
xbox	_unknown_	Heretic_Heroe_Remixed.mid
xbox	_unknown_	Holy_Orders-Be_just_or_be_Dead-GGXX.mid
xbox	_unknown_	JEmpireTitle.mid
xbox	_unknown_	KOTOR2DarkSidePoints.mid
xbox	_unknown_	Leonidas.mid
xbox	_unknown_	Main_Theme-saxes.mid
xbox	_unknown_	Plucked.mid
xbox	_unknown_	Siege_of_Madrigal.mid
xbox	_unknown_	The_Maw.mid
xbox	_unknown_	The_last_spartan_menu.mid
xbox	_unknown_	UNSC_March.mid
xbox	_unknown_	Witchwoods.mid
xbox	_unknown_	devils_monsters.mid
xbox	_unknown_	disney.mid
xbox	_unknown_	gbtg_ballroom_v1_3.mid
xbox	_unknown_	gbtg_loopy_lilt.mid
xbox	_unknown_	gbtg_macabre_music_box.mid
xbox	_unknown_	ghostrecon_anthem.mid
xbox	_unknown_	h2_theme_v2.mid
xbox	_unknown_	halo2_heretichero.mid
xbox	_unknown_	halo_theme_v2.mid
xbox	_unknown_	morrowind-1.mid
xbox	_unknown_	morrowind.mid
xbox	_unknown_	morrowind_dance_mix.mid
xbox	_unknown_	nadapopular2.mid
xbox	_unknown_	orta_gigantic_fleet.mid
xbox360	_unknown_	All_Hail_Shadow.mid
xbox360	_unknown_	B-K_N-B_Nutty_Acres_Intro.mid
xbox360	_unknown_	Crisis_City_-_Skyscraper_V2.mid
xbox360	_unknown_	Crisis_City_-_The_Flame.mid
xbox360	_unknown_	Crisis_City_-_Tornado_V3.mid
xbox360	_unknown_	Crisis_City_-_Whirlwind_V2.mid
xbox360	_unknown_	Day_10.mid
xbox360	_unknown_	Dreams_Of_An_Absolution_Instrumental.mid
xbox360	_unknown_	Dreams_of_an_Absolution.mid
xbox360	_unknown_	Elder_Scrolls_IV.mid
xbox360	_unknown_	Elises_Tears.mid
xbox360	_unknown_	Fable_II_-_Music_Box.mid
xbox360	_unknown_	Halo_Sad_Song.mid
xbox360	_unknown_	HisWorld.mid
xbox360	_unknown_	His_World-Crush_40.mid
xbox360	_unknown_	His_World.mid
xbox360	_unknown_	His_World_Remix.mid
xbox360	_unknown_	KLUNGO.mid
xbox360	_unknown_	LOG.mid
xbox360	_unknown_	LO_A-Formidable-Enemy-Appears.mid
xbox360	_unknown_	Never_Forget.mid
xbox360	_unknown_	NewVehicleParts.mid
xbox360	_unknown_	Oblivion.mid
xbox360	_unknown_	S06_WatersEdge.mid
xbox360	_unknown_	Splash_Hill_Zone.mid
xbox360	_unknown_	TES4Symphonized.mid
xbox360	_unknown_	TalesOfVesperia-WorldMap.mid
xbox360	_unknown_	The_Arbiter.mid
xbox360	_unknown_	Theenas_Sorrow.mid
xbox360	_unknown_	ToV-Chance_for_a_big_reversal.mid
xbox360	_unknown_	TofVesperia_Formidable_Foe_v1-1.mid
xbox360	_unknown_	TofVesperia_The_Final_Showdown_v2.mid
xbox360	_unknown_	Wave_Ocean_The_Inlet.mid
xbox360	_unknown_	bknab_showdown_town_night.mid
xbox360	_unknown_	halotheme.mid
xbox360	_unknown_	sth-crisis-flame.mid
xbox360	_unknown_	sthd-endfei.mid
xbox360	_unknown_	sthd-endsagat.mid
