This file contains any messages produced by compilers while
running configure, to aid debugging if configure makes a mistake.

It was created by configure, which was
generated by GNU Autoconf 2.71.  Invocation command line was

  $ ./configure --enable-shared=no --enable-static=yes --disable-oss --disable-arts --disable-esd --disable-nas --disable-alsa

## --------- ##
## Platform. ##
## --------- ##

hostname = Jamess-iMac.local
uname -m = x86_64
uname -r = 20.6.0
uname -s = Darwin
uname -v = Darwin Kernel Version 20.6.0: Thu Jul  6 22:12:47 PDT 2023; root:xnu-7195.141.49.702.12~1/RELEASE_X86_64

/usr/bin/uname -p = i386
/bin/uname -X     = unknown

/bin/arch              = unknown
/usr/bin/arch -k       = unknown
/usr/convex/getsysinfo = unknown
/usr/bin/hostinfo      = Mach kernel version:
	 Darwin Kernel Version 20.6.0: Thu Jul  6 22:12:47 PDT 2023; root:xnu-7195.141.49.702.12~1/RELEASE_X86_64
Kernel configured for up to 4 processors.
2 processors are physically available.
4 processors are logically available.
Processor type: x86_64h (Intel x86-64h Haswell)
Processors active: 0 1 2 3
Primary memory available: 8.00 gigabytes
Default processor set: 437 tasks, 1420 threads, 4 processors
Load average: 16.82, Mach factor: 0.33
/bin/machine           = unknown
/usr/bin/oslevel       = unknown
/bin/universe          = unknown

PATH: /usr/local/bin/
PATH: /usr/bin/
PATH: /bin/
PATH: /usr/sbin/
PATH: /sbin/
PATH: /Users/waefrebeorn/.hermes/hermes-agent/venv/bin/
PATH: /Users/waefrebeorn/.hermes/node/bin/
PATH: /Users/waefrebeorn/.hermes/node/
PATH: /Users/waefrebeorn/.local/bin/
PATH: /opt/homebrew/bin/
PATH: /opt/homebrew/sbin/
PATH: /usr/local/sbin/
PATH: /Users/waefrebeorn/.hermes/bin/


## ----------- ##
## Core tests. ##
## ----------- ##

configure:3355: looking for aux files: install-sh config.guess config.sub ltmain.sh
configure:3368:  trying ./build-scripts/
configure:3379:   ./build-scripts/install-sh found
configure:3397:   ./build-scripts/config.guess found
configure:3397:   ./build-scripts/config.sub found
configure:3397:   ./build-scripts/ltmain.sh found
configure:3574: checking build system type
configure:3589: result: x86_64-apple-darwin20.6.0
configure:3609: checking host system type
configure:3623: result: x86_64-apple-darwin20.6.0
configure:3664: checking how to print strings
configure:3691: result: printf
configure:3774: checking for gcc
configure:3795: found /usr/bin/gcc
configure:3806: result: gcc
configure:4159: checking for C compiler version
configure:4168: gcc --version >&5
Apple clang version 13.0.0 (clang-1300.0.29.30)
Target: x86_64-apple-darwin20.6.0
Thread model: posix
InstalledDir: /Library/Developer/CommandLineTools/usr/bin
Configured with: --prefix=/Library/Developer/CommandLineTools/usr --with-gxx-include-dir=/Library/Developer/CommandLineTools/SDKs/MacOSX.sdk/usr/include/c++/4.2.1
configure:4179: $? = 0
configure:4168: gcc -v >&5
Configured with: --prefix=/Library/Developer/CommandLineTools/usr --with-gxx-include-dir=/Library/Developer/CommandLineTools/SDKs/MacOSX.sdk/usr/include/c++/4.2.1
Apple clang version 13.0.0 (clang-1300.0.29.30)
Target: x86_64-apple-darwin20.6.0
Thread model: posix
InstalledDir: /Library/Developer/CommandLineTools/usr/bin
configure:4179: $? = 0
configure:4168: gcc -V >&5
clang: error: argument to '-V' is missing (expected 1 value)
clang: error: no input files
configure:4179: $? = 1
configure:4168: gcc -qversion >&5
clang: error: unknown argument '-qversion'; did you mean '--version'?
clang: error: no input files
configure:4179: $? = 1
configure:4168: gcc -version >&5
clang: error: unknown argument '-version'; did you mean '--version'?
clang: error: no input files
configure:4179: $? = 1
configure:4199: checking whether the C compiler works
configure:4221: gcc    conftest.c  >&5
configure:4225: $? = 0
configure:4275: result: yes
configure:4278: checking for C compiler default output file name
configure:4280: result: a.out
configure:4286: checking for suffix of executables
configure:4293: gcc -o conftest    conftest.c  >&5
configure:4297: $? = 0
configure:4320: result: 
configure:4342: checking whether we are cross compiling
configure:4350: gcc -o conftest    conftest.c  >&5
configure:4354: $? = 0
configure:4361: ./conftest
configure:4365: $? = 0
configure:4380: result: no
configure:4385: checking for suffix of object files
configure:4408: gcc -c   conftest.c >&5
configure:4412: $? = 0
configure:4434: result: o
configure:4438: checking whether the compiler supports GNU C
configure:4458: gcc -c   conftest.c >&5
configure:4458: $? = 0
configure:4468: result: yes
configure:4479: checking whether gcc accepts -g
configure:4500: gcc -c -g  conftest.c >&5
configure:4500: $? = 0
configure:4544: result: yes
configure:4564: checking for gcc option to enable C11 features
configure:4579: gcc  -c -g -O2  conftest.c >&5
configure:4579: $? = 0
configure:4597: result: none needed
configure:4707: checking for a sed that does not truncate output
configure:4777: result: /usr/bin/sed
configure:4795: checking for grep that handles long lines and -e
configure:4859: result: /usr/bin/grep
configure:4864: checking for egrep
configure:4932: result: /usr/bin/grep -E
configure:4937: checking for fgrep
configure:5005: result: /usr/bin/grep -F
configure:5041: checking for ld used by gcc
configure:5109: result: /Library/Developer/CommandLineTools/usr/bin/ld
configure:5116: checking if the linker (/Library/Developer/CommandLineTools/usr/bin/ld) is GNU ld
configure:5132: result: no
configure:5144: checking for BSD- or MS-compatible name lister (nm)
configure:5199: result: /usr/bin/nm -B
configure:5339: checking the name lister (/usr/bin/nm -B) interface
configure:5347: gcc -c -g -O2  conftest.c >&5
configure:5350: /usr/bin/nm -B "conftest.o"
configure:5353: output
000000000000023c S _some_variable
configure:5360: result: BSD nm
configure:5363: checking whether ln -s works
configure:5367: result: yes
configure:5375: checking the maximum length of command line arguments
configure:5507: result: 786432
configure:5555: checking how to convert x86_64-apple-darwin20.6.0 file names to x86_64-apple-darwin20.6.0 format
configure:5596: result: func_convert_file_noop
configure:5603: checking how to convert x86_64-apple-darwin20.6.0 file names to toolchain format
configure:5624: result: func_convert_file_noop
configure:5631: checking for /Library/Developer/CommandLineTools/usr/bin/ld option to reload object files
configure:5639: result: -r
configure:5718: checking for objdump
configure:5739: found /usr/bin/objdump
configure:5750: result: objdump
configure:5779: checking how to recognize dependent libraries
configure:5982: result: pass_all
configure:6072: checking for dlltool
configure:6107: result: no
configure:6134: checking how to associate runtime and link libraries
configure:6162: result: printf %s\n
configure:6228: checking for ar
configure:6249: found /usr/bin/ar
configure:6260: result: ar
configure:6297: checking for archiver @FILE support
configure:6315: gcc -c -g -O2  conftest.c >&5
configure:6315: $? = 0
configure:6319: ar cru libconftest.a @conftest.lst >&5
ar: @conftest.lst: No such file or directory
configure:6322: $? = 1
configure:6342: result: no
configure:6405: checking for strip
configure:6426: found /usr/bin/strip
configure:6437: result: strip
configure:6514: checking for ranlib
configure:6535: found /usr/bin/ranlib
configure:6546: result: ranlib
configure:6616: checking for gawk
configure:6651: result: no
configure:6616: checking for mawk
configure:6651: result: no
configure:6616: checking for nawk
configure:6651: result: no
configure:6616: checking for awk
configure:6637: found /usr/bin/awk
configure:6648: result: awk
configure:6688: checking command to parse /usr/bin/nm -B output from gcc object
configure:6842: gcc -c -g -O2  conftest.c >&5
configure:6845: $? = 0
configure:6849: /usr/bin/nm -B conftest.o \| sed -n -e 's/^.*[ ]\([BCDEGRST][BCDEGRST]*\)[ ][ ]*\([_A-Za-z][_A-Za-z0-9]*\)$/\1 \2 \2/p' | sed '/ __gnu_lto/d' \> conftest.nm
configure:6852: $? = 0
cannot find nm_test_var in conftest.nm
configure:6842: gcc -c -g -O2  conftest.c >&5
configure:6845: $? = 0
configure:6849: /usr/bin/nm -B conftest.o \| sed -n -e 's/^.*[ ]\([BCDEGRST][BCDEGRST]*\)[ ][ ]*_\([_A-Za-z][_A-Za-z0-9]*\)$/\1 _\2 \2/p' | sed '/ __gnu_lto/d' \> conftest.nm
configure:6852: $? = 0
configure:6918: gcc -o conftest -g -O2   conftest.c conftstm.o >&5
warning: (x86_64)  could not find object file symbol for symbol _main
configure:6921: $? = 0
configure:6959: result: ok
configure:7006: checking for sysroot
configure:7037: result: no
configure:7044: checking for a working dd
configure:7088: result: /bin/dd
configure:7092: checking how to truncate binary pipes
configure:7108: result: /bin/dd bs=4096 count=1
configure:7445: checking for mt
configure:7480: result: no
configure:7500: checking if : is a manifest tool
configure:7507: : '-?'
configure:7515: result: no
configure:7576: checking for dsymutil
configure:7597: found /usr/bin/dsymutil
configure:7608: result: dsymutil
configure:7678: checking for nmedit
configure:7699: found /usr/bin/nmedit
configure:7710: result: nmedit
configure:7780: checking for lipo
configure:7801: found /usr/bin/lipo
configure:7812: result: lipo
configure:7882: checking for otool
configure:7903: found /usr/bin/otool
configure:7914: result: otool
configure:7984: checking for otool64
configure:8019: result: no
configure:8064: checking for -single_module linker flag
gcc -g -O2  -o libconftest.dylib -dynamiclib -Wl,-single_module conftest.c
configure:8098: result: yes
configure:8103: checking for -no_fixup_chains linker flag
configure:8122: gcc -o conftest -g -O2   -Wl,-no_fixup_chains conftest.c  >&5
configure:8122: $? = 0
configure:8135: result: yes
configure:8138: checking for -exported_symbols_list linker flag
configure:8159: gcc -o conftest -g -O2   -Wl,-exported_symbols_list,conftest.sym conftest.c  >&5
configure:8159: $? = 0
configure:8170: result: yes
configure:8173: checking for -force_load linker flag
gcc -g -O2 -c -o conftest.o conftest.c
ar cru libconftest.a conftest.o
ranlib libconftest.a
gcc -g -O2  -o conftest conftest.c -Wl,-force_load,./libconftest.a
configure:8206: result: yes
configure:8282: checking for stdio.h
configure:8282: gcc -c -g -O2  conftest.c >&5
configure:8282: $? = 0
configure:8282: result: yes
configure:8282: checking for stdlib.h
configure:8282: gcc -c -g -O2  conftest.c >&5
configure:8282: $? = 0
configure:8282: result: yes
configure:8282: checking for string.h
configure:8282: gcc -c -g -O2  conftest.c >&5
configure:8282: $? = 0
configure:8282: result: yes
configure:8282: checking for inttypes.h
configure:8282: gcc -c -g -O2  conftest.c >&5
configure:8282: $? = 0
configure:8282: result: yes
configure:8282: checking for stdint.h
configure:8282: gcc -c -g -O2  conftest.c >&5
configure:8282: $? = 0
configure:8282: result: yes
configure:8282: checking for strings.h
configure:8282: gcc -c -g -O2  conftest.c >&5
configure:8282: $? = 0
configure:8282: result: yes
configure:8282: checking for sys/stat.h
configure:8282: gcc -c -g -O2  conftest.c >&5
configure:8282: $? = 0
configure:8282: result: yes
configure:8282: checking for sys/types.h
configure:8282: gcc -c -g -O2  conftest.c >&5
configure:8282: $? = 0
configure:8282: result: yes
configure:8282: checking for unistd.h
configure:8282: gcc -c -g -O2  conftest.c >&5
configure:8282: $? = 0
configure:8282: result: yes
configure:8307: checking for dlfcn.h
configure:8307: gcc -c -g -O2  conftest.c >&5
configure:8307: $? = 0
configure:8307: result: yes
configure:8894: checking for objdir
configure:8910: result: .libs
configure:9174: checking if gcc supports -fno-rtti -fno-exceptions
configure:9193: gcc -c -g -O2  -fno-rtti -fno-exceptions conftest.c >&5
configure:9197: $? = 0
configure:9210: result: yes
configure:9568: checking for gcc option to produce PIC
configure:9576: result: -fno-common -DPIC
configure:9584: checking if gcc PIC flag -fno-common -DPIC works
configure:9603: gcc -c -g -O2  -fno-common -DPIC -DPIC conftest.c >&5
configure:9607: $? = 0
configure:9620: result: yes
configure:9649: checking if gcc static flag -static works
configure:9678: result: no
configure:9693: checking if gcc supports -c -o file.o
configure:9715: gcc -c -g -O2  -o out/conftest2.o conftest.c >&5
configure:9719: $? = 0
configure:9741: result: yes
configure:9749: checking if gcc supports -c -o file.o
configure:9797: result: yes
configure:9830: checking whether the gcc linker (/Library/Developer/CommandLineTools/usr/bin/ld) supports shared libraries
configure:11098: result: yes
configure:11339: checking dynamic linker characteristics
configure:12167: result: darwin20.6.0 dyld
configure:12289: checking how to hardcode library paths into programs
configure:12314: result: immediate
configure:12866: checking whether stripping libraries is possible
configure:12883: result: yes
configure:12917: checking if libtool supports shared libraries
configure:12919: result: yes
configure:12922: checking whether to build shared libraries
configure:12947: result: no
configure:12950: checking whether to build static libraries
configure:12954: result: yes
configure:13039: checking for windres
configure:13074: result: no
configure:13195: checking for gawk
configure:13227: result: awk
configure:13291: checking for gcc
configure:13323: result: gcc
configure:13676: checking for C compiler version
configure:13685: gcc --version >&5
Apple clang version 13.0.0 (clang-1300.0.29.30)
Target: x86_64-apple-darwin20.6.0
Thread model: posix
InstalledDir: /Library/Developer/CommandLineTools/usr/bin
Configured with: --prefix=/Library/Developer/CommandLineTools/usr --with-gxx-include-dir=/Library/Developer/CommandLineTools/SDKs/MacOSX.sdk/usr/include/c++/4.2.1
configure:13696: $? = 0
configure:13685: gcc -v >&5
Configured with: --prefix=/Library/Developer/CommandLineTools/usr --with-gxx-include-dir=/Library/Developer/CommandLineTools/SDKs/MacOSX.sdk/usr/include/c++/4.2.1
Apple clang version 13.0.0 (clang-1300.0.29.30)
Target: x86_64-apple-darwin20.6.0
Thread model: posix
InstalledDir: /Library/Developer/CommandLineTools/usr/bin
configure:13696: $? = 0
configure:13685: gcc -V >&5
clang: error: argument to '-V' is missing (expected 1 value)
clang: error: no input files
configure:13696: $? = 1
configure:13685: gcc -qversion >&5
clang: error: unknown argument '-qversion'; did you mean '--version'?
clang: error: no input files
configure:13696: $? = 1
configure:13685: gcc -version >&5
clang: error: unknown argument '-version'; did you mean '--version'?
clang: error: no input files
configure:13696: $? = 1
configure:13700: checking whether the compiler supports GNU C
configure:13730: result: yes
configure:13741: checking whether gcc accepts -g
configure:13806: result: yes
configure:13826: checking for gcc option to enable C11 features
configure:13859: result: none needed
configure:14038: checking for g++
configure:14059: found /usr/bin/g++
configure:14070: result: g++
configure:14097: checking for C++ compiler version
configure:14106: g++ --version >&5
Apple clang version 13.0.0 (clang-1300.0.29.30)
Target: x86_64-apple-darwin20.6.0
Thread model: posix
InstalledDir: /Library/Developer/CommandLineTools/usr/bin
Configured with: --prefix=/Library/Developer/CommandLineTools/usr --with-gxx-include-dir=/Library/Developer/CommandLineTools/SDKs/MacOSX.sdk/usr/include/c++/4.2.1
configure:14117: $? = 0
configure:14106: g++ -v >&5
Configured with: --prefix=/Library/Developer/CommandLineTools/usr --with-gxx-include-dir=/Library/Developer/CommandLineTools/SDKs/MacOSX.sdk/usr/include/c++/4.2.1
Apple clang version 13.0.0 (clang-1300.0.29.30)
Target: x86_64-apple-darwin20.6.0
Thread model: posix
InstalledDir: /Library/Developer/CommandLineTools/usr/bin
configure:14117: $? = 0
configure:14106: g++ -V >&5
clang: error: argument to '-V' is missing (expected 1 value)
clang: error: no input files
configure:14117: $? = 1
configure:14106: g++ -qversion >&5
clang: error: unknown argument '-qversion'; did you mean '--version'?
clang: error: no input files
configure:14117: $? = 1
configure:14121: checking whether the compiler supports GNU C++
configure:14141: g++ -c   conftest.cpp >&5
configure:14141: $? = 0
configure:14151: result: yes
configure:14162: checking whether g++ accepts -g
configure:14183: g++ -c -g  conftest.cpp >&5
configure:14183: $? = 0
configure:14227: result: yes
configure:14247: checking for g++ option to enable C++11 features
configure:14262: g++  -c -g -O2  conftest.cpp >&5
conftest.cpp:67:3: error: "Compiler does not advertise C++11 conformance"
# error "Compiler does not advertise C++11 conformance"
  ^
conftest.cpp:72:3: error: unknown type name 'constexpr'
  constexpr int get_val() { return 20; }
  ^
conftest.cpp:84:17: error: delegating constructors are permitted only in C++11
    delegate(): delegate(2354) {}
                ^~~~~~~~
conftest.cpp:95:26: warning: 'override' keyword is a C++11 extension [-Wc++11-extensions]
    virtual int getval() override final { return this->n * 2; }
                         ^
conftest.cpp:95:35: warning: 'final' keyword is a C++11 extension [-Wc++11-extensions]
    virtual int getval() override final { return this->n * 2; }
                                  ^
conftest.cpp:102:16: warning: defaulted function definitions are a C++11 extension [-Wc++11-extensions]
    nocopy() = default;
               ^
conftest.cpp:103:29: warning: deleted function definitions are a C++11 extension [-Wc++11-extensions]
    nocopy(const nocopy&) = delete;
                            ^
conftest.cpp:104:41: warning: deleted function definitions are a C++11 extension [-Wc++11-extensions]
    nocopy & operator=(const nocopy&) = delete;
                                        ^
conftest.cpp:116:25: warning: 'auto' type specifier is a C++11 extension [-Wc++11-extensions]
  template <typename V> auto sum(V first) -> V
                        ^
conftest.cpp:116:25: error: 'auto' not allowed in function return type
  template <typename V> auto sum(V first) -> V
                        ^~~~
conftest.cpp:116:42: error: expected ';' at end of declaration
  template <typename V> auto sum(V first) -> V
                                         ^
                                         ;
conftest.cpp:116:43: error: cannot use arrow operator on a type
  template <typename V> auto sum(V first) -> V
                                          ^
conftest.cpp:120:33: warning: variadic templates are a C++11 extension [-Wc++11-extensions]
  template <typename V, typename... Args> auto sum(V first, Args... rest) -> V
                                ^
conftest.cpp:120:43: warning: 'auto' type specifier is a C++11 extension [-Wc++11-extensions]
  template <typename V, typename... Args> auto sum(V first, Args... rest) -> V
                                          ^
conftest.cpp:120:43: error: 'auto' not allowed in function return type
  template <typename V, typename... Args> auto sum(V first, Args... rest) -> V
                                          ^~~~
conftest.cpp:120:74: error: expected ';' at end of declaration
  template <typename V, typename... Args> auto sum(V first, Args... rest) -> V
                                                                         ^
                                                                         ;
conftest.cpp:120:75: error: cannot use arrow operator on a type
  template <typename V, typename... Args> auto sum(V first, Args... rest) -> V
                                                                          ^
conftest.cpp:144:3: warning: 'auto' type specifier is a C++11 extension [-Wc++11-extensions]
  auto a1 = 6538;
  ^
conftest.cpp:145:3: warning: 'auto' type specifier is a C++11 extension [-Wc++11-extensions]
  auto a2 = 48573953.4;
  ^
conftest.cpp:146:3: warning: 'auto' type specifier is a C++11 extension [-Wc++11-extensions]
  auto a3 = "String literal";
  ^
conftest.cpp:149:8: warning: 'auto' type specifier is a C++11 extension [-Wc++11-extensions]
  for (auto i = a3; *i; ++i) { total += *i; }
       ^
conftest.cpp:165:8: warning: 'auto' type specifier is a C++11 extension [-Wc++11-extensions]
  for (auto &x : array) { x += 23; }
       ^
conftest.cpp:165:16: warning: range-based for loop is a C++11 extension [-Wc++11-extensions]
  for (auto &x : array) { x += 23; }
               ^
conftest.cpp:170:17: error: expected expression
  assert (eval ([](int x) { return x*2; }, 21) == 42);
                ^
conftest.cpp:172:17: error: expected expression
  assert (eval ([&](double x) { return d += x; }, 3.0) == 5.0);
                ^
conftest.cpp:174:17: error: expected expression
  assert (eval ([=](double x) mutable { return d += x; }, 4.0) == 9.0);
                ^
conftest.cpp:180:3: warning: 'auto' type specifier is a C++11 extension [-Wc++11-extensions]
  auto a = sum(1);
  ^
conftest.cpp:180:12: error: no matching function for call to 'sum'
  auto a = sum(1);
           ^~~
conftest.cpp:181:3: warning: 'auto' type specifier is a C++11 extension [-Wc++11-extensions]
  auto b = sum(1, 2);
  ^
conftest.cpp:181:12: error: no matching function for call to 'sum'
  auto b = sum(1, 2);
           ^~~
conftest.cpp:182:3: warning: 'auto' type specifier is a C++11 extension [-Wc++11-extensions]
  auto c = sum(1.0, 2.0, 3.0);
  ^
conftest.cpp:182:12: error: no matching function for call to 'sum'
  auto c = sum(1.0, 2.0, 3.0);
           ^~~
conftest.cpp:187:25: warning: empty parentheses interpreted as a function declaration [-Wvexing-parse]
  cxx11test::delegate d2();
                        ^~
conftest.cpp:187:25: note: remove parentheses to declare a variable
  cxx11test::delegate d2();
                        ^~
conftest.cpp:200:16: error: found '<::' after a template name which forms the digraph '<:' (aka '[') and a ':', did you mean '< ::'?
  test_template<::test_template<int>> v(test_template<int>(12));
               ^~~
               < ::
conftest.cpp:200:36: error: a space is required between consecutive right angle brackets (use '> >')
  test_template<::test_template<int>> v(test_template<int>(12));
                                   ^~
                                   > >
conftest.cpp:204:22: error: use of undeclared identifier 'u8'
  char const *utf8 = u8"UTF-8 string \u2500";
                     ^
conftest.cpp:204:24: error: expected ';' at end of declaration
  char const *utf8 = u8"UTF-8 string \u2500";
                       ^
                       ;
fatal error: too many errors emitted, stopping now [-ferror-limit=]
18 warnings and 20 errors generated.
configure:14262: $? = 1
configure: failed program was:
| /* confdefs.h */
| #define PACKAGE_NAME ""
| #define PACKAGE_TARNAME ""
| #define PACKAGE_VERSION ""
| #define PACKAGE_STRING ""
| #define PACKAGE_BUGREPORT ""
| #define PACKAGE_URL ""
| #define HAVE_STDIO_H 1
| #define HAVE_STDLIB_H 1
| #define HAVE_STRING_H 1
| #define HAVE_INTTYPES_H 1
| #define HAVE_STDINT_H 1
| #define HAVE_STRINGS_H 1
| #define HAVE_SYS_STAT_H 1
| #define HAVE_SYS_TYPES_H 1
| #define HAVE_UNISTD_H 1
| #define STDC_HEADERS 1
| #define HAVE_DLFCN_H 1
| #define LT_OBJDIR ".libs/"
| /* end confdefs.h.  */
| 
| // Does the compiler advertise C++98 conformance?
| #if !defined __cplusplus || __cplusplus < 199711L
| # error "Compiler does not advertise C++98 conformance"
| #endif
| 
| // These inclusions are to reject old compilers that
| // lack the unsuffixed header files.
| #include <cstdlib>
| #include <exception>
| 
| // <cassert> and <cstring> are *not* freestanding headers in C++98.
| extern void assert (int);
| namespace std {
|   extern int strcmp (const char *, const char *);
| }
| 
| // Namespaces, exceptions, and templates were all added after "C++ 2.0".
| using std::exception;
| using std::strcmp;
| 
| namespace {
| 
| void test_exception_syntax()
| {
|   try {
|     throw "test";
|   } catch (const char *s) {
|     // Extra parentheses suppress a warning when building autoconf itself,
|     // due to lint rules shared with more typical C programs.
|     assert (!(strcmp) (s, "test"));
|   }
| }
| 
| template <typename T> struct test_template
| {
|   T const val;
|   explicit test_template(T t) : val(t) {}
|   template <typename U> T add(U u) { return static_cast<T>(u) + val; }
| };
| 
| } // anonymous namespace
| 
| 
| // Does the compiler advertise C++ 2011 conformance?
| #if !defined __cplusplus || __cplusplus < 201103L
| # error "Compiler does not advertise C++11 conformance"
| #endif
| 
| namespace cxx11test
| {
|   constexpr int get_val() { return 20; }
| 
|   struct testinit
|   {
|     int i;
|     double d;
|   };
| 
|   class delegate
|   {
|   public:
|     delegate(int n) : n(n) {}
|     delegate(): delegate(2354) {}
| 
|     virtual int getval() { return this->n; };
|   protected:
|     int n;
|   };
| 
|   class overridden : public delegate
|   {
|   public:
|     overridden(int n): delegate(n) {}
|     virtual int getval() override final { return this->n * 2; }
|   };
| 
|   class nocopy
|   {
|   public:
|     nocopy(int i): i(i) {}
|     nocopy() = default;
|     nocopy(const nocopy&) = delete;
|     nocopy & operator=(const nocopy&) = delete;
|   private:
|     int i;
|   };
| 
|   // for testing lambda expressions
|   template <typename Ret, typename Fn> Ret eval(Fn f, Ret v)
|   {
|     return f(v);
|   }
| 
|   // for testing variadic templates and trailing return types
|   template <typename V> auto sum(V first) -> V
|   {
|     return first;
|   }
|   template <typename V, typename... Args> auto sum(V first, Args... rest) -> V
|   {
|     return first + sum(rest...);
|   }
| }
| 
| 
| int
| main (int argc, char **argv)
| {
|   int ok = 0;
|   
|   assert (argc);
|   assert (! argv[0]);
| {
|   test_exception_syntax ();
|   test_template<double> tt (2.0);
|   assert (tt.add (4) == 6.0);
|   assert (true && !false);
| }
| 
|   
| {
|   // Test auto and decltype
|   auto a1 = 6538;
|   auto a2 = 48573953.4;
|   auto a3 = "String literal";
| 
|   int total = 0;
|   for (auto i = a3; *i; ++i) { total += *i; }
| 
|   decltype(a2) a4 = 34895.034;
| }
| {
|   // Test constexpr
|   short sa[cxx11test::get_val()] = { 0 };
| }
| {
|   // Test initializer lists
|   cxx11test::testinit il = { 4323, 435234.23544 };
| }
| {
|   // Test range-based for
|   int array[] = {9, 7, 13, 15, 4, 18, 12, 10, 5, 3,
|                  14, 19, 17, 8, 6, 20, 16, 2, 11, 1};
|   for (auto &x : array) { x += 23; }
| }
| {
|   // Test lambda expressions
|   using cxx11test::eval;
|   assert (eval ([](int x) { return x*2; }, 21) == 42);
|   double d = 2.0;
|   assert (eval ([&](double x) { return d += x; }, 3.0) == 5.0);
|   assert (d == 5.0);
|   assert (eval ([=](double x) mutable { return d += x; }, 4.0) == 9.0);
|   assert (d == 5.0);
| }
| {
|   // Test use of variadic templates
|   using cxx11test::sum;
|   auto a = sum(1);
|   auto b = sum(1, 2);
|   auto c = sum(1.0, 2.0, 3.0);
| }
| {
|   // Test constructor delegation
|   cxx11test::delegate d1;
|   cxx11test::delegate d2();
|   cxx11test::delegate d3(45);
| }
| {
|   // Test override and final
|   cxx11test::overridden o1(55464);
| }
| {
|   // Test nullptr
|   char *c = nullptr;
| }
| {
|   // Test template brackets
|   test_template<::test_template<int>> v(test_template<int>(12));
| }
| {
|   // Unicode literals
|   char const *utf8 = u8"UTF-8 string \u2500";
|   char16_t const *utf16 = u"UTF-8 string \u2500";
|   char32_t const *utf32 = U"UTF-32 string \u2500";
| }
| 
|   return ok;
| }
| 
configure:14280: result: none needed
configure:14362: checking how to run the C++ preprocessor
configure:14384: g++ -E  conftest.cpp
configure:14384: $? = 0
configure:14399: g++ -E  conftest.cpp
conftest.cpp:21:10: fatal error: 'ac_nonexistent.h' file not found
#include <ac_nonexistent.h>
         ^~~~~~~~~~~~~~~~~~
1 error generated.
configure:14399: $? = 1
configure: failed program was:
| /* confdefs.h */
| #define PACKAGE_NAME ""
| #define PACKAGE_TARNAME ""
| #define PACKAGE_VERSION ""
| #define PACKAGE_STRING ""
| #define PACKAGE_BUGREPORT ""
| #define PACKAGE_URL ""
| #define HAVE_STDIO_H 1
| #define HAVE_STDLIB_H 1
| #define HAVE_STRING_H 1
| #define HAVE_INTTYPES_H 1
| #define HAVE_STDINT_H 1
| #define HAVE_STRINGS_H 1
| #define HAVE_SYS_STAT_H 1
| #define HAVE_SYS_TYPES_H 1
| #define HAVE_UNISTD_H 1
| #define STDC_HEADERS 1
| #define HAVE_DLFCN_H 1
| #define LT_OBJDIR ".libs/"
| /* end confdefs.h.  */
| #include <ac_nonexistent.h>
configure:14426: result: g++ -E
configure:14440: g++ -E  conftest.cpp
configure:14440: $? = 0
configure:14455: g++ -E  conftest.cpp
conftest.cpp:21:10: fatal error: 'ac_nonexistent.h' file not found
#include <ac_nonexistent.h>
         ^~~~~~~~~~~~~~~~~~
1 error generated.
configure:14455: $? = 1
configure: failed program was:
| /* confdefs.h */
| #define PACKAGE_NAME ""
| #define PACKAGE_TARNAME ""
| #define PACKAGE_VERSION ""
| #define PACKAGE_STRING ""
| #define PACKAGE_BUGREPORT ""
| #define PACKAGE_URL ""
| #define HAVE_STDIO_H 1
| #define HAVE_STDLIB_H 1
| #define HAVE_STRING_H 1
| #define HAVE_INTTYPES_H 1
| #define HAVE_STDINT_H 1
| #define HAVE_STRINGS_H 1
| #define HAVE_SYS_STAT_H 1
| #define HAVE_SYS_TYPES_H 1
| #define HAVE_UNISTD_H 1
| #define STDC_HEADERS 1
| #define HAVE_DLFCN_H 1
| #define LT_OBJDIR ".libs/"
| /* end confdefs.h.  */
| #include <ac_nonexistent.h>
configure:14620: checking for ld used by g++
configure:14688: result: /Library/Developer/CommandLineTools/usr/bin/ld
configure:14695: checking if the linker (/Library/Developer/CommandLineTools/usr/bin/ld) is GNU ld
configure:14711: result: no
configure:14766: checking whether the g++ linker (/Library/Developer/CommandLineTools/usr/bin/ld) supports shared libraries
configure:15844: result: yes
configure:15880: g++ -c -g -O2  conftest.cpp >&5
configure:15883: $? = 0
configure:16365: checking for g++ option to produce PIC
configure:16373: result: -fno-common -DPIC
configure:16381: checking if g++ PIC flag -fno-common -DPIC works
configure:16400: g++ -c -g -O2  -fno-common -DPIC -DPIC conftest.cpp >&5
configure:16404: $? = 0
configure:16417: result: yes
configure:16440: checking if g++ static flag -static works
configure:16469: result: no
configure:16481: checking if g++ supports -c -o file.o
configure:16503: g++ -c -g -O2  -o out/conftest2.o conftest.cpp >&5
configure:16507: $? = 0
configure:16529: result: yes
configure:16534: checking if g++ supports -c -o file.o
configure:16582: result: yes
configure:16612: checking whether the g++ linker (/Library/Developer/CommandLineTools/usr/bin/ld) supports shared libraries
configure:16652: result: yes
configure:16794: checking dynamic linker characteristics
configure:17549: result: darwin20.6.0 dyld
configure:17614: checking how to hardcode library paths into programs
configure:17639: result: immediate
configure:17679: checking for egrep
configure:17747: result: /usr/bin/grep -E
configure:17752: checking for fgrep
configure:17820: result: /usr/bin/grep -F
configure:17840: checking for a BSD-compatible install
configure:17913: result: /usr/bin/install -c
configure:17924: checking whether make sets $(MAKE)
configure:17947: result: yes
configure:18015: checking for pkg-config
configure:18053: result: no
configure:18095: checking for gsort
configure:18130: result: no
configure:18095: checking for sort
configure:18116: found /usr/bin/sort
configure:18127: result: sort
configure:18153: checking for special C compiler options needed for large files
configure:18201: result: no
configure:18207: checking for _FILE_OFFSET_BITS value needed for large files
configure:18233: gcc -c -g -O2  conftest.c >&5
configure:18233: $? = 0
configure:18267: result: no
configure:18482: checking for an ANSI C-conforming const
configure:18549: gcc -c -g -O2 -Iinclude -I/Users/waefrebeorn/Documents/big-mac/third_party/SDL2-2.32.10/include -idirafter /Users/waefrebeorn/Documents/big-mac/third_party/SDL2-2.32.10/src/video/khronos   -Iinclude -I/Users/waefrebeorn/Documents/big-mac/third_party/SDL2-2.32.10/include -idirafter /Users/waefrebeorn/Documents/big-mac/third_party/SDL2-2.32.10/src/video/khronos  conftest.c >&5
configure:18549: $? = 0
configure:18557: result: yes
configure:18565: checking for inline
configure:18582: gcc -c -g -O2 -Iinclude -I/Users/waefrebeorn/Documents/big-mac/third_party/SDL2-2.32.10/include -idirafter /Users/waefrebeorn/Documents/big-mac/third_party/SDL2-2.32.10/src/video/khronos   -Iinclude -I/Users/waefrebeorn/Documents/big-mac/third_party/SDL2-2.32.10/include -idirafter /Users/waefrebeorn/Documents/big-mac/third_party/SDL2-2.32.10/src/video/khronos  conftest.c >&5
configure:18582: $? = 0
configure:18591: result: inline
configure:18609: checking for working volatile
configure:18629: gcc -c -g -O2 -Iinclude -I/Users/waefrebeorn/Documents/big-mac/third_party/SDL2-2.32.10/include -idirafter /Users/waefrebeorn/Documents/big-mac/third_party/SDL2-2.32.10/src/video/khronos   -Iinclude -I/Users/waefrebeorn/Documents/big-mac/third_party/SDL2-2.32.10/include -idirafter /Users/waefrebeorn/Documents/big-mac/third_party/SDL2-2.32.10/src/video/khronos  conftest.c >&5
configure:18629: $? = 0
configure:18637: result: yes
configure:18694: checking for GCC -MMD -MT option
configure:18711: gcc -c -g -O2 -Iinclude -I/Users/waefrebeorn/Documents/big-mac/third_party/SDL2-2.32.10/include -idirafter /Users/waefrebeorn/Documents/big-mac/third_party/SDL2-2.32.10/src/video/khronos   -Iinclude -I/Users/waefrebeorn/Documents/big-mac/third_party/SDL2-2.32.10/include -idirafter /Users/waefrebeorn/Documents/big-mac/third_party/SDL2-2.32.10/src/video/khronos  conftest.c >&5
configure:18711: $? = 0
configure:18716: result: yes
configure:18724: checking for linker option --no-undefined
configure:18744: gcc -o conftest -g -O2 -Iinclude -I/Users/waefrebeorn/Documents/big-mac/third_party/SDL2-2.32.10/include -idirafter /Users/waefrebeorn/Documents/big-mac/third_party/SDL2-2.32.10/src/video/khronos   -Iinclude -I/Users/waefrebeorn/Documents/big-mac/third_party/SDL2-2.32.10/include -idirafter /Users/waefrebeorn/Documents/big-mac/third_party/SDL2-2.32.10/src/video/khronos   -Wl,--no-undefined conftest.c  >&5
ld: unknown option: --no-undefined
clang: error: linker command failed with exit code 1 (use -v to see invocation)
configure:18744: $? = 1
configure: failed program was:
| /* confdefs.h */
| #define PACKAGE_NAME ""
| #define PACKAGE_TARNAME ""
| #define PACKAGE_VERSION ""
| #define PACKAGE_STRING ""
| #define PACKAGE_BUGREPORT ""
| #define PACKAGE_URL ""
| #define HAVE_STDIO_H 1
| #define HAVE_STDLIB_H 1
| #define HAVE_STRING_H 1
| #define HAVE_INTTYPES_H 1
| #define HAVE_STDINT_H 1
| #define HAVE_STRINGS_H 1
| #define HAVE_SYS_STAT_H 1
| #define HAVE_SYS_TYPES_H 1
| #define HAVE_UNISTD_H 1
| #define STDC_HEADERS 1
| #define HAVE_DLFCN_H 1
| #define LT_OBJDIR ".libs/"
| /* end confdefs.h.  */
| 
| int
| main (void)
| {
| 
|   ;
|   return 0;
| }
configure:18756: result: no
configure:18759: checking for linker option --dynamicbase
configure:18777: gcc -o conftest -g -O2 -Iinclude -I/Users/waefrebeorn/Documents/big-mac/third_party/SDL2-2.32.10/include -idirafter /Users/waefrebeorn/Documents/big-mac/third_party/SDL2-2.32.10/src/video/khronos   -Iinclude -I/Users/waefrebeorn/Documents/big-mac/third_party/SDL2-2.32.10/include -idirafter /Users/waefrebeorn/Documents/big-mac/third_party/SDL2-2.32.10/src/video/khronos   -Wl,--dynamicbase conftest.c  >&5
ld: unknown option: --dynamicbase
clang: error: linker command failed with exit code 1 (use -v to see invocation)
configure:18777: $? = 1
configure: failed program was:
| /* confdefs.h */
| #define PACKAGE_NAME ""
| #define PACKAGE_TARNAME ""
| #define PACKAGE_VERSION ""
| #define PACKAGE_STRING ""
| #define PACKAGE_BUGREPORT ""
| #define PACKAGE_URL ""
| #define HAVE_STDIO_H 1
| #define HAVE_STDLIB_H 1
| #define HAVE_STRING_H 1
| #define HAVE_INTTYPES_H 1
| #define HAVE_STDINT_H 1
| #define HAVE_STRINGS_H 1
| #define HAVE_SYS_STAT_H 1
| #define HAVE_SYS_TYPES_H 1
| #define HAVE_UNISTD_H 1
| #define STDC_HEADERS 1
| #define HAVE_DLFCN_H 1
| #define LT_OBJDIR ".libs/"
| /* end confdefs.h.  */
| 
| int
| main (void)
| {
| 
|   ;
|   return 0;
| }
configure:18789: result: no
configure:18792: checking for linker option --nxcompat
configure:18810: gcc -o conftest -g -O2 -Iinclude -I/Users/waefrebeorn/Documents/big-mac/third_party/SDL2-2.32.10/include -idirafter /Users/waefrebeorn/Documents/big-mac/third_party/SDL2-2.32.10/src/video/khronos   -Iinclude -I/Users/waefrebeorn/Documents/big-mac/third_party/SDL2-2.32.10/include -idirafter /Users/waefrebeorn/Documents/big-mac/third_party/SDL2-2.32.10/src/video/khronos   -Wl,--nxcompat conftest.c  >&5
ld: unknown option: --nxcompat
clang: error: linker command failed with exit code 1 (use -v to see invocation)
configure:18810: $? = 1
configure: failed program was:
| /* confdefs.h */
| #define PACKAGE_NAME ""
| #define PACKAGE_TARNAME ""
| #define PACKAGE_VERSION ""
| #define PACKAGE_STRING ""
| #define PACKAGE_BUGREPORT ""
| #define PACKAGE_URL ""
| #define HAVE_STDIO_H 1
| #define HAVE_STDLIB_H 1
| #define HAVE_STRING_H 1
| #define HAVE_INTTYPES_H 1
| #define HAVE_STDINT_H 1
| #define HAVE_STRINGS_H 1
| #define HAVE_SYS_STAT_H 1
| #define HAVE_SYS_TYPES_H 1
| #define HAVE_UNISTD_H 1
| #define STDC_HEADERS 1
| #define HAVE_DLFCN_H 1
| #define LT_OBJDIR ".libs/"
| /* end confdefs.h.  */
| 
| int
| main (void)
| {
| 
|   ;
|   return 0;
| }
configure:18822: result: no
configure:18825: checking for linker option --high-entropy-va
configure:18843: gcc -o conftest -g -O2 -Iinclude -I/Users/waefrebeorn/Documents/big-mac/third_party/SDL2-2.32.10/include -idirafter /Users/waefrebeorn/Documents/big-mac/third_party/SDL2-2.32.10/src/video/khronos   -Iinclude -I/Users/waefrebeorn/Documents/big-mac/third_party/SDL2-2.32.10/include -idirafter /Users/waefrebeorn/Documents/big-mac/third_party/SDL2-2.32.10/src/video/khronos   -Wl,--high-entropy-va conftest.c  >&5
ld: unknown option: --high-entropy-va
clang: error: linker command failed with exit code 1 (use -v to see invocation)
configure:18843: $? = 1
configure: failed program was:
| /* confdefs.h */
| #define PACKAGE_NAME ""
| #define PACKAGE_TARNAME ""
| #define PACKAGE_VERSION ""
| #define PACKAGE_STRING ""
| #define PACKAGE_BUGREPORT ""
| #define PACKAGE_URL ""
| #define HAVE_STDIO_H 1
| #define HAVE_STDLIB_H 1
| #define HAVE_STRING_H 1
| #define HAVE_INTTYPES_H 1
| #define HAVE_STDINT_H 1
| #define HAVE_STRINGS_H 1
| #define HAVE_SYS_STAT_H 1
| #define HAVE_SYS_TYPES_H 1
| #define HAVE_UNISTD_H 1
| #define STDC_HEADERS 1
| #define HAVE_DLFCN_H 1
| #define LT_OBJDIR ".libs/"
| /* end confdefs.h.  */
| 
| int
| main (void)
| {
| 
|   ;
|   return 0;
| }
configure:18855: result: no
configure:18896: checking for sys/types.h
configure:18896: result: yes
configure:18902: checking for stdio.h
configure:18902: result: yes
configure:18908: checking for stdlib.h
configure:18908: result: yes
configure:18914: checking for stddef.h
configure:18914: gcc -c -g -O2 -Iinclude -I/Users/waefrebeorn/Documents/big-mac/third_party/SDL2-2.32.10/include -idirafter /Users/waefrebeorn/Documents/big-mac/third_party/SDL2-2.32.10/src/video/khronos   -Iinclude -I/Users/waefrebeorn/Documents/big-mac/third_party/SDL2-2.32.10/include -idirafter /Users/waefrebeorn/Documents/big-mac/third_party/SDL2-2.32.10/src/video/khronos  conftest.c >&5
configure:18914: $? = 0
configure:18914: result: yes
configure:18920: checking for stdarg.h
configure:18920: gcc -c -g -O2 -Iinclude -I/Users/waefrebeorn/Documents/big-mac/third_party/SDL2-2.32.10/include -idirafter /Users/waefrebeorn/Documents/big-mac/third_party/SDL2-2.32.10/src/video/khronos   -Iinclude -I/Users/waefrebeorn/Documents/big-mac/third_party/SDL2-2.32.10/include -idirafter /Users/waefrebeorn/Documents/big-mac/third_party/SDL2-2.32.10/src/video/khronos  conftest.c >&5
configure:18920: $? = 0
configure:18920: result: yes
configure:18926: checking for malloc.h
configure:18926: gcc -c -g -O2 -Iinclude -I/Users/waefrebeorn/Documents/big-mac/third_party/SDL2-2.32.10/include -idirafter /Users/waefrebeorn/Documents/big-mac/third_party/SDL2-2.32.10/src/video/khronos   -Iinclude -I/Users/waefrebeorn/Documents/big-mac/third_party/SDL2-2.32.10/include -idirafter /Users/waefrebeorn/Documents/big-mac/third_party/SDL2-2.32.10/src/video/khronos  conftest.c >&5
conftest.c:55:10: fatal error: 'malloc.h' file not found
#include <malloc.h>
         ^~~~~~~~~~
1 error generated.
configure:18926: $? = 1
configure: failed program was:
| /* confdefs.h */
| #define PACKAGE_NAME ""
| #define PACKAGE_TARNAME ""
| #define PACKAGE_VERSION ""
| #define PACKAGE_STRING ""
| #define PACKAGE_BUGREPORT ""
| #define PACKAGE_URL ""
| #define HAVE_STDIO_H 1
| #define HAVE_STDLIB_H 1
| #define HAVE_STRING_H 1
| #define HAVE_INTTYPES_H 1
| #define HAVE_STDINT_H 1
| #define HAVE_STRINGS_H 1
| #define HAVE_SYS_STAT_H 1
| #define HAVE_SYS_TYPES_H 1
| #define HAVE_UNISTD_H 1
| #define STDC_HEADERS 1
| #define HAVE_DLFCN_H 1
| #define LT_OBJDIR ".libs/"
| #define HAVE_LIBC 1
| #define HAVE_SYS_TYPES_H 1
| #define HAVE_STDIO_H 1
| #define HAVE_STDLIB_H 1
| #define HAVE_STDDEF_H 1
| #define HAVE_STDARG_H 1
| /* end confdefs.h.  */
| #include <stddef.h>
| #ifdef HAVE_STDIO_H
| # include <stdio.h>
| #endif
| #ifdef HAVE_STDLIB_H
| # include <stdlib.h>
| #endif
| #ifdef HAVE_STRING_H
| # include <string.h>
| #endif
| #ifdef HAVE_INTTYPES_H
| # include <inttypes.h>
| #endif
| #ifdef HAVE_STDINT_H
| # include <stdint.h>
| #endif
| #ifdef HAVE_STRINGS_H
| # include <strings.h>
| #endif
| #ifdef HAVE_SYS_TYPES_H
| # include <sys/types.h>
| #endif
| #ifdef HAVE_SYS_STAT_H
| # include <sys/stat.h>
| #endif
| #ifdef HAVE_UNISTD_H
| # include <unistd.h>
| #endif
| #include <malloc.h>
configure:18926: result: no
configure:18932: checking for memory.h
configure:18932: gcc -c -g -O2 -Iinclude -I/Users/waefrebeorn/Documents/big-mac/third_party/SDL2-2.32.10/include -idirafter /Users/waefrebeorn/Documents/big-mac/third_party/SDL2-2.32.10/src/video/khronos   -Iinclude -I/Users/waefrebeorn/Documents/big-mac/third_party/SDL2-2.32.10/include -idirafter /Users/waefrebeorn/Documents/big-mac/third_party/SDL2-2.32.10/src/video/khronos  conftest.c >&5
configure:18932: $? = 0
configure:18932: result: yes
configure:18938: checking for string.h
configure:18938: result: yes
configure:18944: checking for strings.h
configure:18944: result: yes
configure:18950: checking for wchar.h
configure:18950: gcc -c -g -O2 -Iinclude -I/Users/waefrebeorn/Documents/big-mac/third_party/SDL2-2.32.10/include -idirafter /Users/waefrebeorn/Documents/big-mac/third_party/SDL2-2.32.10/src/video/khronos   -Iinclude -I/Users/waefrebeorn/Documents/big-mac/third_party/SDL2-2.32.10/include -idirafter /Users/waefrebeorn/Documents/big-mac/third_party/SDL2-2.32.10/src/video/khronos  conftest.c >&5
configure:18950: $? = 0
configure:18950: result: yes
configure:18956: checking for inttypes.h
configure:18956: result: yes
configure:18962: checking for stdint.h
configure:18962: result: yes
configure:18968: checking for limits.h
configure:18968: gcc -c -g -O2 -Iinclude -I/Users/waefrebeorn/Documents/big-mac/third_party/SDL2-2.32.10/include -idirafter /Users/waefrebeorn/Documents/big-mac/third_party/SDL2-2.32.10/src/video/khronos   -Iinclude -I/Users/waefrebeorn/Documents/big-mac/third_party/SDL2-2.32.10/include -idirafter /Users/waefrebeorn/Documents/big-mac/third_party/SDL2-2.32.10/src/video/khronos  conftest.c >&5
configure:18968: $? = 0
configure:18968: result: yes
configure:18974: checking for ctype.h
configure:18974: gcc -c -g -O2 -Iinclude -I/Users/waefrebeorn/Documents/big-mac/third_party/SDL2-2.32.10/include -idirafter /Users/waefrebeorn/Documents/big-mac/third_party/SDL2-2.32.10/src/video/khronos   -Iinclude -I/Users/waefrebeorn/Documents/big-mac/third_party/SDL2-2.32.10/include -idirafter /Users/waefrebeorn/Documents/big-mac/third_party/SDL2-2.32.10/src/video/khronos  conftest.c >&5
configure:18974: $? = 0
configure:18974: result: yes
configure:18980: checking for math.h
configure:18980: gcc -c -g -O2 -Iinclude -I/Users/waefrebeorn/Documents/big-mac/third_party/SDL2-2.32.10/include -idirafter /Users/waefrebeorn/Documents/big-mac/third_party/SDL2-2.32.10/src/video/khronos   -Iinclude -I/Users/waefrebeorn/Documents/big-mac/third_party/SDL2-2.32.10/include -idirafter /Users/waefrebeorn/Documents/big-mac/third_party/SDL2-2.32.10/src/video/khronos  conftest.c >&5
configure:18980: $? = 0
configure:18980: result: yes
configure:18986: checking for float.h
configure:18986: gcc -c -g -O2 -Iinclude -I/Users/waefrebeorn/Documents/big-mac/third_party/SDL2-2.32.10/include -idirafter /Users/waefrebeorn/Documents/big-mac/third_party/SDL2-2.32.10/src/video/khronos   -Iinclude -I/Users/waefrebeorn/Documents/big-mac/third_party/SDL2-2.32.10/include -idirafter /Users/waefrebeorn/Documents/big-mac/third_party/SDL2-2.32.10/src/video/khronos  conftest.c >&5
configure:18986: $? = 0
configure:18986: result: yes
configure:18992: checking for iconv.h
configure:18992: gcc -c -g -O2 -Iinclude -I/Users/waefrebeorn/Documents/big-mac/third_party/SDL2-2.32.10/include -idirafter /Users/waefrebeorn/Documents/big-mac/third_party/SDL2-2.32.10/src/video/khronos   -Iinclude -I/Users/waefrebeorn/Documents/big-mac/third_party/SDL2-2.32.10/include -idirafter /Users/waefrebeorn/Documents/big-mac/third_party/SDL2-2.32.10/src/video/khronos  conftest.c >&5
configure:18992: $? = 0
configure:18992: result: yes
configure:18998: checking for signal.h
configure:18998: gcc -c -g -O2 -Iinclude -I/Users/waefrebeorn/Documents/big-mac/third_party/SDL2-2.32.10/include -idirafter /Users/waefrebeorn/Documents/big-mac/third_party/SDL2-2.32.10/src/video/khronos   -Iinclude -I/Users/waefrebeorn/Documents/big-mac/third_party/SDL2-2.32.10/include -idirafter /Users/waefrebeorn/Documents/big-mac/third_party/SDL2-2.32.10/src/video/khronos  conftest.c >&5
configure:18998: $? = 0
configure:18998: result: yes
configure:19006: checking for size_t
configure:19006: gcc -c -g -O2 -Iinclude -I/Users/waefrebeorn/Documents/big-mac/third_party/SDL2-2.32.10/include -idirafter /Users/waefrebeorn/Documents/big-mac/third_party/SDL2-2.32.10/src/video/khronos   -Iinclude -I/Users/waefrebeorn/Documents/big-mac/third_party/SDL2-2.32.10/include -idirafter /Users/waefrebeorn/Documents/big-mac/third_party/SDL2-2.32.10/src/video/khronos  conftest.c >&5
configure:19006: $? = 0
configure:19006: gcc -c -g -O2 -Iinclude -I/Users/waefrebeorn/Documents/big-mac/third_party/SDL2-2.32.10/include -idirafter /Users/waefrebeorn/Documents/big-mac/third_party/SDL2-2.32.10/src/video/khronos   -Iinclude -I/Users/waefrebeorn/Documents/big-mac/third_party/SDL2-2.32.10/include -idirafter /Users/waefrebeorn/Documents/big-mac/third_party/SDL2-2.32.10/src/video/khronos  conftest.c >&5
conftest.c:70:21: error: expected expression
if (sizeof ((size_t)))
                    ^
1 error generated.
configure:19006: $? = 1
configure: failed program was:
| /* confdefs.h */
| #define PACKAGE_NAME ""
| #define PACKAGE_TARNAME ""
| #define PACKAGE_VERSION ""
| #define PACKAGE_STRING ""
| #define PACKAGE_BUGREPORT ""
| #define PACKAGE_URL ""
| #define HAVE_STDIO_H 1
| #define HAVE_STDLIB_H 1
| #define HAVE_STRING_H 1
| #define HAVE_INTTYPES_H 1
| #define HAVE_STDINT_H 1
| #define HAVE_STRINGS_H 1
| #define HAVE_SYS_STAT_H 1
| #define HAVE_SYS_TYPES_H 1
| #define HAVE_UNISTD_H 1
| #define STDC_HEADERS 1
| #define HAVE_DLFCN_H 1
| #define LT_OBJDIR ".libs/"
| #define HAVE_LIBC 1
| #define HAVE_SYS_TYPES_H 1
| #define HAVE_STDIO_H 1
| #define HAVE_STDLIB_H 1
| #define HAVE_STDDEF_H 1
| #define HAVE_STDARG_H 1
| #define HAVE_MEMORY_H 1
| #define HAVE_STRING_H 1
| #define HAVE_STRINGS_H 1
| #define HAVE_WCHAR_H 1
| #define HAVE_INTTYPES_H 1
| #define HAVE_STDINT_H 1
| #define HAVE_LIMITS_H 1
| #define HAVE_CTYPE_H 1
| #define HAVE_MATH_H 1
| #define HAVE_FLOAT_H 1
| #define HAVE_ICONV_H 1
| #define HAVE_SIGNAL_H 1
| /* end confdefs.h.  */
| #include <stddef.h>
| #ifdef HAVE_STDIO_H
| # include <stdio.h>
| #endif
| #ifdef HAVE_STDLIB_H
| # include <stdlib.h>
| #endif
| #ifdef HAVE_STRING_H
| # include <string.h>
| #endif
| #ifdef HAVE_INTTYPES_H
| # include <inttypes.h>
| #endif
| #ifdef HAVE_STDINT_H
| # include <stdint.h>
| #endif
| #ifdef HAVE_STRINGS_H
| # include <strings.h>
| #endif
| #ifdef HAVE_SYS_TYPES_H
| # include <sys/types.h>
| #endif
| #ifdef HAVE_SYS_STAT_H
| # include <sys/stat.h>
| #endif
| #ifdef HAVE_UNISTD_H
| # include <unistd.h>
| #endif
| int
| main (void)
| {
| if (sizeof ((size_t)))
| 	    return 0;
|   ;
|   return 0;
| }
configure:19006: result: yes
configure:19022: checking how to run the C preprocessor
configure:19048: gcc -E  -Iinclude -I/Users/waefrebeorn/Documents/big-mac/third_party/SDL2-2.32.10/include -idirafter /Users/waefrebeorn/Documents/big-mac/third_party/SDL2-2.32.10/src/video/khronos  conftest.c
configure:19048: $? = 0
configure:19063: gcc -E  -Iinclude -I/Users/waefrebeorn/Documents/big-mac/third_party/SDL2-2.32.10/include -idirafter /Users/waefrebeorn/Documents/big-mac/third_party/SDL2-2.32.10/src/video/khronos  conftest.c
conftest.c:39:10: fatal error: 'ac_nonexistent.h' file not found
#include <ac_nonexistent.h>
         ^~~~~~~~~~~~~~~~~~
1 error generated.
configure:19063: $? = 1
configure: failed program was:
| /* confdefs.h */
| #define PACKAGE_NAME ""
| #define PACKAGE_TARNAME ""
| #define PACKAGE_VERSION ""
| #define PACKAGE_STRING ""
| #define PACKAGE_BUGREPORT ""
| #define PACKAGE_URL ""
| #define HAVE_STDIO_H 1
| #define HAVE_STDLIB_H 1
| #define HAVE_STRING_H 1
| #define HAVE_INTTYPES_H 1
| #define HAVE_STDINT_H 1
| #define HAVE_STRINGS_H 1
| #define HAVE_SYS_STAT_H 1
| #define HAVE_SYS_TYPES_H 1
| #define HAVE_UNISTD_H 1
| #define STDC_HEADERS 1
| #define HAVE_DLFCN_H 1
| #define LT_OBJDIR ".libs/"
| #define HAVE_LIBC 1
| #define HAVE_SYS_TYPES_H 1
| #define HAVE_STDIO_H 1
| #define HAVE_STDLIB_H 1
| #define HAVE_STDDEF_H 1
| #define HAVE_STDARG_H 1
| #define HAVE_MEMORY_H 1
| #define HAVE_STRING_H 1
| #define HAVE_STRINGS_H 1
| #define HAVE_WCHAR_H 1
| #define HAVE_INTTYPES_H 1
| #define HAVE_STDINT_H 1
| #define HAVE_LIMITS_H 1
| #define HAVE_CTYPE_H 1
| #define HAVE_MATH_H 1
| #define HAVE_FLOAT_H 1
| #define HAVE_ICONV_H 1
| #define HAVE_SIGNAL_H 1
| /* end confdefs.h.  */
| #include <ac_nonexistent.h>
configure:19090: result: gcc -E
configure:19104: gcc -E  -Iinclude -I/Users/waefrebeorn/Documents/big-mac/third_party/SDL2-2.32.10/include -idirafter /Users/waefrebeorn/Documents/big-mac/third_party/SDL2-2.32.10/src/video/khronos  conftest.c
configure:19104: $? = 0
configure:19119: gcc -E  -Iinclude -I/Users/waefrebeorn/Documents/big-mac/third_party/SDL2-2.32.10/include -idirafter /Users/waefrebeorn/Documents/big-mac/third_party/SDL2-2.32.10/src/video/khronos  conftest.c
conftest.c:39:10: fatal error: 'ac_nonexistent.h' file not found
#include <ac_nonexistent.h>
         ^~~~~~~~~~~~~~~~~~
1 error generated.
configure:19119: $? = 1
configure: failed program was:
| /* confdefs.h */
| #define PACKAGE_NAME ""
| #define PACKAGE_TARNAME ""
| #define PACKAGE_VERSION ""
| #define PACKAGE_STRING ""
| #define PACKAGE_BUGREPORT ""
| #define PACKAGE_URL ""
| #define HAVE_STDIO_H 1
| #define HAVE_STDLIB_H 1
| #define HAVE_STRING_H 1
| #define HAVE_INTTYPES_H 1
| #define HAVE_STDINT_H 1
| #define HAVE_STRINGS_H 1
| #define HAVE_SYS_STAT_H 1
| #define HAVE_SYS_TYPES_H 1
| #define HAVE_UNISTD_H 1
| #define STDC_HEADERS 1
| #define HAVE_DLFCN_H 1
| #define LT_OBJDIR ".libs/"
| #define HAVE_LIBC 1
| #define HAVE_SYS_TYPES_H 1
| #define HAVE_STDIO_H 1
| #define HAVE_STDLIB_H 1
| #define HAVE_STDDEF_H 1
| #define HAVE_STDARG_H 1
| #define HAVE_MEMORY_H 1
| #define HAVE_STRING_H 1
| #define HAVE_STRINGS_H 1
| #define HAVE_WCHAR_H 1
| #define HAVE_INTTYPES_H 1
| #define HAVE_STDINT_H 1
| #define HAVE_LIMITS_H 1
| #define HAVE_CTYPE_H 1
| #define HAVE_MATH_H 1
| #define HAVE_FLOAT_H 1
| #define HAVE_ICONV_H 1
| #define HAVE_SIGNAL_H 1
| /* end confdefs.h.  */
| #include <ac_nonexistent.h>
configure:19149: checking for M_PI in math.h
configure:19176: result: yes
configure:19187: checking for working alloca.h
configure:19205: gcc -o conftest -g -O2 -Iinclude -I/Users/waefrebeorn/Documents/big-mac/third_party/SDL2-2.32.10/include -idirafter /Users/waefrebeorn/Documents/big-mac/third_party/SDL2-2.32.10/src/video/khronos   -Iinclude -I/Users/waefrebeorn/Documents/big-mac/third_party/SDL2-2.32.10/include -idirafter /Users/waefrebeorn/Documents/big-mac/third_party/SDL2-2.32.10/src/video/khronos   conftest.c  >&5
configure:19205: $? = 0
configure:19214: result: yes
configure:19222: checking for alloca
configure:19267: result: yes
configure:19335: checking for mprotect
configure:19335: gcc -o conftest -g -O2 -Iinclude -I/Users/waefrebeorn/Documents/big-mac/third_party/SDL2-2.32.10/include -idirafter /Users/waefrebeorn/Documents/big-mac/third_party/SDL2-2.32.10/src/video/khronos   -Iinclude -I/Users/waefrebeorn/Documents/big-mac/third_party/SDL2-2.32.10/include -idirafter /Users/waefrebeorn/Documents/big-mac/third_party/SDL2-2.32.10/src/video/khronos   conftest.c  >&5
configure:19335: $? = 0
configure:19335: result: yes
configure:19352: gcc -c -g -O2 -Iinclude -I/Users/waefrebeorn/Documents/big-mac/third_party/SDL2-2.32.10/include -idirafter /Users/waefrebeorn/Documents/big-mac/third_party/SDL2-2.32.10/src/video/khronos   -Iinclude -I/Users/waefrebeorn/Documents/big-mac/third_party/SDL2-2.32.10/include -idirafter /Users/waefrebeorn/Documents/big-mac/third_party/SDL2-2.32.10/src/video/khronos  conftest.c >&5
configure:19352: $? = 0
configure:19363: checking for malloc
configure:19363: gcc -o conftest -g -O2 -Iinclude -I/Users/waefrebeorn/Documents/big-mac/third_party/SDL2-2.32.10/include -idirafter /Users/waefrebeorn/Documents/big-mac/third_party/SDL2-2.32.10/src/video/khronos   -Iinclude -I/Users/waefrebeorn/Documents/big-mac/third_party/SDL2-2.32.10/include -idirafter /Users/waefrebeorn/Documents/big-mac/third_party/SDL2-2.32.10/src/video/khronos   conftest.c  >&5
conftest.c:59:6: warning: incompatible redeclaration of library function 'malloc' [-Wincompatible-library-redeclaration]
char malloc ();
     ^
conftest.c:59:6: note: 'malloc' is a builtin with type 'void *(unsigned long)'
1 warning generated.
configure:19363: $? = 0
configure:19363: result: yes
configure:19369: checking for calloc
configure:19369: gcc -o conftest -g -O2 -Iinclude -I/Users/waefrebeorn/Documents/big-mac/third_party/SDL2-2.32.10/include -idirafter /Users/waefrebeorn/Documents/big-mac/third_party/SDL2-2.32.10/src/video/khronos   -Iinclude -I/Users/waefrebeorn/Documents/big-mac/third_party/SDL2-2.32.10/include -idirafter /Users/waefrebeorn/Documents/big-mac/third_party/SDL2-2.32.10/src/video/khronos   conftest.c  >&5
conftest.c:60:6: warning: incompatible redeclaration of library function 'calloc' [-Wincompatible-library-redeclaration]
char calloc ();
     ^
conftest.c:60:6: note: 'calloc' is a builtin with type 'void *(unsigned long, unsigned long)'
1 warning generated.
configure:19369: $? = 0
configure:19369: result: yes
configure:19375: checking for realloc
configure:19375: gcc -o conftest -g -O2 -Iinclude -I/Users/waefrebeorn/Documents/big-mac/third_party/SDL2-2.32.10/include -idirafter /Users/waefrebeorn/Documents/big-mac/third_party/SDL2-2.32.10/src/video/khronos   -Iinclude -I/Users/waefrebeorn/Documents/big-mac/third_party/SDL2-2.32.10/include -idirafter /Users/waefrebeorn/Documents/big-mac/third_party/SDL2-2.32.10/src/video/khronos   conftest.c  >&5
conftest.c:61:6: warning: incompatible redeclaration of library function 'realloc' [-Wincompatible-library-redeclaration]
char realloc ();
     ^
conftest.c:61:6: note: 'realloc' is a builtin with type 'void *(void *, unsigned long)'
1 warning generated.
configure:19375: $? = 0
configure:19375: result: yes
configure:19381: checking for free
configure:19381: gcc -o conftest -g -O2 -Iinclude -I/Users/waefrebeorn/Documents/big-mac/third_party/SDL2-2.32.10/include -idirafter /Users/waefrebeorn/Documents/big-mac/third_party/SDL2-2.32.10/src/video/khronos   -Iinclude -I/Users/waefrebeorn/Documents/big-mac/third_party/SDL2-2.32.10/include -idirafter /Users/waefrebeorn/Documents/big-mac/third_party/SDL2-2.32.10/src/video/khronos   conftest.c  >&5
conftest.c:62:6: warning: incompatible redeclaration of library function 'free' [-Wincompatible-library-redeclaration]
char free ();
     ^
conftest.c:62:6: note: 'free' is a builtin with type 'void (void *)'
1 warning generated.
configure:19381: $? = 0
configure:19381: result: yes
configure:19387: checking for getenv
configure:19387: gcc -o conftest -g -O2 -Iinclude -I/Users/waefrebeorn/Documents/big-mac/third_party/SDL2-2.32.10/include -idirafter /Users/waefrebeorn/Documents/big-mac/third_party/SDL2-2.32.10/src/video/khronos   -Iinclude -I/Users/waefrebeorn/Documents/big-mac/third_party/SDL2-2.32.10/include -idirafter /Users/waefrebeorn/Documents/big-mac/third_party/SDL2-2.32.10/src/video/khronos   conftest.c  >&5
configure:19387: $? = 0
configure:19387: result: yes
configure:19393: checking for setenv
configure:19393: gcc -o conftest -g -O2 -Iinclude -I/Users/waefrebeorn/Documents/big-mac/third_party/SDL2-2.32.10/include -idirafter /Users/waefrebeorn/Documents/big-mac/third_party/SDL2-2.32.10/src/video/khronos   -Iinclude -I/Users/waefrebeorn/Documents/big-mac/third_party/SDL2-2.32.10/include -idirafter /Users/waefrebeorn/Documents/big-mac/third_party/SDL2-2.32.10/src/video/khronos   conftest.c  >&5
configure:19393: $? = 0
configure:19393: result: yes
configure:19399: checking for putenv
configure:19399: gcc -o conftest -g -O2 -Iinclude -I/Users/waefrebeorn/Documents/big-mac/third_party/SDL2-2.32.10/include -idirafter /Users/waefrebeorn/Documents/big-mac/third_party/SDL2-2.32.10/src/video/khronos   -Iinclude -I/Users/waefrebeorn/Documents/big-mac/third_party/SDL2-2.32.10/include -idirafter /Users/waefrebeorn/Documents/big-mac/third_party/SDL2-2.32.10/src/video/khronos   conftest.c  >&5
configure:19399: $? = 0
configure:19399: result: yes
configure:19405: checking for unsetenv
configure:19405: gcc -o conftest -g -O2 -Iinclude -I/Users/waefrebeorn/Documents/big-mac/third_party/SDL2-2.32.10/include -idirafter /Users/waefrebeorn/Documents/big-mac/third_party/SDL2-2.32.10/src/video/khronos   -Iinclude -I/Users/waefrebeorn/Documents/big-mac/third_party/SDL2-2.32.10/include -idirafter /Users/waefrebeorn/Documents/big-mac/third_party/SDL2-2.32.10/src/video/khronos   conftest.c  >&5
configure:19405: $? = 0
configure:19405: result: yes
configure:19411: checking for bsearch
configure:19411: gcc -o conftest -g -O2 -Iinclude -I/Users/waefrebeorn/Documents/big-mac/third_party/SDL2-2.32.10/include -idirafter /Users/waefrebeorn/Documents/big-mac/third_party/SDL2-2.32.10/src/video/khronos   -Iinclude -I/Users/waefrebeorn/Documents/big-mac/third_party/SDL2-2.32.10/include -idirafter /Users/waefrebeorn/Documents/big-mac/third_party/SDL2-2.32.10/src/video/khronos   conftest.c  >&5
configure:19411: $? = 0
configure:19411: result: yes
configure:19417: checking for qsort
configure:19417: gcc -o conftest -g -O2 -Iinclude -I/Users/waefrebeorn/Documents/big-mac/third_party/SDL2-2.32.10/include -idirafter /Users/waefrebeorn/Documents/big-mac/third_party/SDL2-2.32.10/src/video/khronos   -Iinclude -I/Users/waefrebeorn/Documents/big-mac/third_party/SDL2-2.32.10/include -idirafter /Users/waefrebeorn/Documents/big-mac/third_party/SDL2-2.32.10/src/video/khronos   conftest.c  >&5
configure:19417: $? = 0
configure:19417: result: yes
configure:19423: checking for abs
configure:19423: gcc -o conftest -g -O2 -Iinclude -I/Users/waefrebeorn/Documents/big-mac/third_party/SDL2-2.32.10/include -idirafter /Users/waefrebeorn/Documents/big-mac/third_party/SDL2-2.32.10/src/video/khronos   -Iinclude -I/Users/waefrebeorn/Documents/big-mac/third_party/SDL2-2.32.10/include -idirafter /Users/waefrebeorn/Documents/big-mac/third_party/SDL2-2.32.10/src/video/khronos   conftest.c  >&5
conftest.c:69:6: warning: incompatible redeclaration of library function 'abs' [-Wincompatible-library-redeclaration]
char abs ();
     ^
conftest.c:69:6: note: 'abs' is a builtin with type 'int (int)'
1 warning generated.
configure:19423: $? = 0
configure:19423: result: yes
configure:19429: checking for bcopy
configure:19429: gcc -o conftest -g -O2 -Iinclude -I/Users/waefrebeorn/Documents/big-mac/third_party/SDL2-2.32.10/include -idirafter /Users/waefrebeorn/Documents/big-mac/third_party/SDL2-2.32.10/src/video/khronos   -Iinclude -I/Users/waefrebeorn/Documents/big-mac/third_party/SDL2-2.32.10/include -idirafter /Users/waefrebeorn/Documents/big-mac/third_party/SDL2-2.32.10/src/video/khronos   conftest.c  >&5
configure:19429: $? = 0
configure:19429: result: yes
configure:19435: checking for memset
configure:19435: gcc -o conftest -g -O2 -Iinclude -I/Users/waefrebeorn/Documents/big-mac/third_party/SDL2-2.32.10/include -idirafter /Users/waefrebeorn/Documents/big-mac/third_party/SDL2-2.32.10/src/video/khronos   -Iinclude -I/Users/waefrebeorn/Documents/big-mac/third_party/SDL2-2.32.10/include -idirafter /Users/waefrebeorn/Documents/big-mac/third_party/SDL2-2.32.10/src/video/khronos   conftest.c  >&5
conftest.c:71:6: warning: incompatible redeclaration of library function 'memset' [-Wincompatible-library-redeclaration]
char memset ();
     ^
conftest.c:71:6: note: 'memset' is a builtin with type 'void *(void *, int, unsigned long)'
1 warning generated.
configure:19435: $? = 0
configure:19435: result: yes
configure:19441: checking for memcmp
configure:19441: gcc -o conftest -g -O2 -Iinclude -I/Users/waefrebeorn/Documents/big-mac/third_party/SDL2-2.32.10/include -idirafter /Users/waefrebeorn/Documents/big-mac/third_party/SDL2-2.32.10/src/video/khronos   -Iinclude -I/Users/waefrebeorn/Documents/big-mac/third_party/SDL2-2.32.10/include -idirafter /Users/waefrebeorn/Documents/big-mac/third_party/SDL2-2.32.10/src/video/khronos   conftest.c  >&5
conftest.c:72:6: warning: incompatible redeclaration of library function 'memcmp' [-Wincompatible-library-redeclaration]
char memcmp ();
     ^
conftest.c:72:6: note: 'memcmp' is a builtin with type 'int (const void *, const void *, unsigned long)'
1 warning generated.
configure:19441: $? = 0
configure:19441: result: yes
configure:19447: checking for memcpy
configure:19447: gcc -o conftest -g -O2 -Iinclude -I/Users/waefrebeorn/Documents/big-mac/third_party/SDL2-2.32.10/include -idirafter /Users/waefrebeorn/Documents/big-mac/third_party/SDL2-2.32.10/src/video/khronos   -Iinclude -I/Users/waefrebeorn/Documents/big-mac/third_party/SDL2-2.32.10/include -idirafter /Users/waefrebeorn/Documents/big-mac/third_party/SDL2-2.32.10/src/video/khronos   conftest.c  >&5
conftest.c:73:6: warning: incompatible redeclaration of library function 'memcpy' [-Wincompatible-library-redeclaration]
char memcpy ();
     ^
conftest.c:73:6: note: 'memcpy' is a builtin with type 'void *(void *, const void *, unsigned long)'
1 warning generated.
configure:19447: $? = 0
configure:19447: result: yes
configure:19453: checking for memmove
configure:19453: gcc -o conftest -g -O2 -Iinclude -I/Users/waefrebeorn/Documents/big-mac/third_party/SDL2-2.32.10/include -idirafter /Users/waefrebeorn/Documents/big-mac/third_party/SDL2-2.32.10/src/video/khronos   -Iinclude -I/Users/waefrebeorn/Documents/big-mac/third_party/SDL2-2.32.10/include -idirafter /Users/waefrebeorn/Documents/big-mac/third_party/SDL2-2.32.10/src/video/khronos   conftest.c  >&5
conftest.c:74:6: warning: incompatible redeclaration of library function 'memmove' [-Wincompatible-library-redeclaration]
char memmove ();
     ^
conftest.c:74:6: note: 'memmove' is a builtin with type 'void *(void *, const void *, unsigned long)'
1 warning generated.
configure:19453: $? = 0
configure:19453: result: yes
configure:19459: checking for wcslen
configure:19459: gcc -o conftest -g -O2 -Iinclude -I/Users/waefrebeorn/Documents/big-mac/third_party/SDL2-2.32.10/include -idirafter /Users/waefrebeorn/Documents/big-mac/third_party/SDL2-2.32.10/src/video/khronos   -Iinclude -I/Users/waefrebeorn/Documents/big-mac/third_party/SDL2-2.32.10/include -idirafter /Users/waefrebeorn/Documents/big-mac/third_party/SDL2-2.32.10/src/video/khronos   conftest.c  >&5
conftest.c:75:6: warning: incompatible redeclaration of library function 'wcslen' [-Wincompatible-library-redeclaration]
char wcslen ();
     ^
conftest.c:75:6: note: 'wcslen' is a builtin with type 'unsigned long (const int *)'
1 warning generated.
configure:19459: $? = 0
configure:19459: result: yes
configure:19465: checking for wcslcpy
configure:19465: gcc -o conftest -g -O2 -Iinclude -I/Users/waefrebeorn/Documents/big-mac/third_party/SDL2-2.32.10/include -idirafter /Users/waefrebeorn/Documents/big-mac/third_party/SDL2-2.32.10/src/video/khronos   -Iinclude -I/Users/waefrebeorn/Documents/big-mac/third_party/SDL2-2.32.10/include -idirafter /Users/waefrebeorn/Documents/big-mac/third_party/SDL2-2.32.10/src/video/khronos   conftest.c  >&5
configure:19465: $? = 0
configure:19465: result: yes
configure:19471: checking for wcslcat
configure:19471: gcc -o conftest -g -O2 -Iinclude -I/Users/waefrebeorn/Documents/big-mac/third_party/SDL2-2.32.10/include -idirafter /Users/waefrebeorn/Documents/big-mac/third_party/SDL2-2.32.10/src/video/khronos   -Iinclude -I/Users/waefrebeorn/Documents/big-mac/third_party/SDL2-2.32.10/include -idirafter /Users/waefrebeorn/Documents/big-mac/third_party/SDL2-2.32.10/src/video/khronos   conftest.c  >&5
configure:19471: $? = 0
configure:19471: result: yes
configure:19477: checking for _wcsdup
configure:19477: gcc -o conftest -g -O2 -Iinclude -I/Users/waefrebeorn/Documents/big-mac/third_party/SDL2-2.32.10/include -idirafter /Users/waefrebeorn/Documents/big-mac/third_party/SDL2-2.32.10/src/video/khronos   -Iinclude -I/Users/waefrebeorn/Documents/big-mac/third_party/SDL2-2.32.10/include -idirafter /Users/waefrebeorn/Documents/big-mac/third_party/SDL2-2.32.10/src/video/khronos   conftest.c  >&5
Undefined symbols for architecture x86_64:
  "__wcsdup", referenced from:
      _main in conftest-1ed863.o
ld: symbol(s) not found for architecture x86_64
clang: error: linker command failed with exit code 1 (use -v to see invocation)
configure:19477: $? = 1
configure: failed program was:
| /* confdefs.h */
| #define PACKAGE_NAME ""
| #define PACKAGE_TARNAME ""
| #define PACKAGE_VERSION ""
| #define PACKAGE_STRING ""
| #define PACKAGE_BUGREPORT ""
| #define PACKAGE_URL ""
| #define HAVE_STDIO_H 1
| #define HAVE_STDLIB_H 1
| #define HAVE_STRING_H 1
| #define HAVE_INTTYPES_H 1
| #define HAVE_STDINT_H 1
| #define HAVE_STRINGS_H 1
| #define HAVE_SYS_STAT_H 1
| #define HAVE_SYS_TYPES_H 1
| #define HAVE_UNISTD_H 1
| #define STDC_HEADERS 1
| #define HAVE_DLFCN_H 1
| #define LT_OBJDIR ".libs/"
| #define HAVE_LIBC 1
| #define HAVE_SYS_TYPES_H 1
| #define HAVE_STDIO_H 1
| #define HAVE_STDLIB_H 1
| #define HAVE_STDDEF_H 1
| #define HAVE_STDARG_H 1
| #define HAVE_MEMORY_H 1
| #define HAVE_STRING_H 1
| #define HAVE_STRINGS_H 1
| #define HAVE_WCHAR_H 1
| #define HAVE_INTTYPES_H 1
| #define HAVE_STDINT_H 1
| #define HAVE_LIMITS_H 1
| #define HAVE_CTYPE_H 1
| #define HAVE_MATH_H 1
| #define HAVE_FLOAT_H 1
| #define HAVE_ICONV_H 1
| #define HAVE_SIGNAL_H 1
| #define HAVE_M_PI /**/
| #define HAVE_ALLOCA_H 1
| #define HAVE_ALLOCA 1
| #define HAVE_MPROTECT 1
| #define HAVE_MALLOC 1
| #define HAVE_CALLOC 1
| #define HAVE_REALLOC 1
| #define HAVE_FREE 1
| #define HAVE_GETENV 1
| #define HAVE_SETENV 1
| #define HAVE_PUTENV 1
| #define HAVE_UNSETENV 1
| #define HAVE_BSEARCH 1
| #define HAVE_QSORT 1
| #define HAVE_ABS 1
| #define HAVE_BCOPY 1
| #define HAVE_MEMSET 1
| #define HAVE_MEMCMP 1
| #define HAVE_MEMCPY 1
| #define HAVE_MEMMOVE 1
| #define HAVE_WCSLEN 1
| #define HAVE_WCSLCPY 1
| #define HAVE_WCSLCAT 1
| /* end confdefs.h.  */
| /* Define _wcsdup to an innocuous variant, in case <limits.h> declares _wcsdup.
|    For example, HP-UX 11i <limits.h> declares gettimeofday.  */
| #define _wcsdup innocuous__wcsdup
| 
| /* System header to define __stub macros and hopefully few prototypes,
|    which can conflict with char _wcsdup (); below.  */
| 
| #include <limits.h>
| #undef _wcsdup
| 
| /* Override any GCC internal prototype to avoid an error.
|    Use char because int might match the return type of a GCC
|    builtin and then its argument prototype would still apply.  */
| #ifdef __cplusplus
| extern "C"
| #endif
| char _wcsdup ();
| /* The GNU C library defines this for functions which it implements
|     to always fail with ENOSYS.  Some functions are actually named
|     something starting with __ and the normal name is an alias.  */
| #if defined __stub__wcsdup || defined __stub____wcsdup
| choke me
| #endif
| 
| int
| main (void)
| {
| return _wcsdup ();
|   ;
|   return 0;
| }
configure:19477: result: no
configure:19483: checking for wcsdup
configure:19483: gcc -o conftest -g -O2 -Iinclude -I/Users/waefrebeorn/Documents/big-mac/third_party/SDL2-2.32.10/include -idirafter /Users/waefrebeorn/Documents/big-mac/third_party/SDL2-2.32.10/src/video/khronos   -Iinclude -I/Users/waefrebeorn/Documents/big-mac/third_party/SDL2-2.32.10/include -idirafter /Users/waefrebeorn/Documents/big-mac/third_party/SDL2-2.32.10/src/video/khronos   conftest.c  >&5
configure:19483: $? = 0
configure:19483: result: yes
configure:19489: checking for wcsstr
configure:19489: gcc -o conftest -g -O2 -Iinclude -I/Users/waefrebeorn/Documents/big-mac/third_party/SDL2-2.32.10/include -idirafter /Users/waefrebeorn/Documents/big-mac/third_party/SDL2-2.32.10/src/video/khronos   -Iinclude -I/Users/waefrebeorn/Documents/big-mac/third_party/SDL2-2.32.10/include -idirafter /Users/waefrebeorn/Documents/big-mac/third_party/SDL2-2.32.10/src/video/khronos   conftest.c  >&5
configure:19489: $? = 0
configure:19489: result: yes
configure:19495: checking for wcscmp
configure:19495: gcc -o conftest -g -O2 -Iinclude -I/Users/waefrebeorn/Documents/big-mac/third_party/SDL2-2.32.10/include -idirafter /Users/waefrebeorn/Documents/big-mac/third_party/SDL2-2.32.10/src/video/khronos   -Iinclude -I/Users/waefrebeorn/Documents/big-mac/third_party/SDL2-2.32.10/include -idirafter /Users/waefrebeorn/Documents/big-mac/third_party/SDL2-2.32.10/src/video/khronos   conftest.c  >&5
conftest.c:80:6: warning: incompatible redeclaration of library function 'wcscmp' [-Wincompatible-library-redeclaration]
char wcscmp ();
     ^
conftest.c:80:6: note: 'wcscmp' is a builtin with type 'int (const int *, const int *)'
1 warning generated.
configure:19495: $? = 0
configure:19495: result: yes
configure:19501: checking for wcsncmp
configure:19501: gcc -o conftest -g -O2 -Iinclude -I/Users/waefrebeorn/Documents/big-mac/third_party/SDL2-2.32.10/include -idirafter /Users/waefrebeorn/Documents/big-mac/third_party/SDL2-2.32.10/src/video/khronos   -Iinclude -I/Users/waefrebeorn/Documents/big-mac/third_party/SDL2-2.32.10/include -idirafter /Users/waefrebeorn/Documents/big-mac/third_party/SDL2-2.32.10/src/video/khronos   conftest.c  >&5
conftest.c:81:6: warning: incompatible redeclaration of library function 'wcsncmp' [-Wincompatible-library-redeclaration]
char wcsncmp ();
     ^
conftest.c:81:6: note: 'wcsncmp' is a builtin with type 'int (const int *, const int *, unsigned long)'
1 warning generated.
configure:19501: $? = 0
configure:19501: result: yes
configure:19507: checking for wcscasecmp
configure:19507: gcc -o conftest -g -O2 -Iinclude -I/Users/waefrebeorn/Documents/big-mac/third_party/SDL2-2.32.10/include -idirafter /Users/waefrebeorn/Documents/big-mac/third_party/SDL2-2.32.10/src/video/khronos   -Iinclude -I/Users/waefrebeorn/Documents/big-mac/third_party/SDL2-2.32.10/include -idirafter /Users/waefrebeorn/Documents/big-mac/third_party/SDL2-2.32.10/src/video/khronos   conftest.c  >&5
configure:19507: $? = 0
configure:19507: result: yes
configure:19513: checking for _wcsicmp
configure:19513: gcc -o conftest -g -O2 -Iinclude -I/Users/waefrebeorn/Documents/big-mac/third_party/SDL2-2.32.10/include -idirafter /Users/waefrebeorn/Documents/big-mac/third_party/SDL2-2.32.10/src/video/khronos   -Iinclude -I/Users/waefrebeorn/Documents/big-mac/third_party/SDL2-2.32.10/include -idirafter /Users/waefrebeorn/Documents/big-mac/third_party/SDL2-2.32.10/src/video/khronos   conftest.c  >&5
Undefined symbols for architecture x86_64:
  "__wcsicmp", referenced from:
      _main in conftest-530d07.o
ld: symbol(s) not found for architecture x86_64
clang: error: linker command failed with exit code 1 (use -v to see invocation)
configure:19513: $? = 1
configure: failed program was:
| /* confdefs.h */
| #define PACKAGE_NAME ""
| #define PACKAGE_TARNAME ""
| #define PACKAGE_VERSION ""
| #define PACKAGE_STRING ""
| #define PACKAGE_BUGREPORT ""
| #define PACKAGE_URL ""
| #define HAVE_STDIO_H 1
| #define HAVE_STDLIB_H 1
| #define HAVE_STRING_H 1
| #define HAVE_INTTYPES_H 1
| #define HAVE_STDINT_H 1
| #define HAVE_STRINGS_H 1
| #define HAVE_SYS_STAT_H 1
| #define HAVE_SYS_TYPES_H 1
| #define HAVE_UNISTD_H 1
| #define STDC_HEADERS 1
| #define HAVE_DLFCN_H 1
| #define LT_OBJDIR ".libs/"
| #define HAVE_LIBC 1
| #define HAVE_SYS_TYPES_H 1
| #define HAVE_STDIO_H 1
| #define HAVE_STDLIB_H 1
| #define HAVE_STDDEF_H 1
| #define HAVE_STDARG_H 1
| #define HAVE_MEMORY_H 1
| #define HAVE_STRING_H 1
| #define HAVE_STRINGS_H 1
| #define HAVE_WCHAR_H 1
| #define HAVE_INTTYPES_H 1
| #define HAVE_STDINT_H 1
| #define HAVE_LIMITS_H 1
| #define HAVE_CTYPE_H 1
| #define HAVE_MATH_H 1
| #define HAVE_FLOAT_H 1
| #define HAVE_ICONV_H 1
| #define HAVE_SIGNAL_H 1
| #define HAVE_M_PI /**/
| #define HAVE_ALLOCA_H 1
| #define HAVE_ALLOCA 1
| #define HAVE_MPROTECT 1
| #define HAVE_MALLOC 1
| #define HAVE_CALLOC 1
| #define HAVE_REALLOC 1
| #define HAVE_FREE 1
| #define HAVE_GETENV 1
| #define HAVE_SETENV 1
| #define HAVE_PUTENV 1
| #define HAVE_UNSETENV 1
| #define HAVE_BSEARCH 1
| #define HAVE_QSORT 1
| #define HAVE_ABS 1
| #define HAVE_BCOPY 1
| #define HAVE_MEMSET 1
| #define HAVE_MEMCMP 1
| #define HAVE_MEMCPY 1
| #define HAVE_MEMMOVE 1
| #define HAVE_WCSLEN 1
| #define HAVE_WCSLCPY 1
| #define HAVE_WCSLCAT 1
| #define HAVE_WCSDUP 1
| #define HAVE_WCSSTR 1
| #define HAVE_WCSCMP 1
| #define HAVE_WCSNCMP 1
| #define HAVE_WCSCASECMP 1
| /* end confdefs.h.  */
| /* Define _wcsicmp to an innocuous variant, in case <limits.h> declares _wcsicmp.
|    For example, HP-UX 11i <limits.h> declares gettimeofday.  */
| #define _wcsicmp innocuous__wcsicmp
| 
| /* System header to define __stub macros and hopefully few prototypes,
|    which can conflict with char _wcsicmp (); below.  */
| 
| #include <limits.h>
| #undef _wcsicmp
| 
| /* Override any GCC internal prototype to avoid an error.
|    Use char because int might match the return type of a GCC
|    builtin and then its argument prototype would still apply.  */
| #ifdef __cplusplus
| extern "C"
| #endif
| char _wcsicmp ();
| /* The GNU C library defines this for functions which it implements
|     to always fail with ENOSYS.  Some functions are actually named
|     something starting with __ and the normal name is an alias.  */
| #if defined __stub__wcsicmp || defined __stub____wcsicmp
| choke me
| #endif
| 
| int
| main (void)
| {
| return _wcsicmp ();
|   ;
|   return 0;
| }
configure:19513: result: no
configure:19519: checking for wcsncasecmp
configure:19519: gcc -o conftest -g -O2 -Iinclude -I/Users/waefrebeorn/Documents/big-mac/third_party/SDL2-2.32.10/include -idirafter /Users/waefrebeorn/Documents/big-mac/third_party/SDL2-2.32.10/src/video/khronos   -Iinclude -I/Users/waefrebeorn/Documents/big-mac/third_party/SDL2-2.32.10/include -idirafter /Users/waefrebeorn/Documents/big-mac/third_party/SDL2-2.32.10/src/video/khronos   conftest.c  >&5
configure:19519: $? = 0
configure:19519: result: yes
configure:19525: checking for _wcsnicmp
configure:19525: gcc -o conftest -g -O2 -Iinclude -I/Users/waefrebeorn/Documents/big-mac/third_party/SDL2-2.32.10/include -idirafter /Users/waefrebeorn/Documents/big-mac/third_party/SDL2-2.32.10/src/video/khronos   -Iinclude -I/Users/waefrebeorn/Documents/big-mac/third_party/SDL2-2.32.10/include -idirafter /Users/waefrebeorn/Documents/big-mac/third_party/SDL2-2.32.10/src/video/khronos   conftest.c  >&5
Undefined symbols for architecture x86_64:
  "__wcsnicmp", referenced from:
      _main in conftest-16d8b5.o
ld: symbol(s) not found for architecture x86_64
clang: error: linker command failed with exit code 1 (use -v to see invocation)
configure:19525: $? = 1
configure: failed program was:
| /* confdefs.h */
| #define PACKAGE_NAME ""
| #define PACKAGE_TARNAME ""
| #define PACKAGE_VERSION ""
| #define PACKAGE_STRING ""
| #define PACKAGE_BUGREPORT ""
| #define PACKAGE_URL ""
| #define HAVE_STDIO_H 1
| #define HAVE_STDLIB_H 1
| #define HAVE_STRING_H 1
| #define HAVE_INTTYPES_H 1
| #define HAVE_STDINT_H 1
| #define HAVE_STRINGS_H 1
| #define HAVE_SYS_STAT_H 1
| #define HAVE_SYS_TYPES_H 1
| #define HAVE_UNISTD_H 1
| #define STDC_HEADERS 1
| #define HAVE_DLFCN_H 1
| #define LT_OBJDIR ".libs/"
| #define HAVE_LIBC 1
| #define HAVE_SYS_TYPES_H 1
| #define HAVE_STDIO_H 1
| #define HAVE_STDLIB_H 1
| #define HAVE_STDDEF_H 1
| #define HAVE_STDARG_H 1
| #define HAVE_MEMORY_H 1
| #define HAVE_STRING_H 1
| #define HAVE_STRINGS_H 1
| #define HAVE_WCHAR_H 1
| #define HAVE_INTTYPES_H 1
| #define HAVE_STDINT_H 1
| #define HAVE_LIMITS_H 1
| #define HAVE_CTYPE_H 1
| #define HAVE_MATH_H 1
| #define HAVE_FLOAT_H 1
| #define HAVE_ICONV_H 1
| #define HAVE_SIGNAL_H 1
| #define HAVE_M_PI /**/
| #define HAVE_ALLOCA_H 1
| #define HAVE_ALLOCA 1
| #define HAVE_MPROTECT 1
| #define HAVE_MALLOC 1
| #define HAVE_CALLOC 1
| #define HAVE_REALLOC 1
| #define HAVE_FREE 1
| #define HAVE_GETENV 1
| #define HAVE_SETENV 1
| #define HAVE_PUTENV 1
| #define HAVE_UNSETENV 1
| #define HAVE_BSEARCH 1
| #define HAVE_QSORT 1
| #define HAVE_ABS 1
| #define HAVE_BCOPY 1
| #define HAVE_MEMSET 1
| #define HAVE_MEMCMP 1
| #define HAVE_MEMCPY 1
| #define HAVE_MEMMOVE 1
| #define HAVE_WCSLEN 1
| #define HAVE_WCSLCPY 1
| #define HAVE_WCSLCAT 1
| #define HAVE_WCSDUP 1
| #define HAVE_WCSSTR 1
| #define HAVE_WCSCMP 1
| #define HAVE_WCSNCMP 1
| #define HAVE_WCSCASECMP 1
| #define HAVE_WCSNCASECMP 1
| /* end confdefs.h.  */
| /* Define _wcsnicmp to an innocuous variant, in case <limits.h> declares _wcsnicmp.
|    For example, HP-UX 11i <limits.h> declares gettimeofday.  */
| #define _wcsnicmp innocuous__wcsnicmp
| 
| /* System header to define __stub macros and hopefully few prototypes,
|    which can conflict with char _wcsnicmp (); below.  */
| 
| #include <limits.h>
| #undef _wcsnicmp
| 
| /* Override any GCC internal prototype to avoid an error.
|    Use char because int might match the return type of a GCC
|    builtin and then its argument prototype would still apply.  */
| #ifdef __cplusplus
| extern "C"
| #endif
| char _wcsnicmp ();
| /* The GNU C library defines this for functions which it implements
|     to always fail with ENOSYS.  Some functions are actually named
|     something starting with __ and the normal name is an alias.  */
| #if defined __stub__wcsnicmp || defined __stub____wcsnicmp
| choke me
| #endif
| 
| int
| main (void)
| {
| return _wcsnicmp ();
|   ;
|   return 0;
| }
configure:19525: result: no
configure:19531: checking for strlen
configure:19531: gcc -o conftest -g -O2 -Iinclude -I/Users/waefrebeorn/Documents/big-mac/third_party/SDL2-2.32.10/include -idirafter /Users/waefrebeorn/Documents/big-mac/third_party/SDL2-2.32.10/src/video/khronos   -Iinclude -I/Users/waefrebeorn/Documents/big-mac/third_party/SDL2-2.32.10/include -idirafter /Users/waefrebeorn/Documents/big-mac/third_party/SDL2-2.32.10/src/video/khronos   conftest.c  >&5
conftest.c:84:6: warning: incompatible redeclaration of library function 'strlen' [-Wincompatible-library-redeclaration]
char strlen ();
     ^
conftest.c:84:6: note: 'strlen' is a builtin with type 'unsigned long (const char *)'
1 warning generated.
configure:19531: $? = 0
configure:19531: result: yes
configure:19537: checking for strlcpy
configure:19537: gcc -o conftest -g -O2 -Iinclude -I/Users/waefrebeorn/Documents/big-mac/third_party/SDL2-2.32.10/include -idirafter /Users/waefrebeorn/Documents/big-mac/third_party/SDL2-2.32.10/src/video/khronos   -Iinclude -I/Users/waefrebeorn/Documents/big-mac/third_party/SDL2-2.32.10/include -idirafter /Users/waefrebeorn/Documents/big-mac/third_party/SDL2-2.32.10/src/video/khronos   conftest.c  >&5
conftest.c:85:6: warning: incompatible redeclaration of library function 'strlcpy' [-Wincompatible-library-redeclaration]
char strlcpy ();
     ^
conftest.c:85:6: note: 'strlcpy' is a builtin with type 'unsigned long (char *, const char *, unsigned long)'
1 warning generated.
configure:19537: $? = 0
configure:19537: result: yes
configure:19543: checking for strlcat
configure:19543: gcc -o conftest -g -O2 -Iinclude -I/Users/waefrebeorn/Documents/big-mac/third_party/SDL2-2.32.10/include -idirafter /Users/waefrebeorn/Documents/big-mac/third_party/SDL2-2.32.10/src/video/khronos   -Iinclude -I/Users/waefrebeorn/Documents/big-mac/third_party/SDL2-2.32.10/include -idirafter /Users/waefrebeorn/Documents/big-mac/third_party/SDL2-2.32.10/src/video/khronos   conftest.c  >&5
conftest.c:86:6: warning: incompatible redeclaration of library function 'strlcat' [-Wincompatible-library-redeclaration]
char strlcat ();
     ^
conftest.c:86:6: note: 'strlcat' is a builtin with type 'unsigned long (char *, const char *, unsigned long)'
1 warning generated.
configure:19543: $? = 0
configure:19543: result: yes
configure:19549: checking for _strrev
configure:19549: gcc -o conftest -g -O2 -Iinclude -I/Users/waefrebeorn/Documents/big-mac/third_party/SDL2-2.32.10/include -idirafter /Users/waefrebeorn/Documents/big-mac/third_party/SDL2-2.32.10/src/video/khronos   -Iinclude -I/Users/waefrebeorn/Documents/big-mac/third_party/SDL2-2.32.10/include -idirafter /Users/waefrebeorn/Documents/big-mac/third_party/SDL2-2.32.10/src/video/khronos   conftest.c  >&5
Undefined symbols for architecture x86_64:
  "__strrev", referenced from:
      _main in conftest-4854c9.o
ld: symbol(s) not found for architecture x86_64
clang: error: linker command failed with exit code 1 (use -v to see invocation)
configure:19549: $? = 1
configure: failed program was:
| /* confdefs.h */
| #define PACKAGE_NAME ""
| #define PACKAGE_TARNAME ""
| #define PACKAGE_VERSION ""
| #define PACKAGE_STRING ""
| #define PACKAGE_BUGREPORT ""
| #define PACKAGE_URL ""
| #define HAVE_STDIO_H 1
| #define HAVE_STDLIB_H 1
| #define HAVE_STRING_H 1
| #define HAVE_INTTYPES_H 1
| #define HAVE_STDINT_H 1
| #define HAVE_STRINGS_H 1
| #define HAVE_SYS_STAT_H 1
| #define HAVE_SYS_TYPES_H 1
| #define HAVE_UNISTD_H 1
| #define STDC_HEADERS 1
| #define HAVE_DLFCN_H 1
| #define LT_OBJDIR ".libs/"
| #define HAVE_LIBC 1
| #define HAVE_SYS_TYPES_H 1
| #define HAVE_STDIO_H 1
| #define HAVE_STDLIB_H 1
| #define HAVE_STDDEF_H 1
| #define HAVE_STDARG_H 1
| #define HAVE_MEMORY_H 1
| #define HAVE_STRING_H 1
| #define HAVE_STRINGS_H 1
| #define HAVE_WCHAR_H 1
| #define HAVE_INTTYPES_H 1
| #define HAVE_STDINT_H 1
| #define HAVE_LIMITS_H 1
| #define HAVE_CTYPE_H 1
| #define HAVE_MATH_H 1
| #define HAVE_FLOAT_H 1
| #define HAVE_ICONV_H 1
| #define HAVE_SIGNAL_H 1
| #define HAVE_M_PI /**/
| #define HAVE_ALLOCA_H 1
| #define HAVE_ALLOCA 1
| #define HAVE_MPROTECT 1
| #define HAVE_MALLOC 1
| #define HAVE_CALLOC 1
| #define HAVE_REALLOC 1
| #define HAVE_FREE 1
| #define HAVE_GETENV 1
| #define HAVE_SETENV 1
| #define HAVE_PUTENV 1
| #define HAVE_UNSETENV 1
| #define HAVE_BSEARCH 1
| #define HAVE_QSORT 1
| #define HAVE_ABS 1
| #define HAVE_BCOPY 1
| #define HAVE_MEMSET 1
| #define HAVE_MEMCMP 1
| #define HAVE_MEMCPY 1
| #define HAVE_MEMMOVE 1
| #define HAVE_WCSLEN 1
| #define HAVE_WCSLCPY 1
| #define HAVE_WCSLCAT 1
| #define HAVE_WCSDUP 1
| #define HAVE_WCSSTR 1
| #define HAVE_WCSCMP 1
| #define HAVE_WCSNCMP 1
| #define HAVE_WCSCASECMP 1
| #define HAVE_WCSNCASECMP 1
| #define HAVE_STRLEN 1
| #define HAVE_STRLCPY 1
| #define HAVE_STRLCAT 1
| /* end confdefs.h.  */
| /* Define _strrev to an innocuous variant, in case <limits.h> declares _strrev.
|    For example, HP-UX 11i <limits.h> declares gettimeofday.  */
| #define _strrev innocuous__strrev
| 
| /* System header to define __stub macros and hopefully few prototypes,
|    which can conflict with char _strrev (); below.  */
| 
| #include <limits.h>
| #undef _strrev
| 
| /* Override any GCC internal prototype to avoid an error.
|    Use char because int might match the return type of a GCC
|    builtin and then its argument prototype would still apply.  */
| #ifdef __cplusplus
| extern "C"
| #endif
| char _strrev ();
| /* The GNU C library defines this for functions which it implements
|     to always fail with ENOSYS.  Some functions are actually named
|     something starting with __ and the normal name is an alias.  */
| #if defined __stub__strrev || defined __stub____strrev
| choke me
| #endif
| 
| int
| main (void)
| {
| return _strrev ();
|   ;
|   return 0;
| }
configure:19549: result: no
configure:19555: checking for _strupr
configure:19555: gcc -o conftest -g -O2 -Iinclude -I/Users/waefrebeorn/Documents/big-mac/third_party/SDL2-2.32.10/include -idirafter /Users/waefrebeorn/Documents/big-mac/third_party/SDL2-2.32.10/src/video/khronos   -Iinclude -I/Users/waefrebeorn/Documents/big-mac/third_party/SDL2-2.32.10/include -idirafter /Users/waefrebeorn/Documents/big-mac/third_party/SDL2-2.32.10/src/video/khronos   conftest.c  >&5
Undefined symbols for architecture x86_64:
  "__strupr", referenced from:
      _main in conftest-4b2b37.o
ld: symbol(s) not found for architecture x86_64
clang: error: linker command failed with exit code 1 (use -v to see invocation)
configure:19555: $? = 1
configure: failed program was:
| /* confdefs.h */
| #define PACKAGE_NAME ""
| #define PACKAGE_TARNAME ""
| #define PACKAGE_VERSION ""
| #define PACKAGE_STRING ""
| #define PACKAGE_BUGREPORT ""
| #define PACKAGE_URL ""
| #define HAVE_STDIO_H 1
| #define HAVE_STDLIB_H 1
| #define HAVE_STRING_H 1
| #define HAVE_INTTYPES_H 1
| #define HAVE_STDINT_H 1
| #define HAVE_STRINGS_H 1
| #define HAVE_SYS_STAT_H 1
| #define HAVE_SYS_TYPES_H 1
| #define HAVE_UNISTD_H 1
| #define STDC_HEADERS 1
| #define HAVE_DLFCN_H 1
| #define LT_OBJDIR ".libs/"
| #define HAVE_LIBC 1
| #define HAVE_SYS_TYPES_H 1
| #define HAVE_STDIO_H 1
| #define HAVE_STDLIB_H 1
| #define HAVE_STDDEF_H 1
| #define HAVE_STDARG_H 1
| #define HAVE_MEMORY_H 1
| #define HAVE_STRING_H 1
| #define HAVE_STRINGS_H 1
| #define HAVE_WCHAR_H 1
| #define HAVE_INTTYPES_H 1
| #define HAVE_STDINT_H 1
| #define HAVE_LIMITS_H 1
| #define HAVE_CTYPE_H 1
| #define HAVE_MATH_H 1
| #define HAVE_FLOAT_H 1
| #define HAVE_ICONV_H 1
| #define HAVE_SIGNAL_H 1
| #define HAVE_M_PI /**/
| #define HAVE_ALLOCA_H 1
| #define HAVE_ALLOCA 1
| #define HAVE_MPROTECT 1
| #define HAVE_MALLOC 1
| #define HAVE_CALLOC 1
| #define HAVE_REALLOC 1
| #define HAVE_FREE 1
| #define HAVE_GETENV 1
| #define HAVE_SETENV 1
| #define HAVE_PUTENV 1
| #define HAVE_UNSETENV 1
| #define HAVE_BSEARCH 1
| #define HAVE_QSORT 1
| #define HAVE_ABS 1
| #define HAVE_BCOPY 1
| #define HAVE_MEMSET 1
| #define HAVE_MEMCMP 1
| #define HAVE_MEMCPY 1
| #define HAVE_MEMMOVE 1
| #define HAVE_WCSLEN 1
| #define HAVE_WCSLCPY 1
| #define HAVE_WCSLCAT 1
| #define HAVE_WCSDUP 1
| #define HAVE_WCSSTR 1
| #define HAVE_WCSCMP 1
| #define HAVE_WCSNCMP 1
| #define HAVE_WCSCASECMP 1
| #define HAVE_WCSNCASECMP 1
| #define HAVE_STRLEN 1
| #define HAVE_STRLCPY 1
| #define HAVE_STRLCAT 1
| /* end confdefs.h.  */
| /* Define _strupr to an innocuous variant, in case <limits.h> declares _strupr.
|    For example, HP-UX 11i <limits.h> declares gettimeofday.  */
| #define _strupr innocuous__strupr
| 
| /* System header to define __stub macros and hopefully few prototypes,
|    which can conflict with char _strupr (); below.  */
| 
| #include <limits.h>
| #undef _strupr
| 
| /* Override any GCC internal prototype to avoid an error.
|    Use char because int might match the return type of a GCC
|    builtin and then its argument prototype would still apply.  */
| #ifdef __cplusplus
| extern "C"
| #endif
| char _strupr ();
| /* The GNU C library defines this for functions which it implements
|     to always fail with ENOSYS.  Some functions are actually named
|     something starting with __ and the normal name is an alias.  */
| #if defined __stub__strupr || defined __stub____strupr
| choke me
| #endif
| 
| int
| main (void)
| {
| return _strupr ();
|   ;
|   return 0;
| }
configure:19555: result: no
configure:19561: checking for _strlwr
configure:19561: gcc -o conftest -g -O2 -Iinclude -I/Users/waefrebeorn/Documents/big-mac/third_party/SDL2-2.32.10/include -idirafter /Users/waefrebeorn/Documents/big-mac/third_party/SDL2-2.32.10/src/video/khronos   -Iinclude -I/Users/waefrebeorn/Documents/big-mac/third_party/SDL2-2.32.10/include -idirafter /Users/waefrebeorn/Documents/big-mac/third_party/SDL2-2.32.10/src/video/khronos   conftest.c  >&5
Undefined symbols for architecture x86_64:
  "__strlwr", referenced from:
      _main in conftest-44b994.o
ld: symbol(s) not found for architecture x86_64
clang: error: linker command failed with exit code 1 (use -v to see invocation)
configure:19561: $? = 1
configure: failed program was:
| /* confdefs.h */
| #define PACKAGE_NAME ""
| #define PACKAGE_TARNAME ""
| #define PACKAGE_VERSION ""
| #define PACKAGE_STRING ""
| #define PACKAGE_BUGREPORT ""
| #define PACKAGE_URL ""
| #define HAVE_STDIO_H 1
| #define HAVE_STDLIB_H 1
| #define HAVE_STRING_H 1
| #define HAVE_INTTYPES_H 1
| #define HAVE_STDINT_H 1
| #define HAVE_STRINGS_H 1
| #define HAVE_SYS_STAT_H 1
| #define HAVE_SYS_TYPES_H 1
| #define HAVE_UNISTD_H 1
| #define STDC_HEADERS 1
| #define HAVE_DLFCN_H 1
| #define LT_OBJDIR ".libs/"
| #define HAVE_LIBC 1
| #define HAVE_SYS_TYPES_H 1
| #define HAVE_STDIO_H 1
| #define HAVE_STDLIB_H 1
| #define HAVE_STDDEF_H 1
| #define HAVE_STDARG_H 1
| #define HAVE_MEMORY_H 1
| #define HAVE_STRING_H 1
| #define HAVE_STRINGS_H 1
| #define HAVE_WCHAR_H 1
| #define HAVE_INTTYPES_H 1
| #define HAVE_STDINT_H 1
| #define HAVE_LIMITS_H 1
| #define HAVE_CTYPE_H 1
| #define HAVE_MATH_H 1
| #define HAVE_FLOAT_H 1
| #define HAVE_ICONV_H 1
| #define HAVE_SIGNAL_H 1
| #define HAVE_M_PI /**/
| #define HAVE_ALLOCA_H 1
| #define HAVE_ALLOCA 1
| #define HAVE_MPROTECT 1
| #define HAVE_MALLOC 1
| #define HAVE_CALLOC 1
| #define HAVE_REALLOC 1
| #define HAVE_FREE 1
| #define HAVE_GETENV 1
| #define HAVE_SETENV 1
| #define HAVE_PUTENV 1
| #define HAVE_UNSETENV 1
| #define HAVE_BSEARCH 1
| #define HAVE_QSORT 1
| #define HAVE_ABS 1
| #define HAVE_BCOPY 1
| #define HAVE_MEMSET 1
| #define HAVE_MEMCMP 1
| #define HAVE_MEMCPY 1
| #define HAVE_MEMMOVE 1
| #define HAVE_WCSLEN 1
| #define HAVE_WCSLCPY 1
| #define HAVE_WCSLCAT 1
| #define HAVE_WCSDUP 1
| #define HAVE_WCSSTR 1
| #define HAVE_WCSCMP 1
| #define HAVE_WCSNCMP 1
| #define HAVE_WCSCASECMP 1
| #define HAVE_WCSNCASECMP 1
| #define HAVE_STRLEN 1
| #define HAVE_STRLCPY 1
| #define HAVE_STRLCAT 1
| /* end confdefs.h.  */
| /* Define _strlwr to an innocuous variant, in case <limits.h> declares _strlwr.
|    For example, HP-UX 11i <limits.h> declares gettimeofday.  */
| #define _strlwr innocuous__strlwr
| 
| /* System header to define __stub macros and hopefully few prototypes,
|    which can conflict with char _strlwr (); below.  */
| 
| #include <limits.h>
| #undef _strlwr
| 
| /* Override any GCC internal prototype to avoid an error.
|    Use char because int might match the return type of a GCC
|    builtin and then its argument prototype would still apply.  */
| #ifdef __cplusplus
| extern "C"
| #endif
| char _strlwr ();
| /* The GNU C library defines this for functions which it implements
|     to always fail with ENOSYS.  Some functions are actually named
|     something starting with __ and the normal name is an alias.  */
| #if defined __stub__strlwr || defined __stub____strlwr
| choke me
| #endif
| 
| int
| main (void)
| {
| return _strlwr ();
|   ;
|   return 0;
| }
configure:19561: result: no
configure:19567: checking for index
configure:19567: gcc -o conftest -g -O2 -Iinclude -I/Users/waefrebeorn/Documents/big-mac/third_party/SDL2-2.32.10/include -idirafter /Users/waefrebeorn/Documents/big-mac/third_party/SDL2-2.32.10/src/video/khronos   -Iinclude -I/Users/waefrebeorn/Documents/big-mac/third_party/SDL2-2.32.10/include -idirafter /Users/waefrebeorn/Documents/big-mac/third_party/SDL2-2.32.10/src/video/khronos   conftest.c  >&5
conftest.c:87:6: warning: incompatible redeclaration of library function 'index' [-Wincompatible-library-redeclaration]
char index ();
     ^
conftest.c:87:6: note: 'index' is a builtin with type 'char *(const char *, int)'
1 warning generated.
configure:19567: $? = 0
configure:19567: result: yes
configure:19573: checking for rindex
configure:19573: gcc -o conftest -g -O2 -Iinclude -I/Users/waefrebeorn/Documents/big-mac/third_party/SDL2-2.32.10/include -idirafter /Users/waefrebeorn/Documents/big-mac/third_party/SDL2-2.32.10/src/video/khronos   -Iinclude -I/Users/waefrebeorn/Documents/big-mac/third_party/SDL2-2.32.10/include -idirafter /Users/waefrebeorn/Documents/big-mac/third_party/SDL2-2.32.10/src/video/khronos   conftest.c  >&5
conftest.c:88:6: warning: incompatible redeclaration of library function 'rindex' [-Wincompatible-library-redeclaration]
char rindex ();
     ^
conftest.c:88:6: note: 'rindex' is a builtin with type 'char *(const char *, int)'
1 warning generated.
configure:19573: $? = 0
configure:19573: result: yes
configure:19579: checking for strchr
configure:19579: gcc -o conftest -g -O2 -Iinclude -I/Users/waefrebeorn/Documents/big-mac/third_party/SDL2-2.32.10/include -idirafter /Users/waefrebeorn/Documents/big-mac/third_party/SDL2-2.32.10/src/video/khronos   -Iinclude -I/Users/waefrebeorn/Documents/big-mac/third_party/SDL2-2.32.10/include -idirafter /Users/waefrebeorn/Documents/big-mac/third_party/SDL2-2.32.10/src/video/khronos   conftest.c  >&5
conftest.c:89:6: warning: incompatible redeclaration of library function 'strchr' [-Wincompatible-library-redeclaration]
char strchr ();
     ^
conftest.c:89:6: note: 'strchr' is a builtin with type 'char *(const char *, int)'
1 warning generated.
configure:19579: $? = 0
configure:19579: result: yes
configure:19585: checking for strrchr
configure:19585: gcc -o conftest -g -O2 -Iinclude -I/Users/waefrebeorn/Documents/big-mac/third_party/SDL2-2.32.10/include -idirafter /Users/waefrebeorn/Documents/big-mac/third_party/SDL2-2.32.10/src/video/khronos   -Iinclude -I/Users/waefrebeorn/Documents/big-mac/third_party/SDL2-2.32.10/include -idirafter /Users/waefrebeorn/Documents/big-mac/third_party/SDL2-2.32.10/src/video/khronos   conftest.c  >&5
conftest.c:90:6: warning: incompatible redeclaration of library function 'strrchr' [-Wincompatible-library-redeclaration]
char strrchr ();
     ^
conftest.c:90:6: note: 'strrchr' is a builtin with type 'char *(const char *, int)'
1 warning generated.
configure:19585: $? = 0
configure:19585: result: yes
configure:19591: checking for strstr
configure:19591: gcc -o conftest -g -O2 -Iinclude -I/Users/waefrebeorn/Documents/big-mac/third_party/SDL2-2.32.10/include -idirafter /Users/waefrebeorn/Documents/big-mac/third_party/SDL2-2.32.10/src/video/khronos   -Iinclude -I/Users/waefrebeorn/Documents/big-mac/third_party/SDL2-2.32.10/include -idirafter /Users/waefrebeorn/Documents/big-mac/third_party/SDL2-2.32.10/src/video/khronos   conftest.c  >&5
conftest.c:91:6: warning: incompatible redeclaration of library function 'strstr' [-Wincompatible-library-redeclaration]
char strstr ();
     ^
conftest.c:91:6: note: 'strstr' is a builtin with type 'char *(const char *, const char *)'
1 warning generated.
configure:19591: $? = 0
configure:19591: result: yes
configure:19597: checking for strtok_r
configure:19597: gcc -o conftest -g -O2 -Iinclude -I/Users/waefrebeorn/Documents/big-mac/third_party/SDL2-2.32.10/include -idirafter /Users/waefrebeorn/Documents/big-mac/third_party/SDL2-2.32.10/src/video/khronos   -Iinclude -I/Users/waefrebeorn/Documents/big-mac/third_party/SDL2-2.32.10/include -idirafter /Users/waefrebeorn/Documents/big-mac/third_party/SDL2-2.32.10/src/video/khronos   conftest.c  >&5
configure:19597: $? = 0
configure:19597: result: yes
configure:19603: checking for itoa
configure:19603: gcc -o conftest -g -O2 -Iinclude -I/Users/waefrebeorn/Documents/big-mac/third_party/SDL2-2.32.10/include -idirafter /Users/waefrebeorn/Documents/big-mac/third_party/SDL2-2.32.10/src/video/khronos   -Iinclude -I/Users/waefrebeorn/Documents/big-mac/third_party/SDL2-2.32.10/include -idirafter /Users/waefrebeorn/Documents/big-mac/third_party/SDL2-2.32.10/src/video/khronos   conftest.c  >&5
Undefined symbols for architecture x86_64:
  "_itoa", referenced from:
      _main in conftest-671284.o
ld: symbol(s) not found for architecture x86_64
clang: error: linker command failed with exit code 1 (use -v to see invocation)
configure:19603: $? = 1
configure: failed program was:
| /* confdefs.h */
| #define PACKAGE_NAME ""
| #define PACKAGE_TARNAME ""
| #define PACKAGE_VERSION ""
| #define PACKAGE_STRING ""
| #define PACKAGE_BUGREPORT ""
| #define PACKAGE_URL ""
| #define HAVE_STDIO_H 1
| #define HAVE_STDLIB_H 1
| #define HAVE_STRING_H 1
| #define HAVE_INTTYPES_H 1
| #define HAVE_STDINT_H 1
| #define HAVE_STRINGS_H 1
| #define HAVE_SYS_STAT_H 1
| #define HAVE_SYS_TYPES_H 1
| #define HAVE_UNISTD_H 1
| #define STDC_HEADERS 1
| #define HAVE_DLFCN_H 1
| #define LT_OBJDIR ".libs/"
| #define HAVE_LIBC 1
| #define HAVE_SYS_TYPES_H 1
| #define HAVE_STDIO_H 1
| #define HAVE_STDLIB_H 1
| #define HAVE_STDDEF_H 1
| #define HAVE_STDARG_H 1
| #define HAVE_MEMORY_H 1
| #define HAVE_STRING_H 1
| #define HAVE_STRINGS_H 1
| #define HAVE_WCHAR_H 1
| #define HAVE_INTTYPES_H 1
| #define HAVE_STDINT_H 1
| #define HAVE_LIMITS_H 1
| #define HAVE_CTYPE_H 1
| #define HAVE_MATH_H 1
| #define HAVE_FLOAT_H 1
| #define HAVE_ICONV_H 1
| #define HAVE_SIGNAL_H 1
| #define HAVE_M_PI /**/
| #define HAVE_ALLOCA_H 1
| #define HAVE_ALLOCA 1
| #define HAVE_MPROTECT 1
| #define HAVE_MALLOC 1
| #define HAVE_CALLOC 1
| #define HAVE_REALLOC 1
| #define HAVE_FREE 1
| #define HAVE_GETENV 1
| #define HAVE_SETENV 1
| #define HAVE_PUTENV 1
| #define HAVE_UNSETENV 1
| #define HAVE_BSEARCH 1
| #define HAVE_QSORT 1
| #define HAVE_ABS 1
| #define HAVE_BCOPY 1
| #define HAVE_MEMSET 1
| #define HAVE_MEMCMP 1
| #define HAVE_MEMCPY 1
| #define HAVE_MEMMOVE 1
| #define HAVE_WCSLEN 1
| #define HAVE_WCSLCPY 1
| #define HAVE_WCSLCAT 1
| #define HAVE_WCSDUP 1
| #define HAVE_WCSSTR 1
| #define HAVE_WCSCMP 1
| #define HAVE_WCSNCMP 1
| #define HAVE_WCSCASECMP 1
| #define HAVE_WCSNCASECMP 1
| #define HAVE_STRLEN 1
| #define HAVE_STRLCPY 1
| #define HAVE_STRLCAT 1
| #define HAVE_INDEX 1
| #define HAVE_RINDEX 1
| #define HAVE_STRCHR 1
| #define HAVE_STRRCHR 1
| #define HAVE_STRSTR 1
| #define HAVE_STRTOK_R 1
| /* end confdefs.h.  */
| /* Define itoa to an innocuous variant, in case <limits.h> declares itoa.
|    For example, HP-UX 11i <limits.h> declares gettimeofday.  */
| #define itoa innocuous_itoa
| 
| /* System header to define __stub macros and hopefully few prototypes,
|    which can conflict with char itoa (); below.  */
| 
| #include <limits.h>
| #undef itoa
| 
| /* Override any GCC internal prototype to avoid an error.
|    Use char because int might match the return type of a GCC
|    builtin and then its argument prototype would still apply.  */
| #ifdef __cplusplus
| extern "C"
| #endif
| char itoa ();
| /* The GNU C library defines this for functions which it implements
|     to always fail with ENOSYS.  Some functions are actually named
|     something starting with __ and the normal name is an alias.  */
| #if defined __stub_itoa || defined __stub___itoa
| choke me
| #endif
| 
| int
| main (void)
| {
| return itoa ();
|   ;
|   return 0;
| }
configure:19603: result: no
configure:19609: checking for _ltoa
configure:19609: gcc -o conftest -g -O2 -Iinclude -I/Users/waefrebeorn/Documents/big-mac/third_party/SDL2-2.32.10/include -idirafter /Users/waefrebeorn/Documents/big-mac/third_party/SDL2-2.32.10/src/video/khronos   -Iinclude -I/Users/waefrebeorn/Documents/big-mac/third_party/SDL2-2.32.10/include -idirafter /Users/waefrebeorn/Documents/big-mac/third_party/SDL2-2.32.10/src/video/khronos   conftest.c  >&5
Undefined symbols for architecture x86_64:
  "__ltoa", referenced from:
      _main in conftest-c6c2f2.o
ld: symbol(s) not found for architecture x86_64
clang: error: linker command failed with exit code 1 (use -v to see invocation)
configure:19609: $? = 1
configure: failed program was:
| /* confdefs.h */
| #define PACKAGE_NAME ""
| #define PACKAGE_TARNAME ""
| #define PACKAGE_VERSION ""
| #define PACKAGE_STRING ""
| #define PACKAGE_BUGREPORT ""
| #define PACKAGE_URL ""
| #define HAVE_STDIO_H 1
| #define HAVE_STDLIB_H 1
| #define HAVE_STRING_H 1
| #define HAVE_INTTYPES_H 1
| #define HAVE_STDINT_H 1
| #define HAVE_STRINGS_H 1
| #define HAVE_SYS_STAT_H 1
| #define HAVE_SYS_TYPES_H 1
| #define HAVE_UNISTD_H 1
| #define STDC_HEADERS 1
| #define HAVE_DLFCN_H 1
| #define LT_OBJDIR ".libs/"
| #define HAVE_LIBC 1
| #define HAVE_SYS_TYPES_H 1
| #define HAVE_STDIO_H 1
| #define HAVE_STDLIB_H 1
| #define HAVE_STDDEF_H 1
| #define HAVE_STDARG_H 1
| #define HAVE_MEMORY_H 1
| #define HAVE_STRING_H 1
| #define HAVE_STRINGS_H 1
| #define HAVE_WCHAR_H 1
| #define HAVE_INTTYPES_H 1
| #define HAVE_STDINT_H 1
| #define HAVE_LIMITS_H 1
| #define HAVE_CTYPE_H 1
| #define HAVE_MATH_H 1
| #define HAVE_FLOAT_H 1
| #define HAVE_ICONV_H 1
| #define HAVE_SIGNAL_H 1
| #define HAVE_M_PI /**/
| #define HAVE_ALLOCA_H 1
| #define HAVE_ALLOCA 1
| #define HAVE_MPROTECT 1
| #define HAVE_MALLOC 1
| #define HAVE_CALLOC 1
| #define HAVE_REALLOC 1
| #define HAVE_FREE 1
| #define HAVE_GETENV 1
| #define HAVE_SETENV 1
| #define HAVE_PUTENV 1
| #define HAVE_UNSETENV 1
| #define HAVE_BSEARCH 1
| #define HAVE_QSORT 1
| #define HAVE_ABS 1
| #define HAVE_BCOPY 1
| #define HAVE_MEMSET 1
| #define HAVE_MEMCMP 1
| #define HAVE_MEMCPY 1
| #define HAVE_MEMMOVE 1
| #define HAVE_WCSLEN 1
| #define HAVE_WCSLCPY 1
| #define HAVE_WCSLCAT 1
| #define HAVE_WCSDUP 1
| #define HAVE_WCSSTR 1
| #define HAVE_WCSCMP 1
| #define HAVE_WCSNCMP 1
| #define HAVE_WCSCASECMP 1
| #define HAVE_WCSNCASECMP 1
| #define HAVE_STRLEN 1
| #define HAVE_STRLCPY 1
| #define HAVE_STRLCAT 1
| #define HAVE_INDEX 1
| #define HAVE_RINDEX 1
| #define HAVE_STRCHR 1
| #define HAVE_STRRCHR 1
| #define HAVE_STRSTR 1
| #define HAVE_STRTOK_R 1
| /* end confdefs.h.  */
| /* Define _ltoa to an innocuous variant, in case <limits.h> declares _ltoa.
|    For example, HP-UX 11i <limits.h> declares gettimeofday.  */
| #define _ltoa innocuous__ltoa
| 
| /* System header to define __stub macros and hopefully few prototypes,
|    which can conflict with char _ltoa (); below.  */
| 
| #include <limits.h>
| #undef _ltoa
| 
| /* Override any GCC internal prototype to avoid an error.
|    Use char because int might match the return type of a GCC
|    builtin and then its argument prototype would still apply.  */
| #ifdef __cplusplus
| extern "C"
| #endif
| char _ltoa ();
| /* The GNU C library defines this for functions which it implements
|     to always fail with ENOSYS.  Some functions are actually named
|     something starting with __ and the normal name is an alias.  */
| #if defined __stub__ltoa || defined __stub____ltoa
| choke me
| #endif
| 
| int
| main (void)
| {
| return _ltoa ();
|   ;
|   return 0;
| }
configure:19609: result: no
configure:19615: checking for _uitoa
configure:19615: gcc -o conftest -g -O2 -Iinclude -I/Users/waefrebeorn/Documents/big-mac/third_party/SDL2-2.32.10/include -idirafter /Users/waefrebeorn/Documents/big-mac/third_party/SDL2-2.32.10/src/video/khronos   -Iinclude -I/Users/waefrebeorn/Documents/big-mac/third_party/SDL2-2.32.10/include -idirafter /Users/waefrebeorn/Documents/big-mac/third_party/SDL2-2.32.10/src/video/khronos   conftest.c  >&5
Undefined symbols for architecture x86_64:
  "__uitoa", referenced from:
      _main in conftest-6e9129.o
ld: symbol(s) not found for architecture x86_64
clang: error: linker command failed with exit code 1 (use -v to see invocation)
configure:19615: $? = 1
configure: failed program was:
| /* confdefs.h */
| #define PACKAGE_NAME ""
| #define PACKAGE_TARNAME ""
| #define PACKAGE_VERSION ""
| #define PACKAGE_STRING ""
| #define PACKAGE_BUGREPORT ""
| #define PACKAGE_URL ""
| #define HAVE_STDIO_H 1
| #define HAVE_STDLIB_H 1
| #define HAVE_STRING_H 1
| #define HAVE_INTTYPES_H 1
| #define HAVE_STDINT_H 1
| #define HAVE_STRINGS_H 1
| #define HAVE_SYS_STAT_H 1
| #define HAVE_SYS_TYPES_H 1
| #define HAVE_UNISTD_H 1
| #define STDC_HEADERS 1
| #define HAVE_DLFCN_H 1
| #define LT_OBJDIR ".libs/"
| #define HAVE_LIBC 1
| #define HAVE_SYS_TYPES_H 1
| #define HAVE_STDIO_H 1
| #define HAVE_STDLIB_H 1
| #define HAVE_STDDEF_H 1
| #define HAVE_STDARG_H 1
| #define HAVE_MEMORY_H 1
| #define HAVE_STRING_H 1
| #define HAVE_STRINGS_H 1
| #define HAVE_WCHAR_H 1
| #define HAVE_INTTYPES_H 1
| #define HAVE_STDINT_H 1
| #define HAVE_LIMITS_H 1
| #define HAVE_CTYPE_H 1
| #define HAVE_MATH_H 1
| #define HAVE_FLOAT_H 1
| #define HAVE_ICONV_H 1
| #define HAVE_SIGNAL_H 1
| #define HAVE_M_PI /**/
| #define HAVE_ALLOCA_H 1
| #define HAVE_ALLOCA 1
| #define HAVE_MPROTECT 1
| #define HAVE_MALLOC 1
| #define HAVE_CALLOC 1
| #define HAVE_REALLOC 1
| #define HAVE_FREE 1
| #define HAVE_GETENV 1
| #define HAVE_SETENV 1
| #define HAVE_PUTENV 1
| #define HAVE_UNSETENV 1
| #define HAVE_BSEARCH 1
| #define HAVE_QSORT 1
| #define HAVE_ABS 1
| #define HAVE_BCOPY 1
| #define HAVE_MEMSET 1
| #define HAVE_MEMCMP 1
| #define HAVE_MEMCPY 1
| #define HAVE_MEMMOVE 1
| #define HAVE_WCSLEN 1
| #define HAVE_WCSLCPY 1
| #define HAVE_WCSLCAT 1
| #define HAVE_WCSDUP 1
| #define HAVE_WCSSTR 1
| #define HAVE_WCSCMP 1
| #define HAVE_WCSNCMP 1
| #define HAVE_WCSCASECMP 1
| #define HAVE_WCSNCASECMP 1
| #define HAVE_STRLEN 1
| #define HAVE_STRLCPY 1
| #define HAVE_STRLCAT 1
| #define HAVE_INDEX 1
| #define HAVE_RINDEX 1
| #define HAVE_STRCHR 1
| #define HAVE_STRRCHR 1
| #define HAVE_STRSTR 1
| #define HAVE_STRTOK_R 1
| /* end confdefs.h.  */
| /* Define _uitoa to an innocuous variant, in case <limits.h> declares _uitoa.
|    For example, HP-UX 11i <limits.h> declares gettimeofday.  */
| #define _uitoa innocuous__uitoa
| 
| /* System header to define __stub macros and hopefully few prototypes,
|    which can conflict with char _uitoa (); below.  */
| 
| #include <limits.h>
| #undef _uitoa
| 
| /* Override any GCC internal prototype to avoid an error.
|    Use char because int might match the return type of a GCC
|    builtin and then its argument prototype would still apply.  */
| #ifdef __cplusplus
| extern "C"
| #endif
| char _uitoa ();
| /* The GNU C library defines this for functions which it implements
|     to always fail with ENOSYS.  Some functions are actually named
|     something starting with __ and the normal name is an alias.  */
| #if defined __stub__uitoa || defined __stub____uitoa
| choke me
| #endif
| 
| int
| main (void)
| {
| return _uitoa ();
|   ;
|   return 0;
| }
configure:19615: result: no
configure:19621: checking for _ultoa
configure:19621: gcc -o conftest -g -O2 -Iinclude -I/Users/waefrebeorn/Documents/big-mac/third_party/SDL2-2.32.10/include -idirafter /Users/waefrebeorn/Documents/big-mac/third_party/SDL2-2.32.10/src/video/khronos   -Iinclude -I/Users/waefrebeorn/Documents/big-mac/third_party/SDL2-2.32.10/include -idirafter /Users/waefrebeorn/Documents/big-mac/third_party/SDL2-2.32.10/src/video/khronos   conftest.c  >&5
Undefined symbols for architecture x86_64:
  "__ultoa", referenced from:
      _main in conftest-ef9953.o
ld: symbol(s) not found for architecture x86_64
clang: error: linker command failed with exit code 1 (use -v to see invocation)
configure:19621: $? = 1
configure: failed program was:
| /* confdefs.h */
| #define PACKAGE_NAME ""
| #define PACKAGE_TARNAME ""
| #define PACKAGE_VERSION ""
| #define PACKAGE_STRING ""
| #define PACKAGE_BUGREPORT ""
| #define PACKAGE_URL ""
| #define HAVE_STDIO_H 1
| #define HAVE_STDLIB_H 1
| #define HAVE_STRING_H 1
| #define HAVE_INTTYPES_H 1
| #define HAVE_STDINT_H 1
| #define HAVE_STRINGS_H 1
| #define HAVE_SYS_STAT_H 1
| #define HAVE_SYS_TYPES_H 1
| #define HAVE_UNISTD_H 1
| #define STDC_HEADERS 1
| #define HAVE_DLFCN_H 1
| #define LT_OBJDIR ".libs/"
| #define HAVE_LIBC 1
| #define HAVE_SYS_TYPES_H 1
| #define HAVE_STDIO_H 1
| #define HAVE_STDLIB_H 1
| #define HAVE_STDDEF_H 1
| #define HAVE_STDARG_H 1
| #define HAVE_MEMORY_H 1
| #define HAVE_STRING_H 1
| #define HAVE_STRINGS_H 1
| #define HAVE_WCHAR_H 1
| #define HAVE_INTTYPES_H 1
| #define HAVE_STDINT_H 1
| #define HAVE_LIMITS_H 1
| #define HAVE_CTYPE_H 1
| #define HAVE_MATH_H 1
| #define HAVE_FLOAT_H 1
| #define HAVE_ICONV_H 1
| #define HAVE_SIGNAL_H 1
| #define HAVE_M_PI /**/
| #define HAVE_ALLOCA_H 1
| #define HAVE_ALLOCA 1
| #define HAVE_MPROTECT 1
| #define HAVE_MALLOC 1
| #define HAVE_CALLOC 1
| #define HAVE_REALLOC 1
| #define HAVE_FREE 1
| #define HAVE_GETENV 1
| #define HAVE_SETENV 1
| #define HAVE_PUTENV 1
| #define HAVE_UNSETENV 1
| #define HAVE_BSEARCH 1
| #define HAVE_QSORT 1
| #define HAVE_ABS 1
| #define HAVE_BCOPY 1
| #define HAVE_MEMSET 1
| #define HAVE_MEMCMP 1
| #define HAVE_MEMCPY 1
| #define HAVE_MEMMOVE 1
| #define HAVE_WCSLEN 1
| #define HAVE_WCSLCPY 1
| #define HAVE_WCSLCAT 1
| #define HAVE_WCSDUP 1
| #define HAVE_WCSSTR 1
| #define HAVE_WCSCMP 1
| #define HAVE_WCSNCMP 1
| #define HAVE_WCSCASECMP 1
| #define HAVE_WCSNCASECMP 1
| #define HAVE_STRLEN 1
| #define HAVE_STRLCPY 1
| #define HAVE_STRLCAT 1
| #define HAVE_INDEX 1
| #define HAVE_RINDEX 1
| #define HAVE_STRCHR 1
| #define HAVE_STRRCHR 1
| #define HAVE_STRSTR 1
| #define HAVE_STRTOK_R 1
| /* end confdefs.h.  */
| /* Define _ultoa to an innocuous variant, in case <limits.h> declares _ultoa.
|    For example, HP-UX 11i <limits.h> declares gettimeofday.  */
| #define _ultoa innocuous__ultoa
| 
| /* System header to define __stub macros and hopefully few prototypes,
|    which can conflict with char _ultoa (); below.  */
| 
| #include <limits.h>
| #undef _ultoa
| 
| /* Override any GCC internal prototype to avoid an error.
|    Use char because int might match the return type of a GCC
|    builtin and then its argument prototype would still apply.  */
| #ifdef __cplusplus
| extern "C"
| #endif
| char _ultoa ();
| /* The GNU C library defines this for functions which it implements
|     to always fail with ENOSYS.  Some functions are actually named
|     something starting with __ and the normal name is an alias.  */
| #if defined __stub__ultoa || defined __stub____ultoa
| choke me
| #endif
| 
| int
| main (void)
| {
| return _ultoa ();
|   ;
|   return 0;
| }
configure:19621: result: no
configure:19627: checking for strtod
configure:19627: gcc -o conftest -g -O2 -Iinclude -I/Users/waefrebeorn/Documents/big-mac/third_party/SDL2-2.32.10/include -idirafter /Users/waefrebeorn/Documents/big-mac/third_party/SDL2-2.32.10/src/video/khronos   -Iinclude -I/Users/waefrebeorn/Documents/big-mac/third_party/SDL2-2.32.10/include -idirafter /Users/waefrebeorn/Documents/big-mac/third_party/SDL2-2.32.10/src/video/khronos   conftest.c  >&5
conftest.c:93:6: warning: incompatible redeclaration of library function 'strtod' [-Wincompatible-library-redeclaration]
char strtod ();
     ^
conftest.c:93:6: note: 'strtod' is a builtin with type 'double (const char *, char **)'
1 warning generated.
configure:19627: $? = 0
configure:19627: result: yes
configure:19633: checking for strtol
configure:19633: gcc -o conftest -g -O2 -Iinclude -I/Users/waefrebeorn/Documents/big-mac/third_party/SDL2-2.32.10/include -idirafter /Users/waefrebeorn/Documents/big-mac/third_party/SDL2-2.32.10/src/video/khronos   -Iinclude -I/Users/waefrebeorn/Documents/big-mac/third_party/SDL2-2.32.10/include -idirafter /Users/waefrebeorn/Documents/big-mac/third_party/SDL2-2.32.10/src/video/khronos   conftest.c  >&5
conftest.c:94:6: warning: incompatible redeclaration of library function 'strtol' [-Wincompatible-library-redeclaration]
char strtol ();
     ^
conftest.c:94:6: note: 'strtol' is a builtin with type 'long (const char *, char **, int)'
1 warning generated.
configure:19633: $? = 0
configure:19633: result: yes
configure:19639: checking for strtoul
configure:19639: gcc -o conftest -g -O2 -Iinclude -I/Users/waefrebeorn/Documents/big-mac/third_party/SDL2-2.32.10/include -idirafter /Users/waefrebeorn/Documents/big-mac/third_party/SDL2-2.32.10/src/video/khronos   -Iinclude -I/Users/waefrebeorn/Documents/big-mac/third_party/SDL2-2.32.10/include -idirafter /Users/waefrebeorn/Documents/big-mac/third_party/SDL2-2.32.10/src/video/khronos   conftest.c  >&5
conftest.c:95:6: warning: incompatible redeclaration of library function 'strtoul' [-Wincompatible-library-redeclaration]
char strtoul ();
     ^
conftest.c:95:6: note: 'strtoul' is a builtin with type 'unsigned long (const char *, char **, int)'
1 warning generated.
configure:19639: $? = 0
configure:19639: result: yes
configure:19645: checking for _i64toa
configure:19645: gcc -o conftest -g -O2 -Iinclude -I/Users/waefrebeorn/Documents/big-mac/third_party/SDL2-2.32.10/include -idirafter /Users/waefrebeorn/Documents/big-mac/third_party/SDL2-2.32.10/src/video/khronos   -Iinclude -I/Users/waefrebeorn/Documents/big-mac/third_party/SDL2-2.32.10/include -idirafter /Users/waefrebeorn/Documents/big-mac/third_party/SDL2-2.32.10/src/video/khronos   conftest.c  >&5
Undefined symbols for architecture x86_64:
  "__i64toa", referenced from:
      _main in conftest-dd88f3.o
ld: symbol(s) not found for architecture x86_64
clang: error: linker command failed with exit code 1 (use -v to see invocation)
configure:19645: $? = 1
configure: failed program was:
| /* confdefs.h */
| #define PACKAGE_NAME ""
| #define PACKAGE_TARNAME ""
| #define PACKAGE_VERSION ""
| #define PACKAGE_STRING ""
| #define PACKAGE_BUGREPORT ""
| #define PACKAGE_URL ""
| #define HAVE_STDIO_H 1
| #define HAVE_STDLIB_H 1
| #define HAVE_STRING_H 1
| #define HAVE_INTTYPES_H 1
| #define HAVE_STDINT_H 1
| #define HAVE_STRINGS_H 1
| #define HAVE_SYS_STAT_H 1
| #define HAVE_SYS_TYPES_H 1
| #define HAVE_UNISTD_H 1
| #define STDC_HEADERS 1
| #define HAVE_DLFCN_H 1
| #define LT_OBJDIR ".libs/"
| #define HAVE_LIBC 1
| #define HAVE_SYS_TYPES_H 1
| #define HAVE_STDIO_H 1
| #define HAVE_STDLIB_H 1
| #define HAVE_STDDEF_H 1
| #define HAVE_STDARG_H 1
| #define HAVE_MEMORY_H 1
| #define HAVE_STRING_H 1
| #define HAVE_STRINGS_H 1
| #define HAVE_WCHAR_H 1
| #define HAVE_INTTYPES_H 1
| #define HAVE_STDINT_H 1
| #define HAVE_LIMITS_H 1
| #define HAVE_CTYPE_H 1
| #define HAVE_MATH_H 1
| #define HAVE_FLOAT_H 1
| #define HAVE_ICONV_H 1
| #define HAVE_SIGNAL_H 1
| #define HAVE_M_PI /**/
| #define HAVE_ALLOCA_H 1
| #define HAVE_ALLOCA 1
| #define HAVE_MPROTECT 1
| #define HAVE_MALLOC 1
| #define HAVE_CALLOC 1
| #define HAVE_REALLOC 1
| #define HAVE_FREE 1
| #define HAVE_GETENV 1
| #define HAVE_SETENV 1
| #define HAVE_PUTENV 1
| #define HAVE_UNSETENV 1
| #define HAVE_BSEARCH 1
| #define HAVE_QSORT 1
| #define HAVE_ABS 1
| #define HAVE_BCOPY 1
| #define HAVE_MEMSET 1
| #define HAVE_MEMCMP 1
| #define HAVE_MEMCPY 1
| #define HAVE_MEMMOVE 1
| #define HAVE_WCSLEN 1
| #define HAVE_WCSLCPY 1
| #define HAVE_WCSLCAT 1
| #define HAVE_WCSDUP 1
| #define HAVE_WCSSTR 1
| #define HAVE_WCSCMP 1
| #define HAVE_WCSNCMP 1
| #define HAVE_WCSCASECMP 1
| #define HAVE_WCSNCASECMP 1
| #define HAVE_STRLEN 1
| #define HAVE_STRLCPY 1
| #define HAVE_STRLCAT 1
| #define HAVE_INDEX 1
| #define HAVE_RINDEX 1
| #define HAVE_STRCHR 1
| #define HAVE_STRRCHR 1
| #define HAVE_STRSTR 1
| #define HAVE_STRTOK_R 1
| #define HAVE_STRTOD 1
| #define HAVE_STRTOL 1
| #define HAVE_STRTOUL 1
| /* end confdefs.h.  */
| /* Define _i64toa to an innocuous variant, in case <limits.h> declares _i64toa.
|    For example, HP-UX 11i <limits.h> declares gettimeofday.  */
| #define _i64toa innocuous__i64toa
| 
| /* System header to define __stub macros and hopefully few prototypes,
|    which can conflict with char _i64toa (); below.  */
| 
| #include <limits.h>
| #undef _i64toa
| 
| /* Override any GCC internal prototype to avoid an error.
|    Use char because int might match the return type of a GCC
|    builtin and then its argument prototype would still apply.  */
| #ifdef __cplusplus
| extern "C"
| #endif
| char _i64toa ();
| /* The GNU C library defines this for functions which it implements
|     to always fail with ENOSYS.  Some functions are actually named
|     something starting with __ and the normal name is an alias.  */
| #if defined __stub__i64toa || defined __stub____i64toa
| choke me
| #endif
| 
| int
| main (void)
| {
| return _i64toa ();
|   ;
|   return 0;
| }
configure:19645: result: no
configure:19651: checking for _ui64toa
configure:19651: gcc -o conftest -g -O2 -Iinclude -I/Users/waefrebeorn/Documents/big-mac/third_party/SDL2-2.32.10/include -idirafter /Users/waefrebeorn/Documents/big-mac/third_party/SDL2-2.32.10/src/video/khronos   -Iinclude -I/Users/waefrebeorn/Documents/big-mac/third_party/SDL2-2.32.10/include -idirafter /Users/waefrebeorn/Documents/big-mac/third_party/SDL2-2.32.10/src/video/khronos   conftest.c  >&5
Undefined symbols for architecture x86_64:
  "__ui64toa", referenced from:
      _main in conftest-1610f9.o
ld: symbol(s) not found for architecture x86_64
clang: error: linker command failed with exit code 1 (use -v to see invocation)
configure:19651: $? = 1
configure: failed program was:
| /* confdefs.h */
| #define PACKAGE_NAME ""
| #define PACKAGE_TARNAME ""
| #define PACKAGE_VERSION ""
| #define PACKAGE_STRING ""
| #define PACKAGE_BUGREPORT ""
| #define PACKAGE_URL ""
| #define HAVE_STDIO_H 1
| #define HAVE_STDLIB_H 1
| #define HAVE_STRING_H 1
| #define HAVE_INTTYPES_H 1
| #define HAVE_STDINT_H 1
| #define HAVE_STRINGS_H 1
| #define HAVE_SYS_STAT_H 1
| #define HAVE_SYS_TYPES_H 1
| #define HAVE_UNISTD_H 1
| #define STDC_HEADERS 1
| #define HAVE_DLFCN_H 1
| #define LT_OBJDIR ".libs/"
| #define HAVE_LIBC 1
| #define HAVE_SYS_TYPES_H 1
| #define HAVE_STDIO_H 1
| #define HAVE_STDLIB_H 1
| #define HAVE_STDDEF_H 1
| #define HAVE_STDARG_H 1
| #define HAVE_MEMORY_H 1
| #define HAVE_STRING_H 1
| #define HAVE_STRINGS_H 1
| #define HAVE_WCHAR_H 1
| #define HAVE_INTTYPES_H 1
| #define HAVE_STDINT_H 1
| #define HAVE_LIMITS_H 1
| #define HAVE_CTYPE_H 1
| #define HAVE_MATH_H 1
| #define HAVE_FLOAT_H 1
| #define HAVE_ICONV_H 1
| #define HAVE_SIGNAL_H 1
| #define HAVE_M_PI /**/
| #define HAVE_ALLOCA_H 1
| #define HAVE_ALLOCA 1
| #define HAVE_MPROTECT 1
| #define HAVE_MALLOC 1
| #define HAVE_CALLOC 1
| #define HAVE_REALLOC 1
| #define HAVE_FREE 1
| #define HAVE_GETENV 1
| #define HAVE_SETENV 1
| #define HAVE_PUTENV 1
| #define HAVE_UNSETENV 1
| #define HAVE_BSEARCH 1
| #define HAVE_QSORT 1
| #define HAVE_ABS 1
| #define HAVE_BCOPY 1
| #define HAVE_MEMSET 1
| #define HAVE_MEMCMP 1
| #define HAVE_MEMCPY 1
| #define HAVE_MEMMOVE 1
| #define HAVE_WCSLEN 1
| #define HAVE_WCSLCPY 1
| #define HAVE_WCSLCAT 1
| #define HAVE_WCSDUP 1
| #define HAVE_WCSSTR 1
| #define HAVE_WCSCMP 1
| #define HAVE_WCSNCMP 1
| #define HAVE_WCSCASECMP 1
| #define HAVE_WCSNCASECMP 1
| #define HAVE_STRLEN 1
| #define HAVE_STRLCPY 1
| #define HAVE_STRLCAT 1
| #define HAVE_INDEX 1
| #define HAVE_RINDEX 1
| #define HAVE_STRCHR 1
| #define HAVE_STRRCHR 1
| #define HAVE_STRSTR 1
| #define HAVE_STRTOK_R 1
| #define HAVE_STRTOD 1
| #define HAVE_STRTOL 1
| #define HAVE_STRTOUL 1
| /* end confdefs.h.  */
| /* Define _ui64toa to an innocuous variant, in case <limits.h> declares _ui64toa.
|    For example, HP-UX 11i <limits.h> declares gettimeofday.  */
| #define _ui64toa innocuous__ui64toa
| 
| /* System header to define __stub macros and hopefully few prototypes,
|    which can conflict with char _ui64toa (); below.  */
| 
| #include <limits.h>
| #undef _ui64toa
| 
| /* Override any GCC internal prototype to avoid an error.
|    Use char because int might match the return type of a GCC
|    builtin and then its argument prototype would still apply.  */
| #ifdef __cplusplus
| extern "C"
| #endif
| char _ui64toa ();
| /* The GNU C library defines this for functions which it implements
|     to always fail with ENOSYS.  Some functions are actually named
|     something starting with __ and the normal name is an alias.  */
| #if defined __stub__ui64toa || defined __stub____ui64toa
| choke me
| #endif
| 
| int
| main (void)
| {
| return _ui64toa ();
|   ;
|   return 0;
| }
configure:19651: result: no
configure:19657: checking for strtoll
configure:19657: gcc -o conftest -g -O2 -Iinclude -I/Users/waefrebeorn/Documents/big-mac/third_party/SDL2-2.32.10/include -idirafter /Users/waefrebeorn/Documents/big-mac/third_party/SDL2-2.32.10/src/video/khronos   -Iinclude -I/Users/waefrebeorn/Documents/big-mac/third_party/SDL2-2.32.10/include -idirafter /Users/waefrebeorn/Documents/big-mac/third_party/SDL2-2.32.10/src/video/khronos   conftest.c  >&5
conftest.c:96:6: warning: incompatible redeclaration of library function 'strtoll' [-Wincompatible-library-redeclaration]
char strtoll ();
     ^
conftest.c:96:6: note: 'strtoll' is a builtin with type 'long long (const char *, char **, int)'
1 warning generated.
configure:19657: $? = 0
configure:19657: result: yes
configure:19663: checking for strtoull
configure:19663: gcc -o conftest -g -O2 -Iinclude -I/Users/waefrebeorn/Documents/big-mac/third_party/SDL2-2.32.10/include -idirafter /Users/waefrebeorn/Documents/big-mac/third_party/SDL2-2.32.10/src/video/khronos   -Iinclude -I/Users/waefrebeorn/Documents/big-mac/third_party/SDL2-2.32.10/include -idirafter /Users/waefrebeorn/Documents/big-mac/third_party/SDL2-2.32.10/src/video/khronos   conftest.c  >&5
conftest.c:97:6: warning: incompatible redeclaration of library function 'strtoull' [-Wincompatible-library-redeclaration]
char strtoull ();
     ^
conftest.c:97:6: note: 'strtoull' is a builtin with type 'unsigned long long (const char *, char **, int)'
1 warning generated.
configure:19663: $? = 0
configure:19663: result: yes
configure:19669: checking for atoi
configure:19669: gcc -o conftest -g -O2 -Iinclude -I/Users/waefrebeorn/Documents/big-mac/third_party/SDL2-2.32.10/include -idirafter /Users/waefrebeorn/Documents/big-mac/third_party/SDL2-2.32.10/src/video/khronos   -Iinclude -I/Users/waefrebeorn/Documents/big-mac/third_party/SDL2-2.32.10/include -idirafter /Users/waefrebeorn/Documents/big-mac/third_party/SDL2-2.32.10/src/video/khronos   conftest.c  >&5
configure:19669: $? = 0
configure:19669: result: yes
configure:19675: checking for atof
configure:19675: gcc -o conftest -g -O2 -Iinclude -I/Users/waefrebeorn/Documents/big-mac/third_party/SDL2-2.32.10/include -idirafter /Users/waefrebeorn/Documents/big-mac/third_party/SDL2-2.32.10/src/video/khronos   -Iinclude -I/Users/waefrebeorn/Documents/big-mac/third_party/SDL2-2.32.10/include -idirafter /Users/waefrebeorn/Documents/big-mac/third_party/SDL2-2.32.10/src/video/khronos   conftest.c  >&5
configure:19675: $? = 0
configure:19675: result: yes
configure:19681: checking for strcmp
configure:19681: gcc -o conftest -g -O2 -Iinclude -I/Users/waefrebeorn/Documents/big-mac/third_party/SDL2-2.32.10/include -idirafter /Users/waefrebeorn/Documents/big-mac/third_party/SDL2-2.32.10/src/video/khronos   -Iinclude -I/Users/waefrebeorn/Documents/big-mac/third_party/SDL2-2.32.10/include -idirafter /Users/waefrebeorn/Documents/big-mac/third_party/SDL2-2.32.10/src/video/khronos   conftest.c  >&5
conftest.c:100:6: warning: incompatible redeclaration of library function 'strcmp' [-Wincompatible-library-redeclaration]
char strcmp ();
     ^
conftest.c:100:6: note: 'strcmp' is a builtin with type 'int (const char *, const char *)'
1 warning generated.
configure:19681: $? = 0
configure:19681: result: yes
configure:19687: checking for strncmp
configure:19687: gcc -o conftest -g -O2 -Iinclude -I/Users/waefrebeorn/Documents/big-mac/third_party/SDL2-2.32.10/include -idirafter /Users/waefrebeorn/Documents/big-mac/third_party/SDL2-2.32.10/src/video/khronos   -Iinclude -I/Users/waefrebeorn/Documents/big-mac/third_party/SDL2-2.32.10/include -idirafter /Users/waefrebeorn/Documents/big-mac/third_party/SDL2-2.32.10/src/video/khronos   conftest.c  >&5
conftest.c:101:6: warning: incompatible redeclaration of library function 'strncmp' [-Wincompatible-library-redeclaration]
char strncmp ();
     ^
conftest.c:101:6: note: 'strncmp' is a builtin with type 'int (const char *, const char *, unsigned long)'
1 warning generated.
configure:19687: $? = 0
configure:19687: result: yes
configure:19693: checking for _stricmp
configure:19693: gcc -o conftest -g -O2 -Iinclude -I/Users/waefrebeorn/Documents/big-mac/third_party/SDL2-2.32.10/include -idirafter /Users/waefrebeorn/Documents/big-mac/third_party/SDL2-2.32.10/src/video/khronos   -Iinclude -I/Users/waefrebeorn/Documents/big-mac/third_party/SDL2-2.32.10/include -idirafter /Users/waefrebeorn/Documents/big-mac/third_party/SDL2-2.32.10/src/video/khronos   conftest.c  >&5
Undefined symbols for architecture x86_64:
  "__stricmp", referenced from:
      _main in conftest-10b471.o
ld: symbol(s) not found for architecture x86_64
clang: error: linker command failed with exit code 1 (use -v to see invocation)
configure:19693: $? = 1
configure: failed program was:
| /* confdefs.h */
| #define PACKAGE_NAME ""
| #define PACKAGE_TARNAME ""
| #define PACKAGE_VERSION ""
| #define PACKAGE_STRING ""
| #define PACKAGE_BUGREPORT ""
| #define PACKAGE_URL ""
| #define HAVE_STDIO_H 1
| #define HAVE_STDLIB_H 1
| #define HAVE_STRING_H 1
| #define HAVE_INTTYPES_H 1
| #define HAVE_STDINT_H 1
| #define HAVE_STRINGS_H 1
| #define HAVE_SYS_STAT_H 1
| #define HAVE_SYS_TYPES_H 1
| #define HAVE_UNISTD_H 1
| #define STDC_HEADERS 1
| #define HAVE_DLFCN_H 1
| #define LT_OBJDIR ".libs/"
| #define HAVE_LIBC 1
| #define HAVE_SYS_TYPES_H 1
| #define HAVE_STDIO_H 1
| #define HAVE_STDLIB_H 1
| #define HAVE_STDDEF_H 1
| #define HAVE_STDARG_H 1
| #define HAVE_MEMORY_H 1
| #define HAVE_STRING_H 1
| #define HAVE_STRINGS_H 1
| #define HAVE_WCHAR_H 1
| #define HAVE_INTTYPES_H 1
| #define HAVE_STDINT_H 1
| #define HAVE_LIMITS_H 1
| #define HAVE_CTYPE_H 1
| #define HAVE_MATH_H 1
| #define HAVE_FLOAT_H 1
| #define HAVE_ICONV_H 1
| #define HAVE_SIGNAL_H 1
| #define HAVE_M_PI /**/
| #define HAVE_ALLOCA_H 1
| #define HAVE_ALLOCA 1
| #define HAVE_MPROTECT 1
| #define HAVE_MALLOC 1
| #define HAVE_CALLOC 1
| #define HAVE_REALLOC 1
| #define HAVE_FREE 1
| #define HAVE_GETENV 1
| #define HAVE_SETENV 1
| #define HAVE_PUTENV 1
| #define HAVE_UNSETENV 1
| #define HAVE_BSEARCH 1
| #define HAVE_QSORT 1
| #define HAVE_ABS 1
| #define HAVE_BCOPY 1
| #define HAVE_MEMSET 1
| #define HAVE_MEMCMP 1
| #define HAVE_MEMCPY 1
| #define HAVE_MEMMOVE 1
| #define HAVE_WCSLEN 1
| #define HAVE_WCSLCPY 1
| #define HAVE_WCSLCAT 1
| #define HAVE_WCSDUP 1
| #define HAVE_WCSSTR 1
| #define HAVE_WCSCMP 1
| #define HAVE_WCSNCMP 1
| #define HAVE_WCSCASECMP 1
| #define HAVE_WCSNCASECMP 1
| #define HAVE_STRLEN 1
| #define HAVE_STRLCPY 1
| #define HAVE_STRLCAT 1
| #define HAVE_INDEX 1
| #define HAVE_RINDEX 1
| #define HAVE_STRCHR 1
| #define HAVE_STRRCHR 1
| #define HAVE_STRSTR 1
| #define HAVE_STRTOK_R 1
| #define HAVE_STRTOD 1
| #define HAVE_STRTOL 1
| #define HAVE_STRTOUL 1
| #define HAVE_STRTOLL 1
| #define HAVE_STRTOULL 1
| #define HAVE_ATOI 1
| #define HAVE_ATOF 1
| #define HAVE_STRCMP 1
| #define HAVE_STRNCMP 1
| /* end confdefs.h.  */
| /* Define _stricmp to an innocuous variant, in case <limits.h> declares _stricmp.
|    For example, HP-UX 11i <limits.h> declares gettimeofday.  */
| #define _stricmp innocuous__stricmp
| 
| /* System header to define __stub macros and hopefully few prototypes,
|    which can conflict with char _stricmp (); below.  */
| 
| #include <limits.h>
| #undef _stricmp
| 
| /* Override any GCC internal prototype to avoid an error.
|    Use char because int might match the return type of a GCC
|    builtin and then its argument prototype would still apply.  */
| #ifdef __cplusplus
| extern "C"
| #endif
| char _stricmp ();
| /* The GNU C library defines this for functions which it implements
|     to always fail with ENOSYS.  Some functions are actually named
|     something starting with __ and the normal name is an alias.  */
| #if defined __stub__stricmp || defined __stub____stricmp
| choke me
| #endif
| 
| int
| main (void)
| {
| return _stricmp ();
|   ;
|   return 0;
| }
configure:19693: result: no
configure:19699: checking for strcasecmp
configure:19699: gcc -o conftest -g -O2 -Iinclude -I/Users/waefrebeorn/Documents/big-mac/third_party/SDL2-2.32.10/include -idirafter /Users/waefrebeorn/Documents/big-mac/third_party/SDL2-2.32.10/src/video/khronos   -Iinclude -I/Users/waefrebeorn/Documents/big-mac/third_party/SDL2-2.32.10/include -idirafter /Users/waefrebeorn/Documents/big-mac/third_party/SDL2-2.32.10/src/video/khronos   conftest.c  >&5
conftest.c:102:6: warning: incompatible redeclaration of library function 'strcasecmp' [-Wincompatible-library-redeclaration]
char strcasecmp ();
     ^
conftest.c:102:6: note: 'strcasecmp' is a builtin with type 'int (const char *, const char *)'
1 warning generated.
configure:19699: $? = 0
configure:19699: result: yes
configure:19705: checking for _strnicmp
configure:19705: gcc -o conftest -g -O2 -Iinclude -I/Users/waefrebeorn/Documents/big-mac/third_party/SDL2-2.32.10/include -idirafter /Users/waefrebeorn/Documents/big-mac/third_party/SDL2-2.32.10/src/video/khronos   -Iinclude -I/Users/waefrebeorn/Documents/big-mac/third_party/SDL2-2.32.10/include -idirafter /Users/waefrebeorn/Documents/big-mac/third_party/SDL2-2.32.10/src/video/khronos   conftest.c  >&5
Undefined symbols for architecture x86_64:
  "__strnicmp", referenced from:
      _main in conftest-9ea8ae.o
ld: symbol(s) not found for architecture x86_64
clang: error: linker command failed with exit code 1 (use -v to see invocation)
configure:19705: $? = 1
configure: failed program was:
| /* confdefs.h */
| #define PACKAGE_NAME ""
| #define PACKAGE_TARNAME ""
| #define PACKAGE_VERSION ""
| #define PACKAGE_STRING ""
| #define PACKAGE_BUGREPORT ""
| #define PACKAGE_URL ""
| #define HAVE_STDIO_H 1
| #define HAVE_STDLIB_H 1
| #define HAVE_STRING_H 1
| #define HAVE_INTTYPES_H 1
| #define HAVE_STDINT_H 1
| #define HAVE_STRINGS_H 1
| #define HAVE_SYS_STAT_H 1
| #define HAVE_SYS_TYPES_H 1
| #define HAVE_UNISTD_H 1
| #define STDC_HEADERS 1
| #define HAVE_DLFCN_H 1
| #define LT_OBJDIR ".libs/"
| #define HAVE_LIBC 1
| #define HAVE_SYS_TYPES_H 1
| #define HAVE_STDIO_H 1
| #define HAVE_STDLIB_H 1
| #define HAVE_STDDEF_H 1
| #define HAVE_STDARG_H 1
| #define HAVE_MEMORY_H 1
| #define HAVE_STRING_H 1
| #define HAVE_STRINGS_H 1
| #define HAVE_WCHAR_H 1
| #define HAVE_INTTYPES_H 1
| #define HAVE_STDINT_H 1
| #define HAVE_LIMITS_H 1
| #define HAVE_CTYPE_H 1
| #define HAVE_MATH_H 1
| #define HAVE_FLOAT_H 1
| #define HAVE_ICONV_H 1
| #define HAVE_SIGNAL_H 1
| #define HAVE_M_PI /**/
| #define HAVE_ALLOCA_H 1
| #define HAVE_ALLOCA 1
| #define HAVE_MPROTECT 1
| #define HAVE_MALLOC 1
| #define HAVE_CALLOC 1
| #define HAVE_REALLOC 1
| #define HAVE_FREE 1
| #define HAVE_GETENV 1
| #define HAVE_SETENV 1
| #define HAVE_PUTENV 1
| #define HAVE_UNSETENV 1
| #define HAVE_BSEARCH 1
| #define HAVE_QSORT 1
| #define HAVE_ABS 1
| #define HAVE_BCOPY 1
| #define HAVE_MEMSET 1
| #define HAVE_MEMCMP 1
| #define HAVE_MEMCPY 1
| #define HAVE_MEMMOVE 1
| #define HAVE_WCSLEN 1
| #define HAVE_WCSLCPY 1
| #define HAVE_WCSLCAT 1
| #define HAVE_WCSDUP 1
| #define HAVE_WCSSTR 1
| #define HAVE_WCSCMP 1
| #define HAVE_WCSNCMP 1
| #define HAVE_WCSCASECMP 1
| #define HAVE_WCSNCASECMP 1
| #define HAVE_STRLEN 1
| #define HAVE_STRLCPY 1
| #define HAVE_STRLCAT 1
| #define HAVE_INDEX 1
| #define HAVE_RINDEX 1
| #define HAVE_STRCHR 1
| #define HAVE_STRRCHR 1
| #define HAVE_STRSTR 1
| #define HAVE_STRTOK_R 1
| #define HAVE_STRTOD 1
| #define HAVE_STRTOL 1
| #define HAVE_STRTOUL 1
| #define HAVE_STRTOLL 1
| #define HAVE_STRTOULL 1
| #define HAVE_ATOI 1
| #define HAVE_ATOF 1
| #define HAVE_STRCMP 1
| #define HAVE_STRNCMP 1
| #define HAVE_STRCASECMP 1
| /* end confdefs.h.  */
| /* Define _strnicmp to an innocuous variant, in case <limits.h> declares _strnicmp.
|    For example, HP-UX 11i <limits.h> declares gettimeofday.  */
| #define _strnicmp innocuous__strnicmp
| 
| /* System header to define __stub macros and hopefully few prototypes,
|    which can conflict with char _strnicmp (); below.  */
| 
| #include <limits.h>
| #undef _strnicmp
| 
| /* Override any GCC internal prototype to avoid an error.
|    Use char because int might match the return type of a GCC
|    builtin and then its argument prototype would still apply.  */
| #ifdef __cplusplus
| extern "C"
| #endif
| char _strnicmp ();
| /* The GNU C library defines this for functions which it implements
|     to always fail with ENOSYS.  Some functions are actually named
|     something starting with __ and the normal name is an alias.  */
| #if defined __stub__strnicmp || defined __stub____strnicmp
| choke me
| #endif
| 
| int
| main (void)
| {
| return _strnicmp ();
|   ;
|   return 0;
| }
configure:19705: result: no
configure:19711: checking for strncasecmp
configure:19711: gcc -o conftest -g -O2 -Iinclude -I/Users/waefrebeorn/Documents/big-mac/third_party/SDL2-2.32.10/include -idirafter /Users/waefrebeorn/Documents/big-mac/third_party/SDL2-2.32.10/src/video/khronos   -Iinclude -I/Users/waefrebeorn/Documents/big-mac/third_party/SDL2-2.32.10/include -idirafter /Users/waefrebeorn/Documents/big-mac/third_party/SDL2-2.32.10/src/video/khronos   conftest.c  >&5
conftest.c:103:6: warning: incompatible redeclaration of library function 'strncasecmp' [-Wincompatible-library-redeclaration]
char strncasecmp ();
     ^
conftest.c:103:6: note: 'strncasecmp' is a builtin with type 'int (const char *, const char *, unsigned long)'
1 warning generated.
configure:19711: $? = 0
configure:19711: result: yes
configure:19717: checking for strcasestr
configure:19717: gcc -o conftest -g -O2 -Iinclude -I/Users/waefrebeorn/Documents/big-mac/third_party/SDL2-2.32.10/include -idirafter /Users/waefrebeorn/Documents/big-mac/third_party/SDL2-2.32.10/src/video/khronos   -Iinclude -I/Users/waefrebeorn/Documents/big-mac/third_party/SDL2-2.32.10/include -idirafter /Users/waefrebeorn/Documents/big-mac/third_party/SDL2-2.32.10/src/video/khronos   conftest.c  >&5
configure:19717: $? = 0
configure:19717: result: yes
configure:19723: checking for vsscanf
configure:19723: gcc -o conftest -g -O2 -Iinclude -I/Users/waefrebeorn/Documents/big-mac/third_party/SDL2-2.32.10/include -idirafter /Users/waefrebeorn/Documents/big-mac/third_party/SDL2-2.32.10/src/video/khronos   -Iinclude -I/Users/waefrebeorn/Documents/big-mac/third_party/SDL2-2.32.10/include -idirafter /Users/waefrebeorn/Documents/big-mac/third_party/SDL2-2.32.10/src/video/khronos   conftest.c  >&5
conftest.c:105:6: warning: incompatible redeclaration of library function 'vsscanf' [-Wincompatible-library-redeclaration]
char vsscanf ();
     ^
conftest.c:105:6: note: 'vsscanf' is a builtin with type 'int (const char *restrict, const char *restrict, struct __va_list_tag *)'
1 warning generated.
configure:19723: $? = 0
configure:19723: result: yes
configure:19729: checking for vsnprintf
configure:19729: gcc -o conftest -g -O2 -Iinclude -I/Users/waefrebeorn/Documents/big-mac/third_party/SDL2-2.32.10/include -idirafter /Users/waefrebeorn/Documents/big-mac/third_party/SDL2-2.32.10/src/video/khronos   -Iinclude -I/Users/waefrebeorn/Documents/big-mac/third_party/SDL2-2.32.10/include -idirafter /Users/waefrebeorn/Documents/big-mac/third_party/SDL2-2.32.10/src/video/khronos   conftest.c  >&5
conftest.c:106:6: warning: incompatible redeclaration of library function 'vsnprintf' [-Wincompatible-library-redeclaration]
char vsnprintf ();
     ^
conftest.c:106:6: note: 'vsnprintf' is a builtin with type 'int (char *, unsigned long, const char *, struct __va_list_tag *)'
1 warning generated.
configure:19729: $? = 0
configure:19729: result: yes
configure:19735: checking for fopen64
configure:19735: gcc -o conftest -g -O2 -Iinclude -I/Users/waefrebeorn/Documents/big-mac/third_party/SDL2-2.32.10/include -idirafter /Users/waefrebeorn/Documents/big-mac/third_party/SDL2-2.32.10/src/video/khronos   -Iinclude -I/Users/waefrebeorn/Documents/big-mac/third_party/SDL2-2.32.10/include -idirafter /Users/waefrebeorn/Documents/big-mac/third_party/SDL2-2.32.10/src/video/khronos   conftest.c  >&5
Undefined symbols for architecture x86_64:
  "_fopen64", referenced from:
      _main in conftest-b61be9.o
ld: symbol(s) not found for architecture x86_64
clang: error: linker command failed with exit code 1 (use -v to see invocation)
configure:19735: $? = 1
configure: failed program was:
| /* confdefs.h */
| #define PACKAGE_NAME ""
| #define PACKAGE_TARNAME ""
| #define PACKAGE_VERSION ""
| #define PACKAGE_STRING ""
| #define PACKAGE_BUGREPORT ""
| #define PACKAGE_URL ""
| #define HAVE_STDIO_H 1
| #define HAVE_STDLIB_H 1
| #define HAVE_STRING_H 1
| #define HAVE_INTTYPES_H 1
| #define HAVE_STDINT_H 1
| #define HAVE_STRINGS_H 1
| #define HAVE_SYS_STAT_H 1
| #define HAVE_SYS_TYPES_H 1
| #define HAVE_UNISTD_H 1
| #define STDC_HEADERS 1
| #define HAVE_DLFCN_H 1
| #define LT_OBJDIR ".libs/"
| #define HAVE_LIBC 1
| #define HAVE_SYS_TYPES_H 1
| #define HAVE_STDIO_H 1
| #define HAVE_STDLIB_H 1
| #define HAVE_STDDEF_H 1
| #define HAVE_STDARG_H 1
| #define HAVE_MEMORY_H 1
| #define HAVE_STRING_H 1
| #define HAVE_STRINGS_H 1
| #define HAVE_WCHAR_H 1
| #define HAVE_INTTYPES_H 1
| #define HAVE_STDINT_H 1
| #define HAVE_LIMITS_H 1
| #define HAVE_CTYPE_H 1
| #define HAVE_MATH_H 1
| #define HAVE_FLOAT_H 1
| #define HAVE_ICONV_H 1
| #define HAVE_SIGNAL_H 1
| #define HAVE_M_PI /**/
| #define HAVE_ALLOCA_H 1
| #define HAVE_ALLOCA 1
| #define HAVE_MPROTECT 1
| #define HAVE_MALLOC 1
| #define HAVE_CALLOC 1
| #define HAVE_REALLOC 1
| #define HAVE_FREE 1
| #define HAVE_GETENV 1
| #define HAVE_SETENV 1
| #define HAVE_PUTENV 1
| #define HAVE_UNSETENV 1
| #define HAVE_BSEARCH 1
| #define HAVE_QSORT 1
| #define HAVE_ABS 1
| #define HAVE_BCOPY 1
| #define HAVE_MEMSET 1
| #define HAVE_MEMCMP 1
| #define HAVE_MEMCPY 1
| #define HAVE_MEMMOVE 1
| #define HAVE_WCSLEN 1
| #define HAVE_WCSLCPY 1
| #define HAVE_WCSLCAT 1
| #define HAVE_WCSDUP 1
| #define HAVE_WCSSTR 1
| #define HAVE_WCSCMP 1
| #define HAVE_WCSNCMP 1
| #define HAVE_WCSCASECMP 1
| #define HAVE_WCSNCASECMP 1
| #define HAVE_STRLEN 1
| #define HAVE_STRLCPY 1
| #define HAVE_STRLCAT 1
| #define HAVE_INDEX 1
| #define HAVE_RINDEX 1
| #define HAVE_STRCHR 1
| #define HAVE_STRRCHR 1
| #define HAVE_STRSTR 1
| #define HAVE_STRTOK_R 1
| #define HAVE_STRTOD 1
| #define HAVE_STRTOL 1
| #define HAVE_STRTOUL 1
| #define HAVE_STRTOLL 1
| #define HAVE_STRTOULL 1
| #define HAVE_ATOI 1
| #define HAVE_ATOF 1
| #define HAVE_STRCMP 1
| #define HAVE_STRNCMP 1
| #define HAVE_STRCASECMP 1
| #define HAVE_STRNCASECMP 1
| #define HAVE_STRCASESTR 1
| #define HAVE_VSSCANF 1
| #define HAVE_VSNPRINTF 1
| /* end confdefs.h.  */
| /* Define fopen64 to an innocuous variant, in case <limits.h> declares fopen64.
|    For example, HP-UX 11i <limits.h> declares gettimeofday.  */
| #define fopen64 innocuous_fopen64
| 
| /* System header to define __stub macros and hopefully few prototypes,
|    which can conflict with char fopen64 (); below.  */
| 
| #include <limits.h>
| #undef fopen64
| 
| /* Override any GCC internal prototype to avoid an error.
|    Use char because int might match the return type of a GCC
|    builtin and then its argument prototype would still apply.  */
| #ifdef __cplusplus
| extern "C"
| #endif
| char fopen64 ();
| /* The GNU C library defines this for functions which it implements
|     to always fail with ENOSYS.  Some functions are actually named
|     something starting with __ and the normal name is an alias.  */
| #if defined __stub_fopen64 || defined __stub___fopen64
| choke me
| #endif
| 
| int
| main (void)
| {
| return fopen64 ();
|   ;
|   return 0;
| }
configure:19735: result: no
configure:19741: checking for fseeko
configure:19741: gcc -o conftest -g -O2 -Iinclude -I/Users/waefrebeorn/Documents/big-mac/third_party/SDL2-2.32.10/include -idirafter /Users/waefrebeorn/Documents/big-mac/third_party/SDL2-2.32.10/src/video/khronos   -Iinclude -I/Users/waefrebeorn/Documents/big-mac/third_party/SDL2-2.32.10/include -idirafter /Users/waefrebeorn/Documents/big-mac/third_party/SDL2-2.32.10/src/video/khronos   conftest.c  >&5
configure:19741: $? = 0
configure:19741: result: yes
configure:19747: checking for fseeko64
configure:19747: gcc -o conftest -g -O2 -Iinclude -I/Users/waefrebeorn/Documents/big-mac/third_party/SDL2-2.32.10/include -idirafter /Users/waefrebeorn/Documents/big-mac/third_party/SDL2-2.32.10/src/video/khronos   -Iinclude -I/Users/waefrebeorn/Documents/big-mac/third_party/SDL2-2.32.10/include -idirafter /Users/waefrebeorn/Documents/big-mac/third_party/SDL2-2.32.10/src/video/khronos   conftest.c  >&5
Undefined symbols for architecture x86_64:
  "_fseeko64", referenced from:
      _main in conftest-401879.o
ld: symbol(s) not found for architecture x86_64
clang: error: linker command failed with exit code 1 (use -v to see invocation)
configure:19747: $? = 1
configure: failed program was:
| /* confdefs.h */
| #define PACKAGE_NAME ""
| #define PACKAGE_TARNAME ""
| #define PACKAGE_VERSION ""
| #define PACKAGE_STRING ""
| #define PACKAGE_BUGREPORT ""
| #define PACKAGE_URL ""
| #define HAVE_STDIO_H 1
| #define HAVE_STDLIB_H 1
| #define HAVE_STRING_H 1
| #define HAVE_INTTYPES_H 1
| #define HAVE_STDINT_H 1
| #define HAVE_STRINGS_H 1
| #define HAVE_SYS_STAT_H 1
| #define HAVE_SYS_TYPES_H 1
| #define HAVE_UNISTD_H 1
| #define STDC_HEADERS 1
| #define HAVE_DLFCN_H 1
| #define LT_OBJDIR ".libs/"
| #define HAVE_LIBC 1
| #define HAVE_SYS_TYPES_H 1
| #define HAVE_STDIO_H 1
| #define HAVE_STDLIB_H 1
| #define HAVE_STDDEF_H 1
| #define HAVE_STDARG_H 1
| #define HAVE_MEMORY_H 1
| #define HAVE_STRING_H 1
| #define HAVE_STRINGS_H 1
| #define HAVE_WCHAR_H 1
| #define HAVE_INTTYPES_H 1
| #define HAVE_STDINT_H 1
| #define HAVE_LIMITS_H 1
| #define HAVE_CTYPE_H 1
| #define HAVE_MATH_H 1
| #define HAVE_FLOAT_H 1
| #define HAVE_ICONV_H 1
| #define HAVE_SIGNAL_H 1
| #define HAVE_M_PI /**/
| #define HAVE_ALLOCA_H 1
| #define HAVE_ALLOCA 1
| #define HAVE_MPROTECT 1
| #define HAVE_MALLOC 1
| #define HAVE_CALLOC 1
| #define HAVE_REALLOC 1
| #define HAVE_FREE 1
| #define HAVE_GETENV 1
| #define HAVE_SETENV 1
| #define HAVE_PUTENV 1
| #define HAVE_UNSETENV 1
| #define HAVE_BSEARCH 1
| #define HAVE_QSORT 1
| #define HAVE_ABS 1
| #define HAVE_BCOPY 1
| #define HAVE_MEMSET 1
| #define HAVE_MEMCMP 1
| #define HAVE_MEMCPY 1
| #define HAVE_MEMMOVE 1
| #define HAVE_WCSLEN 1
| #define HAVE_WCSLCPY 1
| #define HAVE_WCSLCAT 1
| #define HAVE_WCSDUP 1
| #define HAVE_WCSSTR 1
| #define HAVE_WCSCMP 1
| #define HAVE_WCSNCMP 1
| #define HAVE_WCSCASECMP 1
| #define HAVE_WCSNCASECMP 1
| #define HAVE_STRLEN 1
| #define HAVE_STRLCPY 1
| #define HAVE_STRLCAT 1
| #define HAVE_INDEX 1
| #define HAVE_RINDEX 1
| #define HAVE_STRCHR 1
| #define HAVE_STRRCHR 1
| #define HAVE_STRSTR 1
| #define HAVE_STRTOK_R 1
| #define HAVE_STRTOD 1
| #define HAVE_STRTOL 1
| #define HAVE_STRTOUL 1
| #define HAVE_STRTOLL 1
| #define HAVE_STRTOULL 1
| #define HAVE_ATOI 1
| #define HAVE_ATOF 1
| #define HAVE_STRCMP 1
| #define HAVE_STRNCMP 1
| #define HAVE_STRCASECMP 1
| #define HAVE_STRNCASECMP 1
| #define HAVE_STRCASESTR 1
| #define HAVE_VSSCANF 1
| #define HAVE_VSNPRINTF 1
| #define HAVE_FSEEKO 1
| /* end confdefs.h.  */
| /* Define fseeko64 to an innocuous variant, in case <limits.h> declares fseeko64.
|    For example, HP-UX 11i <limits.h> declares gettimeofday.  */
| #define fseeko64 innocuous_fseeko64
| 
| /* System header to define __stub macros and hopefully few prototypes,
|    which can conflict with char fseeko64 (); below.  */
| 
| #include <limits.h>
| #undef fseeko64
| 
| /* Override any GCC internal prototype to avoid an error.
|    Use char because int might match the return type of a GCC
|    builtin and then its argument prototype would still apply.  */
| #ifdef __cplusplus
| extern "C"
| #endif
| char fseeko64 ();
| /* The GNU C library defines this for functions which it implements
|     to always fail with ENOSYS.  Some functions are actually named
|     something starting with __ and the normal name is an alias.  */
| #if defined __stub_fseeko64 || defined __stub___fseeko64
| choke me
| #endif
| 
| int
| main (void)
| {
| return fseeko64 ();
|   ;
|   return 0;
| }
configure:19747: result: no
configure:19753: checking for sigaction
configure:19753: gcc -o conftest -g -O2 -Iinclude -I/Users/waefrebeorn/Documents/big-mac/third_party/SDL2-2.32.10/include -idirafter /Users/waefrebeorn/Documents/big-mac/third_party/SDL2-2.32.10/src/video/khronos   -Iinclude -I/Users/waefrebeorn/Documents/big-mac/third_party/SDL2-2.32.10/include -idirafter /Users/waefrebeorn/Documents/big-mac/third_party/SDL2-2.32.10/src/video/khronos   conftest.c  >&5
configure:19753: $? = 0
configure:19753: result: yes
configure:19759: checking for sigtimedwait
configure:19759: gcc -o conftest -g -O2 -Iinclude -I/Users/waefrebeorn/Documents/big-mac/third_party/SDL2-2.32.10/include -idirafter /Users/waefrebeorn/Documents/big-mac/third_party/SDL2-2.32.10/src/video/khronos   -Iinclude -I/Users/waefrebeorn/Documents/big-mac/third_party/SDL2-2.32.10/include -idirafter /Users/waefrebeorn/Documents/big-mac/third_party/SDL2-2.32.10/src/video/khronos   conftest.c  >&5
Undefined symbols for architecture x86_64:
  "_sigtimedwait", referenced from:
      _main in conftest-561130.o
ld: symbol(s) not found for architecture x86_64
clang: error: linker command failed with exit code 1 (use -v to see invocation)
configure:19759: $? = 1
configure: failed program was:
| /* confdefs.h */
| #define PACKAGE_NAME ""
| #define PACKAGE_TARNAME ""
| #define PACKAGE_VERSION ""
| #define PACKAGE_STRING ""
| #define PACKAGE_BUGREPORT ""
| #define PACKAGE_URL ""
| #define HAVE_STDIO_H 1
| #define HAVE_STDLIB_H 1
| #define HAVE_STRING_H 1
| #define HAVE_INTTYPES_H 1
| #define HAVE_STDINT_H 1
| #define HAVE_STRINGS_H 1
| #define HAVE_SYS_STAT_H 1
| #define HAVE_SYS_TYPES_H 1
| #define HAVE_UNISTD_H 1
| #define STDC_HEADERS 1
| #define HAVE_DLFCN_H 1
| #define LT_OBJDIR ".libs/"
| #define HAVE_LIBC 1
| #define HAVE_SYS_TYPES_H 1
| #define HAVE_STDIO_H 1
| #define HAVE_STDLIB_H 1
| #define HAVE_STDDEF_H 1
| #define HAVE_STDARG_H 1
| #define HAVE_MEMORY_H 1
| #define HAVE_STRING_H 1
| #define HAVE_STRINGS_H 1
| #define HAVE_WCHAR_H 1
| #define HAVE_INTTYPES_H 1
| #define HAVE_STDINT_H 1
| #define HAVE_LIMITS_H 1
| #define HAVE_CTYPE_H 1
| #define HAVE_MATH_H 1
| #define HAVE_FLOAT_H 1
| #define HAVE_ICONV_H 1
| #define HAVE_SIGNAL_H 1
| #define HAVE_M_PI /**/
| #define HAVE_ALLOCA_H 1
| #define HAVE_ALLOCA 1
| #define HAVE_MPROTECT 1
| #define HAVE_MALLOC 1
| #define HAVE_CALLOC 1
| #define HAVE_REALLOC 1
| #define HAVE_FREE 1
| #define HAVE_GETENV 1
| #define HAVE_SETENV 1
| #define HAVE_PUTENV 1
| #define HAVE_UNSETENV 1
| #define HAVE_BSEARCH 1
| #define HAVE_QSORT 1
| #define HAVE_ABS 1
| #define HAVE_BCOPY 1
| #define HAVE_MEMSET 1
| #define HAVE_MEMCMP 1
| #define HAVE_MEMCPY 1
| #define HAVE_MEMMOVE 1
| #define HAVE_WCSLEN 1
| #define HAVE_WCSLCPY 1
| #define HAVE_WCSLCAT 1
| #define HAVE_WCSDUP 1
| #define HAVE_WCSSTR 1
| #define HAVE_WCSCMP 1
| #define HAVE_WCSNCMP 1
| #define HAVE_WCSCASECMP 1
| #define HAVE_WCSNCASECMP 1
| #define HAVE_STRLEN 1
| #define HAVE_STRLCPY 1
| #define HAVE_STRLCAT 1
| #define HAVE_INDEX 1
| #define HAVE_RINDEX 1
| #define HAVE_STRCHR 1
| #define HAVE_STRRCHR 1
| #define HAVE_STRSTR 1
| #define HAVE_STRTOK_R 1
| #define HAVE_STRTOD 1
| #define HAVE_STRTOL 1
| #define HAVE_STRTOUL 1
| #define HAVE_STRTOLL 1
| #define HAVE_STRTOULL 1
| #define HAVE_ATOI 1
| #define HAVE_ATOF 1
| #define HAVE_STRCMP 1
| #define HAVE_STRNCMP 1
| #define HAVE_STRCASECMP 1
| #define HAVE_STRNCASECMP 1
| #define HAVE_STRCASESTR 1
| #define HAVE_VSSCANF 1
| #define HAVE_VSNPRINTF 1
| #define HAVE_FSEEKO 1
| #define HAVE_SIGACTION 1
| /* end confdefs.h.  */
| /* Define sigtimedwait to an innocuous variant, in case <limits.h> declares sigtimedwait.
|    For example, HP-UX 11i <limits.h> declares gettimeofday.  */
| #define sigtimedwait innocuous_sigtimedwait
| 
| /* System header to define __stub macros and hopefully few prototypes,
|    which can conflict with char sigtimedwait (); below.  */
| 
| #include <limits.h>
| #undef sigtimedwait
| 
| /* Override any GCC internal prototype to avoid an error.
|    Use char because int might match the return type of a GCC
|    builtin and then its argument prototype would still apply.  */
| #ifdef __cplusplus
| extern "C"
| #endif
| char sigtimedwait ();
| /* The GNU C library defines this for functions which it implements
|     to always fail with ENOSYS.  Some functions are actually named
|     something starting with __ and the normal name is an alias.  */
| #if defined __stub_sigtimedwait || defined __stub___sigtimedwait
| choke me
| #endif
| 
| int
| main (void)
| {
| return sigtimedwait ();
|   ;
|   return 0;
| }
configure:19759: result: no
configure:19765: checking for setjmp
configure:19765: gcc -o conftest -g -O2 -Iinclude -I/Users/waefrebeorn/Documents/big-mac/third_party/SDL2-2.32.10/include -idirafter /Users/waefrebeorn/Documents/big-mac/third_party/SDL2-2.32.10/src/video/khronos   -Iinclude -I/Users/waefrebeorn/Documents/big-mac/third_party/SDL2-2.32.10/include -idirafter /Users/waefrebeorn/Documents/big-mac/third_party/SDL2-2.32.10/src/video/khronos   conftest.c  >&5
configure:19765: $? = 0
configure:19765: result: yes
configure:19771: checking for nanosleep
configure:19771: gcc -o conftest -g -O2 -Iinclude -I/Users/waefrebeorn/Documents/big-mac/third_party/SDL2-2.32.10/include -idirafter /Users/waefrebeorn/Documents/big-mac/third_party/SDL2-2.32.10/src/video/khronos   -Iinclude -I/Users/waefrebeorn/Documents/big-mac/third_party/SDL2-2.32.10/include -idirafter /Users/waefrebeorn/Documents/big-mac/third_party/SDL2-2.32.10/src/video/khronos   conftest.c  >&5
configure:19771: $? = 0
configure:19771: result: yes
configure:19777: checking for sysconf
configure:19777: gcc -o conftest -g -O2 -Iinclude -I/Users/waefrebeorn/Documents/big-mac/third_party/SDL2-2.32.10/include -idirafter /Users/waefrebeorn/Documents/big-mac/third_party/SDL2-2.32.10/src/video/khronos   -Iinclude -I/Users/waefrebeorn/Documents/big-mac/third_party/SDL2-2.32.10/include -idirafter /Users/waefrebeorn/Documents/big-mac/third_party/SDL2-2.32.10/src/video/khronos   conftest.c  >&5
configure:19777: $? = 0
configure:19777: result: yes
configure:19783: checking for sysctlbyname
configure:19783: gcc -o conftest -g -O2 -Iinclude -I/Users/waefrebeorn/Documents/big-mac/third_party/SDL2-2.32.10/include -idirafter /Users/waefrebeorn/Documents/big-mac/third_party/SDL2-2.32.10/src/video/khronos   -Iinclude -I/Users/waefrebeorn/Documents/big-mac/third_party/SDL2-2.32.10/include -idirafter /Users/waefrebeorn/Documents/big-mac/third_party/SDL2-2.32.10/src/video/khronos   conftest.c  >&5
configure:19783: $? = 0
configure:19783: result: yes
configure:19789: checking for getauxval
configure:19789: gcc -o conftest -g -O2 -Iinclude -I/Users/waefrebeorn/Documents/big-mac/third_party/SDL2-2.32.10/include -idirafter /Users/waefrebeorn/Documents/big-mac/third_party/SDL2-2.32.10/src/video/khronos   -Iinclude -I/Users/waefrebeorn/Documents/big-mac/third_party/SDL2-2.32.10/include -idirafter /Users/waefrebeorn/Documents/big-mac/third_party/SDL2-2.32.10/src/video/khronos   conftest.c  >&5
Undefined symbols for architecture x86_64:
  "_getauxval", referenced from:
      _main in conftest-9d1574.o
ld: symbol(s) not found for architecture x86_64
clang: error: linker command failed with exit code 1 (use -v to see invocation)
configure:19789: $? = 1
configure: failed program was:
| /* confdefs.h */
| #define PACKAGE_NAME ""
| #define PACKAGE_TARNAME ""
| #define PACKAGE_VERSION ""
| #define PACKAGE_STRING ""
| #define PACKAGE_BUGREPORT ""
| #define PACKAGE_URL ""
| #define HAVE_STDIO_H 1
| #define HAVE_STDLIB_H 1
| #define HAVE_STRING_H 1
| #define HAVE_INTTYPES_H 1
| #define HAVE_STDINT_H 1
| #define HAVE_STRINGS_H 1
| #define HAVE_SYS_STAT_H 1
| #define HAVE_SYS_TYPES_H 1
| #define HAVE_UNISTD_H 1
| #define STDC_HEADERS 1
| #define HAVE_DLFCN_H 1
| #define LT_OBJDIR ".libs/"
| #define HAVE_LIBC 1
| #define HAVE_SYS_TYPES_H 1
| #define HAVE_STDIO_H 1
| #define HAVE_STDLIB_H 1
| #define HAVE_STDDEF_H 1
| #define HAVE_STDARG_H 1
| #define HAVE_MEMORY_H 1
| #define HAVE_STRING_H 1
| #define HAVE_STRINGS_H 1
| #define HAVE_WCHAR_H 1
| #define HAVE_INTTYPES_H 1
| #define HAVE_STDINT_H 1
| #define HAVE_LIMITS_H 1
| #define HAVE_CTYPE_H 1
| #define HAVE_MATH_H 1
| #define HAVE_FLOAT_H 1
| #define HAVE_ICONV_H 1
| #define HAVE_SIGNAL_H 1
| #define HAVE_M_PI /**/
| #define HAVE_ALLOCA_H 1
| #define HAVE_ALLOCA 1
| #define HAVE_MPROTECT 1
| #define HAVE_MALLOC 1
| #define HAVE_CALLOC 1
| #define HAVE_REALLOC 1
| #define HAVE_FREE 1
| #define HAVE_GETENV 1
| #define HAVE_SETENV 1
| #define HAVE_PUTENV 1
| #define HAVE_UNSETENV 1
| #define HAVE_BSEARCH 1
| #define HAVE_QSORT 1
| #define HAVE_ABS 1
| #define HAVE_BCOPY 1
| #define HAVE_MEMSET 1
| #define HAVE_MEMCMP 1
| #define HAVE_MEMCPY 1
| #define HAVE_MEMMOVE 1
| #define HAVE_WCSLEN 1
| #define HAVE_WCSLCPY 1
| #define HAVE_WCSLCAT 1
| #define HAVE_WCSDUP 1
| #define HAVE_WCSSTR 1
| #define HAVE_WCSCMP 1
| #define HAVE_WCSNCMP 1
| #define HAVE_WCSCASECMP 1
| #define HAVE_WCSNCASECMP 1
| #define HAVE_STRLEN 1
| #define HAVE_STRLCPY 1
| #define HAVE_STRLCAT 1
| #define HAVE_INDEX 1
| #define HAVE_RINDEX 1
| #define HAVE_STRCHR 1
| #define HAVE_STRRCHR 1
| #define HAVE_STRSTR 1
| #define HAVE_STRTOK_R 1
| #define HAVE_STRTOD 1
| #define HAVE_STRTOL 1
| #define HAVE_STRTOUL 1
| #define HAVE_STRTOLL 1
| #define HAVE_STRTOULL 1
| #define HAVE_ATOI 1
| #define HAVE_ATOF 1
| #define HAVE_STRCMP 1
| #define HAVE_STRNCMP 1
| #define HAVE_STRCASECMP 1
| #define HAVE_STRNCASECMP 1
| #define HAVE_STRCASESTR 1
| #define HAVE_VSSCANF 1
| #define HAVE_VSNPRINTF 1
| #define HAVE_FSEEKO 1
| #define HAVE_SIGACTION 1
| #define HAVE_SETJMP 1
| #define HAVE_NANOSLEEP 1
| #define HAVE_SYSCONF 1
| #define HAVE_SYSCTLBYNAME 1
| /* end confdefs.h.  */
| /* Define getauxval to an innocuous variant, in case <limits.h> declares getauxval.
|    For example, HP-UX 11i <limits.h> declares gettimeofday.  */
| #define getauxval innocuous_getauxval
| 
| /* System header to define __stub macros and hopefully few prototypes,
|    which can conflict with char getauxval (); below.  */
| 
| #include <limits.h>
| #undef getauxval
| 
| /* Override any GCC internal prototype to avoid an error.
|    Use char because int might match the return type of a GCC
|    builtin and then its argument prototype would still apply.  */
| #ifdef __cplusplus
| extern "C"
| #endif
| char getauxval ();
| /* The GNU C library defines this for functions which it implements
|     to always fail with ENOSYS.  Some functions are actually named
|     something starting with __ and the normal name is an alias.  */
| #if defined __stub_getauxval || defined __stub___getauxval
| choke me
| #endif
| 
| int
| main (void)
| {
| return getauxval ();
|   ;
|   return 0;
| }
configure:19789: result: no
configure:19795: checking for elf_aux_info
configure:19795: gcc -o conftest -g -O2 -Iinclude -I/Users/waefrebeorn/Documents/big-mac/third_party/SDL2-2.32.10/include -idirafter /Users/waefrebeorn/Documents/big-mac/third_party/SDL2-2.32.10/src/video/khronos   -Iinclude -I/Users/waefrebeorn/Documents/big-mac/third_party/SDL2-2.32.10/include -idirafter /Users/waefrebeorn/Documents/big-mac/third_party/SDL2-2.32.10/src/video/khronos   conftest.c  >&5
Undefined symbols for architecture x86_64:
  "_elf_aux_info", referenced from:
      _main in conftest-d1668d.o
ld: symbol(s) not found for architecture x86_64
clang: error: linker command failed with exit code 1 (use -v to see invocation)
configure:19795: $? = 1
configure: failed program was:
| /* confdefs.h */
| #define PACKAGE_NAME ""
| #define PACKAGE_TARNAME ""
| #define PACKAGE_VERSION ""
| #define PACKAGE_STRING ""
| #define PACKAGE_BUGREPORT ""
| #define PACKAGE_URL ""
| #define HAVE_STDIO_H 1
| #define HAVE_STDLIB_H 1
| #define HAVE_STRING_H 1
| #define HAVE_INTTYPES_H 1
| #define HAVE_STDINT_H 1
| #define HAVE_STRINGS_H 1
| #define HAVE_SYS_STAT_H 1
| #define HAVE_SYS_TYPES_H 1
| #define HAVE_UNISTD_H 1
| #define STDC_HEADERS 1
| #define HAVE_DLFCN_H 1
| #define LT_OBJDIR ".libs/"
| #define HAVE_LIBC 1
| #define HAVE_SYS_TYPES_H 1
| #define HAVE_STDIO_H 1
| #define HAVE_STDLIB_H 1
| #define HAVE_STDDEF_H 1
| #define HAVE_STDARG_H 1
| #define HAVE_MEMORY_H 1
| #define HAVE_STRING_H 1
| #define HAVE_STRINGS_H 1
| #define HAVE_WCHAR_H 1
| #define HAVE_INTTYPES_H 1
| #define HAVE_STDINT_H 1
| #define HAVE_LIMITS_H 1
| #define HAVE_CTYPE_H 1
| #define HAVE_MATH_H 1
| #define HAVE_FLOAT_H 1
| #define HAVE_ICONV_H 1
| #define HAVE_SIGNAL_H 1
| #define HAVE_M_PI /**/
| #define HAVE_ALLOCA_H 1
| #define HAVE_ALLOCA 1
| #define HAVE_MPROTECT 1
| #define HAVE_MALLOC 1
| #define HAVE_CALLOC 1
| #define HAVE_REALLOC 1
| #define HAVE_FREE 1
| #define HAVE_GETENV 1
| #define HAVE_SETENV 1
| #define HAVE_PUTENV 1
| #define HAVE_UNSETENV 1
| #define HAVE_BSEARCH 1
| #define HAVE_QSORT 1
| #define HAVE_ABS 1
| #define HAVE_BCOPY 1
| #define HAVE_MEMSET 1
| #define HAVE_MEMCMP 1
| #define HAVE_MEMCPY 1
| #define HAVE_MEMMOVE 1
| #define HAVE_WCSLEN 1
| #define HAVE_WCSLCPY 1
| #define HAVE_WCSLCAT 1
| #define HAVE_WCSDUP 1
| #define HAVE_WCSSTR 1
| #define HAVE_WCSCMP 1
| #define HAVE_WCSNCMP 1
| #define HAVE_WCSCASECMP 1
| #define HAVE_WCSNCASECMP 1
| #define HAVE_STRLEN 1
| #define HAVE_STRLCPY 1
| #define HAVE_STRLCAT 1
| #define HAVE_INDEX 1
| #define HAVE_RINDEX 1
| #define HAVE_STRCHR 1
| #define HAVE_STRRCHR 1
| #define HAVE_STRSTR 1
| #define HAVE_STRTOK_R 1
| #define HAVE_STRTOD 1
| #define HAVE_STRTOL 1
| #define HAVE_STRTOUL 1
| #define HAVE_STRTOLL 1
| #define HAVE_STRTOULL 1
| #define HAVE_ATOI 1
| #define HAVE_ATOF 1
| #define HAVE_STRCMP 1
| #define HAVE_STRNCMP 1
| #define HAVE_STRCASECMP 1
| #define HAVE_STRNCASECMP 1
| #define HAVE_STRCASESTR 1
| #define HAVE_VSSCANF 1
| #define HAVE_VSNPRINTF 1
| #define HAVE_FSEEKO 1
| #define HAVE_SIGACTION 1
| #define HAVE_SETJMP 1
| #define HAVE_NANOSLEEP 1
| #define HAVE_SYSCONF 1
| #define HAVE_SYSCTLBYNAME 1
| /* end confdefs.h.  */
| /* Define elf_aux_info to an innocuous variant, in case <limits.h> declares elf_aux_info.
|    For example, HP-UX 11i <limits.h> declares gettimeofday.  */
| #define elf_aux_info innocuous_elf_aux_info
| 
| /* System header to define __stub macros and hopefully few prototypes,
|    which can conflict with char elf_aux_info (); below.  */
| 
| #include <limits.h>
| #undef elf_aux_info
| 
| /* Override any GCC internal prototype to avoid an error.
|    Use char because int might match the return type of a GCC
|    builtin and then its argument prototype would still apply.  */
| #ifdef __cplusplus
| extern "C"
| #endif
| char elf_aux_info ();
| /* The GNU C library defines this for functions which it implements
|     to always fail with ENOSYS.  Some functions are actually named
|     something starting with __ and the normal name is an alias.  */
| #if defined __stub_elf_aux_info || defined __stub___elf_aux_info
| choke me
| #endif
| 
| int
| main (void)
| {
| return elf_aux_info ();
|   ;
|   return 0;
| }
configure:19795: result: no
configure:19801: checking for poll
configure:19801: gcc -o conftest -g -O2 -Iinclude -I/Users/waefrebeorn/Documents/big-mac/third_party/SDL2-2.32.10/include -idirafter /Users/waefrebeorn/Documents/big-mac/third_party/SDL2-2.32.10/src/video/khronos   -Iinclude -I/Users/waefrebeorn/Documents/big-mac/third_party/SDL2-2.32.10/include -idirafter /Users/waefrebeorn/Documents/big-mac/third_party/SDL2-2.32.10/src/video/khronos   conftest.c  >&5
configure:19801: $? = 0
configure:19801: result: yes
configure:19807: checking for memfd_create
configure:19807: gcc -o conftest -g -O2 -Iinclude -I/Users/waefrebeorn/Documents/big-mac/third_party/SDL2-2.32.10/include -idirafter /Users/waefrebeorn/Documents/big-mac/third_party/SDL2-2.32.10/src/video/khronos   -Iinclude -I/Users/waefrebeorn/Documents/big-mac/third_party/SDL2-2.32.10/include -idirafter /Users/waefrebeorn/Documents/big-mac/third_party/SDL2-2.32.10/src/video/khronos   conftest.c  >&5
Undefined symbols for architecture x86_64:
  "_memfd_create", referenced from:
      _main in conftest-931d93.o
ld: symbol(s) not found for architecture x86_64
clang: error: linker command failed with exit code 1 (use -v to see invocation)
configure:19807: $? = 1
configure: failed program was:
| /* confdefs.h */
| #define PACKAGE_NAME ""
| #define PACKAGE_TARNAME ""
| #define PACKAGE_VERSION ""
| #define PACKAGE_STRING ""
| #define PACKAGE_BUGREPORT ""
| #define PACKAGE_URL ""
| #define HAVE_STDIO_H 1
| #define HAVE_STDLIB_H 1
| #define HAVE_STRING_H 1
| #define HAVE_INTTYPES_H 1
| #define HAVE_STDINT_H 1
| #define HAVE_STRINGS_H 1
| #define HAVE_SYS_STAT_H 1
| #define HAVE_SYS_TYPES_H 1
| #define HAVE_UNISTD_H 1
| #define STDC_HEADERS 1
| #define HAVE_DLFCN_H 1
| #define LT_OBJDIR ".libs/"
| #define HAVE_LIBC 1
| #define HAVE_SYS_TYPES_H 1
| #define HAVE_STDIO_H 1
| #define HAVE_STDLIB_H 1
| #define HAVE_STDDEF_H 1
| #define HAVE_STDARG_H 1
| #define HAVE_MEMORY_H 1
| #define HAVE_STRING_H 1
| #define HAVE_STRINGS_H 1
| #define HAVE_WCHAR_H 1
| #define HAVE_INTTYPES_H 1
| #define HAVE_STDINT_H 1
| #define HAVE_LIMITS_H 1
| #define HAVE_CTYPE_H 1
| #define HAVE_MATH_H 1
| #define HAVE_FLOAT_H 1
| #define HAVE_ICONV_H 1
| #define HAVE_SIGNAL_H 1
| #define HAVE_M_PI /**/
| #define HAVE_ALLOCA_H 1
| #define HAVE_ALLOCA 1
| #define HAVE_MPROTECT 1
| #define HAVE_MALLOC 1
| #define HAVE_CALLOC 1
| #define HAVE_REALLOC 1
| #define HAVE_FREE 1
| #define HAVE_GETENV 1
| #define HAVE_SETENV 1
| #define HAVE_PUTENV 1
| #define HAVE_UNSETENV 1
| #define HAVE_BSEARCH 1
| #define HAVE_QSORT 1
| #define HAVE_ABS 1
| #define HAVE_BCOPY 1
| #define HAVE_MEMSET 1
| #define HAVE_MEMCMP 1
| #define HAVE_MEMCPY 1
| #define HAVE_MEMMOVE 1
| #define HAVE_WCSLEN 1
| #define HAVE_WCSLCPY 1
| #define HAVE_WCSLCAT 1
| #define HAVE_WCSDUP 1
| #define HAVE_WCSSTR 1
| #define HAVE_WCSCMP 1
| #define HAVE_WCSNCMP 1
| #define HAVE_WCSCASECMP 1
| #define HAVE_WCSNCASECMP 1
| #define HAVE_STRLEN 1
| #define HAVE_STRLCPY 1
| #define HAVE_STRLCAT 1
| #define HAVE_INDEX 1
| #define HAVE_RINDEX 1
| #define HAVE_STRCHR 1
| #define HAVE_STRRCHR 1
| #define HAVE_STRSTR 1
| #define HAVE_STRTOK_R 1
| #define HAVE_STRTOD 1
| #define HAVE_STRTOL 1
| #define HAVE_STRTOUL 1
| #define HAVE_STRTOLL 1
| #define HAVE_STRTOULL 1
| #define HAVE_ATOI 1
| #define HAVE_ATOF 1
| #define HAVE_STRCMP 1
| #define HAVE_STRNCMP 1
| #define HAVE_STRCASECMP 1
| #define HAVE_STRNCASECMP 1
| #define HAVE_STRCASESTR 1
| #define HAVE_VSSCANF 1
| #define HAVE_VSNPRINTF 1
| #define HAVE_FSEEKO 1
| #define HAVE_SIGACTION 1
| #define HAVE_SETJMP 1
| #define HAVE_NANOSLEEP 1
| #define HAVE_SYSCONF 1
| #define HAVE_SYSCTLBYNAME 1
| #define HAVE_POLL 1
| /* end confdefs.h.  */
| /* Define memfd_create to an innocuous variant, in case <limits.h> declares memfd_create.
|    For example, HP-UX 11i <limits.h> declares gettimeofday.  */
| #define memfd_create innocuous_memfd_create
| 
| /* System header to define __stub macros and hopefully few prototypes,
|    which can conflict with char memfd_create (); below.  */
| 
| #include <limits.h>
| #undef memfd_create
| 
| /* Override any GCC internal prototype to avoid an error.
|    Use char because int might match the return type of a GCC
|    builtin and then its argument prototype would still apply.  */
| #ifdef __cplusplus
| extern "C"
| #endif
| char memfd_create ();
| /* The GNU C library defines this for functions which it implements
|     to always fail with ENOSYS.  Some functions are actually named
|     something starting with __ and the normal name is an alias.  */
| #if defined __stub_memfd_create || defined __stub___memfd_create
| choke me
| #endif
| 
| int
| main (void)
| {
| return memfd_create ();
|   ;
|   return 0;
| }
configure:19807: result: no
configure:19813: checking for posix_fallocate
configure:19813: gcc -o conftest -g -O2 -Iinclude -I/Users/waefrebeorn/Documents/big-mac/third_party/SDL2-2.32.10/include -idirafter /Users/waefrebeorn/Documents/big-mac/third_party/SDL2-2.32.10/src/video/khronos   -Iinclude -I/Users/waefrebeorn/Documents/big-mac/third_party/SDL2-2.32.10/include -idirafter /Users/waefrebeorn/Documents/big-mac/third_party/SDL2-2.32.10/src/video/khronos   conftest.c  >&5
Undefined symbols for architecture x86_64:
  "_posix_fallocate", referenced from:
      _main in conftest-c8ee06.o
ld: symbol(s) not found for architecture x86_64
clang: error: linker command failed with exit code 1 (use -v to see invocation)
configure:19813: $? = 1
configure: failed program was:
| /* confdefs.h */
| #define PACKAGE_NAME ""
| #define PACKAGE_TARNAME ""
| #define PACKAGE_VERSION ""
| #define PACKAGE_STRING ""
| #define PACKAGE_BUGREPORT ""
| #define PACKAGE_URL ""
| #define HAVE_STDIO_H 1
| #define HAVE_STDLIB_H 1
| #define HAVE_STRING_H 1
| #define HAVE_INTTYPES_H 1
| #define HAVE_STDINT_H 1
| #define HAVE_STRINGS_H 1
| #define HAVE_SYS_STAT_H 1
| #define HAVE_SYS_TYPES_H 1
| #define HAVE_UNISTD_H 1
| #define STDC_HEADERS 1
| #define HAVE_DLFCN_H 1
| #define LT_OBJDIR ".libs/"
| #define HAVE_LIBC 1
| #define HAVE_SYS_TYPES_H 1
| #define HAVE_STDIO_H 1
| #define HAVE_STDLIB_H 1
| #define HAVE_STDDEF_H 1
| #define HAVE_STDARG_H 1
| #define HAVE_MEMORY_H 1
| #define HAVE_STRING_H 1
| #define HAVE_STRINGS_H 1
| #define HAVE_WCHAR_H 1
| #define HAVE_INTTYPES_H 1
| #define HAVE_STDINT_H 1
| #define HAVE_LIMITS_H 1
| #define HAVE_CTYPE_H 1
| #define HAVE_MATH_H 1
| #define HAVE_FLOAT_H 1
| #define HAVE_ICONV_H 1
| #define HAVE_SIGNAL_H 1
| #define HAVE_M_PI /**/
| #define HAVE_ALLOCA_H 1
| #define HAVE_ALLOCA 1
| #define HAVE_MPROTECT 1
| #define HAVE_MALLOC 1
| #define HAVE_CALLOC 1
| #define HAVE_REALLOC 1
| #define HAVE_FREE 1
| #define HAVE_GETENV 1
| #define HAVE_SETENV 1
| #define HAVE_PUTENV 1
| #define HAVE_UNSETENV 1
| #define HAVE_BSEARCH 1
| #define HAVE_QSORT 1
| #define HAVE_ABS 1
| #define HAVE_BCOPY 1
| #define HAVE_MEMSET 1
| #define HAVE_MEMCMP 1
| #define HAVE_MEMCPY 1
| #define HAVE_MEMMOVE 1
| #define HAVE_WCSLEN 1
| #define HAVE_WCSLCPY 1
| #define HAVE_WCSLCAT 1
| #define HAVE_WCSDUP 1
| #define HAVE_WCSSTR 1
| #define HAVE_WCSCMP 1
| #define HAVE_WCSNCMP 1
| #define HAVE_WCSCASECMP 1
| #define HAVE_WCSNCASECMP 1
| #define HAVE_STRLEN 1
| #define HAVE_STRLCPY 1
| #define HAVE_STRLCAT 1
| #define HAVE_INDEX 1
| #define HAVE_RINDEX 1
| #define HAVE_STRCHR 1
| #define HAVE_STRRCHR 1
| #define HAVE_STRSTR 1
| #define HAVE_STRTOK_R 1
| #define HAVE_STRTOD 1
| #define HAVE_STRTOL 1
| #define HAVE_STRTOUL 1
| #define HAVE_STRTOLL 1
| #define HAVE_STRTOULL 1
| #define HAVE_ATOI 1
| #define HAVE_ATOF 1
| #define HAVE_STRCMP 1
| #define HAVE_STRNCMP 1
| #define HAVE_STRCASECMP 1
| #define HAVE_STRNCASECMP 1
| #define HAVE_STRCASESTR 1
| #define HAVE_VSSCANF 1
| #define HAVE_VSNPRINTF 1
| #define HAVE_FSEEKO 1
| #define HAVE_SIGACTION 1
| #define HAVE_SETJMP 1
| #define HAVE_NANOSLEEP 1
| #define HAVE_SYSCONF 1
| #define HAVE_SYSCTLBYNAME 1
| #define HAVE_POLL 1
| /* end confdefs.h.  */
| /* Define posix_fallocate to an innocuous variant, in case <limits.h> declares posix_fallocate.
|    For example, HP-UX 11i <limits.h> declares gettimeofday.  */
| #define posix_fallocate innocuous_posix_fallocate
| 
| /* System header to define __stub macros and hopefully few prototypes,
|    which can conflict with char posix_fallocate (); below.  */
| 
| #include <limits.h>
| #undef posix_fallocate
| 
| /* Override any GCC internal prototype to avoid an error.
|    Use char because int might match the return type of a GCC
|    builtin and then its argument prototype would still apply.  */
| #ifdef __cplusplus
| extern "C"
| #endif
| char posix_fallocate ();
| /* The GNU C library defines this for functions which it implements
|     to always fail with ENOSYS.  Some functions are actually named
|     something starting with __ and the normal name is an alias.  */
| #if defined __stub_posix_fallocate || defined __stub___posix_fallocate
| choke me
| #endif
| 
| int
| main (void)
| {
| return posix_fallocate ();
|   ;
|   return 0;
| }
configure:19813: result: no
configure:19819: checking for _Exit
configure:19819: gcc -o conftest -g -O2 -Iinclude -I/Users/waefrebeorn/Documents/big-mac/third_party/SDL2-2.32.10/include -idirafter /Users/waefrebeorn/Documents/big-mac/third_party/SDL2-2.32.10/src/video/khronos   -Iinclude -I/Users/waefrebeorn/Documents/big-mac/third_party/SDL2-2.32.10/include -idirafter /Users/waefrebeorn/Documents/big-mac/third_party/SDL2-2.32.10/src/video/khronos   conftest.c  >&5
conftest.c:114:6: warning: incompatible redeclaration of library function '_Exit' [-Wincompatible-library-redeclaration]
char _Exit ();
     ^
conftest.c:114:6: note: '_Exit' is a builtin with type 'void (int) __attribute__((noreturn))'
1 warning generated.
configure:19819: $? = 0
configure:19819: result: yes
configure:19827: checking for pow in -lm
configure:19850: gcc -o conftest -g -O2 -Iinclude -I/Users/waefrebeorn/Documents/big-mac/third_party/SDL2-2.32.10/include -idirafter /Users/waefrebeorn/Documents/big-mac/third_party/SDL2-2.32.10/src/video/khronos   -Iinclude -I/Users/waefrebeorn/Documents/big-mac/third_party/SDL2-2.32.10/include -idirafter /Users/waefrebeorn/Documents/big-mac/third_party/SDL2-2.32.10/src/video/khronos   conftest.c -lm   >&5
conftest.c:103:6: warning: incompatible redeclaration of library function 'pow' [-Wincompatible-library-redeclaration]
char pow ();
     ^
conftest.c:103:6: note: 'pow' is a builtin with type 'double (double, double)'
1 warning generated.
configure:19850: $? = 0
configure:19860: result: yes
configure:19867: checking for acos
configure:19867: gcc -o conftest -g -O2 -Iinclude -I/Users/waefrebeorn/Documents/big-mac/third_party/SDL2-2.32.10/include -idirafter /Users/waefrebeorn/Documents/big-mac/third_party/SDL2-2.32.10/src/video/khronos   -Iinclude -I/Users/waefrebeorn/Documents/big-mac/third_party/SDL2-2.32.10/include -idirafter /Users/waefrebeorn/Documents/big-mac/third_party/SDL2-2.32.10/src/video/khronos   conftest.c  -lm >&5
conftest.c:115:6: warning: incompatible redeclaration of library function 'acos' [-Wincompatible-library-redeclaration]
char acos ();
     ^
conftest.c:115:6: note: 'acos' is a builtin with type 'double (double)'
1 warning generated.
configure:19867: $? = 0
configure:19867: result: yes
configure:19873: checking for acosf
configure:19873: gcc -o conftest -g -O2 -Iinclude -I/Users/waefrebeorn/Documents/big-mac/third_party/SDL2-2.32.10/include -idirafter /Users/waefrebeorn/Documents/big-mac/third_party/SDL2-2.32.10/src/video/khronos   -Iinclude -I/Users/waefrebeorn/Documents/big-mac/third_party/SDL2-2.32.10/include -idirafter /Users/waefrebeorn/Documents/big-mac/third_party/SDL2-2.32.10/src/video/khronos   conftest.c  -lm >&5
conftest.c:116:6: warning: incompatible redeclaration of library function 'acosf' [-Wincompatible-library-redeclaration]
char acosf ();
     ^
conftest.c:116:6: note: 'acosf' is a builtin with type 'float (float)'
1 warning generated.
configure:19873: $? = 0
configure:19873: result: yes
configure:19879: checking for asin
configure:19879: gcc -o conftest -g -O2 -Iinclude -I/Users/waefrebeorn/Documents/big-mac/third_party/SDL2-2.32.10/include -idirafter /Users/waefrebeorn/Documents/big-mac/third_party/SDL2-2.32.10/src/video/khronos   -Iinclude -I/Users/waefrebeorn/Documents/big-mac/third_party/SDL2-2.32.10/include -idirafter /Users/waefrebeorn/Documents/big-mac/third_party/SDL2-2.32.10/src/video/khronos   conftest.c  -lm >&5
conftest.c:117:6: warning: incompatible redeclaration of library function 'asin' [-Wincompatible-library-redeclaration]
char asin ();
     ^
conftest.c:117:6: note: 'asin' is a builtin with type 'double (double)'
1 warning generated.
configure:19879: $? = 0
configure:19879: result: yes
configure:19885: checking for asinf
configure:19885: gcc -o conftest -g -O2 -Iinclude -I/Users/waefrebeorn/Documents/big-mac/third_party/SDL2-2.32.10/include -idirafter /Users/waefrebeorn/Documents/big-mac/third_party/SDL2-2.32.10/src/video/khronos   -Iinclude -I/Users/waefrebeorn/Documents/big-mac/third_party/SDL2-2.32.10/include -idirafter /Users/waefrebeorn/Documents/big-mac/third_party/SDL2-2.32.10/src/video/khronos   conftest.c  -lm >&5
conftest.c:118:6: warning: incompatible redeclaration of library function 'asinf' [-Wincompatible-library-redeclaration]
char asinf ();
     ^
conftest.c:118:6: note: 'asinf' is a builtin with type 'float (float)'
1 warning generated.
configure:19885: $? = 0
configure:19885: result: yes
configure:19891: checking for atan
configure:19891: gcc -o conftest -g -O2 -Iinclude -I/Users/waefrebeorn/Documents/big-mac/third_party/SDL2-2.32.10/include -idirafter /Users/waefrebeorn/Documents/big-mac/third_party/SDL2-2.32.10/src/video/khronos   -Iinclude -I/Users/waefrebeorn/Documents/big-mac/third_party/SDL2-2.32.10/include -idirafter /Users/waefrebeorn/Documents/big-mac/third_party/SDL2-2.32.10/src/video/khronos   conftest.c  -lm >&5
conftest.c:119:6: warning: incompatible redeclaration of library function 'atan' [-Wincompatible-library-redeclaration]
char atan ();
     ^
conftest.c:119:6: note: 'atan' is a builtin with type 'double (double)'
1 warning generated.
configure:19891: $? = 0
configure:19891: result: yes
configure:19897: checking for atanf
configure:19897: gcc -o conftest -g -O2 -Iinclude -I/Users/waefrebeorn/Documents/big-mac/third_party/SDL2-2.32.10/include -idirafter /Users/waefrebeorn/Documents/big-mac/third_party/SDL2-2.32.10/src/video/khronos   -Iinclude -I/Users/waefrebeorn/Documents/big-mac/third_party/SDL2-2.32.10/include -idirafter /Users/waefrebeorn/Documents/big-mac/third_party/SDL2-2.32.10/src/video/khronos   conftest.c  -lm >&5
conftest.c:120:6: warning: incompatible redeclaration of library function 'atanf' [-Wincompatible-library-redeclaration]
char atanf ();
     ^
conftest.c:120:6: note: 'atanf' is a builtin with type 'float (float)'
1 warning generated.
configure:19897: $? = 0
configure:19897: result: yes
configure:19903: checking for atan2
configure:19903: gcc -o conftest -g -O2 -Iinclude -I/Users/waefrebeorn/Documents/big-mac/third_party/SDL2-2.32.10/include -idirafter /Users/waefrebeorn/Documents/big-mac/third_party/SDL2-2.32.10/src/video/khronos   -Iinclude -I/Users/waefrebeorn/Documents/big-mac/third_party/SDL2-2.32.10/include -idirafter /Users/waefrebeorn/Documents/big-mac/third_party/SDL2-2.32.10/src/video/khronos   conftest.c  -lm >&5
conftest.c:121:6: warning: incompatible redeclaration of library function 'atan2' [-Wincompatible-library-redeclaration]
char atan2 ();
     ^
conftest.c:121:6: note: 'atan2' is a builtin with type 'double (double, double)'
1 warning generated.
configure:19903: $? = 0
configure:19903: result: yes
configure:19909: checking for atan2f
configure:19909: gcc -o conftest -g -O2 -Iinclude -I/Users/waefrebeorn/Documents/big-mac/third_party/SDL2-2.32.10/include -idirafter /Users/waefrebeorn/Documents/big-mac/third_party/SDL2-2.32.10/src/video/khronos   -Iinclude -I/Users/waefrebeorn/Documents/big-mac/third_party/SDL2-2.32.10/include -idirafter /Users/waefrebeorn/Documents/big-mac/third_party/SDL2-2.32.10/src/video/khronos   conftest.c  -lm >&5
conftest.c:122:6: warning: incompatible redeclaration of library function 'atan2f' [-Wincompatible-library-redeclaration]
char atan2f ();
     ^
conftest.c:122:6: note: 'atan2f' is a builtin with type 'float (float, float)'
1 warning generated.
configure:19909: $? = 0
configure:19909: result: yes
configure:19915: checking for ceil
configure:19915: gcc -o conftest -g -O2 -Iinclude -I/Users/waefrebeorn/Documents/big-mac/third_party/SDL2-2.32.10/include -idirafter /Users/waefrebeorn/Documents/big-mac/third_party/SDL2-2.32.10/src/video/khronos   -Iinclude -I/Users/waefrebeorn/Documents/big-mac/third_party/SDL2-2.32.10/include -idirafter /Users/waefrebeorn/Documents/big-mac/third_party/SDL2-2.32.10/src/video/khronos   conftest.c  -lm >&5
conftest.c:123:6: warning: incompatible redeclaration of library function 'ceil' [-Wincompatible-library-redeclaration]
char ceil ();
     ^
conftest.c:123:6: note: 'ceil' is a builtin with type 'double (double)'
1 warning generated.
configure:19915: $? = 0
configure:19915: result: yes
configure:19921: checking for ceilf
configure:19921: gcc -o conftest -g -O2 -Iinclude -I/Users/waefrebeorn/Documents/big-mac/third_party/SDL2-2.32.10/include -idirafter /Users/waefrebeorn/Documents/big-mac/third_party/SDL2-2.32.10/src/video/khronos   -Iinclude -I/Users/waefrebeorn/Documents/big-mac/third_party/SDL2-2.32.10/include -idirafter /Users/waefrebeorn/Documents/big-mac/third_party/SDL2-2.32.10/src/video/khronos   conftest.c  -lm >&5
conftest.c:124:6: warning: incompatible redeclaration of library function 'ceilf' [-Wincompatible-library-redeclaration]
char ceilf ();
     ^
conftest.c:124:6: note: 'ceilf' is a builtin with type 'float (float)'
1 warning generated.
configure:19921: $? = 0
configure:19921: result: yes
configure:19927: checking for copysign
configure:19927: gcc -o conftest -g -O2 -Iinclude -I/Users/waefrebeorn/Documents/big-mac/third_party/SDL2-2.32.10/include -idirafter /Users/waefrebeorn/Documents/big-mac/third_party/SDL2-2.32.10/src/video/khronos   -Iinclude -I/Users/waefrebeorn/Documents/big-mac/third_party/SDL2-2.32.10/include -idirafter /Users/waefrebeorn/Documents/big-mac/third_party/SDL2-2.32.10/src/video/khronos   conftest.c  -lm >&5
conftest.c:125:6: warning: incompatible redeclaration of library function 'copysign' [-Wincompatible-library-redeclaration]
char copysign ();
     ^
conftest.c:125:6: note: 'copysign' is a builtin with type 'double (double, double)'
1 warning generated.
configure:19927: $? = 0
configure:19927: result: yes
configure:19933: checking for copysignf
configure:19933: gcc -o conftest -g -O2 -Iinclude -I/Users/waefrebeorn/Documents/big-mac/third_party/SDL2-2.32.10/include -idirafter /Users/waefrebeorn/Documents/big-mac/third_party/SDL2-2.32.10/src/video/khronos   -Iinclude -I/Users/waefrebeorn/Documents/big-mac/third_party/SDL2-2.32.10/include -idirafter /Users/waefrebeorn/Documents/big-mac/third_party/SDL2-2.32.10/src/video/khronos   conftest.c  -lm >&5
conftest.c:126:6: warning: incompatible redeclaration of library function 'copysignf' [-Wincompatible-library-redeclaration]
char copysignf ();
     ^
conftest.c:126:6: note: 'copysignf' is a builtin with type 'float (float, float)'
1 warning generated.
configure:19933: $? = 0
configure:19933: result: yes
configure:19939: checking for cos
configure:19939: gcc -o conftest -g -O2 -Iinclude -I/Users/waefrebeorn/Documents/big-mac/third_party/SDL2-2.32.10/include -idirafter /Users/waefrebeorn/Documents/big-mac/third_party/SDL2-2.32.10/src/video/khronos   -Iinclude -I/Users/waefrebeorn/Documents/big-mac/third_party/SDL2-2.32.10/include -idirafter /Users/waefrebeorn/Documents/big-mac/third_party/SDL2-2.32.10/src/video/khronos   conftest.c  -lm >&5
conftest.c:127:6: warning: incompatible redeclaration of library function 'cos' [-Wincompatible-library-redeclaration]
char cos ();
     ^
conftest.c:127:6: note: 'cos' is a builtin with type 'double (double)'
1 warning generated.
configure:19939: $? = 0
configure:19939: result: yes
configure:19945: checking for cosf
configure:19945: gcc -o conftest -g -O2 -Iinclude -I/Users/waefrebeorn/Documents/big-mac/third_party/SDL2-2.32.10/include -idirafter /Users/waefrebeorn/Documents/big-mac/third_party/SDL2-2.32.10/src/video/khronos   -Iinclude -I/Users/waefrebeorn/Documents/big-mac/third_party/SDL2-2.32.10/include -idirafter /Users/waefrebeorn/Documents/big-mac/third_party/SDL2-2.32.10/src/video/khronos   conftest.c  -lm >&5
conftest.c:128:6: warning: incompatible redeclaration of library function 'cosf' [-Wincompatible-library-redeclaration]
char cosf ();
     ^
conftest.c:128:6: note: 'cosf' is a builtin with type 'float (float)'
1 warning generated.
configure:19945: $? = 0
configure:19945: result: yes
configure:19951: checking for exp
configure:19951: gcc -o conftest -g -O2 -Iinclude -I/Users/waefrebeorn/Documents/big-mac/third_party/SDL2-2.32.10/include -idirafter /Users/waefrebeorn/Documents/big-mac/third_party/SDL2-2.32.10/src/video/khronos   -Iinclude -I/Users/waefrebeorn/Documents/big-mac/third_party/SDL2-2.32.10/include -idirafter /Users/waefrebeorn/Documents/big-mac/third_party/SDL2-2.32.10/src/video/khronos   conftest.c  -lm >&5
conftest.c:129:6: warning: incompatible redeclaration of library function 'exp' [-Wincompatible-library-redeclaration]
char exp ();
     ^
conftest.c:129:6: note: 'exp' is a builtin with type 'double (double)'
1 warning generated.
configure:19951: $? = 0
configure:19951: result: yes
configure:19957: checking for expf
configure:19957: gcc -o conftest -g -O2 -Iinclude -I/Users/waefrebeorn/Documents/big-mac/third_party/SDL2-2.32.10/include -idirafter /Users/waefrebeorn/Documents/big-mac/third_party/SDL2-2.32.10/src/video/khronos   -Iinclude -I/Users/waefrebeorn/Documents/big-mac/third_party/SDL2-2.32.10/include -idirafter /Users/waefrebeorn/Documents/big-mac/third_party/SDL2-2.32.10/src/video/khronos   conftest.c  -lm >&5
conftest.c:130:6: warning: incompatible redeclaration of library function 'expf' [-Wincompatible-library-redeclaration]
char expf ();
     ^
conftest.c:130:6: note: 'expf' is a builtin with type 'float (float)'
1 warning generated.
configure:19957: $? = 0
configure:19957: result: yes
configure:19963: checking for fabs
configure:19963: gcc -o conftest -g -O2 -Iinclude -I/Users/waefrebeorn/Documents/big-mac/third_party/SDL2-2.32.10/include -idirafter /Users/waefrebeorn/Documents/big-mac/third_party/SDL2-2.32.10/src/video/khronos   -Iinclude -I/Users/waefrebeorn/Documents/big-mac/third_party/SDL2-2.32.10/include -idirafter /Users/waefrebeorn/Documents/big-mac/third_party/SDL2-2.32.10/src/video/khronos   conftest.c  -lm >&5
conftest.c:131:6: warning: incompatible redeclaration of library function 'fabs' [-Wincompatible-library-redeclaration]
char fabs ();
     ^
conftest.c:131:6: note: 'fabs' is a builtin with type 'double (double)'
1 warning generated.
configure:19963: $? = 0
configure:19963: result: yes
configure:19969: checking for fabsf
configure:19969: gcc -o conftest -g -O2 -Iinclude -I/Users/waefrebeorn/Documents/big-mac/third_party/SDL2-2.32.10/include -idirafter /Users/waefrebeorn/Documents/big-mac/third_party/SDL2-2.32.10/src/video/khronos   -Iinclude -I/Users/waefrebeorn/Documents/big-mac/third_party/SDL2-2.32.10/include -idirafter /Users/waefrebeorn/Documents/big-mac/third_party/SDL2-2.32.10/src/video/khronos   conftest.c  -lm >&5
conftest.c:132:6: warning: incompatible redeclaration of library function 'fabsf' [-Wincompatible-library-redeclaration]
char fabsf ();
     ^
conftest.c:132:6: note: 'fabsf' is a builtin with type 'float (float)'
1 warning generated.
configure:19969: $? = 0
configure:19969: result: yes
configure:19975: checking for floor
configure:19975: gcc -o conftest -g -O2 -Iinclude -I/Users/waefrebeorn/Documents/big-mac/third_party/SDL2-2.32.10/include -idirafter /Users/waefrebeorn/Documents/big-mac/third_party/SDL2-2.32.10/src/video/khronos   -Iinclude -I/Users/waefrebeorn/Documents/big-mac/third_party/SDL2-2.32.10/include -idirafter /Users/waefrebeorn/Documents/big-mac/third_party/SDL2-2.32.10/src/video/khronos   conftest.c  -lm >&5
conftest.c:133:6: warning: incompatible redeclaration of library function 'floor' [-Wincompatible-library-redeclaration]
char floor ();
     ^
conftest.c:133:6: note: 'floor' is a builtin with type 'double (double)'
1 warning generated.
configure:19975: $? = 0
configure:19975: result: yes
configure:19981: checking for floorf
configure:19981: gcc -o conftest -g -O2 -Iinclude -I/Users/waefrebeorn/Documents/big-mac/third_party/SDL2-2.32.10/include -idirafter /Users/waefrebeorn/Documents/big-mac/third_party/SDL2-2.32.10/src/video/khronos   -Iinclude -I/Users/waefrebeorn/Documents/big-mac/third_party/SDL2-2.32.10/include -idirafter /Users/waefrebeorn/Documents/big-mac/third_party/SDL2-2.32.10/src/video/khronos   conftest.c  -lm >&5
conftest.c:134:6: warning: incompatible redeclaration of library function 'floorf' [-Wincompatible-library-redeclaration]
char floorf ();
     ^
conftest.c:134:6: note: 'floorf' is a builtin with type 'float (float)'
1 warning generated.
configure:19981: $? = 0
configure:19981: result: yes
configure:19987: checking for trunc
configure:19987: gcc -o conftest -g -O2 -Iinclude -I/Users/waefrebeorn/Documents/big-mac/third_party/SDL2-2.32.10/include -idirafter /Users/waefrebeorn/Documents/big-mac/third_party/SDL2-2.32.10/src/video/khronos   -Iinclude -I/Users/waefrebeorn/Documents/big-mac/third_party/SDL2-2.32.10/include -idirafter /Users/waefrebeorn/Documents/big-mac/third_party/SDL2-2.32.10/src/video/khronos   conftest.c  -lm >&5
conftest.c:135:6: warning: incompatible redeclaration of library function 'trunc' [-Wincompatible-library-redeclaration]
char trunc ();
     ^
conftest.c:135:6: note: 'trunc' is a builtin with type 'double (double)'
1 warning generated.
configure:19987: $? = 0
configure:19987: result: yes
configure:19993: checking for truncf
configure:19993: gcc -o conftest -g -O2 -Iinclude -I/Users/waefrebeorn/Documents/big-mac/third_party/SDL2-2.32.10/include -idirafter /Users/waefrebeorn/Documents/big-mac/third_party/SDL2-2.32.10/src/video/khronos   -Iinclude -I/Users/waefrebeorn/Documents/big-mac/third_party/SDL2-2.32.10/include -idirafter /Users/waefrebeorn/Documents/big-mac/third_party/SDL2-2.32.10/src/video/khronos   conftest.c  -lm >&5
conftest.c:136:6: warning: incompatible redeclaration of library function 'truncf' [-Wincompatible-library-redeclaration]
char truncf ();
     ^
conftest.c:136:6: note: 'truncf' is a builtin with type 'float (float)'
1 warning generated.
configure:19993: $? = 0
configure:19993: result: yes
configure:19999: checking for fmod
configure:19999: gcc -o conftest -g -O2 -Iinclude -I/Users/waefrebeorn/Documents/big-mac/third_party/SDL2-2.32.10/include -idirafter /Users/waefrebeorn/Documents/big-mac/third_party/SDL2-2.32.10/src/video/khronos   -Iinclude -I/Users/waefrebeorn/Documents/big-mac/third_party/SDL2-2.32.10/include -idirafter /Users/waefrebeorn/Documents/big-mac/third_party/SDL2-2.32.10/src/video/khronos   conftest.c  -lm >&5
conftest.c:137:6: warning: incompatible redeclaration of library function 'fmod' [-Wincompatible-library-redeclaration]
char fmod ();
     ^
conftest.c:137:6: note: 'fmod' is a builtin with type 'double (double, double)'
1 warning generated.
configure:19999: $? = 0
configure:19999: result: yes
configure:20005: checking for fmodf
configure:20005: gcc -o conftest -g -O2 -Iinclude -I/Users/waefrebeorn/Documents/big-mac/third_party/SDL2-2.32.10/include -idirafter /Users/waefrebeorn/Documents/big-mac/third_party/SDL2-2.32.10/src/video/khronos   -Iinclude -I/Users/waefrebeorn/Documents/big-mac/third_party/SDL2-2.32.10/include -idirafter /Users/waefrebeorn/Documents/big-mac/third_party/SDL2-2.32.10/src/video/khronos   conftest.c  -lm >&5
conftest.c:138:6: warning: incompatible redeclaration of library function 'fmodf' [-Wincompatible-library-redeclaration]
char fmodf ();
     ^
conftest.c:138:6: note: 'fmodf' is a builtin with type 'float (float, float)'
1 warning generated.
configure:20005: $? = 0
configure:20005: result: yes
configure:20011: checking for log
configure:20011: gcc -o conftest -g -O2 -Iinclude -I/Users/waefrebeorn/Documents/big-mac/third_party/SDL2-2.32.10/include -idirafter /Users/waefrebeorn/Documents/big-mac/third_party/SDL2-2.32.10/src/video/khronos   -Iinclude -I/Users/waefrebeorn/Documents/big-mac/third_party/SDL2-2.32.10/include -idirafter /Users/waefrebeorn/Documents/big-mac/third_party/SDL2-2.32.10/src/video/khronos   conftest.c  -lm >&5
conftest.c:139:6: warning: incompatible redeclaration of library function 'log' [-Wincompatible-library-redeclaration]
char log ();
     ^
conftest.c:139:6: note: 'log' is a builtin with type 'double (double)'
1 warning generated.
configure:20011: $? = 0
configure:20011: result: yes
configure:20017: checking for logf
configure:20017: gcc -o conftest -g -O2 -Iinclude -I/Users/waefrebeorn/Documents/big-mac/third_party/SDL2-2.32.10/include -idirafter /Users/waefrebeorn/Documents/big-mac/third_party/SDL2-2.32.10/src/video/khronos   -Iinclude -I/Users/waefrebeorn/Documents/big-mac/third_party/SDL2-2.32.10/include -idirafter /Users/waefrebeorn/Documents/big-mac/third_party/SDL2-2.32.10/src/video/khronos   conftest.c  -lm >&5
conftest.c:140:6: warning: incompatible redeclaration of library function 'logf' [-Wincompatible-library-redeclaration]
char logf ();
     ^
conftest.c:140:6: note: 'logf' is a builtin with type 'float (float)'
1 warning generated.
configure:20017: $? = 0
configure:20017: result: yes
configure:20023: checking for log10
configure:20023: gcc -o conftest -g -O2 -Iinclude -I/Users/waefrebeorn/Documents/big-mac/third_party/SDL2-2.32.10/include -idirafter /Users/waefrebeorn/Documents/big-mac/third_party/SDL2-2.32.10/src/video/khronos   -Iinclude -I/Users/waefrebeorn/Documents/big-mac/third_party/SDL2-2.32.10/include -idirafter /Users/waefrebeorn/Documents/big-mac/third_party/SDL2-2.32.10/src/video/khronos   conftest.c  -lm >&5
conftest.c:141:6: warning: incompatible redeclaration of library function 'log10' [-Wincompatible-library-redeclaration]
char log10 ();
     ^
conftest.c:141:6: note: 'log10' is a builtin with type 'double (double)'
1 warning generated.
configure:20023: $? = 0
configure:20023: result: yes
configure:20029: checking for log10f
configure:20029: gcc -o conftest -g -O2 -Iinclude -I/Users/waefrebeorn/Documents/big-mac/third_party/SDL2-2.32.10/include -idirafter /Users/waefrebeorn/Documents/big-mac/third_party/SDL2-2.32.10/src/video/khronos   -Iinclude -I/Users/waefrebeorn/Documents/big-mac/third_party/SDL2-2.32.10/include -idirafter /Users/waefrebeorn/Documents/big-mac/third_party/SDL2-2.32.10/src/video/khronos   conftest.c  -lm >&5
conftest.c:142:6: warning: incompatible redeclaration of library function 'log10f' [-Wincompatible-library-redeclaration]
char log10f ();
     ^
conftest.c:142:6: note: 'log10f' is a builtin with type 'float (float)'
1 warning generated.
configure:20029: $? = 0
configure:20029: result: yes
configure:20035: checking for lround
configure:20035: gcc -o conftest -g -O2 -Iinclude -I/Users/waefrebeorn/Documents/big-mac/third_party/SDL2-2.32.10/include -idirafter /Users/waefrebeorn/Documents/big-mac/third_party/SDL2-2.32.10/src/video/khronos   -Iinclude -I/Users/waefrebeorn/Documents/big-mac/third_party/SDL2-2.32.10/include -idirafter /Users/waefrebeorn/Documents/big-mac/third_party/SDL2-2.32.10/src/video/khronos   conftest.c  -lm >&5
conftest.c:143:6: warning: incompatible redeclaration of library function 'lround' [-Wincompatible-library-redeclaration]
char lround ();
     ^
conftest.c:143:6: note: 'lround' is a builtin with type 'long (double)'
1 warning generated.
configure:20035: $? = 0
configure:20035: result: yes
configure:20041: checking for lroundf
configure:20041: gcc -o conftest -g -O2 -Iinclude -I/Users/waefrebeorn/Documents/big-mac/third_party/SDL2-2.32.10/include -idirafter /Users/waefrebeorn/Documents/big-mac/third_party/SDL2-2.32.10/src/video/khronos   -Iinclude -I/Users/waefrebeorn/Documents/big-mac/third_party/SDL2-2.32.10/include -idirafter /Users/waefrebeorn/Documents/big-mac/third_party/SDL2-2.32.10/src/video/khronos   conftest.c  -lm >&5
conftest.c:144:6: warning: incompatible redeclaration of library function 'lroundf' [-Wincompatible-library-redeclaration]
char lroundf ();
     ^
conftest.c:144:6: note: 'lroundf' is a builtin with type 'long (float)'
1 warning generated.
configure:20041: $? = 0
configure:20041: result: yes
configure:20047: checking for pow
configure:20047: gcc -o conftest -g -O2 -Iinclude -I/Users/waefrebeorn/Documents/big-mac/third_party/SDL2-2.32.10/include -idirafter /Users/waefrebeorn/Documents/big-mac/third_party/SDL2-2.32.10/src/video/khronos   -Iinclude -I/Users/waefrebeorn/Documents/big-mac/third_party/SDL2-2.32.10/include -idirafter /Users/waefrebeorn/Documents/big-mac/third_party/SDL2-2.32.10/src/video/khronos   conftest.c  -lm >&5
conftest.c:145:6: warning: incompatible redeclaration of library function 'pow' [-Wincompatible-library-redeclaration]
char pow ();
     ^
conftest.c:145:6: note: 'pow' is a builtin with type 'double (double, double)'
1 warning generated.
configure:20047: $? = 0
configure:20047: result: yes
configure:20053: checking for powf
configure:20053: gcc -o conftest -g -O2 -Iinclude -I/Users/waefrebeorn/Documents/big-mac/third_party/SDL2-2.32.10/include -idirafter /Users/waefrebeorn/Documents/big-mac/third_party/SDL2-2.32.10/src/video/khronos   -Iinclude -I/Users/waefrebeorn/Documents/big-mac/third_party/SDL2-2.32.10/include -idirafter /Users/waefrebeorn/Documents/big-mac/third_party/SDL2-2.32.10/src/video/khronos   conftest.c  -lm >&5
conftest.c:146:6: warning: incompatible redeclaration of library function 'powf' [-Wincompatible-library-redeclaration]
char powf ();
     ^
conftest.c:146:6: note: 'powf' is a builtin with type 'float (float, float)'
1 warning generated.
configure:20053: $? = 0
configure:20053: result: yes
configure:20059: checking for round
configure:20059: gcc -o conftest -g -O2 -Iinclude -I/Users/waefrebeorn/Documents/big-mac/third_party/SDL2-2.32.10/include -idirafter /Users/waefrebeorn/Documents/big-mac/third_party/SDL2-2.32.10/src/video/khronos   -Iinclude -I/Users/waefrebeorn/Documents/big-mac/third_party/SDL2-2.32.10/include -idirafter /Users/waefrebeorn/Documents/big-mac/third_party/SDL2-2.32.10/src/video/khronos   conftest.c  -lm >&5
conftest.c:147:6: warning: incompatible redeclaration of library function 'round' [-Wincompatible-library-redeclaration]
char round ();
     ^
conftest.c:147:6: note: 'round' is a builtin with type 'double (double)'
1 warning generated.
configure:20059: $? = 0
configure:20059: result: yes
configure:20065: checking for roundf
configure:20065: gcc -o conftest -g -O2 -Iinclude -I/Users/waefrebeorn/Documents/big-mac/third_party/SDL2-2.32.10/include -idirafter /Users/waefrebeorn/Documents/big-mac/third_party/SDL2-2.32.10/src/video/khronos   -Iinclude -I/Users/waefrebeorn/Documents/big-mac/third_party/SDL2-2.32.10/include -idirafter /Users/waefrebeorn/Documents/big-mac/third_party/SDL2-2.32.10/src/video/khronos   conftest.c  -lm >&5
conftest.c:148:6: warning: incompatible redeclaration of library function 'roundf' [-Wincompatible-library-redeclaration]
char roundf ();
     ^
conftest.c:148:6: note: 'roundf' is a builtin with type 'float (float)'
1 warning generated.
configure:20065: $? = 0
configure:20065: result: yes
configure:20071: checking for scalbn
configure:20071: gcc -o conftest -g -O2 -Iinclude -I/Users/waefrebeorn/Documents/big-mac/third_party/SDL2-2.32.10/include -idirafter /Users/waefrebeorn/Documents/big-mac/third_party/SDL2-2.32.10/src/video/khronos   -Iinclude -I/Users/waefrebeorn/Documents/big-mac/third_party/SDL2-2.32.10/include -idirafter /Users/waefrebeorn/Documents/big-mac/third_party/SDL2-2.32.10/src/video/khronos   conftest.c  -lm >&5
conftest.c:149:6: warning: incompatible redeclaration of library function 'scalbn' [-Wincompatible-library-redeclaration]
char scalbn ();
     ^
conftest.c:149:6: note: 'scalbn' is a builtin with type 'double (double, int)'
1 warning generated.
configure:20071: $? = 0
configure:20071: result: yes
configure:20077: checking for scalbnf
configure:20077: gcc -o conftest -g -O2 -Iinclude -I/Users/waefrebeorn/Documents/big-mac/third_party/SDL2-2.32.10/include -idirafter /Users/waefrebeorn/Documents/big-mac/third_party/SDL2-2.32.10/src/video/khronos   -Iinclude -I/Users/waefrebeorn/Documents/big-mac/third_party/SDL2-2.32.10/include -idirafter /Users/waefrebeorn/Documents/big-mac/third_party/SDL2-2.32.10/src/video/khronos   conftest.c  -lm >&5
conftest.c:150:6: warning: incompatible redeclaration of library function 'scalbnf' [-Wincompatible-library-redeclaration]
char scalbnf ();
     ^
conftest.c:150:6: note: 'scalbnf' is a builtin with type 'float (float, int)'
1 warning generated.
configure:20077: $? = 0
configure:20077: result: yes
configure:20083: checking for sin
configure:20083: gcc -o conftest -g -O2 -Iinclude -I/Users/waefrebeorn/Documents/big-mac/third_party/SDL2-2.32.10/include -idirafter /Users/waefrebeorn/Documents/big-mac/third_party/SDL2-2.32.10/src/video/khronos   -Iinclude -I/Users/waefrebeorn/Documents/big-mac/third_party/SDL2-2.32.10/include -idirafter /Users/waefrebeorn/Documents/big-mac/third_party/SDL2-2.32.10/src/video/khronos   conftest.c  -lm >&5
conftest.c:151:6: warning: incompatible redeclaration of library function 'sin' [-Wincompatible-library-redeclaration]
char sin ();
     ^
conftest.c:151:6: note: 'sin' is a builtin with type 'double (double)'
1 warning generated.
configure:20083: $? = 0
configure:20083: result: yes
configure:20089: checking for sinf
configure:20089: gcc -o conftest -g -O2 -Iinclude -I/Users/waefrebeorn/Documents/big-mac/third_party/SDL2-2.32.10/include -idirafter /Users/waefrebeorn/Documents/big-mac/third_party/SDL2-2.32.10/src/video/khronos   -Iinclude -I/Users/waefrebeorn/Documents/big-mac/third_party/SDL2-2.32.10/include -idirafter /Users/waefrebeorn/Documents/big-mac/third_party/SDL2-2.32.10/src/video/khronos   conftest.c  -lm >&5
conftest.c:152:6: warning: incompatible redeclaration of library function 'sinf' [-Wincompatible-library-redeclaration]
char sinf ();
     ^
conftest.c:152:6: note: 'sinf' is a builtin with type 'float (float)'
1 warning generated.
configure:20089: $? = 0
configure:20089: result: yes
configure:20095: checking for sqrt
configure:20095: gcc -o conftest -g -O2 -Iinclude -I/Users/waefrebeorn/Documents/big-mac/third_party/SDL2-2.32.10/include -idirafter /Users/waefrebeorn/Documents/big-mac/third_party/SDL2-2.32.10/src/video/khronos   -Iinclude -I/Users/waefrebeorn/Documents/big-mac/third_party/SDL2-2.32.10/include -idirafter /Users/waefrebeorn/Documents/big-mac/third_party/SDL2-2.32.10/src/video/khronos   conftest.c  -lm >&5
conftest.c:153:6: warning: incompatible redeclaration of library function 'sqrt' [-Wincompatible-library-redeclaration]
char sqrt ();
     ^
conftest.c:153:6: note: 'sqrt' is a builtin with type 'double (double)'
1 warning generated.
configure:20095: $? = 0
configure:20095: result: yes
configure:20101: checking for sqrtf
configure:20101: gcc -o conftest -g -O2 -Iinclude -I/Users/waefrebeorn/Documents/big-mac/third_party/SDL2-2.32.10/include -idirafter /Users/waefrebeorn/Documents/big-mac/third_party/SDL2-2.32.10/src/video/khronos   -Iinclude -I/Users/waefrebeorn/Documents/big-mac/third_party/SDL2-2.32.10/include -idirafter /Users/waefrebeorn/Documents/big-mac/third_party/SDL2-2.32.10/src/video/khronos   conftest.c  -lm >&5
conftest.c:154:6: warning: incompatible redeclaration of library function 'sqrtf' [-Wincompatible-library-redeclaration]
char sqrtf ();
     ^
conftest.c:154:6: note: 'sqrtf' is a builtin with type 'float (float)'
1 warning generated.
configure:20101: $? = 0
configure:20101: result: yes
configure:20107: checking for tan
configure:20107: gcc -o conftest -g -O2 -Iinclude -I/Users/waefrebeorn/Documents/big-mac/third_party/SDL2-2.32.10/include -idirafter /Users/waefrebeorn/Documents/big-mac/third_party/SDL2-2.32.10/src/video/khronos   -Iinclude -I/Users/waefrebeorn/Documents/big-mac/third_party/SDL2-2.32.10/include -idirafter /Users/waefrebeorn/Documents/big-mac/third_party/SDL2-2.32.10/src/video/khronos   conftest.c  -lm >&5
conftest.c:155:6: warning: incompatible redeclaration of library function 'tan' [-Wincompatible-library-redeclaration]
char tan ();
     ^
conftest.c:155:6: note: 'tan' is a builtin with type 'double (double)'
1 warning generated.
configure:20107: $? = 0
configure:20107: result: yes
configure:20113: checking for tanf
configure:20113: gcc -o conftest -g -O2 -Iinclude -I/Users/waefrebeorn/Documents/big-mac/third_party/SDL2-2.32.10/include -idirafter /Users/waefrebeorn/Documents/big-mac/third_party/SDL2-2.32.10/src/video/khronos   -Iinclude -I/Users/waefrebeorn/Documents/big-mac/third_party/SDL2-2.32.10/include -idirafter /Users/waefrebeorn/Documents/big-mac/third_party/SDL2-2.32.10/src/video/khronos   conftest.c  -lm >&5
conftest.c:156:6: warning: incompatible redeclaration of library function 'tanf' [-Wincompatible-library-redeclaration]
char tanf ();
     ^
conftest.c:156:6: note: 'tanf' is a builtin with type 'float (float)'
1 warning generated.
configure:20113: $? = 0
configure:20113: result: yes
configure:20208: checking for struct sigaction.sa_sigaction
configure:20208: gcc -c -g -O2 -Iinclude -I/Users/waefrebeorn/Documents/big-mac/third_party/SDL2-2.32.10/include -idirafter /Users/waefrebeorn/Documents/big-mac/third_party/SDL2-2.32.10/src/video/khronos   -Iinclude -I/Users/waefrebeorn/Documents/big-mac/third_party/SDL2-2.32.10/include -idirafter /Users/waefrebeorn/Documents/big-mac/third_party/SDL2-2.32.10/src/video/khronos  conftest.c >&5
configure:20208: $? = 0
configure:20208: result: yes
configure:20218: checking for libunwind.h
configure:20218: gcc -c -g -O2 -Iinclude -I/Users/waefrebeorn/Documents/big-mac/third_party/SDL2-2.32.10/include -idirafter /Users/waefrebeorn/Documents/big-mac/third_party/SDL2-2.32.10/src/video/khronos   -Iinclude -I/Users/waefrebeorn/Documents/big-mac/third_party/SDL2-2.32.10/include -idirafter /Users/waefrebeorn/Documents/big-mac/third_party/SDL2-2.32.10/src/video/khronos  conftest.c >&5
configure:20218: $? = 0
configure:20218: result: yes
configure:20238: checking for GCC builtin atomic operations
configure:20259: gcc -o conftest -g -O2 -Iinclude -I/Users/waefrebeorn/Documents/big-mac/third_party/SDL2-2.32.10/include -idirafter /Users/waefrebeorn/Documents/big-mac/third_party/SDL2-2.32.10/src/video/khronos   -Iinclude -I/Users/waefrebeorn/Documents/big-mac/third_party/SDL2-2.32.10/include -idirafter /Users/waefrebeorn/Documents/big-mac/third_party/SDL2-2.32.10/src/video/khronos   conftest.c  -lm >&5
configure:20259: $? = 0
configure:20265: result: yes
configure:20656: checking for GCC -mmmx option
configure:20686: gcc -c -g -O2 -Iinclude -I/Users/waefrebeorn/Documents/big-mac/third_party/SDL2-2.32.10/include -idirafter /Users/waefrebeorn/Documents/big-mac/third_party/SDL2-2.32.10/src/video/khronos  -mmmx  -Iinclude -I/Users/waefrebeorn/Documents/big-mac/third_party/SDL2-2.32.10/include -idirafter /Users/waefrebeorn/Documents/big-mac/third_party/SDL2-2.32.10/src/video/khronos  conftest.c >&5
configure:20686: $? = 0
configure:20691: result: yes
configure:20763: checking for GCC -msse option
configure:20793: gcc -c -g -O2 -Iinclude -I/Users/waefrebeorn/Documents/big-mac/third_party/SDL2-2.32.10/include -idirafter /Users/waefrebeorn/Documents/big-mac/third_party/SDL2-2.32.10/src/video/khronos  -msse  -Iinclude -I/Users/waefrebeorn/Documents/big-mac/third_party/SDL2-2.32.10/include -idirafter /Users/waefrebeorn/Documents/big-mac/third_party/SDL2-2.32.10/src/video/khronos  conftest.c >&5
configure:20793: $? = 0
configure:20798: result: yes
configure:20819: checking for GCC -msse2 option
configure:20849: gcc -c -g -O2 -Iinclude -I/Users/waefrebeorn/Documents/big-mac/third_party/SDL2-2.32.10/include -idirafter /Users/waefrebeorn/Documents/big-mac/third_party/SDL2-2.32.10/src/video/khronos  -msse2  -Iinclude -I/Users/waefrebeorn/Documents/big-mac/third_party/SDL2-2.32.10/include -idirafter /Users/waefrebeorn/Documents/big-mac/third_party/SDL2-2.32.10/src/video/khronos  conftest.c >&5
configure:20849: $? = 0
configure:20854: result: yes
configure:20875: checking for GCC -msse3 option
configure:20905: gcc -c -g -O2 -Iinclude -I/Users/waefrebeorn/Documents/big-mac/third_party/SDL2-2.32.10/include -idirafter /Users/waefrebeorn/Documents/big-mac/third_party/SDL2-2.32.10/src/video/khronos  -msse3  -Iinclude -I/Users/waefrebeorn/Documents/big-mac/third_party/SDL2-2.32.10/include -idirafter /Users/waefrebeorn/Documents/big-mac/third_party/SDL2-2.32.10/src/video/khronos  conftest.c >&5
configure:20905: $? = 0
configure:20910: result: yes
configure:20920: checking for immintrin.h
configure:20933: gcc -c -g -O2 -Iinclude -I/Users/waefrebeorn/Documents/big-mac/third_party/SDL2-2.32.10/include -idirafter /Users/waefrebeorn/Documents/big-mac/third_party/SDL2-2.32.10/src/video/khronos   -Iinclude -I/Users/waefrebeorn/Documents/big-mac/third_party/SDL2-2.32.10/include -idirafter /Users/waefrebeorn/Documents/big-mac/third_party/SDL2-2.32.10/src/video/khronos  conftest.c >&5
configure:20933: $? = 0
configure:20940: result: yes
configure:20963: checking for Altivec with GCC altivec.h and -maltivec option
configure:20981: gcc -c -g -O2 -Iinclude -I/Users/waefrebeorn/Documents/big-mac/third_party/SDL2-2.32.10/include -idirafter /Users/waefrebeorn/Documents/big-mac/third_party/SDL2-2.32.10/src/video/khronos  -maltivec  -Iinclude -I/Users/waefrebeorn/Documents/big-mac/third_party/SDL2-2.32.10/include -idirafter /Users/waefrebeorn/Documents/big-mac/third_party/SDL2-2.32.10/src/video/khronos  conftest.c >&5
clang: warning: argument unused during compilation: '-maltivec' [-Wunused-command-line-argument]
In file included from conftest.c:146:
/Library/Developer/CommandLineTools/usr/lib/clang/13.0.0/include/altivec.h:13:2: error: "AltiVec support not enabled"
#error "AltiVec support not enabled"
 ^
/Library/Developer/CommandLineTools/usr/lib/clang/13.0.0/include/altivec.h:48:19: error: unknown type name 'vector'
static __inline__ vector signed char __ATTRS_o_ai vec_perm(
                  ^
/Library/Developer/CommandLineTools/usr/lib/clang/13.0.0/include/altivec.h:49:5: error: unknown type name 'vector'
    vector signed char __a, vector signed char __b, vector unsigned char __c);
    ^
/Library/Developer/CommandLineTools/usr/lib/clang/13.0.0/include/altivec.h:49:29: error: unknown type name 'vector'
    vector signed char __a, vector signed char __b, vector unsigned char __c);
                            ^
/Library/Developer/CommandLineTools/usr/lib/clang/13.0.0/include/altivec.h:49:53: error: unknown type name 'vector'
    vector signed char __a, vector signed char __b, vector unsigned char __c);
                                                    ^
/Library/Developer/CommandLineTools/usr/lib/clang/13.0.0/include/altivec.h:51:19: error: unknown type name 'vector'
static __inline__ vector unsigned char __ATTRS_o_ai
                  ^
/Library/Developer/CommandLineTools/usr/lib/clang/13.0.0/include/altivec.h:52:10: error: unknown type name 'vector'
vec_perm(vector unsigned char __a, vector unsigned char __b,
         ^
/Library/Developer/CommandLineTools/usr/lib/clang/13.0.0/include/altivec.h:52:36: error: unknown type name 'vector'
vec_perm(vector unsigned char __a, vector unsigned char __b,
                                   ^
/Library/Developer/CommandLineTools/usr/lib/clang/13.0.0/include/altivec.h:53:10: error: unknown type name 'vector'
         vector unsigned char __c);
         ^
/Library/Developer/CommandLineTools/usr/lib/clang/13.0.0/include/altivec.h:55:19: error: unknown type name 'vector'
static __inline__ vector bool char __ATTRS_o_ai
                  ^
/Library/Developer/CommandLineTools/usr/lib/clang/13.0.0/include/altivec.h:55:8: error: 'inline' can only appear on functions
static __inline__ vector bool char __ATTRS_o_ai
       ^
/Library/Developer/CommandLineTools/usr/lib/clang/13.0.0/include/altivec.h:55:30: error: expected ';' after top level declarator
static __inline__ vector bool char __ATTRS_o_ai
                             ^
/Library/Developer/CommandLineTools/usr/lib/clang/13.0.0/include/altivec.h:56:10: error: unknown type name 'vector'
vec_perm(vector bool char __a, vector bool char __b, vector unsigned char __c);
         ^
/Library/Developer/CommandLineTools/usr/lib/clang/13.0.0/include/altivec.h:56:22: error: expected ')'
vec_perm(vector bool char __a, vector bool char __b, vector unsigned char __c);
                     ^
/Library/Developer/CommandLineTools/usr/lib/clang/13.0.0/include/altivec.h:56:9: note: to match this '('
vec_perm(vector bool char __a, vector bool char __b, vector unsigned char __c);
        ^
/Library/Developer/CommandLineTools/usr/lib/clang/13.0.0/include/altivec.h:58:19: error: unknown type name 'vector'
static __inline__ vector short __ATTRS_o_ai vec_perm(vector signed short __a,
                  ^
/Library/Developer/CommandLineTools/usr/lib/clang/13.0.0/include/altivec.h:58:54: error: unknown type name 'vector'
static __inline__ vector short __ATTRS_o_ai vec_perm(vector signed short __a,
                                                     ^
/Library/Developer/CommandLineTools/usr/lib/clang/13.0.0/include/altivec.h:59:54: error: unknown type name 'vector'
                                                     vector signed short __b,
                                                     ^
/Library/Developer/CommandLineTools/usr/lib/clang/13.0.0/include/altivec.h:60:54: error: unknown type name 'vector'
                                                     vector unsigned char __c);
                                                     ^
/Library/Developer/CommandLineTools/usr/lib/clang/13.0.0/include/altivec.h:62:19: error: unknown type name 'vector'
static __inline__ vector unsigned short __ATTRS_o_ai
                  ^
fatal error: too many errors emitted, stopping now [-ferror-limit=]
20 errors generated.
configure:20981: $? = 1
configure: failed program was:
| /* confdefs.h */
| #define PACKAGE_NAME ""
| #define PACKAGE_TARNAME ""
| #define PACKAGE_VERSION ""
| #define PACKAGE_STRING ""
| #define PACKAGE_BUGREPORT ""
| #define PACKAGE_URL ""
| #define HAVE_STDIO_H 1
| #define HAVE_STDLIB_H 1
| #define HAVE_STRING_H 1
| #define HAVE_INTTYPES_H 1
| #define HAVE_STDINT_H 1
| #define HAVE_STRINGS_H 1
| #define HAVE_SYS_STAT_H 1
| #define HAVE_SYS_TYPES_H 1
| #define HAVE_UNISTD_H 1
| #define STDC_HEADERS 1
| #define HAVE_DLFCN_H 1
| #define LT_OBJDIR ".libs/"
| #define HAVE_LIBC 1
| #define HAVE_SYS_TYPES_H 1
| #define HAVE_STDIO_H 1
| #define HAVE_STDLIB_H 1
| #define HAVE_STDDEF_H 1
| #define HAVE_STDARG_H 1
| #define HAVE_MEMORY_H 1
| #define HAVE_STRING_H 1
| #define HAVE_STRINGS_H 1
| #define HAVE_WCHAR_H 1
| #define HAVE_INTTYPES_H 1
| #define HAVE_STDINT_H 1
| #define HAVE_LIMITS_H 1
| #define HAVE_CTYPE_H 1
| #define HAVE_MATH_H 1
| #define HAVE_FLOAT_H 1
| #define HAVE_ICONV_H 1
| #define HAVE_SIGNAL_H 1
| #define HAVE_M_PI /**/
| #define HAVE_ALLOCA_H 1
| #define HAVE_ALLOCA 1
| #define HAVE_MPROTECT 1
| #define HAVE_MALLOC 1
| #define HAVE_CALLOC 1
| #define HAVE_REALLOC 1
| #define HAVE_FREE 1
| #define HAVE_GETENV 1
| #define HAVE_SETENV 1
| #define HAVE_PUTENV 1
| #define HAVE_UNSETENV 1
| #define HAVE_BSEARCH 1
| #define HAVE_QSORT 1
| #define HAVE_ABS 1
| #define HAVE_BCOPY 1
| #define HAVE_MEMSET 1
| #define HAVE_MEMCMP 1
| #define HAVE_MEMCPY 1
| #define HAVE_MEMMOVE 1
| #define HAVE_WCSLEN 1
| #define HAVE_WCSLCPY 1
| #define HAVE_WCSLCAT 1
| #define HAVE_WCSDUP 1
| #define HAVE_WCSSTR 1
| #define HAVE_WCSCMP 1
| #define HAVE_WCSNCMP 1
| #define HAVE_WCSCASECMP 1
| #define HAVE_WCSNCASECMP 1
| #define HAVE_STRLEN 1
| #define HAVE_STRLCPY 1
| #define HAVE_STRLCAT 1
| #define HAVE_INDEX 1
| #define HAVE_RINDEX 1
| #define HAVE_STRCHR 1
| #define HAVE_STRRCHR 1
| #define HAVE_STRSTR 1
| #define HAVE_STRTOK_R 1
| #define HAVE_STRTOD 1
| #define HAVE_STRTOL 1
| #define HAVE_STRTOUL 1
| #define HAVE_STRTOLL 1
| #define HAVE_STRTOULL 1
| #define HAVE_ATOI 1
| #define HAVE_ATOF 1
| #define HAVE_STRCMP 1
| #define HAVE_STRNCMP 1
| #define HAVE_STRCASECMP 1
| #define HAVE_STRNCASECMP 1
| #define HAVE_STRCASESTR 1
| #define HAVE_VSSCANF 1
| #define HAVE_VSNPRINTF 1
| #define HAVE_FSEEKO 1
| #define HAVE_SIGACTION 1
| #define HAVE_SETJMP 1
| #define HAVE_NANOSLEEP 1
| #define HAVE_SYSCONF 1
| #define HAVE_SYSCTLBYNAME 1
| #define HAVE_POLL 1
| #define HAVE__EXIT 1
| #define HAVE_ACOS 1
| #define HAVE_ACOSF 1
| #define HAVE_ASIN 1
| #define HAVE_ASINF 1
| #define HAVE_ATAN 1
| #define HAVE_ATANF 1
| #define HAVE_ATAN2 1
| #define HAVE_ATAN2F 1
| #define HAVE_CEIL 1
| #define HAVE_CEILF 1
| #define HAVE_COPYSIGN 1
| #define HAVE_COPYSIGNF 1
| #define HAVE_COS 1
| #define HAVE_COSF 1
| #define HAVE_EXP 1
| #define HAVE_EXPF 1
| #define HAVE_FABS 1
| #define HAVE_FABSF 1
| #define HAVE_FLOOR 1
| #define HAVE_FLOORF 1
| #define HAVE_TRUNC 1
| #define HAVE_TRUNCF 1
| #define HAVE_FMOD 1
| #define HAVE_FMODF 1
| #define HAVE_LOG 1
| #define HAVE_LOGF 1
| #define HAVE_LOG10 1
| #define HAVE_LOG10F 1
| #define HAVE_LROUND 1
| #define HAVE_LROUNDF 1
| #define HAVE_POW 1
| #define HAVE_POWF 1
| #define HAVE_ROUND 1
| #define HAVE_ROUNDF 1
| #define HAVE_SCALBN 1
| #define HAVE_SCALBNF 1
| #define HAVE_SIN 1
| #define HAVE_SINF 1
| #define HAVE_SQRT 1
| #define HAVE_SQRTF 1
| #define HAVE_TAN 1
| #define HAVE_TANF 1
| #define HAVE_SA_SIGACTION 1
| #define HAVE_LIBUNWIND_H 1
| #define HAVE_GCC_ATOMICS 1
| #define HAVE_IMMINTRIN_H 1
| /* end confdefs.h.  */
| 
|         #include <altivec.h>
|         vector unsigned int vzero() {
|             return vec_splat_u32(0);
|         }
| 
| int
| main (void)
| {
| 
|   ;
|   return 0;
| }
configure:20989: result: no
configure:20993: checking for Altivec with GCC -maltivec option
configure:21010: gcc -c -g -O2 -Iinclude -I/Users/waefrebeorn/Documents/big-mac/third_party/SDL2-2.32.10/include -idirafter /Users/waefrebeorn/Documents/big-mac/third_party/SDL2-2.32.10/src/video/khronos  -maltivec  -Iinclude -I/Users/waefrebeorn/Documents/big-mac/third_party/SDL2-2.32.10/include -idirafter /Users/waefrebeorn/Documents/big-mac/third_party/SDL2-2.32.10/src/video/khronos  conftest.c >&5
clang: warning: argument unused during compilation: '-maltivec' [-Wunused-command-line-argument]
conftest.c:146:13: error: unknown type name 'vector'
            vector unsigned int vzero() {
            ^
conftest.c:147:24: error: implicit declaration of function 'vec_splat_u32' is invalid in C99 [-Werror,-Wimplicit-function-declaration]
                return vec_splat_u32(0);
                       ^
2 errors generated.
configure:21010: $? = 1
configure: failed program was:
| /* confdefs.h */
| #define PACKAGE_NAME ""
| #define PACKAGE_TARNAME ""
| #define PACKAGE_VERSION ""
| #define PACKAGE_STRING ""
| #define PACKAGE_BUGREPORT ""
| #define PACKAGE_URL ""
| #define HAVE_STDIO_H 1
| #define HAVE_STDLIB_H 1
| #define HAVE_STRING_H 1
| #define HAVE_INTTYPES_H 1
| #define HAVE_STDINT_H 1
| #define HAVE_STRINGS_H 1
| #define HAVE_SYS_STAT_H 1
| #define HAVE_SYS_TYPES_H 1
| #define HAVE_UNISTD_H 1
| #define STDC_HEADERS 1
| #define HAVE_DLFCN_H 1
| #define LT_OBJDIR ".libs/"
| #define HAVE_LIBC 1
| #define HAVE_SYS_TYPES_H 1
| #define HAVE_STDIO_H 1
| #define HAVE_STDLIB_H 1
| #define HAVE_STDDEF_H 1
| #define HAVE_STDARG_H 1
| #define HAVE_MEMORY_H 1
| #define HAVE_STRING_H 1
| #define HAVE_STRINGS_H 1
| #define HAVE_WCHAR_H 1
| #define HAVE_INTTYPES_H 1
| #define HAVE_STDINT_H 1
| #define HAVE_LIMITS_H 1
| #define HAVE_CTYPE_H 1
| #define HAVE_MATH_H 1
| #define HAVE_FLOAT_H 1
| #define HAVE_ICONV_H 1
| #define HAVE_SIGNAL_H 1
| #define HAVE_M_PI /**/
| #define HAVE_ALLOCA_H 1
| #define HAVE_ALLOCA 1
| #define HAVE_MPROTECT 1
| #define HAVE_MALLOC 1
| #define HAVE_CALLOC 1
| #define HAVE_REALLOC 1
| #define HAVE_FREE 1
| #define HAVE_GETENV 1
| #define HAVE_SETENV 1
| #define HAVE_PUTENV 1
| #define HAVE_UNSETENV 1
| #define HAVE_BSEARCH 1
| #define HAVE_QSORT 1
| #define HAVE_ABS 1
| #define HAVE_BCOPY 1
| #define HAVE_MEMSET 1
| #define HAVE_MEMCMP 1
| #define HAVE_MEMCPY 1
| #define HAVE_MEMMOVE 1
| #define HAVE_WCSLEN 1
| #define HAVE_WCSLCPY 1
| #define HAVE_WCSLCAT 1
| #define HAVE_WCSDUP 1
| #define HAVE_WCSSTR 1
| #define HAVE_WCSCMP 1
| #define HAVE_WCSNCMP 1
| #define HAVE_WCSCASECMP 1
| #define HAVE_WCSNCASECMP 1
| #define HAVE_STRLEN 1
| #define HAVE_STRLCPY 1
| #define HAVE_STRLCAT 1
| #define HAVE_INDEX 1
| #define HAVE_RINDEX 1
| #define HAVE_STRCHR 1
| #define HAVE_STRRCHR 1
| #define HAVE_STRSTR 1
| #define HAVE_STRTOK_R 1
| #define HAVE_STRTOD 1
| #define HAVE_STRTOL 1
| #define HAVE_STRTOUL 1
| #define HAVE_STRTOLL 1
| #define HAVE_STRTOULL 1
| #define HAVE_ATOI 1
| #define HAVE_ATOF 1
| #define HAVE_STRCMP 1
| #define HAVE_STRNCMP 1
| #define HAVE_STRCASECMP 1
| #define HAVE_STRNCASECMP 1
| #define HAVE_STRCASESTR 1
| #define HAVE_VSSCANF 1
| #define HAVE_VSNPRINTF 1
| #define HAVE_FSEEKO 1
| #define HAVE_SIGACTION 1
| #define HAVE_SETJMP 1
| #define HAVE_NANOSLEEP 1
| #define HAVE_SYSCONF 1
| #define HAVE_SYSCTLBYNAME 1
| #define HAVE_POLL 1
| #define HAVE__EXIT 1
| #define HAVE_ACOS 1
| #define HAVE_ACOSF 1
| #define HAVE_ASIN 1
| #define HAVE_ASINF 1
| #define HAVE_ATAN 1
| #define HAVE_ATANF 1
| #define HAVE_ATAN2 1
| #define HAVE_ATAN2F 1
| #define HAVE_CEIL 1
| #define HAVE_CEILF 1
| #define HAVE_COPYSIGN 1
| #define HAVE_COPYSIGNF 1
| #define HAVE_COS 1
| #define HAVE_COSF 1
| #define HAVE_EXP 1
| #define HAVE_EXPF 1
| #define HAVE_FABS 1
| #define HAVE_FABSF 1
| #define HAVE_FLOOR 1
| #define HAVE_FLOORF 1
| #define HAVE_TRUNC 1
| #define HAVE_TRUNCF 1
| #define HAVE_FMOD 1
| #define HAVE_FMODF 1
| #define HAVE_LOG 1
| #define HAVE_LOGF 1
| #define HAVE_LOG10 1
| #define HAVE_LOG10F 1
| #define HAVE_LROUND 1
| #define HAVE_LROUNDF 1
| #define HAVE_POW 1
| #define HAVE_POWF 1
| #define HAVE_ROUND 1
| #define HAVE_ROUNDF 1
| #define HAVE_SCALBN 1
| #define HAVE_SCALBNF 1
| #define HAVE_SIN 1
| #define HAVE_SINF 1
| #define HAVE_SQRT 1
| #define HAVE_SQRTF 1
| #define HAVE_TAN 1
| #define HAVE_TANF 1
| #define HAVE_SA_SIGACTION 1
| #define HAVE_LIBUNWIND_H 1
| #define HAVE_GCC_ATOMICS 1
| #define HAVE_IMMINTRIN_H 1
| /* end confdefs.h.  */
| 
|             vector unsigned int vzero() {
|                 return vec_splat_u32(0);
|             }
| 
| int
| main (void)
| {
| 
|   ;
|   return 0;
| }
configure:21015: result: no
configure:21020: checking for Altivec with GCC altivec.h and -faltivec option
configure:21040: gcc -c -g -O2 -Iinclude -I/Users/waefrebeorn/Documents/big-mac/third_party/SDL2-2.32.10/include -idirafter /Users/waefrebeorn/Documents/big-mac/third_party/SDL2-2.32.10/src/video/khronos  -faltivec  -Iinclude -I/Users/waefrebeorn/Documents/big-mac/third_party/SDL2-2.32.10/include -idirafter /Users/waefrebeorn/Documents/big-mac/third_party/SDL2-2.32.10/src/video/khronos  conftest.c >&5
clang: error: the clang compiler does not support 'faltivec', please use -maltivec and include altivec.h explicitly
configure:21040: $? = 1
configure: failed program was:
| /* confdefs.h */
| #define PACKAGE_NAME ""
| #define PACKAGE_TARNAME ""
| #define PACKAGE_VERSION ""
| #define PACKAGE_STRING ""
| #define PACKAGE_BUGREPORT ""
| #define PACKAGE_URL ""
| #define HAVE_STDIO_H 1
| #define HAVE_STDLIB_H 1
| #define HAVE_STRING_H 1
| #define HAVE_INTTYPES_H 1
| #define HAVE_STDINT_H 1
| #define HAVE_STRINGS_H 1
| #define HAVE_SYS_STAT_H 1
| #define HAVE_SYS_TYPES_H 1
| #define HAVE_UNISTD_H 1
| #define STDC_HEADERS 1
| #define HAVE_DLFCN_H 1
| #define LT_OBJDIR ".libs/"
| #define HAVE_LIBC 1
| #define HAVE_SYS_TYPES_H 1
| #define HAVE_STDIO_H 1
| #define HAVE_STDLIB_H 1
| #define HAVE_STDDEF_H 1
| #define HAVE_STDARG_H 1
| #define HAVE_MEMORY_H 1
| #define HAVE_STRING_H 1
| #define HAVE_STRINGS_H 1
| #define HAVE_WCHAR_H 1
| #define HAVE_INTTYPES_H 1
| #define HAVE_STDINT_H 1
| #define HAVE_LIMITS_H 1
| #define HAVE_CTYPE_H 1
| #define HAVE_MATH_H 1
| #define HAVE_FLOAT_H 1
| #define HAVE_ICONV_H 1
| #define HAVE_SIGNAL_H 1
| #define HAVE_M_PI /**/
| #define HAVE_ALLOCA_H 1
| #define HAVE_ALLOCA 1
| #define HAVE_MPROTECT 1
| #define HAVE_MALLOC 1
| #define HAVE_CALLOC 1
| #define HAVE_REALLOC 1
| #define HAVE_FREE 1
| #define HAVE_GETENV 1
| #define HAVE_SETENV 1
| #define HAVE_PUTENV 1
| #define HAVE_UNSETENV 1
| #define HAVE_BSEARCH 1
| #define HAVE_QSORT 1
| #define HAVE_ABS 1
| #define HAVE_BCOPY 1
| #define HAVE_MEMSET 1
| #define HAVE_MEMCMP 1
| #define HAVE_MEMCPY 1
| #define HAVE_MEMMOVE 1
| #define HAVE_WCSLEN 1
| #define HAVE_WCSLCPY 1
| #define HAVE_WCSLCAT 1
| #define HAVE_WCSDUP 1
| #define HAVE_WCSSTR 1
| #define HAVE_WCSCMP 1
| #define HAVE_WCSNCMP 1
| #define HAVE_WCSCASECMP 1
| #define HAVE_WCSNCASECMP 1
| #define HAVE_STRLEN 1
| #define HAVE_STRLCPY 1
| #define HAVE_STRLCAT 1
| #define HAVE_INDEX 1
| #define HAVE_RINDEX 1
| #define HAVE_STRCHR 1
| #define HAVE_STRRCHR 1
| #define HAVE_STRSTR 1
| #define HAVE_STRTOK_R 1
| #define HAVE_STRTOD 1
| #define HAVE_STRTOL 1
| #define HAVE_STRTOUL 1
| #define HAVE_STRTOLL 1
| #define HAVE_STRTOULL 1
| #define HAVE_ATOI 1
| #define HAVE_ATOF 1
| #define HAVE_STRCMP 1
| #define HAVE_STRNCMP 1
| #define HAVE_STRCASECMP 1
| #define HAVE_STRNCASECMP 1
| #define HAVE_STRCASESTR 1
| #define HAVE_VSSCANF 1
| #define HAVE_VSNPRINTF 1
| #define HAVE_FSEEKO 1
| #define HAVE_SIGACTION 1
| #define HAVE_SETJMP 1
| #define HAVE_NANOSLEEP 1
| #define HAVE_SYSCONF 1
| #define HAVE_SYSCTLBYNAME 1
| #define HAVE_POLL 1
| #define HAVE__EXIT 1
| #define HAVE_ACOS 1
| #define HAVE_ACOSF 1
| #define HAVE_ASIN 1
| #define HAVE_ASINF 1
| #define HAVE_ATAN 1
| #define HAVE_ATANF 1
| #define HAVE_ATAN2 1
| #define HAVE_ATAN2F 1
| #define HAVE_CEIL 1
| #define HAVE_CEILF 1
| #define HAVE_COPYSIGN 1
| #define HAVE_COPYSIGNF 1
| #define HAVE_COS 1
| #define HAVE_COSF 1
| #define HAVE_EXP 1
| #define HAVE_EXPF 1
| #define HAVE_FABS 1
| #define HAVE_FABSF 1
| #define HAVE_FLOOR 1
| #define HAVE_FLOORF 1
| #define HAVE_TRUNC 1
| #define HAVE_TRUNCF 1
| #define HAVE_FMOD 1
| #define HAVE_FMODF 1
| #define HAVE_LOG 1
| #define HAVE_LOGF 1
| #define HAVE_LOG10 1
| #define HAVE_LOG10F 1
| #define HAVE_LROUND 1
| #define HAVE_LROUNDF 1
| #define HAVE_POW 1
| #define HAVE_POWF 1
| #define HAVE_ROUND 1
| #define HAVE_ROUNDF 1
| #define HAVE_SCALBN 1
| #define HAVE_SCALBNF 1
| #define HAVE_SIN 1
| #define HAVE_SINF 1
| #define HAVE_SQRT 1
| #define HAVE_SQRTF 1
| #define HAVE_TAN 1
| #define HAVE_TANF 1
| #define HAVE_SA_SIGACTION 1
| #define HAVE_LIBUNWIND_H 1
| #define HAVE_GCC_ATOMICS 1
| #define HAVE_IMMINTRIN_H 1
| /* end confdefs.h.  */
| 
|             #include <altivec.h>
|             vector unsigned int vzero() {
|                 return vec_splat_u32(0);
|             }
| 
| int
| main (void)
| {
| 
|   ;
|   return 0;
| }
configure:21048: result: no
configure:21053: checking for Altivec with GCC -faltivec option
configure:21070: gcc -c -g -O2 -Iinclude -I/Users/waefrebeorn/Documents/big-mac/third_party/SDL2-2.32.10/include -idirafter /Users/waefrebeorn/Documents/big-mac/third_party/SDL2-2.32.10/src/video/khronos  -faltivec  -Iinclude -I/Users/waefrebeorn/Documents/big-mac/third_party/SDL2-2.32.10/include -idirafter /Users/waefrebeorn/Documents/big-mac/third_party/SDL2-2.32.10/src/video/khronos  conftest.c >&5
clang: error: the clang compiler does not support 'faltivec', please use -maltivec and include altivec.h explicitly
configure:21070: $? = 1
configure: failed program was:
| /* confdefs.h */
| #define PACKAGE_NAME ""
| #define PACKAGE_TARNAME ""
| #define PACKAGE_VERSION ""
| #define PACKAGE_STRING ""
| #define PACKAGE_BUGREPORT ""
| #define PACKAGE_URL ""
| #define HAVE_STDIO_H 1
| #define HAVE_STDLIB_H 1
| #define HAVE_STRING_H 1
| #define HAVE_INTTYPES_H 1
| #define HAVE_STDINT_H 1
| #define HAVE_STRINGS_H 1
| #define HAVE_SYS_STAT_H 1
| #define HAVE_SYS_TYPES_H 1
| #define HAVE_UNISTD_H 1
| #define STDC_HEADERS 1
| #define HAVE_DLFCN_H 1
| #define LT_OBJDIR ".libs/"
| #define HAVE_LIBC 1
| #define HAVE_SYS_TYPES_H 1
| #define HAVE_STDIO_H 1
| #define HAVE_STDLIB_H 1
| #define HAVE_STDDEF_H 1
| #define HAVE_STDARG_H 1
| #define HAVE_MEMORY_H 1
| #define HAVE_STRING_H 1
| #define HAVE_STRINGS_H 1
| #define HAVE_WCHAR_H 1
| #define HAVE_INTTYPES_H 1
| #define HAVE_STDINT_H 1
| #define HAVE_LIMITS_H 1
| #define HAVE_CTYPE_H 1
| #define HAVE_MATH_H 1
| #define HAVE_FLOAT_H 1
| #define HAVE_ICONV_H 1
| #define HAVE_SIGNAL_H 1
| #define HAVE_M_PI /**/
| #define HAVE_ALLOCA_H 1
| #define HAVE_ALLOCA 1
| #define HAVE_MPROTECT 1
| #define HAVE_MALLOC 1
| #define HAVE_CALLOC 1
| #define HAVE_REALLOC 1
| #define HAVE_FREE 1
| #define HAVE_GETENV 1
| #define HAVE_SETENV 1
| #define HAVE_PUTENV 1
| #define HAVE_UNSETENV 1
| #define HAVE_BSEARCH 1
| #define HAVE_QSORT 1
| #define HAVE_ABS 1
| #define HAVE_BCOPY 1
| #define HAVE_MEMSET 1
| #define HAVE_MEMCMP 1
| #define HAVE_MEMCPY 1
| #define HAVE_MEMMOVE 1
| #define HAVE_WCSLEN 1
| #define HAVE_WCSLCPY 1
| #define HAVE_WCSLCAT 1
| #define HAVE_WCSDUP 1
| #define HAVE_WCSSTR 1
| #define HAVE_WCSCMP 1
| #define HAVE_WCSNCMP 1
| #define HAVE_WCSCASECMP 1
| #define HAVE_WCSNCASECMP 1
| #define HAVE_STRLEN 1
| #define HAVE_STRLCPY 1
| #define HAVE_STRLCAT 1
| #define HAVE_INDEX 1
| #define HAVE_RINDEX 1
| #define HAVE_STRCHR 1
| #define HAVE_STRRCHR 1
| #define HAVE_STRSTR 1
| #define HAVE_STRTOK_R 1
| #define HAVE_STRTOD 1
| #define HAVE_STRTOL 1
| #define HAVE_STRTOUL 1
| #define HAVE_STRTOLL 1
| #define HAVE_STRTOULL 1
| #define HAVE_ATOI 1
| #define HAVE_ATOF 1
| #define HAVE_STRCMP 1
| #define HAVE_STRNCMP 1
| #define HAVE_STRCASECMP 1
| #define HAVE_STRNCASECMP 1
| #define HAVE_STRCASESTR 1
| #define HAVE_VSSCANF 1
| #define HAVE_VSNPRINTF 1
| #define HAVE_FSEEKO 1
| #define HAVE_SIGACTION 1
| #define HAVE_SETJMP 1
| #define HAVE_NANOSLEEP 1
| #define HAVE_SYSCONF 1
| #define HAVE_SYSCTLBYNAME 1
| #define HAVE_POLL 1
| #define HAVE__EXIT 1
| #define HAVE_ACOS 1
| #define HAVE_ACOSF 1
| #define HAVE_ASIN 1
| #define HAVE_ASINF 1
| #define HAVE_ATAN 1
| #define HAVE_ATANF 1
| #define HAVE_ATAN2 1
| #define HAVE_ATAN2F 1
| #define HAVE_CEIL 1
| #define HAVE_CEILF 1
| #define HAVE_COPYSIGN 1
| #define HAVE_COPYSIGNF 1
| #define HAVE_COS 1
| #define HAVE_COSF 1
| #define HAVE_EXP 1
| #define HAVE_EXPF 1
| #define HAVE_FABS 1
| #define HAVE_FABSF 1
| #define HAVE_FLOOR 1
| #define HAVE_FLOORF 1
| #define HAVE_TRUNC 1
| #define HAVE_TRUNCF 1
| #define HAVE_FMOD 1
| #define HAVE_FMODF 1
| #define HAVE_LOG 1
| #define HAVE_LOGF 1
| #define HAVE_LOG10 1
| #define HAVE_LOG10F 1
| #define HAVE_LROUND 1
| #define HAVE_LROUNDF 1
| #define HAVE_POW 1
| #define HAVE_POWF 1
| #define HAVE_ROUND 1
| #define HAVE_ROUNDF 1
| #define HAVE_SCALBN 1
| #define HAVE_SCALBNF 1
| #define HAVE_SIN 1
| #define HAVE_SINF 1
| #define HAVE_SQRT 1
| #define HAVE_SQRTF 1
| #define HAVE_TAN 1
| #define HAVE_TANF 1
| #define HAVE_SA_SIGACTION 1
| #define HAVE_LIBUNWIND_H 1
| #define HAVE_GCC_ATOMICS 1
| #define HAVE_IMMINTRIN_H 1
| /* end confdefs.h.  */
| 
|             vector unsigned int vzero() {
|                 return vec_splat_u32(0);
|             }
| 
| int
| main (void)
| {
| 
|   ;
|   return 0;
| }
configure:21075: result: no
configure:21106: checking for GCC -mlsx option
configure:21126: gcc -c -g -O2 -Iinclude -I/Users/waefrebeorn/Documents/big-mac/third_party/SDL2-2.32.10/include -idirafter /Users/waefrebeorn/Documents/big-mac/third_party/SDL2-2.32.10/src/video/khronos  -mlsx  -Iinclude -I/Users/waefrebeorn/Documents/big-mac/third_party/SDL2-2.32.10/include -idirafter /Users/waefrebeorn/Documents/big-mac/third_party/SDL2-2.32.10/src/video/khronos  conftest.c >&5
clang: error: unknown argument '-mlsx'; did you mean '-mvsx'?
configure:21126: $? = 1
configure: failed program was:
| /* confdefs.h */
| #define PACKAGE_NAME ""
| #define PACKAGE_TARNAME ""
| #define PACKAGE_VERSION ""
| #define PACKAGE_STRING ""
| #define PACKAGE_BUGREPORT ""
| #define PACKAGE_URL ""
| #define HAVE_STDIO_H 1
| #define HAVE_STDLIB_H 1
| #define HAVE_STRING_H 1
| #define HAVE_INTTYPES_H 1
| #define HAVE_STDINT_H 1
| #define HAVE_STRINGS_H 1
| #define HAVE_SYS_STAT_H 1
| #define HAVE_SYS_TYPES_H 1
| #define HAVE_UNISTD_H 1
| #define STDC_HEADERS 1
| #define HAVE_DLFCN_H 1
| #define LT_OBJDIR ".libs/"
| #define HAVE_LIBC 1
| #define HAVE_SYS_TYPES_H 1
| #define HAVE_STDIO_H 1
| #define HAVE_STDLIB_H 1
| #define HAVE_STDDEF_H 1
| #define HAVE_STDARG_H 1
| #define HAVE_MEMORY_H 1
| #define HAVE_STRING_H 1
| #define HAVE_STRINGS_H 1
| #define HAVE_WCHAR_H 1
| #define HAVE_INTTYPES_H 1
| #define HAVE_STDINT_H 1
| #define HAVE_LIMITS_H 1
| #define HAVE_CTYPE_H 1
| #define HAVE_MATH_H 1
| #define HAVE_FLOAT_H 1
| #define HAVE_ICONV_H 1
| #define HAVE_SIGNAL_H 1
| #define HAVE_M_PI /**/
| #define HAVE_ALLOCA_H 1
| #define HAVE_ALLOCA 1
| #define HAVE_MPROTECT 1
| #define HAVE_MALLOC 1
| #define HAVE_CALLOC 1
| #define HAVE_REALLOC 1
| #define HAVE_FREE 1
| #define HAVE_GETENV 1
| #define HAVE_SETENV 1
| #define HAVE_PUTENV 1
| #define HAVE_UNSETENV 1
| #define HAVE_BSEARCH 1
| #define HAVE_QSORT 1
| #define HAVE_ABS 1
| #define HAVE_BCOPY 1
| #define HAVE_MEMSET 1
| #define HAVE_MEMCMP 1
| #define HAVE_MEMCPY 1
| #define HAVE_MEMMOVE 1
| #define HAVE_WCSLEN 1
| #define HAVE_WCSLCPY 1
| #define HAVE_WCSLCAT 1
| #define HAVE_WCSDUP 1
| #define HAVE_WCSSTR 1
| #define HAVE_WCSCMP 1
| #define HAVE_WCSNCMP 1
| #define HAVE_WCSCASECMP 1
| #define HAVE_WCSNCASECMP 1
| #define HAVE_STRLEN 1
| #define HAVE_STRLCPY 1
| #define HAVE_STRLCAT 1
| #define HAVE_INDEX 1
| #define HAVE_RINDEX 1
| #define HAVE_STRCHR 1
| #define HAVE_STRRCHR 1
| #define HAVE_STRSTR 1
| #define HAVE_STRTOK_R 1
| #define HAVE_STRTOD 1
| #define HAVE_STRTOL 1
| #define HAVE_STRTOUL 1
| #define HAVE_STRTOLL 1
| #define HAVE_STRTOULL 1
| #define HAVE_ATOI 1
| #define HAVE_ATOF 1
| #define HAVE_STRCMP 1
| #define HAVE_STRNCMP 1
| #define HAVE_STRCASECMP 1
| #define HAVE_STRNCASECMP 1
| #define HAVE_STRCASESTR 1
| #define HAVE_VSSCANF 1
| #define HAVE_VSNPRINTF 1
| #define HAVE_FSEEKO 1
| #define HAVE_SIGACTION 1
| #define HAVE_SETJMP 1
| #define HAVE_NANOSLEEP 1
| #define HAVE_SYSCONF 1
| #define HAVE_SYSCTLBYNAME 1
| #define HAVE_POLL 1
| #define HAVE__EXIT 1
| #define HAVE_ACOS 1
| #define HAVE_ACOSF 1
| #define HAVE_ASIN 1
| #define HAVE_ASINF 1
| #define HAVE_ATAN 1
| #define HAVE_ATANF 1
| #define HAVE_ATAN2 1
| #define HAVE_ATAN2F 1
| #define HAVE_CEIL 1
| #define HAVE_CEILF 1
| #define HAVE_COPYSIGN 1
| #define HAVE_COPYSIGNF 1
| #define HAVE_COS 1
| #define HAVE_COSF 1
| #define HAVE_EXP 1
| #define HAVE_EXPF 1
| #define HAVE_FABS 1
| #define HAVE_FABSF 1
| #define HAVE_FLOOR 1
| #define HAVE_FLOORF 1
| #define HAVE_TRUNC 1
| #define HAVE_TRUNCF 1
| #define HAVE_FMOD 1
| #define HAVE_FMODF 1
| #define HAVE_LOG 1
| #define HAVE_LOGF 1
| #define HAVE_LOG10 1
| #define HAVE_LOG10F 1
| #define HAVE_LROUND 1
| #define HAVE_LROUNDF 1
| #define HAVE_POW 1
| #define HAVE_POWF 1
| #define HAVE_ROUND 1
| #define HAVE_ROUNDF 1
| #define HAVE_SCALBN 1
| #define HAVE_SCALBNF 1
| #define HAVE_SIN 1
| #define HAVE_SINF 1
| #define HAVE_SQRT 1
| #define HAVE_SQRTF 1
| #define HAVE_TAN 1
| #define HAVE_TANF 1
| #define HAVE_SA_SIGACTION 1
| #define HAVE_LIBUNWIND_H 1
| #define HAVE_GCC_ATOMICS 1
| #define HAVE_IMMINTRIN_H 1
| /* end confdefs.h.  */
| 
|     #ifndef __loongarch_sx
|     #error Assembler CPP flag not enabled
|     #endif
| 
| int
| main (void)
| {
| 
|   ;
|   return 0;
| }
configure:21131: result: no
configure:21141: checking for lsxintrin.h
configure:21154: gcc -c -g -O2 -Iinclude -I/Users/waefrebeorn/Documents/big-mac/third_party/SDL2-2.32.10/include -idirafter /Users/waefrebeorn/Documents/big-mac/third_party/SDL2-2.32.10/src/video/khronos   -Iinclude -I/Users/waefrebeorn/Documents/big-mac/third_party/SDL2-2.32.10/include -idirafter /Users/waefrebeorn/Documents/big-mac/third_party/SDL2-2.32.10/src/video/khronos  conftest.c >&5
conftest.c:145:10: fatal error: 'lsxintrin.h' file not found
#include <lsxintrin.h>
         ^~~~~~~~~~~~~
1 error generated.
configure:21154: $? = 1
configure: failed program was:
| /* confdefs.h */
| #define PACKAGE_NAME ""
| #define PACKAGE_TARNAME ""
| #define PACKAGE_VERSION ""
| #define PACKAGE_STRING ""
| #define PACKAGE_BUGREPORT ""
| #define PACKAGE_URL ""
| #define HAVE_STDIO_H 1
| #define HAVE_STDLIB_H 1
| #define HAVE_STRING_H 1
| #define HAVE_INTTYPES_H 1
| #define HAVE_STDINT_H 1
| #define HAVE_STRINGS_H 1
| #define HAVE_SYS_STAT_H 1
| #define HAVE_SYS_TYPES_H 1
| #define HAVE_UNISTD_H 1
| #define STDC_HEADERS 1
| #define HAVE_DLFCN_H 1
| #define LT_OBJDIR ".libs/"
| #define HAVE_LIBC 1
| #define HAVE_SYS_TYPES_H 1
| #define HAVE_STDIO_H 1
| #define HAVE_STDLIB_H 1
| #define HAVE_STDDEF_H 1
| #define HAVE_STDARG_H 1
| #define HAVE_MEMORY_H 1
| #define HAVE_STRING_H 1
| #define HAVE_STRINGS_H 1
| #define HAVE_WCHAR_H 1
| #define HAVE_INTTYPES_H 1
| #define HAVE_STDINT_H 1
| #define HAVE_LIMITS_H 1
| #define HAVE_CTYPE_H 1
| #define HAVE_MATH_H 1
| #define HAVE_FLOAT_H 1
| #define HAVE_ICONV_H 1
| #define HAVE_SIGNAL_H 1
| #define HAVE_M_PI /**/
| #define HAVE_ALLOCA_H 1
| #define HAVE_ALLOCA 1
| #define HAVE_MPROTECT 1
| #define HAVE_MALLOC 1
| #define HAVE_CALLOC 1
| #define HAVE_REALLOC 1
| #define HAVE_FREE 1
| #define HAVE_GETENV 1
| #define HAVE_SETENV 1
| #define HAVE_PUTENV 1
| #define HAVE_UNSETENV 1
| #define HAVE_BSEARCH 1
| #define HAVE_QSORT 1
| #define HAVE_ABS 1
| #define HAVE_BCOPY 1
| #define HAVE_MEMSET 1
| #define HAVE_MEMCMP 1
| #define HAVE_MEMCPY 1
| #define HAVE_MEMMOVE 1
| #define HAVE_WCSLEN 1
| #define HAVE_WCSLCPY 1
| #define HAVE_WCSLCAT 1
| #define HAVE_WCSDUP 1
| #define HAVE_WCSSTR 1
| #define HAVE_WCSCMP 1
| #define HAVE_WCSNCMP 1
| #define HAVE_WCSCASECMP 1
| #define HAVE_WCSNCASECMP 1
| #define HAVE_STRLEN 1
| #define HAVE_STRLCPY 1
| #define HAVE_STRLCAT 1
| #define HAVE_INDEX 1
| #define HAVE_RINDEX 1
| #define HAVE_STRCHR 1
| #define HAVE_STRRCHR 1
| #define HAVE_STRSTR 1
| #define HAVE_STRTOK_R 1
| #define HAVE_STRTOD 1
| #define HAVE_STRTOL 1
| #define HAVE_STRTOUL 1
| #define HAVE_STRTOLL 1
| #define HAVE_STRTOULL 1
| #define HAVE_ATOI 1
| #define HAVE_ATOF 1
| #define HAVE_STRCMP 1
| #define HAVE_STRNCMP 1
| #define HAVE_STRCASECMP 1
| #define HAVE_STRNCASECMP 1
| #define HAVE_STRCASESTR 1
| #define HAVE_VSSCANF 1
| #define HAVE_VSNPRINTF 1
| #define HAVE_FSEEKO 1
| #define HAVE_SIGACTION 1
| #define HAVE_SETJMP 1
| #define HAVE_NANOSLEEP 1
| #define HAVE_SYSCONF 1
| #define HAVE_SYSCTLBYNAME 1
| #define HAVE_POLL 1
| #define HAVE__EXIT 1
| #define HAVE_ACOS 1
| #define HAVE_ACOSF 1
| #define HAVE_ASIN 1
| #define HAVE_ASINF 1
| #define HAVE_ATAN 1
| #define HAVE_ATANF 1
| #define HAVE_ATAN2 1
| #define HAVE_ATAN2F 1
| #define HAVE_CEIL 1
| #define HAVE_CEILF 1
| #define HAVE_COPYSIGN 1
| #define HAVE_COPYSIGNF 1
| #define HAVE_COS 1
| #define HAVE_COSF 1
| #define HAVE_EXP 1
| #define HAVE_EXPF 1
| #define HAVE_FABS 1
| #define HAVE_FABSF 1
| #define HAVE_FLOOR 1
| #define HAVE_FLOORF 1
| #define HAVE_TRUNC 1
| #define HAVE_TRUNCF 1
| #define HAVE_FMOD 1
| #define HAVE_FMODF 1
| #define HAVE_LOG 1
| #define HAVE_LOGF 1
| #define HAVE_LOG10 1
| #define HAVE_LOG10F 1
| #define HAVE_LROUND 1
| #define HAVE_LROUNDF 1
| #define HAVE_POW 1
| #define HAVE_POWF 1
| #define HAVE_ROUND 1
| #define HAVE_ROUNDF 1
| #define HAVE_SCALBN 1
| #define HAVE_SCALBNF 1
| #define HAVE_SIN 1
| #define HAVE_SINF 1
| #define HAVE_SQRT 1
| #define HAVE_SQRTF 1
| #define HAVE_TAN 1
| #define HAVE_TANF 1
| #define HAVE_SA_SIGACTION 1
| #define HAVE_LIBUNWIND_H 1
| #define HAVE_GCC_ATOMICS 1
| #define HAVE_IMMINTRIN_H 1
| /* end confdefs.h.  */
| #include <lsxintrin.h>
| int
| main (void)
| {
| 
|   ;
|   return 0;
| }
configure:21161: result: no
configure:23178: checking for GCC -Wall option
configure:23197: gcc -c -g -O2 -Iinclude -I/Users/waefrebeorn/Documents/big-mac/third_party/SDL2-2.32.10/include -idirafter /Users/waefrebeorn/Documents/big-mac/third_party/SDL2-2.32.10/src/video/khronos  -Wall  -Iinclude -I/Users/waefrebeorn/Documents/big-mac/third_party/SDL2-2.32.10/include -idirafter /Users/waefrebeorn/Documents/big-mac/third_party/SDL2-2.32.10/src/video/khronos  conftest.c >&5
configure:23197: $? = 0
configure:23202: result: yes
configure:23209: checking for necessary GCC -Wno-multichar option
configure:23217: result: no
configure:23227: checking for GCC -Wunused-local-typedefs option
configure:23246: gcc -c -g -O2 -Iinclude -I/Users/waefrebeorn/Documents/big-mac/third_party/SDL2-2.32.10/include -idirafter /Users/waefrebeorn/Documents/big-mac/third_party/SDL2-2.32.10/src/video/khronos  -Wunused-local-typedefs  -Iinclude -I/Users/waefrebeorn/Documents/big-mac/third_party/SDL2-2.32.10/include -idirafter /Users/waefrebeorn/Documents/big-mac/third_party/SDL2-2.32.10/src/video/khronos  conftest.c >&5
configure:23246: $? = 0
configure:23251: result: yes
configure:23028: checking for GCC -fno-strict-aliasing option
configure:23047: gcc -c -g -O2 -Iinclude -I/Users/waefrebeorn/Documents/big-mac/third_party/SDL2-2.32.10/include -idirafter /Users/waefrebeorn/Documents/big-mac/third_party/SDL2-2.32.10/src/video/khronos  -fno-strict-aliasing  -Iinclude -I/Users/waefrebeorn/Documents/big-mac/third_party/SDL2-2.32.10/include -idirafter /Users/waefrebeorn/Documents/big-mac/third_party/SDL2-2.32.10/src/video/khronos  conftest.c >&5
configure:23047: $? = 0
configure:23052: result: yes
configure:22920: checking for clang -fobjc-arc option
configure:22939: gcc -c -g -O2 -Iinclude -I/Users/waefrebeorn/Documents/big-mac/third_party/SDL2-2.32.10/include -idirafter /Users/waefrebeorn/Documents/big-mac/third_party/SDL2-2.32.10/src/video/khronos  -fobjc-arc  -Iinclude -I/Users/waefrebeorn/Documents/big-mac/third_party/SDL2-2.32.10/include -idirafter /Users/waefrebeorn/Documents/big-mac/third_party/SDL2-2.32.10/src/video/khronos  conftest.c >&5
configure:22939: $? = 0
configure:22944: result: yes
configure:22990: checking for GCC -fvisibility=hidden option
configure:23012: gcc -c -g -O2 -Iinclude -I/Users/waefrebeorn/Documents/big-mac/third_party/SDL2-2.32.10/include -idirafter /Users/waefrebeorn/Documents/big-mac/third_party/SDL2-2.32.10/src/video/khronos  -fvisibility=hidden -Werror  -Iinclude -I/Users/waefrebeorn/Documents/big-mac/third_party/SDL2-2.32.10/include -idirafter /Users/waefrebeorn/Documents/big-mac/third_party/SDL2-2.32.10/src/video/khronos  conftest.c >&5
configure:23012: $? = 0
configure:23017: result: yes
configure:23108: checking for GCC -Wno-error=deprecated-declarations option
configure:23127: gcc -c -g -O2 -Iinclude -I/Users/waefrebeorn/Documents/big-mac/third_party/SDL2-2.32.10/include -idirafter /Users/waefrebeorn/Documents/big-mac/third_party/SDL2-2.32.10/src/video/khronos  -Wno-error=deprecated-declarations  -Iinclude -I/Users/waefrebeorn/Documents/big-mac/third_party/SDL2-2.32.10/include -idirafter /Users/waefrebeorn/Documents/big-mac/third_party/SDL2-2.32.10/src/video/khronos  conftest.c >&5
configure:23127: $? = 0
configure:23132: result: 
configure:23143: checking for GCC -Wdeclaration-after-statement option
configure:23162: gcc -c -g -O2 -Iinclude -I/Users/waefrebeorn/Documents/big-mac/third_party/SDL2-2.32.10/include -idirafter /Users/waefrebeorn/Documents/big-mac/third_party/SDL2-2.32.10/src/video/khronos  -Wdeclaration-after-statement -Werror=declaration-after-statement  -Iinclude -I/Users/waefrebeorn/Documents/big-mac/third_party/SDL2-2.32.10/include -idirafter /Users/waefrebeorn/Documents/big-mac/third_party/SDL2-2.32.10/src/video/khronos  conftest.c >&5
configure:23162: $? = 0
configure:23167: result: yes
configure:27829: checking for dlfcn.h
configure:27829: result: yes
configure:27839: checking for dlopen in -lc
configure:27862: gcc -o conftest -g -O2 -Iinclude -I/Users/waefrebeorn/Documents/big-mac/third_party/SDL2-2.32.10/include -idirafter /Users/waefrebeorn/Documents/big-mac/third_party/SDL2-2.32.10/src/video/khronos   -Iinclude -I/Users/waefrebeorn/Documents/big-mac/third_party/SDL2-2.32.10/include -idirafter /Users/waefrebeorn/Documents/big-mac/third_party/SDL2-2.32.10/src/video/khronos   conftest.c -lc   -lm >&5
configure:27862: $? = 0
configure:27872: result: yes
configure:27920: checking for dlopen
configure:27922: result: yes
configure:27941: checking for O_CLOEXEC
configure:27957: gcc -c -g -O2 -Iinclude -I/Users/waefrebeorn/Documents/big-mac/third_party/SDL2-2.32.10/include -idirafter /Users/waefrebeorn/Documents/big-mac/third_party/SDL2-2.32.10/src/video/khronos   -Iinclude -I/Users/waefrebeorn/Documents/big-mac/third_party/SDL2-2.32.10/include -idirafter /Users/waefrebeorn/Documents/big-mac/third_party/SDL2-2.32.10/src/video/khronos  conftest.c >&5
configure:27957: $? = 0
configure:27964: result: yes
configure:25456: checking for Cocoa framework
configure:25472: gcc -c -g -O2 -Iinclude -I/Users/waefrebeorn/Documents/big-mac/third_party/SDL2-2.32.10/include -idirafter /Users/waefrebeorn/Documents/big-mac/third_party/SDL2-2.32.10/src/video/khronos  -x objective-c  -Iinclude -I/Users/waefrebeorn/Documents/big-mac/third_party/SDL2-2.32.10/include -idirafter /Users/waefrebeorn/Documents/big-mac/third_party/SDL2-2.32.10/src/video/khronos  conftest.c >&5
configure:25472: $? = 0
configure:25477: result: yes
configure:25512: checking for Metal framework
configure:25534: gcc -c -g -O2 -Iinclude -I/Users/waefrebeorn/Documents/big-mac/third_party/SDL2-2.32.10/include -idirafter /Users/waefrebeorn/Documents/big-mac/third_party/SDL2-2.32.10/src/video/khronos  -x objective-c  -Iinclude -I/Users/waefrebeorn/Documents/big-mac/third_party/SDL2-2.32.10/include -idirafter /Users/waefrebeorn/Documents/big-mac/third_party/SDL2-2.32.10/src/video/khronos  conftest.c >&5
configure:25534: $? = 0
configure:25540: result: yes
configure:25999: checking for GLX support
configure:26015: gcc -c -g -O2 -Iinclude -I/Users/waefrebeorn/Documents/big-mac/third_party/SDL2-2.32.10/include -idirafter /Users/waefrebeorn/Documents/big-mac/third_party/SDL2-2.32.10/src/video/khronos   -Iinclude -I/Users/waefrebeorn/Documents/big-mac/third_party/SDL2-2.32.10/include -idirafter /Users/waefrebeorn/Documents/big-mac/third_party/SDL2-2.32.10/src/video/khronos  conftest.c >&5
conftest.c:163:19: fatal error: 'GL/glx.h' file not found
         #include <GL/glx.h>
                  ^~~~~~~~~~
1 error generated.
configure:26015: $? = 1
configure: failed program was:
| /* confdefs.h */
| #define PACKAGE_NAME ""
| #define PACKAGE_TARNAME ""
| #define PACKAGE_VERSION ""
| #define PACKAGE_STRING ""
| #define PACKAGE_BUGREPORT ""
| #define PACKAGE_URL ""
| #define HAVE_STDIO_H 1
| #define HAVE_STDLIB_H 1
| #define HAVE_STRING_H 1
| #define HAVE_INTTYPES_H 1
| #define HAVE_STDINT_H 1
| #define HAVE_STRINGS_H 1
| #define HAVE_SYS_STAT_H 1
| #define HAVE_SYS_TYPES_H 1
| #define HAVE_UNISTD_H 1
| #define STDC_HEADERS 1
| #define HAVE_DLFCN_H 1
| #define LT_OBJDIR ".libs/"
| #define HAVE_LIBC 1
| #define HAVE_SYS_TYPES_H 1
| #define HAVE_STDIO_H 1
| #define HAVE_STDLIB_H 1
| #define HAVE_STDDEF_H 1
| #define HAVE_STDARG_H 1
| #define HAVE_MEMORY_H 1
| #define HAVE_STRING_H 1
| #define HAVE_STRINGS_H 1
| #define HAVE_WCHAR_H 1
| #define HAVE_INTTYPES_H 1
| #define HAVE_STDINT_H 1
| #define HAVE_LIMITS_H 1
| #define HAVE_CTYPE_H 1
| #define HAVE_MATH_H 1
| #define HAVE_FLOAT_H 1
| #define HAVE_ICONV_H 1
| #define HAVE_SIGNAL_H 1
| #define HAVE_M_PI /**/
| #define HAVE_ALLOCA_H 1
| #define HAVE_ALLOCA 1
| #define HAVE_MPROTECT 1
| #define HAVE_MALLOC 1
| #define HAVE_CALLOC 1
| #define HAVE_REALLOC 1
| #define HAVE_FREE 1
| #define HAVE_GETENV 1
| #define HAVE_SETENV 1
| #define HAVE_PUTENV 1
| #define HAVE_UNSETENV 1
| #define HAVE_BSEARCH 1
| #define HAVE_QSORT 1
| #define HAVE_ABS 1
| #define HAVE_BCOPY 1
| #define HAVE_MEMSET 1
| #define HAVE_MEMCMP 1
| #define HAVE_MEMCPY 1
| #define HAVE_MEMMOVE 1
| #define HAVE_WCSLEN 1
| #define HAVE_WCSLCPY 1
| #define HAVE_WCSLCAT 1
| #define HAVE_WCSDUP 1
| #define HAVE_WCSSTR 1
| #define HAVE_WCSCMP 1
| #define HAVE_WCSNCMP 1
| #define HAVE_WCSCASECMP 1
| #define HAVE_WCSNCASECMP 1
| #define HAVE_STRLEN 1
| #define HAVE_STRLCPY 1
| #define HAVE_STRLCAT 1
| #define HAVE_INDEX 1
| #define HAVE_RINDEX 1
| #define HAVE_STRCHR 1
| #define HAVE_STRRCHR 1
| #define HAVE_STRSTR 1
| #define HAVE_STRTOK_R 1
| #define HAVE_STRTOD 1
| #define HAVE_STRTOL 1
| #define HAVE_STRTOUL 1
| #define HAVE_STRTOLL 1
| #define HAVE_STRTOULL 1
| #define HAVE_ATOI 1
| #define HAVE_ATOF 1
| #define HAVE_STRCMP 1
| #define HAVE_STRNCMP 1
| #define HAVE_STRCASECMP 1
| #define HAVE_STRNCASECMP 1
| #define HAVE_STRCASESTR 1
| #define HAVE_VSSCANF 1
| #define HAVE_VSNPRINTF 1
| #define HAVE_FSEEKO 1
| #define HAVE_SIGACTION 1
| #define HAVE_SETJMP 1
| #define HAVE_NANOSLEEP 1
| #define HAVE_SYSCONF 1
| #define HAVE_SYSCTLBYNAME 1
| #define HAVE_POLL 1
| #define HAVE__EXIT 1
| #define HAVE_ACOS 1
| #define HAVE_ACOSF 1
| #define HAVE_ASIN 1
| #define HAVE_ASINF 1
| #define HAVE_ATAN 1
| #define HAVE_ATANF 1
| #define HAVE_ATAN2 1
| #define HAVE_ATAN2F 1
| #define HAVE_CEIL 1
| #define HAVE_CEILF 1
| #define HAVE_COPYSIGN 1
| #define HAVE_COPYSIGNF 1
| #define HAVE_COS 1
| #define HAVE_COSF 1
| #define HAVE_EXP 1
| #define HAVE_EXPF 1
| #define HAVE_FABS 1
| #define HAVE_FABSF 1
| #define HAVE_FLOOR 1
| #define HAVE_FLOORF 1
| #define HAVE_TRUNC 1
| #define HAVE_TRUNCF 1
| #define HAVE_FMOD 1
| #define HAVE_FMODF 1
| #define HAVE_LOG 1
| #define HAVE_LOGF 1
| #define HAVE_LOG10 1
| #define HAVE_LOG10F 1
| #define HAVE_LROUND 1
| #define HAVE_LROUNDF 1
| #define HAVE_POW 1
| #define HAVE_POWF 1
| #define HAVE_ROUND 1
| #define HAVE_ROUNDF 1
| #define HAVE_SCALBN 1
| #define HAVE_SCALBNF 1
| #define HAVE_SIN 1
| #define HAVE_SINF 1
| #define HAVE_SQRT 1
| #define HAVE_SQRTF 1
| #define HAVE_TAN 1
| #define HAVE_TANF 1
| #define HAVE_SA_SIGACTION 1
| #define HAVE_LIBUNWIND_H 1
| #define HAVE_GCC_ATOMICS 1
| #define HAVE_IMMINTRIN_H 1
| #define SDL_VIDEO_DRIVER_DUMMY 1
| #define SDL_VIDEO_DRIVER_OFFSCREEN 1
| #define SDL_AUDIO_DRIVER_DISK 1
| #define SDL_AUDIO_DRIVER_DUMMY 1
| #define DYNAPI_NEEDS_DLOPEN 1
| #define HAVE_DLOPEN 1
| #define SDL_LOADSO_DLOPEN 1
| #define HAVE_O_CLOEXEC 1
| #define SDL_VIDEO_DRIVER_COCOA 1
| #define SDL_VIDEO_METAL 1
| #define SDL_VIDEO_RENDER_METAL 1
| #define SDL_VIDEO_OPENGL 1
| #define SDL_VIDEO_OPENGL_CGL 1
| #define SDL_VIDEO_RENDER_OGL 1
| #define SDL_VIDEO_OPENGL_EGL 1
| #define SDL_VIDEO_OPENGL_ES2 1
| #define SDL_VIDEO_RENDER_OGL_ES2 1
| /* end confdefs.h.  */
| 
|          #include <GL/glx.h>
| 
| int
| main (void)
| {
| 
|   ;
|   return 0;
| }
configure:26020: result: no
configure:26100: checking for OpenGL headers
configure:26117: gcc -c -g -O2 -Iinclude -I/Users/waefrebeorn/Documents/big-mac/third_party/SDL2-2.32.10/include -idirafter /Users/waefrebeorn/Documents/big-mac/third_party/SDL2-2.32.10/src/video/khronos   -Iinclude -I/Users/waefrebeorn/Documents/big-mac/third_party/SDL2-2.32.10/include -idirafter /Users/waefrebeorn/Documents/big-mac/third_party/SDL2-2.32.10/src/video/khronos  conftest.c >&5
conftest.c:163:19: fatal error: 'GL/gl.h' file not found
         #include <GL/gl.h>
                  ^~~~~~~~~
1 error generated.
configure:26117: $? = 1
configure: failed program was:
| /* confdefs.h */
| #define PACKAGE_NAME ""
| #define PACKAGE_TARNAME ""
| #define PACKAGE_VERSION ""
| #define PACKAGE_STRING ""
| #define PACKAGE_BUGREPORT ""
| #define PACKAGE_URL ""
| #define HAVE_STDIO_H 1
| #define HAVE_STDLIB_H 1
| #define HAVE_STRING_H 1
| #define HAVE_INTTYPES_H 1
| #define HAVE_STDINT_H 1
| #define HAVE_STRINGS_H 1
| #define HAVE_SYS_STAT_H 1
| #define HAVE_SYS_TYPES_H 1
| #define HAVE_UNISTD_H 1
| #define STDC_HEADERS 1
| #define HAVE_DLFCN_H 1
| #define LT_OBJDIR ".libs/"
| #define HAVE_LIBC 1
| #define HAVE_SYS_TYPES_H 1
| #define HAVE_STDIO_H 1
| #define HAVE_STDLIB_H 1
| #define HAVE_STDDEF_H 1
| #define HAVE_STDARG_H 1
| #define HAVE_MEMORY_H 1
| #define HAVE_STRING_H 1
| #define HAVE_STRINGS_H 1
| #define HAVE_WCHAR_H 1
| #define HAVE_INTTYPES_H 1
| #define HAVE_STDINT_H 1
| #define HAVE_LIMITS_H 1
| #define HAVE_CTYPE_H 1
| #define HAVE_MATH_H 1
| #define HAVE_FLOAT_H 1
| #define HAVE_ICONV_H 1
| #define HAVE_SIGNAL_H 1
| #define HAVE_M_PI /**/
| #define HAVE_ALLOCA_H 1
| #define HAVE_ALLOCA 1
| #define HAVE_MPROTECT 1
| #define HAVE_MALLOC 1
| #define HAVE_CALLOC 1
| #define HAVE_REALLOC 1
| #define HAVE_FREE 1
| #define HAVE_GETENV 1
| #define HAVE_SETENV 1
| #define HAVE_PUTENV 1
| #define HAVE_UNSETENV 1
| #define HAVE_BSEARCH 1
| #define HAVE_QSORT 1
| #define HAVE_ABS 1
| #define HAVE_BCOPY 1
| #define HAVE_MEMSET 1
| #define HAVE_MEMCMP 1
| #define HAVE_MEMCPY 1
| #define HAVE_MEMMOVE 1
| #define HAVE_WCSLEN 1
| #define HAVE_WCSLCPY 1
| #define HAVE_WCSLCAT 1
| #define HAVE_WCSDUP 1
| #define HAVE_WCSSTR 1
| #define HAVE_WCSCMP 1
| #define HAVE_WCSNCMP 1
| #define HAVE_WCSCASECMP 1
| #define HAVE_WCSNCASECMP 1
| #define HAVE_STRLEN 1
| #define HAVE_STRLCPY 1
| #define HAVE_STRLCAT 1
| #define HAVE_INDEX 1
| #define HAVE_RINDEX 1
| #define HAVE_STRCHR 1
| #define HAVE_STRRCHR 1
| #define HAVE_STRSTR 1
| #define HAVE_STRTOK_R 1
| #define HAVE_STRTOD 1
| #define HAVE_STRTOL 1
| #define HAVE_STRTOUL 1
| #define HAVE_STRTOLL 1
| #define HAVE_STRTOULL 1
| #define HAVE_ATOI 1
| #define HAVE_ATOF 1
| #define HAVE_STRCMP 1
| #define HAVE_STRNCMP 1
| #define HAVE_STRCASECMP 1
| #define HAVE_STRNCASECMP 1
| #define HAVE_STRCASESTR 1
| #define HAVE_VSSCANF 1
| #define HAVE_VSNPRINTF 1
| #define HAVE_FSEEKO 1
| #define HAVE_SIGACTION 1
| #define HAVE_SETJMP 1
| #define HAVE_NANOSLEEP 1
| #define HAVE_SYSCONF 1
| #define HAVE_SYSCTLBYNAME 1
| #define HAVE_POLL 1
| #define HAVE__EXIT 1
| #define HAVE_ACOS 1
| #define HAVE_ACOSF 1
| #define HAVE_ASIN 1
| #define HAVE_ASINF 1
| #define HAVE_ATAN 1
| #define HAVE_ATANF 1
| #define HAVE_ATAN2 1
| #define HAVE_ATAN2F 1
| #define HAVE_CEIL 1
| #define HAVE_CEILF 1
| #define HAVE_COPYSIGN 1
| #define HAVE_COPYSIGNF 1
| #define HAVE_COS 1
| #define HAVE_COSF 1
| #define HAVE_EXP 1
| #define HAVE_EXPF 1
| #define HAVE_FABS 1
| #define HAVE_FABSF 1
| #define HAVE_FLOOR 1
| #define HAVE_FLOORF 1
| #define HAVE_TRUNC 1
| #define HAVE_TRUNCF 1
| #define HAVE_FMOD 1
| #define HAVE_FMODF 1
| #define HAVE_LOG 1
| #define HAVE_LOGF 1
| #define HAVE_LOG10 1
| #define HAVE_LOG10F 1
| #define HAVE_LROUND 1
| #define HAVE_LROUNDF 1
| #define HAVE_POW 1
| #define HAVE_POWF 1
| #define HAVE_ROUND 1
| #define HAVE_ROUNDF 1
| #define HAVE_SCALBN 1
| #define HAVE_SCALBNF 1
| #define HAVE_SIN 1
| #define HAVE_SINF 1
| #define HAVE_SQRT 1
| #define HAVE_SQRTF 1
| #define HAVE_TAN 1
| #define HAVE_TANF 1
| #define HAVE_SA_SIGACTION 1
| #define HAVE_LIBUNWIND_H 1
| #define HAVE_GCC_ATOMICS 1
| #define HAVE_IMMINTRIN_H 1
| #define SDL_VIDEO_DRIVER_DUMMY 1
| #define SDL_VIDEO_DRIVER_OFFSCREEN 1
| #define SDL_AUDIO_DRIVER_DISK 1
| #define SDL_AUDIO_DRIVER_DUMMY 1
| #define DYNAPI_NEEDS_DLOPEN 1
| #define HAVE_DLOPEN 1
| #define SDL_LOADSO_DLOPEN 1
| #define HAVE_O_CLOEXEC 1
| #define SDL_VIDEO_DRIVER_COCOA 1
| #define SDL_VIDEO_METAL 1
| #define SDL_VIDEO_RENDER_METAL 1
| #define SDL_VIDEO_OPENGL 1
| #define SDL_VIDEO_OPENGL_CGL 1
| #define SDL_VIDEO_RENDER_OGL 1
| #define SDL_VIDEO_OPENGL_EGL 1
| #define SDL_VIDEO_OPENGL_ES2 1
| #define SDL_VIDEO_RENDER_OGL_ES2 1
| /* end confdefs.h.  */
| 
|          #include <GL/gl.h>
|          #include <GL/glext.h>
| 
| int
| main (void)
| {
| 
|   ;
|   return 0;
| }
configure:26122: result: no
configure:26486: gcc -c -g -O2 -Iinclude -I/Users/waefrebeorn/Documents/big-mac/third_party/SDL2-2.32.10/include -idirafter /Users/waefrebeorn/Documents/big-mac/third_party/SDL2-2.32.10/src/video/khronos  -x objective-c  -Iinclude -I/Users/waefrebeorn/Documents/big-mac/third_party/SDL2-2.32.10/include -idirafter /Users/waefrebeorn/Documents/big-mac/third_party/SDL2-2.32.10/src/video/khronos  conftest.c >&5
configure:26486: $? = 0
configure:27211: checking for pthreads
configure:27230: gcc -o conftest -g -O2 -Iinclude -I/Users/waefrebeorn/Documents/big-mac/third_party/SDL2-2.32.10/include -idirafter /Users/waefrebeorn/Documents/big-mac/third_party/SDL2-2.32.10/src/video/khronos  -D_THREAD_SAFE  -Iinclude -I/Users/waefrebeorn/Documents/big-mac/third_party/SDL2-2.32.10/include -idirafter /Users/waefrebeorn/Documents/big-mac/third_party/SDL2-2.32.10/src/video/khronos   conftest.c  -lm  >&5
configure:27230: $? = 0
configure:27236: result: yes
configure:27256: checking for recursive mutexes
configure:27277: gcc -o conftest -g -O2 -Iinclude -I/Users/waefrebeorn/Documents/big-mac/third_party/SDL2-2.32.10/include -idirafter /Users/waefrebeorn/Documents/big-mac/third_party/SDL2-2.32.10/src/video/khronos  -D_THREAD_SAFE  -Iinclude -I/Users/waefrebeorn/Documents/big-mac/third_party/SDL2-2.32.10/include -idirafter /Users/waefrebeorn/Documents/big-mac/third_party/SDL2-2.32.10/src/video/khronos   conftest.c  -lm  >&5
configure:27277: $? = 0
configure:27319: result: yes
configure:27324: checking for pthread semaphores
configure:27341: gcc -c -g -O2 -Iinclude -I/Users/waefrebeorn/Documents/big-mac/third_party/SDL2-2.32.10/include -idirafter /Users/waefrebeorn/Documents/big-mac/third_party/SDL2-2.32.10/src/video/khronos  -D_THREAD_SAFE  -Iinclude -I/Users/waefrebeorn/Documents/big-mac/third_party/SDL2-2.32.10/include -idirafter /Users/waefrebeorn/Documents/big-mac/third_party/SDL2-2.32.10/src/video/khronos  conftest.c >&5
configure:27341: $? = 0
configure:27346: result: yes
configure:27350: checking for sem_timedwait
configure:27369: gcc -o conftest -g -O2 -Iinclude -I/Users/waefrebeorn/Documents/big-mac/third_party/SDL2-2.32.10/include -idirafter /Users/waefrebeorn/Documents/big-mac/third_party/SDL2-2.32.10/src/video/khronos  -D_THREAD_SAFE  -Iinclude -I/Users/waefrebeorn/Documents/big-mac/third_party/SDL2-2.32.10/include -idirafter /Users/waefrebeorn/Documents/big-mac/third_party/SDL2-2.32.10/src/video/khronos   conftest.c  -lm  >&5
conftest.c:173:19: error: implicit declaration of function 'sem_timedwait' is invalid in C99 [-Werror,-Wimplicit-function-declaration]
                  sem_timedwait(NULL, NULL);
                  ^
conftest.c:173:19: note: did you mean 'sem_trywait'?
/Library/Developer/CommandLineTools/SDKs/MacOSX.sdk/usr/include/sys/semaphore.h:58:5: note: 'sem_trywait' declared here
int sem_trywait(sem_t *);
    ^
1 error generated.
configure:27369: $? = 1
configure: failed program was:
| /* confdefs.h */
| #define PACKAGE_NAME ""
| #define PACKAGE_TARNAME ""
| #define PACKAGE_VERSION ""
| #define PACKAGE_STRING ""
| #define PACKAGE_BUGREPORT ""
| #define PACKAGE_URL ""
| #define HAVE_STDIO_H 1
| #define HAVE_STDLIB_H 1
| #define HAVE_STRING_H 1
| #define HAVE_INTTYPES_H 1
| #define HAVE_STDINT_H 1
| #define HAVE_STRINGS_H 1
| #define HAVE_SYS_STAT_H 1
| #define HAVE_SYS_TYPES_H 1
| #define HAVE_UNISTD_H 1
| #define STDC_HEADERS 1
| #define HAVE_DLFCN_H 1
| #define LT_OBJDIR ".libs/"
| #define HAVE_LIBC 1
| #define HAVE_SYS_TYPES_H 1
| #define HAVE_STDIO_H 1
| #define HAVE_STDLIB_H 1
| #define HAVE_STDDEF_H 1
| #define HAVE_STDARG_H 1
| #define HAVE_MEMORY_H 1
| #define HAVE_STRING_H 1
| #define HAVE_STRINGS_H 1
| #define HAVE_WCHAR_H 1
| #define HAVE_INTTYPES_H 1
| #define HAVE_STDINT_H 1
| #define HAVE_LIMITS_H 1
| #define HAVE_CTYPE_H 1
| #define HAVE_MATH_H 1
| #define HAVE_FLOAT_H 1
| #define HAVE_ICONV_H 1
| #define HAVE_SIGNAL_H 1
| #define HAVE_M_PI /**/
| #define HAVE_ALLOCA_H 1
| #define HAVE_ALLOCA 1
| #define HAVE_MPROTECT 1
| #define HAVE_MALLOC 1
| #define HAVE_CALLOC 1
| #define HAVE_REALLOC 1
| #define HAVE_FREE 1
| #define HAVE_GETENV 1
| #define HAVE_SETENV 1
| #define HAVE_PUTENV 1
| #define HAVE_UNSETENV 1
| #define HAVE_BSEARCH 1
| #define HAVE_QSORT 1
| #define HAVE_ABS 1
| #define HAVE_BCOPY 1
| #define HAVE_MEMSET 1
| #define HAVE_MEMCMP 1
| #define HAVE_MEMCPY 1
| #define HAVE_MEMMOVE 1
| #define HAVE_WCSLEN 1
| #define HAVE_WCSLCPY 1
| #define HAVE_WCSLCAT 1
| #define HAVE_WCSDUP 1
| #define HAVE_WCSSTR 1
| #define HAVE_WCSCMP 1
| #define HAVE_WCSNCMP 1
| #define HAVE_WCSCASECMP 1
| #define HAVE_WCSNCASECMP 1
| #define HAVE_STRLEN 1
| #define HAVE_STRLCPY 1
| #define HAVE_STRLCAT 1
| #define HAVE_INDEX 1
| #define HAVE_RINDEX 1
| #define HAVE_STRCHR 1
| #define HAVE_STRRCHR 1
| #define HAVE_STRSTR 1
| #define HAVE_STRTOK_R 1
| #define HAVE_STRTOD 1
| #define HAVE_STRTOL 1
| #define HAVE_STRTOUL 1
| #define HAVE_STRTOLL 1
| #define HAVE_STRTOULL 1
| #define HAVE_ATOI 1
| #define HAVE_ATOF 1
| #define HAVE_STRCMP 1
| #define HAVE_STRNCMP 1
| #define HAVE_STRCASECMP 1
| #define HAVE_STRNCASECMP 1
| #define HAVE_STRCASESTR 1
| #define HAVE_VSSCANF 1
| #define HAVE_VSNPRINTF 1
| #define HAVE_FSEEKO 1
| #define HAVE_SIGACTION 1
| #define HAVE_SETJMP 1
| #define HAVE_NANOSLEEP 1
| #define HAVE_SYSCONF 1
| #define HAVE_SYSCTLBYNAME 1
| #define HAVE_POLL 1
| #define HAVE__EXIT 1
| #define HAVE_ACOS 1
| #define HAVE_ACOSF 1
| #define HAVE_ASIN 1
| #define HAVE_ASINF 1
| #define HAVE_ATAN 1
| #define HAVE_ATANF 1
| #define HAVE_ATAN2 1
| #define HAVE_ATAN2F 1
| #define HAVE_CEIL 1
| #define HAVE_CEILF 1
| #define HAVE_COPYSIGN 1
| #define HAVE_COPYSIGNF 1
| #define HAVE_COS 1
| #define HAVE_COSF 1
| #define HAVE_EXP 1
| #define HAVE_EXPF 1
| #define HAVE_FABS 1
| #define HAVE_FABSF 1
| #define HAVE_FLOOR 1
| #define HAVE_FLOORF 1
| #define HAVE_TRUNC 1
| #define HAVE_TRUNCF 1
| #define HAVE_FMOD 1
| #define HAVE_FMODF 1
| #define HAVE_LOG 1
| #define HAVE_LOGF 1
| #define HAVE_LOG10 1
| #define HAVE_LOG10F 1
| #define HAVE_LROUND 1
| #define HAVE_LROUNDF 1
| #define HAVE_POW 1
| #define HAVE_POWF 1
| #define HAVE_ROUND 1
| #define HAVE_ROUNDF 1
| #define HAVE_SCALBN 1
| #define HAVE_SCALBNF 1
| #define HAVE_SIN 1
| #define HAVE_SINF 1
| #define HAVE_SQRT 1
| #define HAVE_SQRTF 1
| #define HAVE_TAN 1
| #define HAVE_TANF 1
| #define HAVE_SA_SIGACTION 1
| #define HAVE_LIBUNWIND_H 1
| #define HAVE_GCC_ATOMICS 1
| #define HAVE_IMMINTRIN_H 1
| #define SDL_VIDEO_DRIVER_DUMMY 1
| #define SDL_VIDEO_DRIVER_OFFSCREEN 1
| #define SDL_AUDIO_DRIVER_DISK 1
| #define SDL_AUDIO_DRIVER_DUMMY 1
| #define DYNAPI_NEEDS_DLOPEN 1
| #define HAVE_DLOPEN 1
| #define SDL_LOADSO_DLOPEN 1
| #define HAVE_O_CLOEXEC 1
| #define SDL_VIDEO_DRIVER_COCOA 1
| #define SDL_VIDEO_METAL 1
| #define SDL_VIDEO_RENDER_METAL 1
| #define SDL_VIDEO_OPENGL 1
| #define SDL_VIDEO_OPENGL_CGL 1
| #define SDL_VIDEO_RENDER_OGL 1
| #define SDL_VIDEO_OPENGL_EGL 1
| #define SDL_VIDEO_OPENGL_ES2 1
| #define SDL_VIDEO_RENDER_OGL_ES2 1
| #define SDL_VIDEO_VULKAN 1
| #define SDL_THREAD_PTHREAD 1
| #define SDL_THREAD_PTHREAD_RECURSIVE_MUTEX 1
| /* end confdefs.h.  */
| 
|                   #include <pthread.h>
|                   #include <semaphore.h>
| 
| int
| main (void)
| {
| 
|                   sem_timedwait(NULL, NULL);
| 
|   ;
|   return 0;
| }
configure:27380: result: no
configure:27384: checking for pthread_np.h
configure:27384: gcc -c -g -O2 -Iinclude -I/Users/waefrebeorn/Documents/big-mac/third_party/SDL2-2.32.10/include -idirafter /Users/waefrebeorn/Documents/big-mac/third_party/SDL2-2.32.10/src/video/khronos  -D_THREAD_SAFE  -Iinclude -I/Users/waefrebeorn/Documents/big-mac/third_party/SDL2-2.32.10/include -idirafter /Users/waefrebeorn/Documents/big-mac/third_party/SDL2-2.32.10/src/video/khronos  conftest.c >&5
conftest.c:167:10: fatal error: 'pthread_np.h' file not found
#include <pthread_np.h>
         ^~~~~~~~~~~~~~
1 error generated.
configure:27384: $? = 1
configure: failed program was:
| /* confdefs.h */
| #define PACKAGE_NAME ""
| #define PACKAGE_TARNAME ""
| #define PACKAGE_VERSION ""
| #define PACKAGE_STRING ""
| #define PACKAGE_BUGREPORT ""
| #define PACKAGE_URL ""
| #define HAVE_STDIO_H 1
| #define HAVE_STDLIB_H 1
| #define HAVE_STRING_H 1
| #define HAVE_INTTYPES_H 1
| #define HAVE_STDINT_H 1
| #define HAVE_STRINGS_H 1
| #define HAVE_SYS_STAT_H 1
| #define HAVE_SYS_TYPES_H 1
| #define HAVE_UNISTD_H 1
| #define STDC_HEADERS 1
| #define HAVE_DLFCN_H 1
| #define LT_OBJDIR ".libs/"
| #define HAVE_LIBC 1
| #define HAVE_SYS_TYPES_H 1
| #define HAVE_STDIO_H 1
| #define HAVE_STDLIB_H 1
| #define HAVE_STDDEF_H 1
| #define HAVE_STDARG_H 1
| #define HAVE_MEMORY_H 1
| #define HAVE_STRING_H 1
| #define HAVE_STRINGS_H 1
| #define HAVE_WCHAR_H 1
| #define HAVE_INTTYPES_H 1
| #define HAVE_STDINT_H 1
| #define HAVE_LIMITS_H 1
| #define HAVE_CTYPE_H 1
| #define HAVE_MATH_H 1
| #define HAVE_FLOAT_H 1
| #define HAVE_ICONV_H 1
| #define HAVE_SIGNAL_H 1
| #define HAVE_M_PI /**/
| #define HAVE_ALLOCA_H 1
| #define HAVE_ALLOCA 1
| #define HAVE_MPROTECT 1
| #define HAVE_MALLOC 1
| #define HAVE_CALLOC 1
| #define HAVE_REALLOC 1
| #define HAVE_FREE 1
| #define HAVE_GETENV 1
| #define HAVE_SETENV 1
| #define HAVE_PUTENV 1
| #define HAVE_UNSETENV 1
| #define HAVE_BSEARCH 1
| #define HAVE_QSORT 1
| #define HAVE_ABS 1
| #define HAVE_BCOPY 1
| #define HAVE_MEMSET 1
| #define HAVE_MEMCMP 1
| #define HAVE_MEMCPY 1
| #define HAVE_MEMMOVE 1
| #define HAVE_WCSLEN 1
| #define HAVE_WCSLCPY 1
| #define HAVE_WCSLCAT 1
| #define HAVE_WCSDUP 1
| #define HAVE_WCSSTR 1
| #define HAVE_WCSCMP 1
| #define HAVE_WCSNCMP 1
| #define HAVE_WCSCASECMP 1
| #define HAVE_WCSNCASECMP 1
| #define HAVE_STRLEN 1
| #define HAVE_STRLCPY 1
| #define HAVE_STRLCAT 1
| #define HAVE_INDEX 1
| #define HAVE_RINDEX 1
| #define HAVE_STRCHR 1
| #define HAVE_STRRCHR 1
| #define HAVE_STRSTR 1
| #define HAVE_STRTOK_R 1
| #define HAVE_STRTOD 1
| #define HAVE_STRTOL 1
| #define HAVE_STRTOUL 1
| #define HAVE_STRTOLL 1
| #define HAVE_STRTOULL 1
| #define HAVE_ATOI 1
| #define HAVE_ATOF 1
| #define HAVE_STRCMP 1
| #define HAVE_STRNCMP 1
| #define HAVE_STRCASECMP 1
| #define HAVE_STRNCASECMP 1
| #define HAVE_STRCASESTR 1
| #define HAVE_VSSCANF 1
| #define HAVE_VSNPRINTF 1
| #define HAVE_FSEEKO 1
| #define HAVE_SIGACTION 1
| #define HAVE_SETJMP 1
| #define HAVE_NANOSLEEP 1
| #define HAVE_SYSCONF 1
| #define HAVE_SYSCTLBYNAME 1
| #define HAVE_POLL 1
| #define HAVE__EXIT 1
| #define HAVE_ACOS 1
| #define HAVE_ACOSF 1
| #define HAVE_ASIN 1
| #define HAVE_ASINF 1
| #define HAVE_ATAN 1
| #define HAVE_ATANF 1
| #define HAVE_ATAN2 1
| #define HAVE_ATAN2F 1
| #define HAVE_CEIL 1
| #define HAVE_CEILF 1
| #define HAVE_COPYSIGN 1
| #define HAVE_COPYSIGNF 1
| #define HAVE_COS 1
| #define HAVE_COSF 1
| #define HAVE_EXP 1
| #define HAVE_EXPF 1
| #define HAVE_FABS 1
| #define HAVE_FABSF 1
| #define HAVE_FLOOR 1
| #define HAVE_FLOORF 1
| #define HAVE_TRUNC 1
| #define HAVE_TRUNCF 1
| #define HAVE_FMOD 1
| #define HAVE_FMODF 1
| #define HAVE_LOG 1
| #define HAVE_LOGF 1
| #define HAVE_LOG10 1
| #define HAVE_LOG10F 1
| #define HAVE_LROUND 1
| #define HAVE_LROUNDF 1
| #define HAVE_POW 1
| #define HAVE_POWF 1
| #define HAVE_ROUND 1
| #define HAVE_ROUNDF 1
| #define HAVE_SCALBN 1
| #define HAVE_SCALBNF 1
| #define HAVE_SIN 1
| #define HAVE_SINF 1
| #define HAVE_SQRT 1
| #define HAVE_SQRTF 1
| #define HAVE_TAN 1
| #define HAVE_TANF 1
| #define HAVE_SA_SIGACTION 1
| #define HAVE_LIBUNWIND_H 1
| #define HAVE_GCC_ATOMICS 1
| #define HAVE_IMMINTRIN_H 1
| #define SDL_VIDEO_DRIVER_DUMMY 1
| #define SDL_VIDEO_DRIVER_OFFSCREEN 1
| #define SDL_AUDIO_DRIVER_DISK 1
| #define SDL_AUDIO_DRIVER_DUMMY 1
| #define DYNAPI_NEEDS_DLOPEN 1
| #define HAVE_DLOPEN 1
| #define SDL_LOADSO_DLOPEN 1
| #define HAVE_O_CLOEXEC 1
| #define SDL_VIDEO_DRIVER_COCOA 1
| #define SDL_VIDEO_METAL 1
| #define SDL_VIDEO_RENDER_METAL 1
| #define SDL_VIDEO_OPENGL 1
| #define SDL_VIDEO_OPENGL_CGL 1
| #define SDL_VIDEO_RENDER_OGL 1
| #define SDL_VIDEO_OPENGL_EGL 1
| #define SDL_VIDEO_OPENGL_ES2 1
| #define SDL_VIDEO_RENDER_OGL_ES2 1
| #define SDL_VIDEO_VULKAN 1
| #define SDL_THREAD_PTHREAD 1
| #define SDL_THREAD_PTHREAD_RECURSIVE_MUTEX 1
| /* end confdefs.h.  */
|  #include <pthread.h>
| 
| #include <pthread_np.h>
configure:27384: result: no
configure:27400: checking for pthread_setname_np
configure:27417: gcc -o conftest -g -O2 -Iinclude -I/Users/waefrebeorn/Documents/big-mac/third_party/SDL2-2.32.10/include -idirafter /Users/waefrebeorn/Documents/big-mac/third_party/SDL2-2.32.10/src/video/khronos  -D_THREAD_SAFE  -Iinclude -I/Users/waefrebeorn/Documents/big-mac/third_party/SDL2-2.32.10/include -idirafter /Users/waefrebeorn/Documents/big-mac/third_party/SDL2-2.32.10/src/video/khronos   conftest.c  -lm  >&5
configure:27417: $? = 0
configure:27432: result: yes
configure:27435: checking for pthread_set_name_np
configure:27452: gcc -o conftest -g -O2 -Iinclude -I/Users/waefrebeorn/Documents/big-mac/third_party/SDL2-2.32.10/include -idirafter /Users/waefrebeorn/Documents/big-mac/third_party/SDL2-2.32.10/src/video/khronos  -D_THREAD_SAFE  -Iinclude -I/Users/waefrebeorn/Documents/big-mac/third_party/SDL2-2.32.10/include -idirafter /Users/waefrebeorn/Documents/big-mac/third_party/SDL2-2.32.10/src/video/khronos   conftest.c  -lm  >&5
Undefined symbols for architecture x86_64:
  "_pthread_set_name_np", referenced from:
      _main in conftest-d731f1.o
ld: symbol(s) not found for architecture x86_64
clang: error: linker command failed with exit code 1 (use -v to see invocation)
configure:27452: $? = 1
configure: failed program was:
| /* confdefs.h */
| #define PACKAGE_NAME ""
| #define PACKAGE_TARNAME ""
| #define PACKAGE_VERSION ""
| #define PACKAGE_STRING ""
| #define PACKAGE_BUGREPORT ""
| #define PACKAGE_URL ""
| #define HAVE_STDIO_H 1
| #define HAVE_STDLIB_H 1
| #define HAVE_STRING_H 1
| #define HAVE_INTTYPES_H 1
| #define HAVE_STDINT_H 1
| #define HAVE_STRINGS_H 1
| #define HAVE_SYS_STAT_H 1
| #define HAVE_SYS_TYPES_H 1
| #define HAVE_UNISTD_H 1
| #define STDC_HEADERS 1
| #define HAVE_DLFCN_H 1
| #define LT_OBJDIR ".libs/"
| #define HAVE_LIBC 1
| #define HAVE_SYS_TYPES_H 1
| #define HAVE_STDIO_H 1
| #define HAVE_STDLIB_H 1
| #define HAVE_STDDEF_H 1
| #define HAVE_STDARG_H 1
| #define HAVE_MEMORY_H 1
| #define HAVE_STRING_H 1
| #define HAVE_STRINGS_H 1
| #define HAVE_WCHAR_H 1
| #define HAVE_INTTYPES_H 1
| #define HAVE_STDINT_H 1
| #define HAVE_LIMITS_H 1
| #define HAVE_CTYPE_H 1
| #define HAVE_MATH_H 1
| #define HAVE_FLOAT_H 1
| #define HAVE_ICONV_H 1
| #define HAVE_SIGNAL_H 1
| #define HAVE_M_PI /**/
| #define HAVE_ALLOCA_H 1
| #define HAVE_ALLOCA 1
| #define HAVE_MPROTECT 1
| #define HAVE_MALLOC 1
| #define HAVE_CALLOC 1
| #define HAVE_REALLOC 1
| #define HAVE_FREE 1
| #define HAVE_GETENV 1
| #define HAVE_SETENV 1
| #define HAVE_PUTENV 1
| #define HAVE_UNSETENV 1
| #define HAVE_BSEARCH 1
| #define HAVE_QSORT 1
| #define HAVE_ABS 1
| #define HAVE_BCOPY 1
| #define HAVE_MEMSET 1
| #define HAVE_MEMCMP 1
| #define HAVE_MEMCPY 1
| #define HAVE_MEMMOVE 1
| #define HAVE_WCSLEN 1
| #define HAVE_WCSLCPY 1
| #define HAVE_WCSLCAT 1
| #define HAVE_WCSDUP 1
| #define HAVE_WCSSTR 1
| #define HAVE_WCSCMP 1
| #define HAVE_WCSNCMP 1
| #define HAVE_WCSCASECMP 1
| #define HAVE_WCSNCASECMP 1
| #define HAVE_STRLEN 1
| #define HAVE_STRLCPY 1
| #define HAVE_STRLCAT 1
| #define HAVE_INDEX 1
| #define HAVE_RINDEX 1
| #define HAVE_STRCHR 1
| #define HAVE_STRRCHR 1
| #define HAVE_STRSTR 1
| #define HAVE_STRTOK_R 1
| #define HAVE_STRTOD 1
| #define HAVE_STRTOL 1
| #define HAVE_STRTOUL 1
| #define HAVE_STRTOLL 1
| #define HAVE_STRTOULL 1
| #define HAVE_ATOI 1
| #define HAVE_ATOF 1
| #define HAVE_STRCMP 1
| #define HAVE_STRNCMP 1
| #define HAVE_STRCASECMP 1
| #define HAVE_STRNCASECMP 1
| #define HAVE_STRCASESTR 1
| #define HAVE_VSSCANF 1
| #define HAVE_VSNPRINTF 1
| #define HAVE_FSEEKO 1
| #define HAVE_SIGACTION 1
| #define HAVE_SETJMP 1
| #define HAVE_NANOSLEEP 1
| #define HAVE_SYSCONF 1
| #define HAVE_SYSCTLBYNAME 1
| #define HAVE_POLL 1
| #define HAVE__EXIT 1
| #define HAVE_ACOS 1
| #define HAVE_ACOSF 1
| #define HAVE_ASIN 1
| #define HAVE_ASINF 1
| #define HAVE_ATAN 1
| #define HAVE_ATANF 1
| #define HAVE_ATAN2 1
| #define HAVE_ATAN2F 1
| #define HAVE_CEIL 1
| #define HAVE_CEILF 1
| #define HAVE_COPYSIGN 1
| #define HAVE_COPYSIGNF 1
| #define HAVE_COS 1
| #define HAVE_COSF 1
| #define HAVE_EXP 1
| #define HAVE_EXPF 1
| #define HAVE_FABS 1
| #define HAVE_FABSF 1
| #define HAVE_FLOOR 1
| #define HAVE_FLOORF 1
| #define HAVE_TRUNC 1
| #define HAVE_TRUNCF 1
| #define HAVE_FMOD 1
| #define HAVE_FMODF 1
| #define HAVE_LOG 1
| #define HAVE_LOGF 1
| #define HAVE_LOG10 1
| #define HAVE_LOG10F 1
| #define HAVE_LROUND 1
| #define HAVE_LROUNDF 1
| #define HAVE_POW 1
| #define HAVE_POWF 1
| #define HAVE_ROUND 1
| #define HAVE_ROUNDF 1
| #define HAVE_SCALBN 1
| #define HAVE_SCALBNF 1
| #define HAVE_SIN 1
| #define HAVE_SINF 1
| #define HAVE_SQRT 1
| #define HAVE_SQRTF 1
| #define HAVE_TAN 1
| #define HAVE_TANF 1
| #define HAVE_SA_SIGACTION 1
| #define HAVE_LIBUNWIND_H 1
| #define HAVE_GCC_ATOMICS 1
| #define HAVE_IMMINTRIN_H 1
| #define SDL_VIDEO_DRIVER_DUMMY 1
| #define SDL_VIDEO_DRIVER_OFFSCREEN 1
| #define SDL_AUDIO_DRIVER_DISK 1
| #define SDL_AUDIO_DRIVER_DUMMY 1
| #define DYNAPI_NEEDS_DLOPEN 1
| #define HAVE_DLOPEN 1
| #define SDL_LOADSO_DLOPEN 1
| #define HAVE_O_CLOEXEC 1
| #define SDL_VIDEO_DRIVER_COCOA 1
| #define SDL_VIDEO_METAL 1
| #define SDL_VIDEO_RENDER_METAL 1
| #define SDL_VIDEO_OPENGL 1
| #define SDL_VIDEO_OPENGL_CGL 1
| #define SDL_VIDEO_RENDER_OGL 1
| #define SDL_VIDEO_OPENGL_EGL 1
| #define SDL_VIDEO_OPENGL_ES2 1
| #define SDL_VIDEO_RENDER_OGL_ES2 1
| #define SDL_VIDEO_VULKAN 1
| #define SDL_THREAD_PTHREAD 1
| #define SDL_THREAD_PTHREAD_RECURSIVE_MUTEX 1
| #define HAVE_PTHREAD_SETNAME_NP 1
| /* end confdefs.h.  */
| 
| /* Override any GCC internal prototype to avoid an error.
|    Use char because int might match the return type of a GCC
|    builtin and then its argument prototype would still apply.  */
| char pthread_set_name_np ();
| int
| main (void)
| {
| return pthread_set_name_np ();
|   ;
|   return 0;
| }
configure:27467: result: no
configure:28436: checking for hidapi joystick support
configure:28438: result: yes
configure:27048: checking for GameController framework
configure:27073: gcc -o conftest -g -O2 -Iinclude -I/Users/waefrebeorn/Documents/big-mac/third_party/SDL2-2.32.10/include -idirafter /Users/waefrebeorn/Documents/big-mac/third_party/SDL2-2.32.10/src/video/khronos  -x objective-c -fobjc-weak  -Iinclude -I/Users/waefrebeorn/Documents/big-mac/third_party/SDL2-2.32.10/include -idirafter /Users/waefrebeorn/Documents/big-mac/third_party/SDL2-2.32.10/src/video/khronos   -Wl,-weak_framework,CoreHaptics -Wl,-weak_framework,GameController conftest.c  -lm >&5
configure:27073: $? = 0
configure:27082: result: yes
configure:29775: checking whether to install sdl2-config
configure:29790: result: yes
configure:30352: creating ./config.status

## ---------------------- ##
## Running config.status. ##
## ---------------------- ##

This file was extended by config.status, which was
generated by GNU Autoconf 2.71.  Invocation command line was

  CONFIG_FILES    = 
  CONFIG_HEADERS  = 
  CONFIG_LINKS    = 
  CONFIG_COMMANDS = 
  $ ./config.status 

on Jamess-iMac.local

config.status:1444: creating Makefile
config.status:1444: creating sdl2-config
config.status:1444: creating sdl2-config.cmake
config.status:1444: creating sdl2-config-version.cmake
config.status:1444: creating SDL2.spec
config.status:1444: creating sdl2.pc
config.status:1444: creating include/SDL_config.h
config.status:1618: executing libtool commands
config.status:1618: executing sdl2_config commands
config.status:1618: executing summary commands

## ---------------- ##
## Cache variables. ##
## ---------------- ##

ac_cv_build=x86_64-apple-darwin20.6.0
ac_cv_c_compiler_gnu=yes
ac_cv_c_const=yes
ac_cv_c_inline=inline
ac_cv_c_volatile=yes
ac_cv_cxx_compiler_gnu=yes
ac_cv_define_M_PI=yes
ac_cv_env_CCC_set=
ac_cv_env_CCC_value=
ac_cv_env_CC_set=
ac_cv_env_CC_value=
ac_cv_env_CFLAGS_set=
ac_cv_env_CFLAGS_value=
ac_cv_env_CPPFLAGS_set=
ac_cv_env_CPPFLAGS_value=
ac_cv_env_CPP_set=
ac_cv_env_CPP_value=
ac_cv_env_CXXCPP_set=
ac_cv_env_CXXCPP_value=
ac_cv_env_CXXFLAGS_set=
ac_cv_env_CXXFLAGS_value=
ac_cv_env_CXX_set=
ac_cv_env_CXX_value=
ac_cv_env_DBUS_CFLAGS_set=
ac_cv_env_DBUS_CFLAGS_value=
ac_cv_env_DBUS_LIBS_set=
ac_cv_env_DBUS_LIBS_value=
ac_cv_env_DECOR_CFLAGS_set=
ac_cv_env_DECOR_CFLAGS_value=
ac_cv_env_DECOR_LIBS_set=
ac_cv_env_DECOR_LIBS_value=
ac_cv_env_DIRECTFB_CFLAGS_set=
ac_cv_env_DIRECTFB_CFLAGS_value=
ac_cv_env_DIRECTFB_LIBS_set=
ac_cv_env_DIRECTFB_LIBS_value=
ac_cv_env_ESD_CFLAGS_set=
ac_cv_env_ESD_CFLAGS_value=
ac_cv_env_ESD_LIBS_set=
ac_cv_env_ESD_LIBS_value=
ac_cv_env_FUSIONSOUND_CFLAGS_set=
ac_cv_env_FUSIONSOUND_CFLAGS_value=
ac_cv_env_FUSIONSOUND_LIBS_set=
ac_cv_env_FUSIONSOUND_LIBS_value=
ac_cv_env_IBUS_CFLAGS_set=
ac_cv_env_IBUS_CFLAGS_value=
ac_cv_env_IBUS_LIBS_set=
ac_cv_env_IBUS_LIBS_value=
ac_cv_env_JACK_CFLAGS_set=
ac_cv_env_JACK_CFLAGS_value=
ac_cv_env_JACK_LIBS_set=
ac_cv_env_JACK_LIBS_value=
ac_cv_env_LDFLAGS_set=
ac_cv_env_LDFLAGS_value=
ac_cv_env_LIBDRM_CFLAGS_set=
ac_cv_env_LIBDRM_CFLAGS_value=
ac_cv_env_LIBDRM_LIBS_set=
ac_cv_env_LIBDRM_LIBS_value=
ac_cv_env_LIBGBM_CFLAGS_set=
ac_cv_env_LIBGBM_CFLAGS_value=
ac_cv_env_LIBGBM_LIBS_set=
ac_cv_env_LIBGBM_LIBS_value=
ac_cv_env_LIBS_set=
ac_cv_env_LIBS_value=
ac_cv_env_LIBUSB_CFLAGS_set=
ac_cv_env_LIBUSB_CFLAGS_value=
ac_cv_env_LIBUSB_LIBS_set=
ac_cv_env_LIBUSB_LIBS_value=
ac_cv_env_LT_SYS_LIBRARY_PATH_set=
ac_cv_env_LT_SYS_LIBRARY_PATH_value=
ac_cv_env_PIPEWIRE_CFLAGS_set=
ac_cv_env_PIPEWIRE_CFLAGS_value=
ac_cv_env_PIPEWIRE_LIBS_set=
ac_cv_env_PIPEWIRE_LIBS_value=
ac_cv_env_PKG_CONFIG_LIBDIR_set=
ac_cv_env_PKG_CONFIG_LIBDIR_value=
ac_cv_env_PKG_CONFIG_PATH_set=
ac_cv_env_PKG_CONFIG_PATH_value=
ac_cv_env_PKG_CONFIG_set=
ac_cv_env_PKG_CONFIG_value=
ac_cv_env_PULSEAUDIO_CFLAGS_set=
ac_cv_env_PULSEAUDIO_CFLAGS_value=
ac_cv_env_PULSEAUDIO_LIBS_set=
ac_cv_env_PULSEAUDIO_LIBS_value=
ac_cv_env_RPI_CFLAGS_set=
ac_cv_env_RPI_CFLAGS_value=
ac_cv_env_RPI_EGL_CFLAGS_set=
ac_cv_env_RPI_EGL_CFLAGS_value=
ac_cv_env_RPI_EGL_LIBS_set=
ac_cv_env_RPI_EGL_LIBS_value=
ac_cv_env_RPI_LIBS_set=
ac_cv_env_RPI_LIBS_value=
ac_cv_env_SNDIO_CFLAGS_set=
ac_cv_env_SNDIO_CFLAGS_value=
ac_cv_env_SNDIO_LIBS_set=
ac_cv_env_SNDIO_LIBS_value=
ac_cv_env_XMKMF_set=
ac_cv_env_XMKMF_value=
ac_cv_env_build_alias_set=
ac_cv_env_build_alias_value=
ac_cv_env_host_alias_set=
ac_cv_env_host_alias_value=
ac_cv_env_target_alias_set=
ac_cv_env_target_alias_value=
ac_cv_func__Exit=yes
ac_cv_func__i64toa=no
ac_cv_func__ltoa=no
ac_cv_func__stricmp=no
ac_cv_func__strlwr=no
ac_cv_func__strnicmp=no
ac_cv_func__strrev=no
ac_cv_func__strupr=no
ac_cv_func__ui64toa=no
ac_cv_func__uitoa=no
ac_cv_func__ultoa=no
ac_cv_func__wcsdup=no
ac_cv_func__wcsicmp=no
ac_cv_func__wcsnicmp=no
ac_cv_func_abs=yes
ac_cv_func_acos=yes
ac_cv_func_acosf=yes
ac_cv_func_alloca_works=yes
ac_cv_func_asin=yes
ac_cv_func_asinf=yes
ac_cv_func_atan2=yes
ac_cv_func_atan2f=yes
ac_cv_func_atan=yes
ac_cv_func_atanf=yes
ac_cv_func_atof=yes
ac_cv_func_atoi=yes
ac_cv_func_bcopy=yes
ac_cv_func_bsearch=yes
ac_cv_func_calloc=yes
ac_cv_func_ceil=yes
ac_cv_func_ceilf=yes
ac_cv_func_copysign=yes
ac_cv_func_copysignf=yes
ac_cv_func_cos=yes
ac_cv_func_cosf=yes
ac_cv_func_elf_aux_info=no
ac_cv_func_exp=yes
ac_cv_func_expf=yes
ac_cv_func_fabs=yes
ac_cv_func_fabsf=yes
ac_cv_func_floor=yes
ac_cv_func_floorf=yes
ac_cv_func_fmod=yes
ac_cv_func_fmodf=yes
ac_cv_func_fopen64=no
ac_cv_func_free=yes
ac_cv_func_fseeko64=no
ac_cv_func_fseeko=yes
ac_cv_func_getauxval=no
ac_cv_func_getenv=yes
ac_cv_func_index=yes
ac_cv_func_itoa=no
ac_cv_func_log10=yes
ac_cv_func_log10f=yes
ac_cv_func_log=yes
ac_cv_func_logf=yes
ac_cv_func_lround=yes
ac_cv_func_lroundf=yes
ac_cv_func_malloc=yes
ac_cv_func_memcmp=yes
ac_cv_func_memcpy=yes
ac_cv_func_memfd_create=no
ac_cv_func_memmove=yes
ac_cv_func_memset=yes
ac_cv_func_mprotect=yes
ac_cv_func_nanosleep=yes
ac_cv_func_poll=yes
ac_cv_func_posix_fallocate=no
ac_cv_func_pow=yes
ac_cv_func_powf=yes
ac_cv_func_putenv=yes
ac_cv_func_qsort=yes
ac_cv_func_realloc=yes
ac_cv_func_rindex=yes
ac_cv_func_round=yes
ac_cv_func_roundf=yes
ac_cv_func_scalbn=yes
ac_cv_func_scalbnf=yes
ac_cv_func_setenv=yes
ac_cv_func_setjmp=yes
ac_cv_func_sigaction=yes
ac_cv_func_sigtimedwait=no
ac_cv_func_sin=yes
ac_cv_func_sinf=yes
ac_cv_func_sqrt=yes
ac_cv_func_sqrtf=yes
ac_cv_func_strcasecmp=yes
ac_cv_func_strcasestr=yes
ac_cv_func_strchr=yes
ac_cv_func_strcmp=yes
ac_cv_func_strlcat=yes
ac_cv_func_strlcpy=yes
ac_cv_func_strlen=yes
ac_cv_func_strncasecmp=yes
ac_cv_func_strncmp=yes
ac_cv_func_strrchr=yes
ac_cv_func_strstr=yes
ac_cv_func_strtod=yes
ac_cv_func_strtok_r=yes
ac_cv_func_strtol=yes
ac_cv_func_strtoll=yes
ac_cv_func_strtoul=yes
ac_cv_func_strtoull=yes
ac_cv_func_sysconf=yes
ac_cv_func_sysctlbyname=yes
ac_cv_func_tan=yes
ac_cv_func_tanf=yes
ac_cv_func_trunc=yes
ac_cv_func_truncf=yes
ac_cv_func_unsetenv=yes
ac_cv_func_vsnprintf=yes
ac_cv_func_vsscanf=yes
ac_cv_func_wcscasecmp=yes
ac_cv_func_wcscmp=yes
ac_cv_func_wcsdup=yes
ac_cv_func_wcslcat=yes
ac_cv_func_wcslcpy=yes
ac_cv_func_wcslen=yes
ac_cv_func_wcsncasecmp=yes
ac_cv_func_wcsncmp=yes
ac_cv_func_wcsstr=yes
ac_cv_header_ctype_h=yes
ac_cv_header_dlfcn_h=yes
ac_cv_header_float_h=yes
ac_cv_header_iconv_h=yes
ac_cv_header_inttypes_h=yes
ac_cv_header_libunwind_h=yes
ac_cv_header_limits_h=yes
ac_cv_header_malloc_h=no
ac_cv_header_math_h=yes
ac_cv_header_memory_h=yes
ac_cv_header_pthread_np_h=no
ac_cv_header_signal_h=yes
ac_cv_header_stdarg_h=yes
ac_cv_header_stddef_h=yes
ac_cv_header_stdint_h=yes
ac_cv_header_stdio_h=yes
ac_cv_header_stdlib_h=yes
ac_cv_header_string_h=yes
ac_cv_header_strings_h=yes
ac_cv_header_sys_stat_h=yes
ac_cv_header_sys_types_h=yes
ac_cv_header_unistd_h=yes
ac_cv_header_wchar_h=yes
ac_cv_host=x86_64-apple-darwin20.6.0
ac_cv_lib_c_dlopen=yes
ac_cv_lib_m_pow=yes
ac_cv_member_struct_sigaction_sa_sigaction=yes
ac_cv_objext=o
ac_cv_path_EGREP='/usr/bin/grep -E'
ac_cv_path_FGREP='/usr/bin/grep -F'
ac_cv_path_GREP=/usr/bin/grep
ac_cv_path_SED=/usr/bin/sed
ac_cv_path_install='/usr/bin/install -c'
ac_cv_path_lt_DD=/bin/dd
ac_cv_prog_AWK=awk
ac_cv_prog_CPP='gcc -E'
ac_cv_prog_CXXCPP='g++ -E'
ac_cv_prog_SORT=sort
ac_cv_prog_ac_ct_AR=ar
ac_cv_prog_ac_ct_CC=gcc
ac_cv_prog_ac_ct_CXX=g++
ac_cv_prog_ac_ct_DSYMUTIL=dsymutil
ac_cv_prog_ac_ct_LIPO=lipo
ac_cv_prog_ac_ct_NMEDIT=nmedit
ac_cv_prog_ac_ct_OBJDUMP=objdump
ac_cv_prog_ac_ct_OTOOL=otool
ac_cv_prog_ac_ct_RANLIB=ranlib
ac_cv_prog_ac_ct_STRIP=strip
ac_cv_prog_cc_c11=
ac_cv_prog_cc_g=yes
ac_cv_prog_cc_stdc=
ac_cv_prog_cxx_11=no
ac_cv_prog_cxx_g=yes
ac_cv_prog_cxx_stdcxx=
ac_cv_prog_make_make_set=yes
ac_cv_sys_file_offset_bits=no
ac_cv_sys_largefile_CC=no
ac_cv_type_size_t=yes
ac_cv_working_alloca_h=yes
lt_cv_apple_cc_single_mod=yes
lt_cv_ar_at_file=no
lt_cv_deplibs_check_method=pass_all
lt_cv_file_magic_cmd='$MAGIC_CMD'
lt_cv_file_magic_test_file=
lt_cv_ld_exported_symbols_list=yes
lt_cv_ld_force_load=yes
lt_cv_ld_reload_flag=-r
lt_cv_nm_interface='BSD nm'
lt_cv_objdir=.libs
lt_cv_path_LD=/Library/Developer/CommandLineTools/usr/bin/ld
lt_cv_path_LDCXX=/Library/Developer/CommandLineTools/usr/bin/ld
lt_cv_path_NM='/usr/bin/nm -B'
lt_cv_path_mainfest_tool=no
lt_cv_prog_compiler_c_o=yes
lt_cv_prog_compiler_c_o_CXX=yes
lt_cv_prog_compiler_c_o_RC=yes
lt_cv_prog_compiler_pic='-fno-common -DPIC'
lt_cv_prog_compiler_pic_CXX='-fno-common -DPIC'
lt_cv_prog_compiler_pic_works=yes
lt_cv_prog_compiler_pic_works_CXX=yes
lt_cv_prog_compiler_rtti_exceptions=yes
lt_cv_prog_compiler_static_works=no
lt_cv_prog_compiler_static_works_CXX=no
lt_cv_prog_gnu_ld=no
lt_cv_prog_gnu_ldcxx=no
lt_cv_sharedlib_from_linklib_cmd='printf %s\n'
lt_cv_support_no_fixup_chains=yes
lt_cv_sys_global_symbol_pipe='sed -n -e '\''s/^.*[	 ]\([BCDEGRST][BCDEGRST]*\)[	 ][	 ]*_\([_A-Za-z][_A-Za-z0-9]*\)$/\1 _\2 \2/p'\'' | sed '\''/ __gnu_lto/d'\'''
lt_cv_sys_global_symbol_to_c_name_address='sed -n -e '\''s/^: \(.*\) .*$/  {"\1", (void *) 0},/p'\'' -e '\''s/^[BCDEGRST][BCDEGRST]* .* \(.*\)$/  {"\1", (void *) \&\1},/p'\'''
lt_cv_sys_global_symbol_to_c_name_address_lib_prefix='sed -n -e '\''s/^: \(.*\) .*$/  {"\1", (void *) 0},/p'\'' -e '\''s/^[BCDEGRST][BCDEGRST]* .* \(lib.*\)$/  {"\1", (void *) \&\1},/p'\'' -e '\''s/^[BCDEGRST][BCDEGRST]* .* \(.*\)$/  {"lib\1", (void *) \&\1},/p'\'''
lt_cv_sys_global_symbol_to_cdecl='sed -n -e '\''s/^T .* \(.*\)$/extern int \1();/p'\'' -e '\''s/^[BCDEGRST][BCDEGRST]* .* \(.*\)$/extern char \1;/p'\'''
lt_cv_sys_global_symbol_to_import=
lt_cv_sys_max_cmd_len=786432
lt_cv_to_host_file_cmd=func_convert_file_noop
lt_cv_to_tool_file_cmd=func_convert_file_noop
lt_cv_truncate_bin='/bin/dd bs=4096 count=1'

## ----------------- ##
## Output variables. ##
## ----------------- ##

ALLOCA=''
ALSA_CFLAGS=''
ALSA_LIBS=''
AR='ar'
ARTSCONFIG=''
AS='as'
AWK='awk'
BUILD_CFLAGS='-g -O3 -DUSING_GENERATED_CONFIG_H'
BUILD_LDFLAGS=''
CC='gcc'
CFLAGS='-g -O2 -Iinclude -I/Users/waefrebeorn/Documents/big-mac/third_party/SDL2-2.32.10/include -idirafter /Users/waefrebeorn/Documents/big-mac/third_party/SDL2-2.32.10/src/video/khronos '
CPP='gcc -E'
CPPFLAGS=' -Iinclude -I/Users/waefrebeorn/Documents/big-mac/third_party/SDL2-2.32.10/include -idirafter /Users/waefrebeorn/Documents/big-mac/third_party/SDL2-2.32.10/src/video/khronos '
CXX='g++'
CXXCPP='g++ -E'
CXXFLAGS='-g -O2'
DBUS_CFLAGS=''
DBUS_LIBS=''
DECOR_CFLAGS=''
DECOR_LIBS=''
DEFS='-DHAVE_CONFIG_H'
DIRECTFB_CFLAGS=''
DIRECTFB_LIBS=''
DLLTOOL='false'
DSYMUTIL='dsymutil'
DUMPBIN=''
ECHO_C='\c'
ECHO_N=''
ECHO_T=''
EGREP='/usr/bin/grep -E'
ENABLE_SHARED_FALSE=''
ENABLE_SHARED_TRUE='#'
ENABLE_STATIC_FALSE='#'
ENABLE_STATIC_TRUE=''
ESD_CFLAGS=''
ESD_CONFIG=''
ESD_LIBS=''
EXEEXT=''
EXTRA_CFLAGS='-Iinclude -I/Users/waefrebeorn/Documents/big-mac/third_party/SDL2-2.32.10/include -idirafter /Users/waefrebeorn/Documents/big-mac/third_party/SDL2-2.32.10/src/video/khronos  -DSDL_BUILD_MAJOR_VERSION=2 -DSDL_BUILD_MINOR_VERSION=32 -DSDL_BUILD_MICRO_VERSION=10 -mmmx -msse -msse2 -msse3 -Wall -Wno-unused-local-typedefs -fno-strict-aliasing -DTARGET_API_MAC_CARBON -DTARGET_API_MAC_OSX -fobjc-arc -fvisibility=hidden -Wno-error=deprecated-declarations -Wdeclaration-after-statement -Werror=declaration-after-statement -DMESA_EGL_NO_X11_HEADERS -DEGL_NO_X11 -D_THREAD_SAFE -fobjc-weak -Wno-unused-command-line-argument'
EXTRA_LDFLAGS=' -lm  -Wl,-framework,CoreAudio -Wl,-framework,AudioToolbox -Wl,-weak_framework,CoreHaptics -Wl,-weak_framework,GameController -Wl,-framework,ForceFeedback -lobjc -Wl,-framework,CoreVideo -Wl,-framework,Cocoa -Wl,-framework,Carbon -Wl,-framework,IOKit -Wl,-weak_framework,QuartzCore -Wl,-weak_framework,Metal'
FGREP='/usr/bin/grep -F'
FUSIONSOUND_CFLAGS=''
FUSIONSOUND_LIBS=''
GEN_HEADERS=''
GEN_OBJECTS=''
GREP='/usr/bin/grep'
IBUS_CFLAGS=''
IBUS_LIBS=''
INCLUDE='-Iinclude -I/Users/waefrebeorn/Documents/big-mac/third_party/SDL2-2.32.10/include -idirafter /Users/waefrebeorn/Documents/big-mac/third_party/SDL2-2.32.10/src/video/khronos'
INSTALL_DATA='${INSTALL} -m 644'
INSTALL_PROGRAM='${INSTALL}'
INSTALL_SCRIPT='${INSTALL}'
INSTALL_SDL2_CONFIG='TRUE'
JACK_CFLAGS=''
JACK_LIBS=''
LD='/Library/Developer/CommandLineTools/usr/bin/ld'
LDFLAGS=''
LIBDRM_CFLAGS=''
LIBDRM_LIBS=''
LIBGBM_CFLAGS=''
LIBGBM_LIBS=''
LIBOBJS=''
LIBS=' -lm'
LIBTOOL='$(SHELL) $(top_builddir)/libtool'
LIBTOOLLINKERTAG='CC'
LIBUSB_CFLAGS=''
LIBUSB_LIBS=''
LINKER='$(CC)'
LIPO='lipo'
LN_S='ln -s'
LTLIBOBJS=''
LT_AGE='3200'
LT_CURRENT='3200'
LT_RELEASE='2.0'
LT_REVISION='10'
LT_SYS_LIBRARY_PATH=''
MANIFEST_TOOL=':'
NM='/usr/bin/nm -B'
NMEDIT='nmedit'
OBJDUMP='objdump'
OBJECTS='$(objects)/SDL.lo $(objects)/SDL_assert.lo $(objects)/SDL_dataqueue.lo $(objects)/SDL_error.lo $(objects)/SDL_guid.lo $(objects)/SDL_hints.lo $(objects)/SDL_list.lo $(objects)/SDL_log.lo $(objects)/SDL_utils.lo $(objects)/SDL_atomic.lo $(objects)/SDL_spinlock.lo $(objects)/SDL_audio.lo $(objects)/SDL_audiocvt.lo $(objects)/SDL_audiodev.lo $(objects)/SDL_audiotypecvt.lo $(objects)/SDL_mixer.lo $(objects)/SDL_wave.lo $(objects)/SDL_cpuinfo.lo $(objects)/SDL_dynapi.lo $(objects)/SDL_clipboardevents.lo $(objects)/SDL_displayevents.lo $(objects)/SDL_dropevents.lo $(objects)/SDL_events.lo $(objects)/SDL_gesture.lo $(objects)/SDL_keyboard.lo $(objects)/SDL_keysym_to_scancode.lo $(objects)/SDL_mouse.lo $(objects)/SDL_quit.lo $(objects)/SDL_scancode_tables.lo $(objects)/SDL_touch.lo $(objects)/SDL_windowevents.lo $(objects)/imKStoUCS.lo $(objects)/SDL_rwops.lo $(objects)/SDL_haptic.lo $(objects)/SDL_hidapi.lo $(objects)/SDL_gamecontroller.lo $(objects)/SDL_joystick.lo $(objects)/SDL_steam_virtual_gamepad.lo $(objects)/controller_type.lo $(objects)/e_atan2.lo $(objects)/e_exp.lo $(objects)/e_fmod.lo $(objects)/e_log.lo $(objects)/e_log10.lo $(objects)/e_pow.lo $(objects)/e_rem_pio2.lo $(objects)/e_sqrt.lo $(objects)/k_cos.lo $(objects)/k_rem_pio2.lo $(objects)/k_sin.lo $(objects)/k_tan.lo $(objects)/s_atan.lo $(objects)/s_copysign.lo $(objects)/s_cos.lo $(objects)/s_fabs.lo $(objects)/s_floor.lo $(objects)/s_scalbn.lo $(objects)/s_sin.lo $(objects)/s_tan.lo $(objects)/SDL_url.lo $(objects)/SDL_power.lo $(objects)/SDL_d3dmath.lo $(objects)/SDL_render.lo $(objects)/SDL_yuv_sw.lo $(objects)/SDL_render_d3d.lo $(objects)/SDL_shaders_d3d.lo $(objects)/SDL_render_d3d11.lo $(objects)/SDL_shaders_d3d11.lo $(objects)/SDL_render_d3d12.lo $(objects)/SDL_shaders_d3d12.lo $(objects)/SDL_render_gl.lo $(objects)/SDL_shaders_gl.lo $(objects)/SDL_render_gles.lo $(objects)/SDL_render_gles2.lo $(objects)/SDL_shaders_gles2.lo $(objects)/SDL_render_ps2.lo $(objects)/SDL_render_psp.lo $(objects)/SDL_blendfillrect.lo $(objects)/SDL_blendline.lo $(objects)/SDL_blendpoint.lo $(objects)/SDL_drawline.lo $(objects)/SDL_drawpoint.lo $(objects)/SDL_render_sw.lo $(objects)/SDL_rotate.lo $(objects)/SDL_triangle.lo $(objects)/SDL_render_vita_gxm.lo $(objects)/SDL_render_vita_gxm_memory.lo $(objects)/SDL_render_vita_gxm_tools.lo $(objects)/SDL_sensor.lo $(objects)/SDL_crc16.lo $(objects)/SDL_crc32.lo $(objects)/SDL_getenv.lo $(objects)/SDL_iconv.lo $(objects)/SDL_malloc.lo $(objects)/SDL_mslibc.lo $(objects)/SDL_qsort.lo $(objects)/SDL_stdlib.lo $(objects)/SDL_string.lo $(objects)/SDL_strtokr.lo $(objects)/SDL_thread.lo $(objects)/SDL_timer.lo $(objects)/SDL_RLEaccel.lo $(objects)/SDL_blit.lo $(objects)/SDL_blit_0.lo $(objects)/SDL_blit_1.lo $(objects)/SDL_blit_A.lo $(objects)/SDL_blit_N.lo $(objects)/SDL_blit_auto.lo $(objects)/SDL_blit_copy.lo $(objects)/SDL_blit_slow.lo $(objects)/SDL_bmp.lo $(objects)/SDL_clipboard.lo $(objects)/SDL_egl.lo $(objects)/SDL_fillrect.lo $(objects)/SDL_pixels.lo $(objects)/SDL_rect.lo $(objects)/SDL_shape.lo $(objects)/SDL_stretch.lo $(objects)/SDL_surface.lo $(objects)/SDL_video.lo $(objects)/SDL_vulkan_utils.lo $(objects)/SDL_yuv.lo $(objects)/yuv_rgb_lsx.lo $(objects)/yuv_rgb_sse.lo $(objects)/yuv_rgb_std.lo $(objects)/SDL_locale.lo $(objects)/SDL_nullevents.lo $(objects)/SDL_nullframebuffer.lo $(objects)/SDL_nullvideo.lo $(objects)/SDL_offscreenevents.lo $(objects)/SDL_offscreenframebuffer.lo $(objects)/SDL_offscreenopengles.lo $(objects)/SDL_offscreenvideo.lo $(objects)/SDL_offscreenwindow.lo $(objects)/SDL_diskaudio.lo $(objects)/SDL_dummyaudio.lo $(objects)/SDL_sysloadso.lo $(objects)/SDL_cocoaclipboard.lo $(objects)/SDL_cocoaevents.lo $(objects)/SDL_cocoakeyboard.lo $(objects)/SDL_cocoamessagebox.lo $(objects)/SDL_cocoametalview.lo $(objects)/SDL_cocoamodes.lo $(objects)/SDL_cocoamouse.lo $(objects)/SDL_cocoaopengl.lo $(objects)/SDL_cocoaopengles.lo $(objects)/SDL_cocoashape.lo $(objects)/SDL_cocoavideo.lo $(objects)/SDL_cocoavulkan.lo $(objects)/SDL_cocoawindow.lo $(objects)/SDL_render_metal.lo $(objects)/SDL_systhread.lo $(objects)/SDL_syssem.lo $(objects)/SDL_sysmutex.lo $(objects)/SDL_syscond.lo $(objects)/SDL_systls.lo $(objects)/SDL_hidapi_combined.lo $(objects)/SDL_hidapi_gamecube.lo $(objects)/SDL_hidapi_luna.lo $(objects)/SDL_hidapi_ps3.lo $(objects)/SDL_hidapi_ps4.lo $(objects)/SDL_hidapi_ps5.lo $(objects)/SDL_hidapi_rumble.lo $(objects)/SDL_hidapi_shield.lo $(objects)/SDL_hidapi_stadia.lo $(objects)/SDL_hidapi_steam.lo $(objects)/SDL_hidapi_steamdeck.lo $(objects)/SDL_hidapi_switch.lo $(objects)/SDL_hidapi_wii.lo $(objects)/SDL_hidapi_xbox360.lo $(objects)/SDL_hidapi_xbox360w.lo $(objects)/SDL_hidapi_xboxone.lo $(objects)/SDL_hidapijoystick.lo $(objects)/SDL_sysurl.lo $(objects)/SDL_syslocale.lo $(objects)/SDL_coreaudio.lo $(objects)/SDL_iokitjoystick.lo $(objects)/SDL_mfijoystick.lo $(objects)/SDL_syshaptic.lo $(objects)/SDL_syspower.lo $(objects)/SDL_sysfilesystem.lo $(objects)/SDL_systimer.lo $(objects)/SDL_rwopsbundlesupport.lo $(objects)/SDL_poll.lo $(objects)/SDL_virtualjoystick.lo $(objects)/SDL_dummysensor.lo'
OBJEXT='o'
OTOOL64=':'
OTOOL='otool'
PACKAGE_BUGREPORT=''
PACKAGE_NAME=''
PACKAGE_STRING=''
PACKAGE_TARNAME=''
PACKAGE_URL=''
PACKAGE_VERSION=''
PATH_SEPARATOR=':'
PIPEWIRE_CFLAGS=''
PIPEWIRE_LIBS=''
PKGCONFIG_DEPENDS=''
PKGCONFIG_LIBS_PRIV=''
PKG_CONFIG=''
PKG_CONFIG_LIBDIR=''
PKG_CONFIG_PATH=''
PULSEAUDIO_CFLAGS=''
PULSEAUDIO_LIBS=''
RANLIB='ranlib'
RC=''
RPI_CFLAGS=''
RPI_EGL_CFLAGS=''
RPI_EGL_LIBS=''
RPI_LIBS=''
SDLMAIN_OBJECTS='$(objects)/SDL_dummy_main.lo'
SDLTEST_OBJECTS='$(objects)/SDL_test_assert.lo $(objects)/SDL_test_common.lo $(objects)/SDL_test_compare.lo $(objects)/SDL_test_crc32.lo $(objects)/SDL_test_font.lo $(objects)/SDL_test_fuzzer.lo $(objects)/SDL_test_harness.lo $(objects)/SDL_test_imageBlit.lo $(objects)/SDL_test_imageBlitBlend.lo $(objects)/SDL_test_imageFace.lo $(objects)/SDL_test_imagePrimitives.lo $(objects)/SDL_test_imagePrimitivesBlend.lo $(objects)/SDL_test_log.lo $(objects)/SDL_test_md5.lo $(objects)/SDL_test_memory.lo $(objects)/SDL_test_random.lo'
SDL_BINARY_AGE='3210'
SDL_CFLAGS=' -D_THREAD_SAFE'
SDL_INTERFACE_AGE='10'
SDL_LIBS='-lSDL2'
SDL_MAJOR_VERSION='2'
SDL_MICRO_VERSION='10'
SDL_MINOR_VERSION='32'
SDL_RLD_FLAGS=''
SDL_STATIC_LIBS=' -lm  -Wl,-framework,CoreAudio -Wl,-framework,AudioToolbox -Wl,-weak_framework,CoreHaptics -Wl,-weak_framework,GameController -Wl,-framework,ForceFeedback -lobjc -Wl,-framework,CoreVideo -Wl,-framework,Cocoa -Wl,-framework,Carbon -Wl,-framework,IOKit -Wl,-weak_framework,QuartzCore -Wl,-weak_framework,Metal'
SDL_VENDOR_INFO=''
SDL_VERSION='2.32.10'
SED='/usr/bin/sed'
SET_MAKE=''
SHELL='/bin/sh'
SNDIO_CFLAGS=''
SNDIO_LIBS=''
SORT='sort'
STRIP='strip'
VERSION_OBJECTS=''
WAYLAND_SCANNER=''
WAYLAND_SCANNER_CODE_MODE=''
XMKMF=''
X_CFLAGS=''
X_EXTRA_LIBS=''
X_LIBS=''
X_PRE_LIBS=''
ac_aux_dir='./build-scripts/'
ac_ct_AR='ar'
ac_ct_CC='gcc'
ac_ct_CXX='g++'
ac_ct_DUMPBIN=''
bin_prefix_relpath='..'
bindir='${exec_prefix}/bin'
build='x86_64-apple-darwin20.6.0'
build_alias=''
build_cpu='x86_64'
build_os='darwin20.6.0'
build_vendor='apple'
cmake_prefix_relpath='../../..'
datadir='${datarootdir}'
datarootdir='${prefix}/share'
docdir='${datarootdir}/doc/${PACKAGE}'
dvidir='${docdir}'
exec_prefix='${prefix}'
host='x86_64-apple-darwin20.6.0'
host_alias=''
host_cpu='x86_64'
host_os='darwin20.6.0'
host_vendor='apple'
htmldir='${docdir}'
includedir='${prefix}/include'
infodir='${datarootdir}/info'
libdir='${exec_prefix}/lib'
libexecdir='${exec_prefix}/libexec'
localedir='${datarootdir}/locale'
localstatedir='${prefix}/var'
mandir='${datarootdir}/man'
oldincludedir='/usr/include'
pdfdir='${docdir}'
prefix='/usr/local'
program_transform_name='s,x,x,'
psdir='${docdir}'
runstatedir='${localstatedir}/run'
sbindir='${exec_prefix}/sbin'
sharedstatedir='${prefix}/com'
sysconfdir='${prefix}/etc'
target_alias=''

## ----------- ##
## confdefs.h. ##
## ----------- ##

/* confdefs.h */
#define PACKAGE_NAME ""
#define PACKAGE_TARNAME ""
#define PACKAGE_VERSION ""
#define PACKAGE_STRING ""
#define PACKAGE_BUGREPORT ""
#define PACKAGE_URL ""
#define HAVE_STDIO_H 1
#define HAVE_STDLIB_H 1
#define HAVE_STRING_H 1
#define HAVE_INTTYPES_H 1
#define HAVE_STDINT_H 1
#define HAVE_STRINGS_H 1
#define HAVE_SYS_STAT_H 1
#define HAVE_SYS_TYPES_H 1
#define HAVE_UNISTD_H 1
#define STDC_HEADERS 1
#define HAVE_DLFCN_H 1
#define LT_OBJDIR ".libs/"
#define HAVE_LIBC 1
#define HAVE_SYS_TYPES_H 1
#define HAVE_STDIO_H 1
#define HAVE_STDLIB_H 1
#define HAVE_STDDEF_H 1
#define HAVE_STDARG_H 1
#define HAVE_MEMORY_H 1
#define HAVE_STRING_H 1
#define HAVE_STRINGS_H 1
#define HAVE_WCHAR_H 1
#define HAVE_INTTYPES_H 1
#define HAVE_STDINT_H 1
#define HAVE_LIMITS_H 1
#define HAVE_CTYPE_H 1
#define HAVE_MATH_H 1
#define HAVE_FLOAT_H 1
#define HAVE_ICONV_H 1
#define HAVE_SIGNAL_H 1
#define HAVE_M_PI /**/
#define HAVE_ALLOCA_H 1
#define HAVE_ALLOCA 1
#define HAVE_MPROTECT 1
#define HAVE_MALLOC 1
#define HAVE_CALLOC 1
#define HAVE_REALLOC 1
#define HAVE_FREE 1
#define HAVE_GETENV 1
#define HAVE_SETENV 1
#define HAVE_PUTENV 1
#define HAVE_UNSETENV 1
#define HAVE_BSEARCH 1
#define HAVE_QSORT 1
#define HAVE_ABS 1
#define HAVE_BCOPY 1
#define HAVE_MEMSET 1
#define HAVE_MEMCMP 1
#define HAVE_MEMCPY 1
#define HAVE_MEMMOVE 1
#define HAVE_WCSLEN 1
#define HAVE_WCSLCPY 1
#define HAVE_WCSLCAT 1
#define HAVE_WCSDUP 1
#define HAVE_WCSSTR 1
#define HAVE_WCSCMP 1
#define HAVE_WCSNCMP 1
#define HAVE_WCSCASECMP 1
#define HAVE_WCSNCASECMP 1
#define HAVE_STRLEN 1
#define HAVE_STRLCPY 1
#define HAVE_STRLCAT 1
#define HAVE_INDEX 1
#define HAVE_RINDEX 1
#define HAVE_STRCHR 1
#define HAVE_STRRCHR 1
#define HAVE_STRSTR 1
#define HAVE_STRTOK_R 1
#define HAVE_STRTOD 1
#define HAVE_STRTOL 1
#define HAVE_STRTOUL 1
#define HAVE_STRTOLL 1
#define HAVE_STRTOULL 1
#define HAVE_ATOI 1
#define HAVE_ATOF 1
#define HAVE_STRCMP 1
#define HAVE_STRNCMP 1
#define HAVE_STRCASECMP 1
#define HAVE_STRNCASECMP 1
#define HAVE_STRCASESTR 1
#define HAVE_VSSCANF 1
#define HAVE_VSNPRINTF 1
#define HAVE_FSEEKO 1
#define HAVE_SIGACTION 1
#define HAVE_SETJMP 1
#define HAVE_NANOSLEEP 1
#define HAVE_SYSCONF 1
#define HAVE_SYSCTLBYNAME 1
#define HAVE_POLL 1
#define HAVE__EXIT 1
#define HAVE_ACOS 1
#define HAVE_ACOSF 1
#define HAVE_ASIN 1
#define HAVE_ASINF 1
#define HAVE_ATAN 1
#define HAVE_ATANF 1
#define HAVE_ATAN2 1
#define HAVE_ATAN2F 1
#define HAVE_CEIL 1
#define HAVE_CEILF 1
#define HAVE_COPYSIGN 1
#define HAVE_COPYSIGNF 1
#define HAVE_COS 1
#define HAVE_COSF 1
#define HAVE_EXP 1
#define HAVE_EXPF 1
#define HAVE_FABS 1
#define HAVE_FABSF 1
#define HAVE_FLOOR 1
#define HAVE_FLOORF 1
#define HAVE_TRUNC 1
#define HAVE_TRUNCF 1
#define HAVE_FMOD 1
#define HAVE_FMODF 1
#define HAVE_LOG 1
#define HAVE_LOGF 1
#define HAVE_LOG10 1
#define HAVE_LOG10F 1
#define HAVE_LROUND 1
#define HAVE_LROUNDF 1
#define HAVE_POW 1
#define HAVE_POWF 1
#define HAVE_ROUND 1
#define HAVE_ROUNDF 1
#define HAVE_SCALBN 1
#define HAVE_SCALBNF 1
#define HAVE_SIN 1
#define HAVE_SINF 1
#define HAVE_SQRT 1
#define HAVE_SQRTF 1
#define HAVE_TAN 1
#define HAVE_TANF 1
#define HAVE_SA_SIGACTION 1
#define HAVE_LIBUNWIND_H 1
#define HAVE_GCC_ATOMICS 1
#define HAVE_IMMINTRIN_H 1
#define SDL_VIDEO_DRIVER_DUMMY 1
#define SDL_VIDEO_DRIVER_OFFSCREEN 1
#define SDL_AUDIO_DRIVER_DISK 1
#define SDL_AUDIO_DRIVER_DUMMY 1
#define DYNAPI_NEEDS_DLOPEN 1
#define HAVE_DLOPEN 1
#define SDL_LOADSO_DLOPEN 1
#define HAVE_O_CLOEXEC 1
#define SDL_VIDEO_DRIVER_COCOA 1
#define SDL_VIDEO_METAL 1
#define SDL_VIDEO_RENDER_METAL 1
#define SDL_VIDEO_OPENGL 1
#define SDL_VIDEO_OPENGL_CGL 1
#define SDL_VIDEO_RENDER_OGL 1
#define SDL_VIDEO_OPENGL_EGL 1
#define SDL_VIDEO_OPENGL_ES2 1
#define SDL_VIDEO_RENDER_OGL_ES2 1
#define SDL_VIDEO_VULKAN 1
#define SDL_THREAD_PTHREAD 1
#define SDL_THREAD_PTHREAD_RECURSIVE_MUTEX 1
#define HAVE_PTHREAD_SETNAME_NP 1
#define SDL_JOYSTICK_HIDAPI 1
#define SDL_AUDIO_DRIVER_COREAUDIO 1
#define SDL_JOYSTICK_IOKIT 1
#define SDL_JOYSTICK_MFI 1
#define SDL_HAPTIC_IOKIT 1
#define SDL_POWER_MACOSX 1
#define SDL_FILESYSTEM_COCOA 1
#define SDL_TIMER_UNIX 1
#define SDL_JOYSTICK_VIRTUAL 1
#define SDL_SENSOR_DUMMY 1

configure: exit 0
